Frame,Timestamp,Track_ID,X1,Y1,X2,Y2,Center_X,Center_Y,Zone,Confidence
15,1.1538461538461537,1,407.0,128.0,496.0,299.0,451,213,Nenhuma,0.8
15,1.1538461538461537,2,1.0,94.0,77.0,246.0,39,170,Nenhuma,0.8
15,1.1538461538461537,3,114.0,56.0,171.0,147.0,142,101,Nenhuma,0.8
15,1.1538461538461537,4,536.0,237.0,620.0,353.0,578,295,Nenhuma,0.8
20,1.5384615384615385,1,407.0,128.0,496.0,299.0,451,213,Nenhuma,0.8
20,1.5384615384615385,2,0.637029674254336,94.0,76.59971914058315,246.0,38,170,Nenhuma,0.8
20,1.5384615384615385,3,114.0,56.0,171.0,147.0,142,101,Nenhuma,0.8
20,1.5384615384615385,4,536.0,237.0,620.0,353.0,578,295,Nenhuma,0.8
25,1.9230769230769231,1,407.0,128.0,496.0,299.0,451,213,Nenhuma,0.8
25,1.9230769230769231,2,0.5366088287287099,94.0,76.45581019025218,246.0,38,170,Nenhuma,0.8
25,1.9230769230769231,3,114.0,56.0,171.0,147.0,142,101,Nenhuma,0.8
25,1.9230769230769231,4,536.0,237.0,620.0,353.0,578,295,Nenhuma,0.8
30,2.3076923076923075,1,407.0,128.0,496.0,299.0,451,213,Nenhuma,0.8
30,2.3076923076923075,2,0.5264703963611694,94.0,76.39760771466891,246.0,38,170,Nenhuma,0.8
30,2.3076923076923075,3,114.0,56.0,171.0,147.0,142,101,Nenhuma,0.8
30,2.3076923076923075,4,536.0,237.0,620.0,353.0,578,295,Nenhuma,0.8
35,2.6923076923076925,1,407.0,128.0,496.0,299.0,451,213,Nenhuma,0.8
35,2.6923076923076925,2,0.5462531162411963,94.0,76.36630958840405,246.0,38,170,Nenhuma,0.8
35,2.6923076923076925,3,114.0,56.0,171.0,147.0,142,101,Nenhuma,0.8
35,2.6923076923076925,4,536.0,237.0,620.0,353.0,578,295,Nenhuma,0.8
40,3.076923076923077,1,409.16212359344524,127.3105292504402,497.9747009039137,299.0,453,213,Nenhuma,0.8
40,3.076923076923077,2,0.1067082342806458,93.3105292504402,76.1220477049686,246.0,38,169,Nenhuma,0.8
40,3.076923076923077,3,114.0,56.0,171.0,147.0,142,101,Nenhuma,0.8
40,3.076923076923077,4,525.8176080384109,230.79476325396166,615.703506220833,355.0684122486794,570,292,Nenhuma,0.8
45,3.4615384615384617,1,408.7918321761307,118.89341859294845,502.56363978183595,303.7645311086824,455,211,Nenhuma,0.8
45,3.4615384615384617,2,1.3661341112864562,100.5466486446595,73.94226686345003,246.0,37,173,Nenhuma,0.8
45,3.4615384615384617,3,114.30638928490347,56.68187852972919,171.37548924482573,147.6818785297292,142,102,Nenhuma,0.8
45,3.4615384615384617,4,505.947022355433,224.61736431168038,600.0032295771645,355.1440829049408,552,289,Nenhuma,0.8
50,3.8461538461538463,1,421.7251513264486,113.89398918426835,492.4508534314807,253.12215870248954,457,183,Nenhuma,0.8
50,3.8461538461538463,2,4.939841868196574,110.84377208805687,72.80427825811424,246.0,38,178,Nenhuma,0.8
50,3.8461538461538463,3,114.21102072937963,56.93156573853567,171.04405684939368,147.2550775787733,142,102,Nenhuma,0.8
50,3.8461538461538463,4,482.30009569157556,223.5847532846736,576.0240159423329,353.8512781701978,529,288,Nenhuma,0.8
55,4.230769230769231,1,413.13803389241986,112.0006352526545,490.81405579689545,267.92312050838115,451,189,Nenhuma,0.8
55,4.230769230769231,2,8.589757043563225,117.28112463093781,73.55163447130998,246.0,41,181,Nenhuma,0.8
55,4.230769230769231,3,113.74137582150684,57.01914381753233,171.3511462543442,148.4420433715043,142,102,Nenhuma,0.8
55,4.230769230769231,4,448.9498301146066,220.63291808743043,544.1112287450862,351.3426363919683,496,285,Nenhuma,0.8
55,4.230769230769231,8,359.1472419543503,194.07769606363476,464.68547355849483,328.3779963369925,411,261,Nenhuma,0.8
60,4.615384615384615,1,406.4712697816516,110.03680412322855,480.1711272691965,259.0808774106676,443,184,Nenhuma,0.8
60,4.615384615384615,2,9.335199962600917,116.60871683890113,75.0185993704875,246.6975756116755,42,181,Nenhuma,0.8
60,4.615384615384615,3,114.39729452653857,56.3797462033951,172.63604701256943,148.87696159887167,143,102,Nenhuma,0.8
60,4.615384615384615,4,406.9377798020523,209.68565226518314,509.7538616964852,351.0470300983422,458,280,Nenhuma,0.8
60,4.615384615384615,8,336.84526403671606,184.33037787216887,440.42977318049145,317.4931987860856,388,250,Nenhuma,0.8
65,5.0,1,406.27551906635983,108.72793616575125,468.7331860519419,231.8056210648955,437,170,Nenhuma,0.8
65,5.0,2,9.70569262713871,116.30128739345972,75.39218326171712,246.2573726305371,42,181,Nenhuma,0.8
65,5.0,3,114.46754124620705,56.13555049339984,172.6291606391604,148.36908564175363,143,102,Nenhuma,0.8
65,5.0,4,372.93532154844974,206.9144536963729,477.8610175627426,352.8567704446366,425,279,Nenhuma,0.8
65,5.0,8,326.1611236520544,180.6289685148646,423.6582340184355,307.9007467783422,374,244,Nenhuma,0.8
65,5.0,11,303.97963607806025,8.418091666880962,350.65557615402497,92.61906276855765,327,50,Nenhuma,0.8
70,5.384615384615385,1,402.7717350179725,103.30183559798839,480.6841597085396,257.2569356672301,441,180,Nenhuma,0.8
70,5.384615384615385,2,4.701969089436766,92.36478181525554,81.30441369069294,246.76946797799377,43,169,Nenhuma,0.8
70,5.384615384615385,3,113.9932415068469,56.04215790566048,172.4514173389894,148.83239903844517,143,102,Nenhuma,0.8
70,5.384615384615385,4,357.0033152139331,204.00771037595138,464.0176237320283,352.8551085497314,410,278,Nenhuma,0.8
70,5.384615384615385,8,312.0494883487,174.2332289333755,409.9591942162955,302.04361343317754,361,238,Nenhuma,0.8
70,5.384615384615385,11,303.4334216850352,7.904039841062676,349.67664337969205,91.83312056832614,326,49,Nenhuma,0.8
75,5.769230769230769,1,403.26075743815204,99.69871446573721,486.0787350476265,264.01340322711627,444,181,Nenhuma,0.8
75,5.769230769230769,2,7.381579048722315,102.84629082686402,78.33652497772715,246.32217554394035,42,174,Nenhuma,0.8
75,5.769230769230769,3,114.45948190241995,56.669686549279334,171.73299200054294,147.67674699263554,143,102,Nenhuma,0.8
75,5.769230769230769,4,329.33572328395104,205.5848584659798,434.3593573901845,352.9648427585238,381,279,Nenhuma,0.8
75,5.769230769230769,8,297.9378530714544,167.83748935188643,396.26015438804666,296.1864800880129,347,232,Nenhuma,0.8
75,5.769230769230769,11,303.40604952207076,7.788788551019962,349.28926790436583,91.6606298890931,326,49,Nenhuma,0.8
80,6.153846153846154,1,406.04612439469014,93.83803930555553,491.0457648166905,264.408762377676,448,179,Nenhuma,0.8
80,6.153846153846154,2,7.7090776856977,102.61421411153007,78.79619933693019,246.35738180050902,43,174,Nenhuma,0.8
80,6.153846153846154,3,114.63874719738949,57.576388564285416,170.78450692881367,146.56252121007878,142,102,Nenhuma,0.8
80,6.153846153846154,4,314.9651010862403,201.02817844472915,422.8252021219275,354.99678582485853,368,278,Nenhuma,0.8
80,6.153846153846154,8,283.82621782031777,161.44174977039737,382.561114533689,290.3293467428483,333,225,Nenhuma,0.8
80,6.153846153846154,11,303.5499675464565,7.785842309142772,349.07112786644495,91.65947000749767,326,49,Nenhuma,0.8
85,6.538461538461538,1,407.2008510033998,86.45105491416692,488.51621601589835,251.6931576198621,447,169,Nenhuma,0.8
85,6.538461538461538,2,8.734787256787854,104.43686659411556,78.32812222322156,246.08445036396125,43,175,Nenhuma,0.8
85,6.538461538461538,3,114.9549378505897,57.91157717650295,170.8487086817614,146.14703338597073,142,102,Nenhuma,0.8
85,6.538461538461538,4,305.0013198544574,194.90320273392547,413.24613040833856,354.42852320045597,359,274,Nenhuma,0.8
85,6.538461538461538,11,303.72129098799644,7.810399998231645,349.6247629683408,93.10370742136064,326,50,Nenhuma,0.8
85,6.538461538461538,14,423.16580962954987,210.34395973976015,520.5657538623587,357.015736907401,471,283,Nenhuma,0.8
90,6.923076923076923,1,410.4998944030603,81.6998305271725,488.63904631469114,242.03539558994896,449,161,Nenhuma,0.8
90,6.923076923076923,2,5.0779656434930445,102.77355007676039,76.058234566497,246.70853785713132,40,174,Nenhuma,0.8
90,6.923076923076923,3,115.0736055585717,58.08845780806444,170.75889155250147,145.9947870814328,142,102,Nenhuma,0.8
90,6.923076923076923,4,307.6130673409746,194.5234964685802,414.88714310462944,355.4831604195724,361,275,Nenhuma,0.8
90,6.923076923076923,11,303.9289301447672,8.520805510952641,349.70466021043734,94.32498401649195,326,51,Nenhuma,0.8
90,6.923076923076923,14,417.8814937126715,207.19839887846885,518.051063954453,357.04048512211943,467,282,Nenhuma,0.8
95,7.3076923076923075,1,415.13388658847055,80.71767960961195,496.6092643182354,249.78387422231333,455,165,Nenhuma,0.8
95,7.3076923076923075,2,5.02387375424005,102.57783782818068,76.13571783750993,246.7796539294311,40,174,Nenhuma,0.8
95,7.3076923076923075,3,115.02287228026604,58.843496405225885,170.160619026581,145.17948490494138,142,102,Nenhuma,0.8
95,7.3076923076923075,4,310.6348134837795,186.0966322366089,421.9230656683519,355.894461870603,366,270,Nenhuma,0.8
95,7.3076923076923075,11,304.14746057826005,9.475328344709588,349.6148104148294,95.46299219067745,326,52,Nenhuma,0.8
95,7.3076923076923075,14,414.94077947564153,195.76196083586586,522.8020880681216,357.0424480777202,468,276,Nenhuma,0.8
100,7.6923076923076925,1,421.90914980212665,80.39701881822181,496.359119114497,233.23756841124583,459,156,Nenhuma,0.8
100,7.6923076923076925,2,3.2292612938301133,101.30612051053765,75.47572267236262,246.96694774777927,39,174,Nenhuma,0.8
100,7.6923076923076925,3,113.81459289264673,57.65681538439242,169.85791792022013,144.98495150861424,141,101,Nenhuma,0.8
100,7.6923076923076925,4,325.53001292842987,177.83100471053007,420.3254984193867,324.2118295022918,372,251,Nenhuma,0.8
100,7.6923076923076925,11,304.57793827140097,9.160073081858023,349.9223481039957,95.88292265940558,327,52,Nenhuma,0.8
100,7.6923076923076925,14,412.08544290287284,193.99432043385997,519.5851016733484,355.6504776158657,465,274,Nenhuma,0.8
105,8.076923076923077,1,421.04042273255834,75.78059509953175,492.2447198146428,223.23791174683566,456,149,Nenhuma,0.8
105,8.076923076923077,2,2.1133947780957314,100.99895476368677,75.36651526183167,248.36208292190372,38,174,Nenhuma,0.8
105,8.076923076923077,3,113.2312082857847,55.91660015837097,169.25657951992451,143.59083960091192,141,99,Nenhuma,0.8
105,8.076923076923077,4,314.995011750159,174.07354391842665,410.48708914401965,321.53019583302205,362,247,Nenhuma,0.8
105,8.076923076923077,11,304.5274394751188,9.042785917907516,349.58876310111896,96.03144365930271,327,52,Nenhuma,0.8
105,8.076923076923077,14,412.190937115081,194.1451050833225,519.0499847758788,355.81752484341473,465,274,Nenhuma,0.8
110,8.461538461538462,1,419.41931334233294,72.20829569079135,489.34064748136245,219.12139106174786,454,145,Nenhuma,0.8
110,8.461538461538462,2,1.9514804903910061,101.55202043188582,75.09513067264234,248.20020884228927,38,174,Nenhuma,0.8
110,8.461538461538462,3,110.9873473050892,54.60098425775513,166.42678670440716,141.752690411813,138,98,Nenhuma,0.8
110,8.461538461538462,4,304.46001136223606,170.3160831263232,400.64867907830467,318.84856216375226,352,244,Nenhuma,0.8
110,8.461538461538462,11,304.33240616446545,8.333424873666743,349.64609068796614,96.74502433304771,326,52,Nenhuma,0.8
110,8.461538461538462,14,414.818792035658,202.4986277314547,516.5811851206442,356.57425797644305,465,279,Nenhuma,0.8
115,8.846153846153847,1,424.75754296102497,70.34479557314853,479.6540153415768,182.27279373339815,452,126,Nenhuma,0.8
115,8.846153846153847,2,1.2813991070359165,99.79407387526336,75.61434693553895,248.7900032531467,38,174,Nenhuma,0.8
115,8.846153846153847,3,109.21897116193536,52.78211476575999,162.31113055951295,136.42395600478375,135,94,Nenhuma,0.8
115,8.846153846153847,4,293.9250117646611,166.55862233421976,390.81026822224175,316.1669284944825,342,241,Nenhuma,0.8
115,8.846153846153847,11,303.59705393560404,8.731119983223635,349.0140711863716,98.32662752674138,326,53,Nenhuma,0.8
115,8.846153846153847,14,414.272782275159,216.06754418159312,508.52605920881655,357.55737080134656,461,286,Nenhuma,0.8
115,8.846153846153847,18,180.6325810183617,33.22044464687295,261.86620915499935,161.77955535312705,221,97,Nenhuma,0.8
120,9.23076923076923,1,428.65473807023255,70.81703847876285,474.6844769152717,160.62427512251162,451,115,Nenhuma,0.8
120,9.23076923076923,2,3.8129627883549446,99.79694166925476,77.62386585997248,249.00559194966934,40,174,Nenhuma,0.8
120,9.23076923076923,3,108.05975312172207,52.10911343353996,162.64205548242657,137.136280321194,135,94,Nenhuma,0.8
120,9.23076923076923,11,303.7622066434018,8.227625684241907,348.337491405146,96.93880451653652,326,52,Nenhuma,0.8
120,9.23076923076923,14,399.68899157969673,218.81698545243722,492.1027829770867,357.206501369788,445,288,Nenhuma,0.8
120,9.23076923076923,18,182.84132668284798,33.73377653002463,263.64172179274675,161.2662234699754,223,97,Nenhuma,0.8
125,9.615384615384615,1,428.6642255958899,71.14760104884536,474.3624624771137,157.80048803785488,451,114,Nenhuma,0.8
125,9.615384615384615,2,6.746793052347783,98.49814526133066,79.72830520655413,247.76371973353207,43,173,Nenhuma,0.8
125,9.615384615384615,3,103.06076832962248,51.214383073245,174.00141327331187,163.92071315022747,138,107,Nenhuma,0.8
125,9.615384615384615,11,303.6540327325235,8.038080973524323,348.26472730981766,97.71568578182371,325,52,Nenhuma,0.8
125,9.615384615384615,14,375.6496380228678,212.76020167341278,471.21518000870356,355.69988608195285,423,284,Nenhuma,0.8
125,9.615384615384615,18,181.22251673116364,33.92171637176956,262.50803914957794,162.55617794339076,221,98,Nenhuma,0.8
130,10.0,1,424.15688459316266,70.51769448342601,478.0552253572742,172.39067314438506,451,121,Nenhuma,0.8
130,10.0,2,6.974268269137035,98.05415776431896,80.20641057364168,247.83237776698292,43,172,Nenhuma,0.8
130,10.0,3,105.98999082300593,52.065206289205314,181.55534772570377,173.2539513534182,143,112,Nenhuma,0.8
130,10.0,11,304.40761372351074,8.629762905574971,348.1133199374252,97.34001033300058,326,52,Nenhuma,0.8
130,10.0,14,357.27625089063855,207.89049405149618,444.4598187466214,338.36439658954566,400,273,Nenhuma,0.8
130,10.0,18,183.09447391783988,36.12407381647634,263.066980307596,162.982334879117,223,99,Nenhuma,0.8
130,10.0,20,444.4338888946641,222.4085561680301,558.9082330629974,357.01403715378973,501,289,Nenhuma,0.8
135,10.384615384615385,1,418.49895142772874,70.92194639915115,483.45067047314626,195.78572829724138,450,133,Nenhuma,0.8
135,10.384615384615385,2,13.116497777237662,92.4794928433722,88.82927238279774,246.425491136839,50,169,Nenhuma,0.8
135,10.384615384615385,3,109.27548848137471,55.580422270452964,184.28553897814652,176.6918927424056,146,116,Nenhuma,0.8
135,10.384615384615385,11,305.38677235143194,10.849945319553193,347.37810228429123,96.52126850867228,326,53,Nenhuma,0.8
135,10.384615384615385,14,337.1869152215561,203.82627428433148,434.45046065036854,350.6218982950991,385,277,Nenhuma,0.8
135,10.384615384615385,18,185.33383023293686,35.487848456816785,265.7480680064509,163.11101780074927,225,99,Nenhuma,0.8
135,10.384615384615385,20,442.828810878587,210.41472370673247,564.9245085635071,355.6656571763273,503,283,Nenhuma,0.8
140,10.76923076923077,1,415.57652103185,71.08351924650415,486.2736727523639,209.74271429752505,450,140,Nenhuma,0.8
140,10.76923076923077,2,13.971964478734407,91.5093500907327,90.1212008352019,246.3428308324731,52,168,Nenhuma,0.8
140,10.76923076923077,3,110.06164542682185,56.44063016366203,184.0876864855957,178.60591821152914,147,117,Nenhuma,0.8
140,10.76923076923077,11,306.58312961907933,11.020512283480016,347.62632016762694,95.53080608401078,327,53,Nenhuma,0.8
140,10.76923076923077,14,323.9146452349054,206.38198513906482,421.1760382963917,353.9468925592546,372,280,Nenhuma,0.8
140,10.76923076923077,18,168.37198299212812,33.178254572733266,247.14942186114578,162.4521493440818,207,97,Nenhuma,0.8
140,10.76923076923077,20,446.5536954713522,195.1058105388372,562.730106073531,334.8116714359496,504,264,Nenhuma,0.8
145,11.153846153846153,1,415.03031843009757,71.21924105621308,487.4190227551914,215.6629224405192,451,143,Nenhuma,0.8
145,11.153846153846153,2,12.822479901881358,90.11943517533051,84.66731987539342,239.8296392604247,48,164,Nenhuma,0.8
145,11.153846153846153,3,112.66399567236655,55.50379271183127,186.16244992753383,179.26378310042367,149,117,Nenhuma,0.8
145,11.153846153846153,11,306.7465178330396,11.74409100961634,347.3299153292221,95.83296191736129,327,53,Nenhuma,0.8
145,11.153846153846153,14,316.63860044017684,209.42014433329155,412.486840858607,355.3125557304488,364,282,Nenhuma,0.8
145,11.153846153846153,18,157.3686938613645,33.007493564389684,232.26469933114936,159.48865463875006,194,96,Nenhuma,0.8
145,11.153846153846153,20,460.4554397625465,180.33814744608333,572.0801952003756,316.7932730752749,516,248,Nenhuma,0.8
150,11.538461538461538,1,415.03513695252104,68.797682423071,488.9467144667203,218.65679910254383,451,143,Nenhuma,0.8
150,11.538461538461538,2,13.394221917928526,89.10792785052958,85.38066840097858,239.11331098506287,49,164,Nenhuma,0.8
150,11.538461538461538,3,114.2770628384744,55.13940655798925,186.3500863721202,179.43217571345468,150,117,Nenhuma,0.8
150,11.538461538461538,11,306.97383598754686,10.671178212910242,347.7191401782592,95.94603688369315,327,53,Nenhuma,0.8
150,11.538461538461538,14,316.74226864470296,210.578902909022,411.97064063628585,355.8313583324766,364,283,Nenhuma,0.8
150,11.538461538461538,18,153.92783566612795,32.85006057973027,228.73005651380916,159.1728751262177,191,96,Nenhuma,0.8
150,11.538461538461538,20,470.6152900221783,167.67308641145888,574.8040554927114,296.4606937698079,522,232,Nenhuma,0.8
155,11.923076923076923,1,413.6554373505925,70.40745865619972,487.13488126581126,221.0393332989923,450,145,Nenhuma,0.8
155,11.923076923076923,2,13.965964027983198,88.09642052572865,86.09401683255624,238.39698270970098,50,163,Nenhuma,0.8
155,11.923076923076923,3,131.99319128834873,40.19202200383056,200.84803106957156,161.37319877615533,166,100,Nenhuma,0.8
155,11.923076923076923,11,306.3609507624232,8.942787495396296,346.5776773839379,94.00489762854244,326,51,Nenhuma,0.8
155,11.923076923076923,14,318.36396285410706,210.99873172978255,413.63297277215423,356.6825173975493,365,283,Nenhuma,0.8
155,11.923076923076923,18,150.486977446457,32.69262759507085,225.1954137209034,158.85709561368532,187,95,Nenhuma,0.8
155,11.923076923076923,20,484.99874645473335,157.8554013184542,585.0032123444776,284.03691963579183,535,220,Nenhuma,0.8
160,12.307692307692308,1,414.2834774870161,70.45630620234921,487.16212828507724,222.53117191422496,450,146,Nenhuma,0.8
160,12.307692307692308,2,14.53770623204538,87.08491320092772,86.80736517012637,237.68065443433915,50,162,Nenhuma,0.8
160,12.307692307692308,3,113.83278834893633,49.370386400155446,183.22080567675857,172.47956181722708,148,110,Nenhuma,0.8
160,12.307692307692308,11,302.8637361574944,10.272409772781828,340.7853264292487,89.95234582034962,321,50,Nenhuma,0.8
160,12.307692307692308,14,320.87478118063393,211.80294481888217,415.65568780708855,356.99225341077727,368,284,Nenhuma,0.8
160,12.307692307692308,18,147.04611920235163,32.53519461041144,221.66077095243202,158.54131610115297,184,95,Nenhuma,0.8
160,12.307692307692308,20,489.4179354114884,148.5197832722426,586.678530114415,274.26979305974737,538,211,Nenhuma,0.8
165,12.692307692307692,1,414.39886561415767,69.21860945485928,486.6694173351859,222.38783373586705,450,145,Nenhuma,0.8
165,12.692307692307692,2,24.729346968305954,89.55976076115738,92.43531053932358,235.22023499903113,58,162,Nenhuma,0.8
165,12.692307692307692,3,98.65360769761975,54.80623634836472,169.92535548027405,178.5895891374252,134,116,Nenhuma,0.8
165,12.692307692307692,11,297.00024161432486,8.064625922635962,336.30100813726466,89.09721927267387,316,48,Nenhuma,0.8
165,12.692307692307692,14,321.99038512156005,212.75236857960405,416.2195611530724,357.09716561478956,369,284,Nenhuma,0.8
165,12.692307692307692,20,493.82710017697696,145.39412055942293,587.6228804123975,268.8484993565549,540,207,Nenhuma,0.8
170,13.076923076923077,1,415.018004360701,68.76632088068456,485.2666610681476,219.66762481044483,450,144,Nenhuma,0.8
170,13.076923076923077,2,26.639073613326353,88.2656366485655,92.60610776622124,234.79966737432758,59,161,Nenhuma,0.8
170,13.076923076923077,3,96.77942088331235,54.94002782260528,169.18799423648676,180.69802437578062,132,117,Nenhuma,0.8
170,13.076923076923077,11,296.83868538500565,7.95008196006134,336.1587288261579,86.14850040122008,316,47,Nenhuma,0.8
170,13.076923076923077,14,318.50015476574504,214.418494164483,412.2450689290785,357.78887259284693,365,286,Nenhuma,0.8
170,13.076923076923077,20,497.9638769450017,145.299946813409,589.2291835318691,267.0848351352447,543,206,Nenhuma,0.8
175,13.461538461538462,1,417.69042021028935,68.62748058617596,486.21602171257973,216.55654226414214,451,142,Nenhuma,0.8
175,13.461538461538462,2,27.300025915727886,87.17284804438434,91.98385738788504,235.3187475498571,59,161,Nenhuma,0.8
175,13.461538461538462,3,94.90523612799325,55.07381929684584,168.45063093371118,182.80645961413603,131,118,Nenhuma,0.8
175,13.461538461538462,11,292.5920462357366,11.29409593751248,328.93776340314093,80.33985037701656,310,45,Nenhuma,0.8
175,13.461538461538462,14,318.0479316486198,215.68669838196791,411.69527564158585,357.3726763590337,364,286,Nenhuma,0.8
175,13.461538461538462,20,496.4790446471491,145.59607218079643,583.8675193627778,263.31962096160174,540,204,Nenhuma,0.8
180,13.846153846153847,1,422.17458690091684,69.92288007648388,490.3624476130696,215.29708590083538,456,142,Nenhuma,0.8
180,13.846153846153847,2,28.62070213476358,86.79029562427674,91.25891609026363,234.2175284956145,59,160,Nenhuma,0.8
180,13.846153846153847,3,93.03105343166244,55.20761077108641,167.71326557194732,184.91489485249144,130,120,Nenhuma,0.8
180,13.846153846153847,11,289.305912610514,14.677262219608643,325.9732848647202,84.57602191614765,307,49,Nenhuma,0.8
180,13.846153846153847,14,316.98550830846364,215.46902249368827,411.5134017038916,357.2037899418258,364,286,Nenhuma,0.8
180,13.846153846153847,20,493.8183863485997,141.98938517178524,580.2694367604386,260.8188203048356,537,201,Nenhuma,0.8
185,14.23076923076923,1,424.99192511027655,69.78314816526415,493.4499985385684,214.11288490578335,459,141,Nenhuma,0.8
185,14.23076923076923,2,30.236800413315443,86.6782089668601,90.43451992569362,231.17876365366493,60,158,Nenhuma,0.8
185,14.23076923076923,3,102.40693007275587,59.39621076399185,172.1477354261121,176.5583138257739,137,117,Nenhuma,0.8
185,14.23076923076923,11,288.5486118692676,15.109249096112443,326.0519628338889,86.6534459661647,307,50,Nenhuma,0.8
185,14.23076923076923,14,316.81546712512016,216.69055143442412,410.91474053974895,357.1328012326318,363,286,Nenhuma,0.8
185,14.23076923076923,20,488.71623611221037,136.1847507780367,574.3092507779746,257.3922010459828,531,196,Nenhuma,0.8
190,14.615384615384615,1,420.18907511804866,67.11196904008555,489.8856810865799,214.2920180824625,455,140,Nenhuma,0.8
190,14.615384615384615,2,31.08430044567677,86.00195606232519,89.79192629002979,229.39694711019513,60,157,Nenhuma,0.8
190,14.615384615384615,3,102.00901612433348,59.25827393149469,173.22239162766476,176.51362158998464,137,117,Nenhuma,0.8
190,14.615384615384615,11,295.00493573946426,15.245308239772967,334.1648219161053,88.7685491219247,314,52,Nenhuma,0.8
190,14.615384615384615,14,317.011793248452,217.7897710335771,410.80828367302047,357.09827330396763,363,287,Nenhuma,0.8
190,14.615384615384615,20,485.9237007397178,128.9184434515895,567.5757278646213,247.02918353909223,526,187,Nenhuma,0.8
195,15.0,1,410.95428482451894,60.24203550481565,478.94496704074675,205.18674987519267,444,132,Nenhuma,0.8
195,15.0,2,30.383214400622883,83.77872166452813,89.16678062408116,229.43816758589378,59,156,Nenhuma,0.8
195,15.0,3,101.3174517921612,59.68048141113888,172.9237759123596,177.58287147974363,137,118,Nenhuma,0.8
195,15.0,11,306.8658443644537,15.274181682998432,349.69291210697503,94.86634976714305,328,55,Nenhuma,0.8
195,15.0,14,318.2637297329236,218.83916324176556,411.9070799724128,356.41323349957196,365,287,Nenhuma,0.8
195,15.0,20,476.5093245827934,121.06390243241515,554.5175053719197,236.58865576344874,515,178,Nenhuma,0.8
200,15.384615384615385,1,405.7751867858979,54.314589383469425,472.9932913443044,199.64764293676313,439,126,Nenhuma,0.8
200,15.384615384615385,2,28.70879938551543,81.65623918793641,88.31865715475568,231.4641704258359,58,156,Nenhuma,0.8
200,15.384615384615385,3,105.65816839391488,54.55288092428768,176.77312498605875,173.45437207508158,141,114,Nenhuma,0.8
200,15.384615384615385,11,318.5578935457746,17.852310691806572,361.0740123963222,97.13292362697692,339,57,Nenhuma,0.8
200,15.384615384615385,14,319.92939194964606,217.86638223049607,415.4182292531772,356.8193796080974,367,287,Nenhuma,0.8
200,15.384615384615385,20,469.5651302054795,113.02091621957365,544.4009653544067,227.5639967941339,506,170,Nenhuma,0.8
205,15.76923076923077,1,401.34520257671767,48.18701185397134,464.0889019211231,186.38585542231579,432,117,Nenhuma,0.8
205,15.76923076923077,2,28.444724546575387,81.53666175834901,88.2430434653072,233.5646513363468,58,157,Nenhuma,0.8
205,15.76923076923077,3,107.1256809166595,52.772513392872604,179.7371242409397,176.00891111846644,143,114,Nenhuma,0.8
205,15.76923076923077,11,325.7092716012118,21.48390186250372,374.84011789837035,113.77304256756216,350,67,Nenhuma,0.8
205,15.76923076923077,14,315.7415687996923,216.8214305023867,411.7791873538444,356.9679479885722,363,286,Nenhuma,0.8
205,15.76923076923077,20,463.83119932381885,104.92990611484882,535.2639556791148,217.7700176819231,499,161,Nenhuma,0.8
210,16.153846153846153,1,400.4672440094462,45.26677181542663,451.25654440136793,157.1226763773913,425,101,Nenhuma,0.8
210,16.153846153846153,2,29.766691302532386,84.14775543785585,88.717544879136,235.04939782813307,59,159,Nenhuma,0.8
210,16.153846153846153,3,107.34091058272674,51.491175824317075,180.43735816848636,177.56213195066854,143,114,Nenhuma,0.8
210,16.153846153846153,11,328.5191507894381,22.51331067213991,378.4433646402934,116.29267485466278,353,69,Nenhuma,0.8
210,16.153846153846153,14,313.93986393999654,215.74724500326744,410.8148314115733,357.0206814361843,362,286,Nenhuma,0.8
210,16.153846153846153,20,450.2868342507087,98.15952935456812,520.691425006121,211.03479031794268,485,154,Nenhuma,0.8
215,16.53846153846154,1,399.391040784291,41.50315668432615,446.047943410544,145.39214922879063,422,93,Nenhuma,0.8
215,16.53846153846154,2,31.671171987889096,87.82837258409728,88.78649307386031,234.9738656938557,60,161,Nenhuma,0.8
215,16.53846153846154,3,108.51392329996727,53.61489321601475,179.59857953519338,177.48241185992129,144,115,Nenhuma,0.8
215,16.53846153846154,11,331.32902941476397,23.542719481776096,382.0466119451169,118.8123071417634,356,71,Nenhuma,0.8
215,16.53846153846154,14,318.33162823938113,215.9876677667061,416.7823170948078,356.37762618177044,367,286,Nenhuma,0.8
215,16.53846153846154,20,445.0705625145068,94.5548272725851,513.065683168262,206.1187542323289,479,150,Nenhuma,0.8
220,16.923076923076923,1,399.71191509069735,39.67439493637954,445.29686180104653,141.86134836624643,422,90,Nenhuma,0.8
220,16.923076923076923,2,32.45257680412552,87.91618220604572,87.38033319193354,230.29040359092699,59,159,Nenhuma,0.8
220,16.923076923076923,3,108.6056044563332,53.805111876860806,178.95018656256622,177.41070931617924,143,115,Nenhuma,0.8
220,16.923076923076923,11,349.4117472605755,31.444011188790356,403.16428731314664,132.47654567428305,376,81,Nenhuma,0.8
220,16.923076923076923,14,312.3173049548692,215.4073695593564,411.69414848012667,356.79250544043623,362,286,Nenhuma,0.8
220,16.923076923076923,20,442.1161294541092,87.46980238368542,511.57406958641036,204.56277074054498,476,146,Nenhuma,0.8
225,17.307692307692307,1,404.6669382753823,38.44393471322924,449.3813154063201,140.86242289102557,427,89,Nenhuma,0.8
225,17.307692307692307,2,32.32848782244669,88.62318457414297,87.89692886369221,233.24441420820108,60,160,Nenhuma,0.8
225,17.307692307692307,3,106.66900923553868,53.22433926106277,177.36608860998803,178.01751098853015,142,115,Nenhuma,0.8
225,17.307692307692307,11,363.23767274095917,37.59675407768202,415.6751645991103,135.96527247090162,389,86,Nenhuma,0.8
225,17.307692307692307,14,315.33239964994465,214.52356747570627,417.1699494057448,356.2876952491539,366,285,Nenhuma,0.8
225,17.307692307692307,20,441.2602350748927,86.29340426072491,509.6628465652384,204.1097896150298,475,145,Nenhuma,0.8
230,17.692307692307693,1,401.6011501637653,42.21508513883654,449.6163182939552,151.00582303735303,425,96,Nenhuma,0.8
230,17.692307692307693,2,32.44069830585211,89.54214986156792,87.90690667733381,234.33245108490286,60,161,Nenhuma,0.8
230,17.692307692307693,3,107.04022229237913,53.66630589124585,176.9663365207179,178.22512430807723,142,115,Nenhuma,0.8
230,17.692307692307693,11,368.0886543349419,39.55708840626292,421.30863451160735,139.3934178726166,394,89,Nenhuma,0.8
230,17.692307692307693,14,317.35584444758223,213.5248206578147,422.4686941153279,356.7548247606745,369,285,Nenhuma,0.8
230,17.692307692307693,20,443.3570261626351,90.72878467920881,508.85906534511946,204.86432570316447,476,147,Nenhuma,0.8
235,18.076923076923077,1,393.62665801208317,36.30252756695379,439.386835591008,139.4508752453739,416,87,Nenhuma,0.8
235,18.076923076923077,2,32.117687647308244,88.56505539271872,87.58191373622914,234.09096232640803,59,161,Nenhuma,0.8
235,18.076923076923077,3,107.02815119507136,47.917729913655975,178.9432182655417,177.6204141080537,142,112,Nenhuma,0.8
235,18.076923076923077,11,372.9396353482188,41.51742273484382,426.9421050048102,142.82156327433157,399,92,Nenhuma,0.8
235,18.076923076923077,14,318.41157729022285,217.09428196804643,423.60418759608694,356.9309518192872,371,287,Nenhuma,0.8
235,18.076923076923077,20,445.3038101779928,93.39554788804085,509.15383860477306,205.4274255911466,477,149,Nenhuma,0.8
240,18.46153846153846,1,390.62303891089454,34.78476896762877,435.4720934048556,135.838282071317,413,85,Nenhuma,0.8
240,18.46153846153846,2,31.74475924729169,87.53245173473536,87.68497516665741,234.66320717937768,59,161,Nenhuma,0.8
240,18.46153846153846,3,107.02072648773803,45.12108852049681,179.6863682463856,177.38093729098986,143,111,Nenhuma,0.8
240,18.46153846153846,11,377.7906157807899,43.47775706342472,432.5755760787189,146.24970867604654,405,94,Nenhuma,0.8
240,18.46153846153846,14,322.00204135976645,220.46240153897588,426.9238778270738,356.330375335678,374,288,Nenhuma,0.8
240,18.46153846153846,20,449.9941174209537,88.54263741099211,514.897919363604,205.14001015949088,482,146,Nenhuma,0.8
245,18.846153846153847,1,388.6393084686574,32.86100468583207,432.6032889341102,131.92062880773915,410,82,Nenhuma,0.8
245,18.846153846153847,2,31.950737090693718,87.14372748204374,87.35778138084092,232.90632705519556,59,160,Nenhuma,0.8
245,18.846153846153847,3,107.18215046298306,47.30960249198115,177.8545189631886,177.91942600276371,142,112,Nenhuma,0.8
245,18.846153846153847,14,322.40291727277275,213.6637733213995,435.18155035994033,356.77411568196885,378,285,Nenhuma,0.8
245,18.846153846153847,20,447.9196261628927,84.65487635788699,512.985758222957,201.5443670112347,480,143,Nenhuma,0.8
245,18.846153846153847,25,477.31975368187426,207.14511364800026,576.679125762982,354.7168448197755,526,280,Nenhuma,0.8
245,18.846153846153847,26,436.478559488902,77.1610013465218,493.901688294902,246.99938540893305,465,162,Nenhuma,0.8
250,19.23076923076923,1,386.65557487846024,30.93724040403537,429.7344876113249,128.00297554416127,408,79,Nenhuma,0.8
250,19.23076923076923,2,32.16635691311659,87.00154777142782,87.55016622298012,232.7041251708089,59,159,Nenhuma,0.8
250,19.23076923076923,3,107.49789156708236,48.20549224597336,176.21944930230364,177.45339279565042,141,112,Nenhuma,0.8
250,19.23076923076923,14,334.3921747695549,202.0916524904194,456.2619886831064,356.28331605956475,395,279,Nenhuma,0.8
250,19.23076923076923,20,445.84513559708,80.76711530478187,511.0735963900614,197.9487238629785,478,139,Nenhuma,0.8
250,19.23076923076923,25,459.69451541435046,203.70436818709982,561.5438250353895,353.3157811554877,510,278,Nenhuma,0.8
250,19.23076923076923,26,456.4777165197018,105.36324876530864,514.6092750324666,275.25427270059964,485,190,Nenhuma,0.8
255,19.615384615384617,1,371.74518536275133,33.33972046427229,415.9011354750148,131.81958265717137,393,82,Nenhuma,0.8
255,19.615384615384617,2,32.46257423760328,87.74981497687801,87.5647395606666,233.67141341185683,60,160,Nenhuma,0.8
255,19.615384615384617,3,105.05650504145615,48.568749547388734,172.88361530558103,176.60207100208527,138,112,Nenhuma,0.8
255,19.615384615384617,14,332.1133005845016,190.6437644331748,460.9376276867756,356.0949577674844,396,273,Nenhuma,0.8
255,19.615384615384617,20,443.7706457235157,76.87935425167676,509.16143386491757,194.35308071472235,476,135,Nenhuma,0.8
255,19.615384615384617,25,457.7132732014473,211.41430131029063,557.2124819913,354.34249770411316,507,282,Nenhuma,0.8
255,19.615384615384617,26,486.4764495451402,135.27502345775207,542.5037960496304,293.41654201159326,514,214,Nenhuma,0.8
260,20.0,1,365.1069980214274,30.5933329789872,409.37516681999034,128.937811797228,387,79,Nenhuma,0.8
260,20.0,2,32.66743114516539,87.70165610106748,87.75762265000981,233.59269607877366,60,160,Nenhuma,0.8
260,20.0,3,104.81757310524566,50.045084471345476,172.26829560330776,178.25126622214054,138,114,Nenhuma,0.8
260,20.0,14,326.45365215654186,167.77837984688603,468.054875955034,355.3870701008322,397,261,Nenhuma,0.8
260,20.0,25,478.52232311341265,220.7604830813357,575.6034795715053,356.2060409403696,527,288,Nenhuma,0.8
260,20.0,26,502.82918850307993,153.58810612270196,557.6665398883404,308.3707559863823,530,230,Nenhuma,0.8
260,20.0,28,168.33899028934928,13.0,203.64439291320616,110.01661679744456,185,61,Nenhuma,0.8
265,20.384615384615383,1,361.2850076122652,29.013236960091383,404.9120957298911,125.933800015624,383,77,Nenhuma,0.8
265,20.384615384615383,2,25.83487703225125,90.28735669772117,81.74756473711639,237.04469435229748,53,163,Nenhuma,0.8
265,20.384615384615383,3,107.57072315433248,51.271618783027286,173.8321282475594,177.54546575279178,140,114,Nenhuma,0.8
265,20.384615384615383,14,320.77943034974015,150.82968283185681,469.9417185488342,353.87555027494466,395,252,Nenhuma,0.8
265,20.384615384615383,25,463.973578513952,226.0097169491279,560.3937590800796,356.84275643883973,512,291,Nenhuma,0.8
265,20.384615384615383,26,519.1819275796813,171.9011887876518,572.8292836083887,323.3249699611712,546,247,Nenhuma,0.8
265,20.384615384615383,28,167.4115699064969,13.0,203.0178899864892,110.80905882636968,185,61,Nenhuma,0.8
270,20.76923076923077,1,357.4630153204876,27.433140941195568,400.4490265224074,122.92978823401998,378,75,Nenhuma,0.8
270,20.76923076923077,2,25.334576364903167,90.51270573593695,81.27068730092977,237.33261718004258,53,163,Nenhuma,0.8
270,20.76923076923077,3,107.42375718147916,51.243450640214434,173.8222538046419,177.77927932472096,140,114,Nenhuma,0.8
270,20.76923076923077,14,328.2543464033114,137.74664819841843,471.93589508599905,339.59339889442606,400,238,Nenhuma,0.8
270,20.76923076923077,25,412.8979082845471,231.9081105541561,510.15097041657,357.04488632212883,461,294,Nenhuma,0.8
270,20.76923076923077,26,535.5346667749443,190.21427145260168,587.9920272097753,338.2791839359602,561,264,Nenhuma,0.8
270,20.76923076923077,28,166.50637656681957,13.0,201.96600419749163,110.32041920785848,184,61,Nenhuma,0.8
275,21.153846153846153,1,353.6410211460946,25.853044922299752,395.985959197539,119.92577645241599,374,72,Nenhuma,0.8
275,21.153846153846153,2,24.834275875103508,90.73805477415273,80.79380968719471,237.62054000778767,52,164,Nenhuma,0.8
275,21.153846153846153,3,107.27679199895138,51.21528249740158,173.81237857139888,178.01309289665014,140,114,Nenhuma,0.8
275,21.153846153846153,14,338.0175799863894,130.03569437572625,475.5195206760888,325.991015061639,406,228,Nenhuma,0.8
275,21.153846153846153,25,402.5416434278317,251.48616209443833,487.7633883734835,357.80672818972573,445,304,Nenhuma,0.8
275,21.153846153846153,28,166.59403730691503,13.0,201.96776165945965,110.13392819045255,184,61,Nenhuma,0.8
280,21.53846153846154,2,24.333975562852277,90.96340381236851,80.31693189591124,237.90846283553273,52,164,Nenhuma,0.8
280,21.53846153846154,3,107.12982760674912,51.18711435458873,173.80250254783027,178.2469064685793,140,114,Nenhuma,0.8
280,21.53846153846154,14,351.4901320922871,121.40749659733457,482.73506472374856,314.83784184660465,417,218,Nenhuma,0.8
280,21.53846153846154,25,382.5623410792757,275.1543970065735,452.8938800955727,358.04670289532373,417,316,Nenhuma,0.8
280,21.53846153846154,28,166.77248314790296,13.0,201.86741226460262,109.36203547381707,184,61,Nenhuma,0.8
285,21.923076923076923,14,361.354208609926,111.15341722190541,481.9090371652611,293.08839917310627,421,202,Nenhuma,0.8
285,21.923076923076923,25,344.6903596443898,281.8402628966426,412.78144164842087,358.083430666012,378,319,Nenhuma,0.8
285,21.923076923076923,28,166.78984959814508,13.0,201.9143377040786,109.08366036401955,184,61,Nenhuma,0.8
290,22.307692307692307,14,363.16673434609714,102.1831517665658,483.2883814263083,289.4730713127625,423,195,Nenhuma,0.8
290,22.307692307692307,25,303.8778082946763,268.96729180218375,384.0667082977494,357.3279382207428,343,313,Nenhuma,0.8
290,22.307692307692307,28,166.83514245347348,13.0,201.91798843314484,108.98749440059736,184,60,Nenhuma,0.8
295,22.692307692307693,1,362.1909313922981,33.35704342054094,405.4308354111439,125.19603332507734,383,79,Nenhuma,0.8
295,22.692307692307693,2,15.017209652366017,94.77030670111704,68.33060815119391,233.39453161514052,41,164,Nenhuma,0.8
295,22.692307692307693,14,370.09583574766714,95.7669545901538,486.5462633438853,282.3679995953472,428,189,Nenhuma,0.8
295,22.692307692307693,25,288.7448828047405,277.0452269060106,364.6670082989644,357.79425449590263,326,317,Nenhuma,0.8
295,22.692307692307693,28,167.16521543585236,13.0,202.30401860638068,108.95764920894263,184,60,Nenhuma,0.8
300,23.076923076923077,1,360.52918430503587,32.97525110823145,403.2399286384907,123.69040615809573,381,78,Nenhuma,0.8
300,23.076923076923077,2,13.544800769293495,90.83560092293241,68.10694702762513,232.3594951527573,40,161,Nenhuma,0.8
300,23.076923076923077,3,111.57471797039537,56.66867978547493,175.05093767342024,179.01018529202605,143,117,Nenhuma,0.8
300,23.076923076923077,14,386.0308532000383,88.33109977917016,495.29994895940706,269.97185448249456,440,179,Nenhuma,0.8
300,23.076923076923077,25,291.35718907049454,295.592552387372,354.86857259661406,357.9752233951113,323,326,Nenhuma,0.8
300,23.076923076923077,28,166.60034057509932,13.673569220457331,201.8019316394646,109.62517985778553,184,61,Nenhuma,0.8
305,23.46153846153846,1,355.89692805820727,32.118867437725854,402.48693107799676,132.433162174553,379,82,Nenhuma,0.8
305,23.46153846153846,2,12.812638663713471,88.96385292592757,70.23672977202567,238.6685105357598,41,163,Nenhuma,0.8
305,23.46153846153846,3,111.81000987485262,57.09883544076781,175.17664555612632,179.22990928679832,143,118,Nenhuma,0.8
305,23.46153846153846,14,392.9338232306506,77.83580613696412,499.564770782423,260.7979703069151,446,169,Nenhuma,0.8
305,23.46153846153846,25,274.7277366231988,302.7493032753176,331.0840862494352,358.10400135575264,302,330,Nenhuma,0.8
305,23.46153846153846,28,166.18813215091376,13.252490109512344,201.82871082254695,109.87668578214308,184,61,Nenhuma,0.8
305,23.46153846153846,37,70.36439868828631,127.1611841879431,165.60266705048798,336.14093765467936,117,231,Nenhuma,0.8
310,23.846153846153847,1,355.9120514701341,31.89203978069927,400.8356118087303,129.3826346674244,378,80,Nenhuma,0.8
310,23.846153846153847,2,17.268894473741675,88.27374713595563,61.79923124437767,202.1114641533198,39,145,Nenhuma,0.8
310,23.846153846153847,3,112.04530108544485,57.528991096060686,175.30235413269742,179.44963328157058,143,118,Nenhuma,0.8
310,23.846153846153847,14,399.6656597284059,70.85192211876026,496.7373048569314,241.764727002409,448,156,Nenhuma,0.8
310,23.846153846153847,25,258.0982967091446,309.9060541632632,307.29958736901466,358.2327793163941,282,334,Nenhuma,0.8
310,23.846153846153847,28,167.48234166643226,13.092724255827754,203.069631123911,109.97001748726754,185,61,Nenhuma,0.8
310,23.846153846153847,37,46.27383602623818,134.80214993841435,144.46922726248334,348.55985936124785,95,241,Nenhuma,0.8
315,24.23076923076923,1,355.85984388302984,31.826113255051233,401.12139749574953,131.55533646856819,378,81,Nenhuma,0.8
315,24.23076923076923,2,14.224629862176599,82.13197479385997,60.52941684801415,199.62493866167642,37,140,Nenhuma,0.8
315,24.23076923076923,3,112.28059160217204,57.959146751353565,175.4280634031336,179.66935727634285,143,118,Nenhuma,0.8
315,24.23076923076923,14,408.2623575243336,67.9411298082473,493.84103611158724,222.58293766636348,451,145,Nenhuma,0.8
315,24.23076923076923,25,241.46886932833206,317.0628050512088,283.5150759553525,358.36155727703544,262,337,Nenhuma,0.8
315,24.23076923076923,28,167.8334073241875,13.031781797940468,203.0187240852465,109.3386849525879,185,61,Nenhuma,0.8
315,24.23076923076923,37,39.776155258073,139.27269092782836,138.05817194055481,351.62840663111507,88,245,Nenhuma,0.8
320,24.615384615384617,1,356.04517416091255,31.155857505400753,401.1021291142519,131.71150315070358,378,81,Nenhuma,0.8
320,24.615384615384617,2,13.428401658916613,81.08359027741402,58.81301901770419,196.2423740329894,36,138,Nenhuma,0.8
320,24.615384615384617,3,99.68775929782868,45.511622092997996,169.52564582606573,179.988347788074,134,112,Nenhuma,0.8
320,24.615384615384617,14,410.2084609074555,59.67587862046207,494.88190757048125,214.61803577256552,452,137,Nenhuma,0.8
320,24.615384615384617,28,167.53658674777932,12.342812256589454,202.76214575540322,109.09961279607127,185,60,Nenhuma,0.8
320,24.615384615384617,37,24.100212218536598,144.27485187124375,122.95659758560603,357.8715863143999,73,251,Nenhuma,0.8
325,25.0,1,356.44719115670125,31.570244627880733,400.89035354937175,130.47375559987944,378,81,Nenhuma,0.8
325,25.0,2,12.632168324411587,80.03520576096807,57.096626318639274,192.85980940430244,34,136,Nenhuma,0.8
325,25.0,3,97.9417203471434,44.90351341185661,167.99525023731047,179.4108438181158,132,112,Nenhuma,0.8
325,25.0,14,397.61755752975023,54.94402559268761,474.6000288168428,200.56351327270679,436,127,Nenhuma,0.8
325,25.0,28,167.35485548085816,12.086272023291748,202.73616077482762,109.67486326510107,185,60,Nenhuma,0.8
325,25.0,37,8.424269161254408,149.27701281465912,107.85502324840306,364.1147659976848,58,256,Nenhuma,0.8
325,25.0,39,296.00503688699627,307.1155009125256,384.17089782068393,359.0,340,333,Nenhuma,0.8
330,25.384615384615383,1,357.28981208055404,32.409524331241464,401.5797564394311,131.3404712866834,379,81,Nenhuma,0.8
330,25.384615384615383,2,11.83592985866153,78.9868212445221,55.38023875081939,189.47724477561542,33,134,Nenhuma,0.8
330,25.384615384615383,3,97.16735830626473,47.32066424018497,166.28791586490397,179.19349418298606,131,113,Nenhuma,0.8
330,25.384615384615383,14,399.5412584702742,50.165879205239015,456.515155635742,158.60260988535137,428,104,Nenhuma,0.8
330,25.384615384615383,28,167.71742374525647,11.993070499868452,202.95716568796357,109.23265059235749,185,60,Nenhuma,0.8
330,25.384615384615383,37,-7.251673913773573,154.27917375807448,92.75344892894586,370.3579456809696,42,262,Nenhuma,0.8
330,25.384615384615383,39,292.42079985524504,310.92427647511226,375.00488911687967,359.0,333,334,Nenhuma,0.8
335,25.76923076923077,1,355.64962907719877,32.732798748528396,398.5951618901712,129.03601119175227,377,80,Nenhuma,0.8
335,25.76923076923077,3,97.10271813948395,48.934526528363136,165.47447862206758,178.44370907954413,131,113,Nenhuma,0.8
335,25.76923076923077,14,392.7569781433443,43.95038481771843,442.3677247705099,139.55077349296508,417,91,Nenhuma,0.8
335,25.76923076923077,28,167.57474566706966,11.96217124996447,202.66057419060826,109.06463663387058,185,60,Nenhuma,0.8
335,25.76923076923077,39,290.0955480265177,310.97500545028015,372.5924966664858,358.99999999999994,331,334,Nenhuma,0.8
335,25.76923076923077,41,10.404998470628009,95.20512080790945,78.7801874777623,256.5232607705287,44,175,Nenhuma,0.8
340,26.153846153846153,1,354.2071367176087,32.196974245155666,397.71945030022385,130.84613291637893,375,81,Nenhuma,0.8
340,26.153846153846153,3,96.22368719708885,48.68906514311382,164.73761174788478,178.46822649763158,130,113,Nenhuma,0.8
340,26.153846153846153,14,391.50344545413566,40.15537247523645,440.22612994110125,133.2012496375726,415,86,Nenhuma,0.8
340,26.153846153846153,28,167.17272802315253,12.616667533459442,202.23462218679904,109.66522133378766,184,61,Nenhuma,0.8
340,26.153846153846153,39,287.7702961990599,311.0257344254481,370.1801042148224,359.0,328,335,Nenhuma,0.8
340,26.153846153846153,41,7.1860031271449785,97.88425444546081,76.84595336718348,261.1825132793897,42,179,Nenhuma,0.8
345,26.53846153846154,1,352.9968203922831,32.012607221999616,396.4805732580432,130.59743107554945,374,81,Nenhuma,0.8
345,26.53846153846154,3,95.34465701565492,48.44360375786451,164.0007441127408,178.49274391571902,129,113,Nenhuma,0.8
345,26.53846153846154,14,376.69544214151716,36.989548794709684,428.0113560213493,130.90560154979275,402,83,Nenhuma,0.8
345,26.53846153846154,28,167.40053297404097,12.866248503283693,202.3585751764686,109.89299429053361,184,61,Nenhuma,0.8
345,26.53846153846154,37,14.899031712347181,93.44411485262742,139.76707446313512,355.52417640848006,77,224,Nenhuma,0.8
345,26.53846153846154,39,285.4450443728715,311.076463400616,367.7677117618895,358.99999999999994,326,335,Nenhuma,0.8
345,26.53846153846154,41,7.35772663708245,100.29724805860046,76.19318805788173,261.6627201038012,41,180,Nenhuma,0.8
350,26.923076923076923,1,351.786503946998,31.828240198843567,395.2416963358219,130.34872923471997,373,81,Nenhuma,0.8
350,26.923076923076923,3,94.46562759518218,48.198142372615195,163.26387571663565,178.51726133380646,128,113,Nenhuma,0.8
350,26.923076923076923,14,369.68359814743565,35.432747890392136,423.51272684729383,131.2675966615883,396,83,Nenhuma,0.8
350,26.923076923076923,28,167.6170741294639,12.960566939562973,202.2788215552209,109.31642467188138,184,61,Nenhuma,0.8
350,26.923076923076923,37,41.92179258574012,122.45304907938718,154.05016343029536,355.3942297681213,97,238,Nenhuma,0.8
350,26.923076923076923,41,0.3897445872707763,95.1760445315059,67.0500241361189,251.63952084782363,33,173,Nenhuma,0.8
355,27.307692307692307,1,350.57618738175347,31.643873175687517,394.0028195335602,130.10002739389046,372,80,Nenhuma,0.8
355,27.307692307692307,14,366.09419943575904,35.77374407745064,421.3639481881708,131.09145876487165,393,83,Nenhuma,0.8
355,27.307692307692307,28,167.2340371269235,12.3322196938025,202.05289495792036,109.09738412585936,184,60,Nenhuma,0.8
355,27.307692307692307,37,47.17831764313052,128.8567833249354,153.3291747525158,347.65126296032105,100,238,Nenhuma,0.8
355,27.307692307692307,41,-1.1267317732101034,95.81873002370456,64.41285764470223,249.6517453861922,31,172,Nenhuma,0.8
360,27.692307692307693,14,366.57487614836543,36.11570367221635,423.38850022876784,132.13873244772088,394,84,Nenhuma,0.8
360,27.692307692307693,28,167.37245305818305,12.09654253244306,202.34926166621304,109.0164782561406,184,60,Nenhuma,0.8
360,27.692307692307693,37,41.24235769909043,129.76678557711386,150.2268047441556,347.5672953891326,95,238,Nenhuma,0.8
360,27.692307692307693,41,-2.6432081130613767,96.46141551590323,61.775691132655965,247.66396992456077,29,172,Nenhuma,0.8
365,28.076923076923077,3,115.17241384564497,54.47106270591546,180.59160203479442,182.69061974967963,147,118,Nenhuma,0.8
365,28.076923076923077,14,366.9320310920401,36.373109145782365,424.9084365617301,132.77702429924892,395,84,Nenhuma,0.8
365,28.076923076923077,28,167.34610995149225,12.027950245552944,202.32876279412162,108.96409108475152,184,60,Nenhuma,0.8
365,28.076923076923077,37,44.31958001516707,129.41231029930304,157.4389069774995,348.1792818706323,100,238,Nenhuma,0.8
365,28.076923076923077,41,-4.159684432283047,97.10410100810189,59.13852459998009,245.67619446292935,27,171,Nenhuma,0.8
370,28.46153846153846,3,119.7492741265561,54.94625427879808,183.06081824233223,183.01972851662816,151,118,Nenhuma,0.8
370,28.46153846153846,14,365.2619228083217,36.590291684924814,424.1481145520136,133.2488503933562,394,84,Nenhuma,0.8
370,28.46153846153846,28,167.19080551251687,11.211406350427445,201.94758880753133,107.42126751935754,184,59,Nenhuma,0.8
370,28.46153846153846,37,52.58371065079768,127.93487710591283,166.5096286675696,345.71427488658543,109,236,Nenhuma,0.8
370,28.46153846153846,41,7.680811778722877,93.3199634852032,72.21780900046582,245.84418479478117,39,169,Nenhuma,0.8
375,28.846153846153847,3,121.46102743029404,55.76921382697784,182.99333108179803,183.1304263656026,152,119,Nenhuma,0.8
375,28.846153846153847,14,361.7616229053879,36.100422979192274,422.26900508119866,133.62199707170853,392,84,Nenhuma,0.8
375,28.846153846153847,28,166.64337254065208,11.020468331489681,201.69121087967005,108.42429805797066,184,59,Nenhuma,0.8
375,28.846153846153847,37,62.66180987389537,121.37350503104541,176.45325926106506,340.0880353505071,119,230,Nenhuma,0.8
375,28.846153846153847,41,11.708214226074205,92.40511579911914,76.62266911912519,246.14706467309043,44,169,Nenhuma,0.8
380,29.23076923076923,3,127.07709459786244,55.398572526891556,177.2361177702102,155.95805132344242,152,105,Nenhuma,0.8
380,29.23076923076923,14,362.74214285630603,36.00291947088416,424.1849572842427,134.58559210422322,393,85,Nenhuma,0.8
380,29.23076923076923,28,166.49049786105343,10.95512578988734,201.56358350562127,108.77777427495735,184,59,Nenhuma,0.8
380,29.23076923076923,37,80.42767202892492,109.63592080361552,196.72097814863594,335.97770969608047,138,222,Nenhuma,0.8
380,29.23076923076923,41,16.590530303549436,94.12331970144062,81.96940050583063,246.26080212984283,49,170,Nenhuma,0.8
385,29.615384615384617,3,126.84597437041847,56.655734015074366,169.7898953437858,142.100478519008,148,99,Nenhuma,0.8
385,29.615384615384617,14,362.072907837164,35.37602047791294,424.78305397185574,135.08027445923898,393,85,Nenhuma,0.8
385,29.615384615384617,28,169.0182696725181,11.595118263901078,199.59559547183412,94.41241891428834,184,53,Nenhuma,0.8
385,29.615384615384617,37,109.8050553858728,94.16228557434933,223.34038722670994,314.1891653981392,166,204,Nenhuma,0.8
385,29.615384615384617,41,14.055884674969015,94.08687372957922,80.14419840974827,246.36280364480422,47,170,Nenhuma,0.8
390,30.0,3,123.36969620054921,56.291049270178746,176.69092083820007,164.52497478146486,150,110,Nenhuma,0.8
390,30.0,14,361.8137183226338,35.87169743403293,425.1694589832979,135.38237427605628,393,85,Nenhuma,0.8
390,30.0,28,167.9240292842029,11.157775732623215,201.63805993633343,102.83714299439444,184,56,Nenhuma,0.8
390,30.0,37,137.62265790783493,78.23661193836004,243.73916470155274,287.0627724509104,190,182,Nenhuma,0.8
390,30.0,41,11.28538377793069,92.72882702606893,77.88402545145814,246.44470037648807,44,169,Nenhuma,0.8
395,30.384615384615383,3,122.05180002383148,56.22355206109809,179.68631860459652,176.29418607981256,150,116,Nenhuma,0.8
395,30.384615384615383,14,361.1108008587088,36.12752904091986,425.4105603106315,136.27678716839782,393,86,Nenhuma,0.8
395,30.384615384615383,28,168.5169996037609,11.667932821526897,201.98963870947705,102.18306377636975,185,56,Nenhuma,0.8
395,30.384615384615383,37,159.8313916251939,66.34932429921179,243.79628433446084,229.67934253560452,201,148,Nenhuma,0.8
395,30.384615384615383,41,12.561325598130054,91.55656919467313,78.68855301628444,245.1813756659594,45,168,Nenhuma,0.8
400,30.76923076923077,3,121.89332899571436,56.178217348621764,181.11674826680027,181.85201409118847,151,119,Nenhuma,0.8
400,30.76923076923077,14,359.9944028248586,36.272940429248,425.1464938239104,136.69541946850757,392,86,Nenhuma,0.8
400,30.76923076923077,28,167.90341546261828,11.878118297961173,202.3124214923738,104.6044616068146,185,58,Nenhuma,0.8
400,30.76923076923077,37,177.20551833101015,53.515798822770904,256.0097712842978,209.81023033830414,216,131,Nenhuma,0.8
400,30.76923076923077,41,16.442084816897466,91.11931620467567,80.22420906662524,240.75016403740563,48,165,Nenhuma,0.8
405,31.153846153846153,3,122.8700664607523,55.505110170414184,182.5190541699385,184.0351668615904,152,119,Nenhuma,0.8
405,31.153846153846153,14,360.1865033487304,36.374988457739526,425.21254111827193,135.60763331755962,392,85,Nenhuma,0.8
405,31.153846153846153,28,167.42257587078484,12.61472510484333,202.68146059882957,108.14350681096857,185,60,Nenhuma,0.8
405,31.153846153846153,37,196.0407718620987,47.63011583700205,269.8938203022253,194.79194874154447,232,121,Nenhuma,0.8
405,31.153846153846153,41,22.42520841996368,88.27636399789827,86.99429826974188,239.80048114388586,54,164,Nenhuma,0.8
410,31.53846153846154,3,123.04279871472463,54.58383208127597,183.23619514386314,184.8077213740094,153,119,Nenhuma,0.8
410,31.53846153846154,14,356.1502517398915,34.46378086632261,420.8142625695576,134.6105447512847,388,84,Nenhuma,0.8
410,31.53846153846154,28,167.18717832215518,11.587981263111587,202.87165780364577,108.83278623041114,185,60,Nenhuma,0.8
410,31.53846153846154,37,198.8089865489889,41.709772644751894,270.26168087813534,187.501063722028,234,114,Nenhuma,0.8
410,31.53846153846154,41,24.302627944610485,83.26743179946048,91.04945705872905,240.1554080416248,57,161,Nenhuma,0.8
415,31.923076923076923,3,115.71511705563626,54.21924774509006,176.62383583566225,185.672900389383,146,119,Nenhuma,0.8
415,31.923076923076923,14,354.7479684299738,33.373180423201646,419.02738440832127,132.92435970810845,386,83,Nenhuma,0.8
415,31.923076923076923,28,167.04986620756836,11.190154357511638,202.9891109118968,109.73696087800735,185,60,Nenhuma,0.8
415,31.923076923076923,37,191.26618980875244,36.45263697264912,262.1969824849349,186.17575270861298,226,111,Nenhuma,0.8
415,31.923076923076923,41,23.981222313250555,82.72525143745662,89.57960245972735,236.39507318807864,56,159,Nenhuma,0.8
420,32.30769230769231,3,111.06032279069781,54.07672409370119,172.58971636511964,185.93296110718705,141,120,Nenhuma,0.8
420,32.30769230769231,14,353.34568493840453,32.28257998008068,417.2405064287364,131.23817466493222,385,81,Nenhuma,0.8
420,32.30769230769231,28,167.18719031418235,12.3460156752122,202.18881695042072,108.76160557278367,184,60,Nenhuma,0.8
420,32.30769230769231,37,185.3291306856106,28.00704244582768,255.40934188330363,181.303202657575,220,104,Nenhuma,0.8
420,32.30769230769231,41,24.34302985446704,83.23733870882026,89.68906717998436,234.32979667224524,57,158,Nenhuma,0.8
425,32.69230769230769,3,107.97717243074041,51.41848093825878,172.3195533753306,187.9121447056243,140,119,Nenhuma,0.8
425,32.69230769230769,14,341.3667688053804,29.333118875022187,400.252719758373,123.14768876468065,370,76,Nenhuma,0.8
425,32.69230769230769,28,167.12597980730513,12.396127565898887,202.22280650593262,109.07396450442548,184,60,Nenhuma,0.8
425,32.69230769230769,37,177.44444464238433,23.813924846242088,244.75144419274216,173.8698121004589,211,98,Nenhuma,0.8
425,32.69230769230769,41,23.085260480151632,83.4680135598988,88.35355852272765,232.94918176855987,55,158,Nenhuma,0.8
430,33.07692307692308,3,110.7972108429511,52.33963524437016,175.33127991505125,189.26469414252807,143,120,Nenhuma,0.8
430,33.07692307692308,14,338.80706357448395,28.05567772800753,397.03227105386935,120.81778463885098,367,74,Nenhuma,0.8
430,33.07692307692308,28,167.06476930894812,12.446239456585573,202.2567960529243,109.38632343606727,184,60,Nenhuma,0.8
430,33.07692307692308,37,166.38768008904037,15.128864079301081,230.07448724307173,160.74342751378768,198,87,Nenhuma,0.8
430,33.07692307692308,41,24.120037177644207,82.75361983464839,89.05804129694322,231.4782887863025,56,157,Nenhuma,0.8
435,33.46153846153846,3,118.76780824411944,54.01337283692746,182.05255182990595,189.06756677881805,150,121,Nenhuma,0.8
435,33.46153846153846,14,336.2473568824725,26.778236580992875,393.8118238104807,118.48788051302131,365,72,Nenhuma,0.8
435,33.46153846153846,28,167.0035588191113,12.49635134727226,202.29078559139575,109.69868236770907,184,61,Nenhuma,0.8
435,33.46153846153846,37,161.70215669254827,12.9390351573157,221.0857161167703,152.3081347259864,191,82,Nenhuma,0.8
435,33.46153846153846,41,21.753624868924945,81.22266930212949,88.51425081188258,233.1445265068374,55,157,Nenhuma,0.8
440,33.84615384615385,3,118.89262012313034,54.033798627432205,182.91281532052045,190.65938342654442,150,122,Nenhuma,0.8
440,33.84615384615385,14,342.65528137354465,30.25439603300937,406.4506151559799,135.90298783845316,374,83,Nenhuma,0.8
440,33.84615384615385,37,159.00893620719114,10.404866049937581,212.6166426947653,140.12165218304375,185,75,Nenhuma,0.8
440,33.84615384615385,41,22.438635241494282,80.41857005408951,89.05771800398996,232.01827329397298,55,156,Nenhuma,0.8
445,34.23076923076923,3,125.2051261797474,55.55333998239321,186.99214019290912,188.97587877940708,156,122,Nenhuma,0.8
445,34.23076923076923,14,340.9083593946846,29.474325885222967,405.01502782038494,135.6390116067946,372,82,Nenhuma,0.8
445,34.23076923076923,37,157.9105178900194,9.834524030814976,206.28527684142256,129.32324067241575,182,69,Nenhuma,0.8
445,34.23076923076923,41,23.123645665782846,79.61447080604954,89.60118514437812,230.89202008110857,56,155,Nenhuma,0.8
450,34.61538461538461,3,127.72081524903311,54.55622822921825,189.01771093047273,188.72713941418945,158,121,Nenhuma,0.8
450,34.61538461538461,14,339.1614389028419,28.694255737436563,403.57943899777285,135.37503537513612,371,82,Nenhuma,0.8
450,34.61538461538461,37,157.44609852673003,4.963352226377907,203.68095760468987,119.16681417179637,180,62,Nenhuma,0.8
450,34.61538461538461,41,18.638522442043268,84.92125265637492,82.60510416785938,232.51472869179594,50,158,Nenhuma,0.8
455,35.0,3,128.71387282519862,54.20580405338242,190.2565331843157,190.60464273398628,159,122,Nenhuma,0.8
455,35.0,14,329.395096611221,26.315786493986344,392.1614245895957,124.99798228868653,360,75,Nenhuma,0.8
455,35.0,28,158.47674384928797,14.8672141356409,184.14822531431696,81.78424395043592,171,48,Nenhuma,0.8
455,35.0,37,156.98167104242327,0.09218042194083864,201.0766464889745,109.010387671177,179,54,Nenhuma,0.8
455,35.0,41,18.078209914606045,85.60712382468036,80.91065249478682,232.58714444082784,49,159,Nenhuma,0.8
460,35.38461538461539,3,130.69448051289731,54.72627600723132,191.0114688561451,189.3169266971086,160,122,Nenhuma,0.8
460,35.38461538461539,14,327.0729015323361,25.391740061178474,389.6795884718523,123.82306758137486,358,74,Nenhuma,0.8
460,35.38461538461539,28,158.39204069570872,15.81542760598299,184.09195143447312,81.5428223536404,171,48,Nenhuma,0.8
460,35.38461538461539,37,156.51723543709917,-4.77899138249623,198.47234349427652,98.85396117055762,177,47,Nenhuma,0.8
460,35.38461538461539,41,19.075595983525925,86.50430224624648,81.1623213642678,232.61290784765498,50,159,Nenhuma,0.8
465,35.76923076923077,3,129.2589673520687,55.58705621719797,188.1215628841143,187.44465777620303,158,121,Nenhuma,0.8
465,35.76923076923077,14,324.7507062559302,24.467693628370604,387.19775255162995,122.64815287406319,355,73,Nenhuma,0.8
465,35.76923076923077,28,157.85359913086668,16.132041283222968,182.72365643531913,79.73695603915311,170,47,Nenhuma,0.8
465,35.76923076923077,41,18.35253053336572,86.83895017224721,80.3597463310852,233.97954946041227,49,160,Nenhuma,0.8
470,36.15384615384615,3,119.70922387812693,57.902866219707434,179.33403322867858,188.02537942073565,149,122,Nenhuma,0.8
470,36.15384615384615,14,322.42851078200323,23.543647195562734,384.7159168289285,121.47323816675151,353,72,Nenhuma,0.8
470,36.15384615384615,28,157.3151593135622,16.448654960462946,181.35535968862752,77.93108972466581,169,47,Nenhuma,0.8
470,36.15384615384615,41,16.419727768765334,88.94889389564055,77.095182907066,233.84747171085638,46,161,Nenhuma,0.8
470,36.15384615384615,52,35.9983193406171,70.5611164419098,85.98000663372974,141.59483159292586,60,106,Nenhuma,0.8
475,36.53846153846154,3,114.6161220570669,56.103081793365135,176.19724694400725,188.88286376440988,145,122,Nenhuma,0.8
475,36.53846153846154,14,332.8369150039099,29.218970612015703,395.1301877328298,123.60827076286068,363,76,Nenhuma,0.8
475,36.53846153846154,28,156.7767212437953,16.765268637702924,179.98706119439836,76.1252234101785,168,46,Nenhuma,0.8
475,36.53846153846154,41,16.0672504004921,89.07797564638088,76.16049347493743,233.15011941837605,46,161,Nenhuma,0.8
475,36.53846153846154,52,36.89199614095638,69.96154567587902,84.331337586534,137.53291863390527,60,103,Nenhuma,0.8
475,36.53846153846154,53,391.69322286757875,56.884041819748575,427.10954071048525,136.0,409,96,Nenhuma,0.8
480,36.92307692307692,3,114.48544534078465,56.739569065515084,178.5521900159504,190.49696443513466,146,123,Nenhuma,0.8
480,36.92307692307692,14,332.46688495872587,30.37374033191992,395.50485420932284,122.92350253894179,363,76,Nenhuma,0.8
480,36.92307692307692,41,15.442211939734701,89.11542543927666,75.0071920902069,232.90597552062414,45,161,Nenhuma,0.8
480,36.92307692307692,52,36.30128749535437,69.29252059438434,84.57042841760723,138.04583916539661,60,103,Nenhuma,0.8
480,36.92307692307692,53,391.0527984526716,56.73412857300903,426.52258293669547,136.0,408,96,Nenhuma,0.8
485,37.30769230769231,3,120.44354920855159,56.31949684096443,185.3420120780355,190.4299171325534,152,123,Nenhuma,0.8
485,37.30769230769231,14,331.64201123990256,30.230588731743445,394.20329680965625,122.08019355198144,362,76,Nenhuma,0.8
485,37.30769230769231,41,16.173187576704265,88.45495646016941,75.64026050711206,232.16644357093548,45,160,Nenhuma,0.8
485,37.30769230769231,52,35.71057885778823,68.62349551288965,84.80951924064462,138.55875969688793,60,103,Nenhuma,0.8
485,37.30769230769231,53,390.4951474497555,51.61468306150601,428.10138193015206,136.0,409,93,Nenhuma,0.8
490,37.69230769230769,3,128.7912903326577,56.15225879527071,193.07945253432922,190.37500937521688,160,123,Nenhuma,0.8
490,37.69230769230769,14,330.8171391303699,30.087437131566972,392.90173780069904,121.23688456502107,361,75,Nenhuma,0.8
490,37.69230769230769,41,15.935800507289109,88.59238193688589,75.16073822418502,231.7188173618697,45,160,Nenhuma,0.8
490,37.69230769230769,52,35.11987022825794,67.95447043139495,85.04861005564612,139.07168022837925,60,103,Nenhuma,0.8
490,37.69230769230769,53,390.3758356172027,49.913645006094896,428.5660581826033,136.0,409,92,Nenhuma,0.8
495,38.07692307692308,3,131.69823859472567,56.08410185623181,194.93369391955267,189.66987097264467,163,122,Nenhuma,0.8
495,38.07692307692308,14,338.15300766587535,29.991981318786408,399.19769292170076,124.3370223230005,368,77,Nenhuma,0.8
495,38.07692307692308,28,162.04785976930395,15.077215573123937,187.42077210532187,79.71733664092832,174,47,Nenhuma,0.8
495,38.07692307692308,41,15.698413258670026,88.72980741360236,74.6812161204619,231.2711911528039,45,160,Nenhuma,0.8
495,38.07692307692308,53,389.9593650901183,48.701870753928915,428.4167718890059,136.0,409,92,Nenhuma,0.8
500,38.46153846153846,3,130.19258745493192,57.37583923809643,196.1774158288261,197.3071888045628,163,127,Nenhuma,0.8
500,38.46153846153846,14,338.0290045233405,29.85396547161765,398.8920710742441,123.91833298458383,368,76,Nenhuma,0.8
500,38.46153846153846,28,162.2769953992757,15.090606036465715,187.37156642460252,79.02148076502696,174,47,Nenhuma,0.8
500,38.46153846153846,41,15.461025830847017,88.86723289031883,74.20169419594271,230.82356494373815,44,159,Nenhuma,0.8
500,38.46153846153846,53,391.3210988788396,51.70782730799541,428.1820462298841,136.0,409,93,Nenhuma,0.8
505,38.84615384615385,3,137.11088244396646,58.501962430580505,204.01683606235127,202.07849819621347,170,130,Nenhuma,0.8
505,38.84615384615385,14,337.9050013428777,29.71594962444889,398.5864492647154,123.49964364616716,368,76,Nenhuma,0.8
505,38.84615384615385,28,161.58287757643012,15.022830462264423,187.59900210411547,81.97382945795168,174,48,Nenhuma,0.8
505,38.84615384615385,53,391.9653189575909,54.9994433817188,427.2772588728566,136.0,409,95,Nenhuma,0.8
510,39.23076923076923,3,149.3763118988093,59.58106430242397,216.22772795178417,203.8890333307034,182,131,Nenhuma,0.8
510,39.23076923076923,14,337.780998124487,29.57793377728013,398.28082749311477,123.08095430775049,368,76,Nenhuma,0.8
510,39.23076923076923,28,163.3957072076654,15.009271813466068,187.0341188979763,74.56298454804178,175,44,Nenhuma,0.8
510,39.23076923076923,53,392.14314151538383,54.201254644676986,427.67525441105937,136.0,409,95,Nenhuma,0.8
515,39.61538461538461,3,159.53892660267437,60.640613718448364,225.88088449982143,204.5261509671488,192,132,Nenhuma,0.8
515,39.61538461538461,28,163.71926082111557,15.012269629359828,186.94036526126504,73.51447944189223,175,44,Nenhuma,0.8
515,39.61538461538461,53,392.11676514903417,53.25528827731034,427.9023325254929,136.0,410,94,Nenhuma,0.8
515,39.61538461538461,54,105.60844499246971,43.228517070717935,156.96756911140605,158.22285484673074,131,100,Nenhuma,0.8
515,39.61538461538461,55,274.6883460505651,312.220444646873,382.7361465339093,358.220444646873,328,335,Nenhuma,0.8
520,40.0,3,169.4593217510779,62.99897286558911,234.48790069978756,206.01818514099807,201,134,Nenhuma,0.8
520,40.0,28,164.04281554004467,15.015267445253588,186.8466105190748,72.46597433574267,175,43,Nenhuma,0.8
520,40.0,41,16.973389691859673,85.22985146205396,76.65167590896846,231.8456043606173,46,158,Nenhuma,0.8
520,40.0,53,391.9936873773484,55.5824767674722,426.75927046766066,136.0,409,95,Nenhuma,0.8
520,40.0,54,105.34542383151981,43.71065314107117,156.9822051268902,159.6096976027032,131,101,Nenhuma,0.8
520,40.0,55,268.4890188075981,307.3963860112125,386.8891430956204,357.97589312218753,327,332,Nenhuma,0.8
525,40.38461538461539,3,181.63728476392112,67.16773433961346,243.56159815999033,203.89632838628722,212,135,Nenhuma,0.8
525,40.38461538461539,28,164.36637136445276,15.018265261147349,186.75285467140563,71.41746922959311,175,43,Nenhuma,0.8
525,40.38461538461539,41,17.752583460780464,87.7313673491244,76.08091771956421,232.5642627474574,46,160,Nenhuma,0.8
525,40.38461538461539,53,391.82219444520155,55.82164624591574,426.4359836841186,136.0,409,95,Nenhuma,0.8
525,40.38461538461539,54,106.82726088330075,43.90489380182986,158.25354050737675,159.86682004807585,132,101,Nenhuma,0.8
525,40.38461538461539,55,264.7513179108674,304.45016327362754,390.6891941688014,358.60597226355503,327,331,Nenhuma,0.8
530,40.76923076923077,3,188.7148156642334,70.73834189728403,248.20889493930332,201.6652718767811,218,136,Nenhuma,0.8
530,40.76923076923077,14,341.449779316267,28.053479482291202,401.0989410022689,125.7605212009507,371,76,Nenhuma,0.8
530,40.76923076923077,37,156.1886960020148,15.941153206160735,194.7855280852498,118.8926337609734,175,67,Nenhuma,0.8
530,40.76923076923077,41,18.273483344431966,88.59144529509635,75.6326630773163,232.14814740381732,46,160,Nenhuma,0.8
530,40.76923076923077,53,391.14114010884475,52.570328277957465,426.934491748455,136.0,409,94,Nenhuma,0.8
530,40.76923076923077,54,108.59143217162166,44.68145132208857,159.54504270233764,160.52770855695024,134,102,Nenhuma,0.8
530,40.76923076923077,55,264.1764688923836,302.77042772567546,392.0280189662038,358.17729318607167,328,330,Nenhuma,0.8
535,41.15384615384615,3,198.8458315736425,77.40724093626389,258.85051331538153,204.8389504537846,228,141,Nenhuma,0.8
535,41.15384615384615,14,342.07125985745665,27.947134404377202,400.86259687834433,128.61840385867558,371,78,Nenhuma,0.8
535,41.15384615384615,37,157.27486529740608,15.479954025671269,193.30830619107974,116.8329993693639,175,66,Nenhuma,0.8
535,41.15384615384615,41,18.7881883983387,90.23502275409429,75.14872395194922,231.99807396699043,46,161,Nenhuma,0.8
535,41.15384615384615,53,391.3300597990232,49.40912102066491,427.9898601808075,136.0,409,92,Nenhuma,0.8
535,41.15384615384615,54,104.29381496846337,44.956124675904285,155.17157190818045,159.97643149532058,129,102,Nenhuma,0.8
535,41.15384615384615,55,270.1620458470815,307.6343567999738,387.73550414323563,358.68865150284256,328,333,Nenhuma,0.8
535,41.15384615384615,57,134.86108372536552,24.229953565933556,171.6448011742814,117.82135838679542,153,71,Nenhuma,0.8
540,41.53846153846154,3,212.64374124543136,82.48021917224996,272.4593414463765,201.9205569849911,242,142,Nenhuma,0.8
540,41.53846153846154,14,340.7306506640597,28.561645531477033,399.07552708818974,131.55168596266813,369,80,Nenhuma,0.8
540,41.53846153846154,37,158.1663758881126,15.201313221607464,192.3705384173567,115.2550158963583,175,65,Nenhuma,0.8
540,41.53846153846154,41,18.660578718193424,90.17997155469165,74.62633833915186,231.94798668874955,46,161,Nenhuma,0.8
540,41.53846153846154,53,391.54708932289793,48.21362259957312,428.25151882733905,136.0,409,92,Nenhuma,0.8
540,41.53846153846154,54,102.88867456692842,46.41941692569679,144.45141138506688,139.1125671994467,123,92,Nenhuma,0.8
540,41.53846153846154,55,274.2193106959294,310.39560173558505,384.3850632736801,358.20232454269296,329,334,Nenhuma,0.8
540,41.53846153846154,57,136.06988020587622,23.979298551713505,173.87559479330517,119.67238502990139,154,71,Nenhuma,0.8
545,41.92307692307692,3,219.62138673860719,84.79575944905713,278.56053913558503,202.48675592352578,249,143,Nenhuma,0.8
545,41.92307692307692,14,340.69817348598997,28.15269704210693,398.5566477577766,133.31367937717008,369,80,Nenhuma,0.8
545,41.92307692307692,37,158.77612871631732,15.086747372260803,191.7850294548644,114.6833315168062,175,64,Nenhuma,0.8
545,41.92307692307692,41,18.66835177180655,90.44225193471615,74.47447128976475,231.80618788288072,46,161,Nenhuma,0.8
545,41.92307692307692,53,392.1178643572353,49.74220057489288,427.8625484849734,136.0,409,92,Nenhuma,0.8
545,41.92307692307692,54,104.74624453685219,44.71773655724439,142.47739719086806,127.96601252713336,123,86,Nenhuma,0.8
545,41.92307692307692,55,275.68686856275406,312.11383077431157,383.1770807921786,358.7291814907692,329,335,Nenhuma,0.8
545,41.92307692307692,57,135.93865250245122,24.637139247777192,173.69013657601948,119.51627873232573,154,72,Nenhuma,0.8
550,42.30769230769231,3,226.599026591939,87.1112997258643,284.6617424646376,203.05295486206046,255,145,Nenhuma,0.8
550,42.30769230769231,14,340.24843219717314,28.64901742218632,398.14748753620654,136.57265714585026,369,82,Nenhuma,0.8
550,42.30769230769231,37,158.43778363319996,15.042051116721979,190.8485163226151,114.50455354598648,174,64,Nenhuma,0.8
550,42.30769230769231,41,18.67612447737138,90.70453231474066,74.32260458842592,231.6643890770119,46,161,Nenhuma,0.8
550,42.30769230769231,52,24.384299758590938,71.86680600117718,71.83577090837329,143.02456441804708,48,107,Nenhuma,0.8
550,42.30769230769231,53,392.90070333752635,53.01782057883978,427.1431129666555,136.0,410,94,Nenhuma,0.8
550,42.30769230769231,54,106.32726664405142,44.19515156260471,144.62413775614863,127.66327697826756,125,85,Nenhuma,0.8
550,42.30769230769231,55,275.6858060173957,312.11732912163814,383.1744617625426,358.7320066894731,329,335,Nenhuma,0.8
550,42.30769230769231,57,135.95401739017606,24.172104979298382,173.4848503434968,117.96703909781633,154,71,Nenhuma,0.8
555,42.69230769230769,3,233.5766608054268,89.42684000267147,290.76295143353417,203.61915380059511,262,146,Nenhuma,0.8
555,42.69230769230769,14,339.8907442334656,28.559498744281875,398.3071194511031,137.44919987087727,369,83,Nenhuma,0.8
555,42.69230769230769,37,158.52437567007064,15.680136706185074,190.30618277823888,114.47276295274955,174,65,Nenhuma,0.8
555,42.69230769230769,41,18.683896834887914,90.96681269476517,74.1707382351354,231.5225902711431,46,161,Nenhuma,0.8
555,42.69230769230769,52,25.506713349389592,71.24559599832918,70.87337084197125,142.37349945881596,48,106,Nenhuma,0.8
555,42.69230769230769,53,392.68666560385657,54.95665575444525,426.03556193529687,136.0,409,95,Nenhuma,0.8
555,42.69230769230769,54,104.63425192924588,44.03244618794774,145.39250310283245,131.85466404593438,125,87,Nenhuma,0.8
555,42.69230769230769,55,270.45350215800084,307.9968325068303,386.90790534733634,358.94838174196616,328,333,Nenhuma,0.8
555,42.69230769230769,57,136.19220037891617,24.03829668592944,173.9013723166621,118.27892207259667,155,71,Nenhuma,0.8
560,43.07692307692308,14,341.07651243176144,28.11007957792019,393.8603297192258,127.3554012418134,367,77,Nenhuma,0.8
560,43.07692307692308,37,158.65698498991597,15.91944597666648,190.02957385754155,114.49759269023772,174,65,Nenhuma,0.8
560,43.07692307692308,52,24.72470191076588,71.23465949732189,70.27498719101413,142.65053114699725,47,106,Nenhuma,0.8
560,43.07692307692308,53,392.18285700060864,53.66901208908985,426.047555521133,136.0,409,94,Nenhuma,0.8
560,43.07692307692308,54,104.61714257402177,43.932646226306694,144.5368347102883,129.9479955397718,124,86,Nenhuma,0.8
560,43.07692307692308,55,268.35028598893336,306.4752799615553,386.04224536751246,358.32971013661574,327,332,Nenhuma,0.8
560,43.07692307692308,57,136.43038336116396,23.904488392560495,174.31789429631982,118.59080504737702,155,71,Nenhuma,0.8
565,43.46153846153846,14,340.84211918017814,27.986782801570506,393.60919537639836,127.20233361030895,367,77,Nenhuma,0.8
565,43.46153846153846,37,158.1063947905308,16.665605433240216,189.23253327309388,114.53858457044083,173,65,Nenhuma,0.8
565,43.46153846153846,41,10.983182197533225,93.78733269250733,69.16690519907733,239.25729086873326,40,166,Nenhuma,0.8
565,43.46153846153846,52,23.94269064757943,71.22372299631459,69.67660336461974,142.92756283517855,46,107,Nenhuma,0.8
565,43.46153846153846,53,392.1442516364772,51.875328829875485,426.56714373584026,136.0,409,93,Nenhuma,0.8
565,43.46153846153846,54,104.60003338324509,43.83284626466565,143.68116615329674,128.0413270336092,124,85,Nenhuma,0.8
565,43.46153846153846,55,256.3474152213957,296.0561938500682,393.64757543659056,358.0960614017864,324,327,Nenhuma,0.8
565,43.46153846153846,57,136.66856633691938,23.77068009919155,174.73441628246985,118.90268802215736,155,71,Nenhuma,0.8
570,43.84615384615385,14,340.607725656317,27.863486025220823,393.3580613058487,127.04926597880453,366,77,Nenhuma,0.8
570,43.84615384615385,37,158.38608753488168,17.603690233766507,189.1342290074561,114.5855307524632,173,66,Nenhuma,0.8
570,43.84615384615385,41,12.245965118194079,94.76398816844275,72.15657529445834,241.99524633763193,42,168,Nenhuma,0.8
570,43.84615384615385,52,28.40882167853284,71.03124310543423,70.45162809345032,137.91101082608657,49,104,Nenhuma,0.8
570,43.84615384615385,53,392.67126854832054,51.85790895038797,426.88046764184674,136.0,409,93,Nenhuma,0.8
570,43.84615384615385,54,104.58292435691584,43.7330463030246,142.82549743185774,126.13465852744662,123,84,Nenhuma,0.8
570,43.84615384615385,55,253.88239349950447,294.2154859298576,395.09977327661306,358.0253911955783,324,326,Nenhuma,0.8
575,44.23076923076923,14,345.2701311682841,29.67370031212792,396.3552898341725,128.6962268533868,370,79,Nenhuma,0.8
575,44.23076923076923,37,158.71197881010337,17.284895475382093,189.5677807314234,114.63154634720814,174,65,Nenhuma,0.8
575,44.23076923076923,41,18.418686008880677,90.49158461702771,82.57947789405443,241.61710522634874,50,166,Nenhuma,0.8
575,44.23076923076923,52,28.186967913049344,70.99967601277112,70.0455598381715,137.58647963868907,49,104,Nenhuma,0.8
575,44.23076923076923,53,392.7032672207652,50.54455754457649,427.1714760847145,136.0,409,93,Nenhuma,0.8
575,44.23076923076923,55,251.41737297541374,292.374778009647,396.5519699188351,357.9547209893703,323,325,Nenhuma,0.8
580,44.61538461538461,14,345.44679186499326,29.744001218617484,396.50865644149366,128.72339162626076,370,79,Nenhuma,0.8
580,44.61538461538461,37,159.22401792877025,17.158672584221655,190.02021503105377,114.67066763695772,174,65,Nenhuma,0.8
580,44.61538461538461,41,20.808181247797968,86.92320644745475,88.37954203351501,241.45437657812528,54,164,Nenhuma,0.8
580,44.61538461538461,52,27.965113937737975,70.96810892010802,69.63949179272055,137.26194845129163,48,104,Nenhuma,0.8
580,44.61538461538461,53,393.13155840931745,52.025949403591596,426.862196837076,136.0,409,94,Nenhuma,0.8
580,44.61538461538461,54,109.27834136213986,42.09505918525147,151.7089107256899,130.46200394305893,130,86,Nenhuma,0.8
580,44.61538461538461,55,248.95235364912355,290.53407008943645,398.00416536325656,357.88405078316225,323,324,Nenhuma,0.8
585,45.0,14,345.6234521082851,29.814302125107048,396.6620235022323,128.75055639913472,371,79,Nenhuma,0.8
585,45.0,37,158.78788332096264,17.104656535845628,189.51426646025442,114.70727914757563,174,65,Nenhuma,0.8
585,45.0,41,20.66745111186701,86.85342819155369,89.6761005988553,241.36838259213653,55,164,Nenhuma,0.8
585,45.0,52,27.743259752598732,70.93654182744493,69.23342395709749,136.9374172638942,48,103,Nenhuma,0.8
585,45.0,53,393.1508398027367,51.85200908054216,426.95131485412065,136.0,410,93,Nenhuma,0.8
585,45.0,54,114.31722154085655,37.886397721841426,170.63158248787514,158.248586276763,142,98,Nenhuma,0.8
590,45.38461538461539,14,345.80011189815957,29.884603031596612,396.8153910163881,128.77772117200868,371,79,Nenhuma,0.8
590,45.38461538461539,37,159.31309632466937,17.07889054783302,189.97111442329071,114.74057955741057,174,65,Nenhuma,0.8
590,45.38461538461539,41,20.003224667729064,85.53059598877654,90.71206940604779,241.30989970101786,55,163,Nenhuma,0.8
590,45.38461538461539,53,393.1701212614854,51.678068757492724,427.0404328058359,136.0,410,93,Nenhuma,0.8
590,45.38461538461539,54,122.01835220453273,36.48451410626042,172.04197904100738,143.6340800570897,147,90,Nenhuma,0.8
595,45.76923076923077,37,159.5365931538043,17.064527139631572,190.1313217840576,114.77039730349108,174,65,Nenhuma,0.8
595,45.76923076923077,41,15.299917729382976,87.65592035204321,84.37663112495926,241.26979425218144,49,164,Nenhuma,0.8
595,45.76923076923077,53,393.1894027855635,51.50412843444329,427.12955069222164,136.0,410,93,Nenhuma,0.8
595,45.76923076923077,54,124.9670854730281,37.23175903053767,172.34369267221922,138.88583895722203,148,88,Nenhuma,0.8
600,46.15384615384615,37,158.98692409452337,17.055042749199025,190.17332179926998,116.11969381508246,174,66,Nenhuma,0.8
600,46.15384615384615,41,15.3209572017876,87.49837284155916,84.65672916735386,241.6879248245071,49,164,Nenhuma,0.8
600,46.15384615384615,52,20.12698385842535,67.21672976737969,72.99108391378662,156.75687309205358,46,111,Nenhuma,0.8
600,46.15384615384615,53,391.465419667999,51.038047333734745,425.9295116898124,136.0,408,93,Nenhuma,0.8
600,46.15384615384615,54,125.22311005931184,35.5388552691453,173.82330871551542,141.09308209857463,149,88,Nenhuma,0.8
605,46.53846153846154,37,158.9152670160849,17.14139009796928,190.01630466812398,115.93634026905075,174,66,Nenhuma,0.8
605,46.53846153846154,41,7.873436283878476,96.39283739587151,73.5556651319483,242.02371554354747,40,169,Nenhuma,0.8
605,46.53846153846154,52,19.136113297341108,66.84746995616986,73.17006775256773,158.369292744951,46,112,Nenhuma,0.8
605,46.53846153846154,53,390.22723866667224,50.263434749672854,425.470745792789,136.0,407,93,Nenhuma,0.8
605,46.53846153846154,54,124.29939002891416,37.51852673772809,176.6378300339822,154.17117164603957,150,95,Nenhuma,0.8
605,46.53846153846154,65,364.04154620438896,235.7472410141509,600.3183225529813,357.0,482,296,Nenhuma,0.8
610,46.92307692307692,37,158.84360869305772,17.227737446739532,189.8592887815666,115.75298672301903,174,66,Nenhuma,0.8
610,46.92307692307692,41,6.082578747979063,97.04679621143232,71.10524864928948,241.4452744944105,38,169,Nenhuma,0.8
610,46.92307692307692,52,20.82545222571351,66.8636251870884,74.73557847703634,165.16570282181908,47,116,Nenhuma,0.8
610,46.92307692307692,53,390.1329018148119,51.980774457674954,424.99087439397795,136.0,407,93,Nenhuma,0.8
610,46.92307692307692,54,122.23004214864372,38.2768098337184,176.25696306192074,161.6489152635994,149,99,Nenhuma,0.8
610,46.92307692307692,65,350.60664110889337,214.14483765078958,619.5349688304093,355.6265418429683,485,284,Nenhuma,0.8
615,47.30769230769231,37,158.77194912544186,17.314084795509785,189.70227413959788,115.56963317698731,174,66,Nenhuma,0.8
615,47.30769230769231,41,5.235078534632542,97.7931742355211,70.05734996010472,241.7462190855114,37,169,Nenhuma,0.8
615,47.30769230769231,52,21.33256067526482,67.46659613614665,73.68660575513555,167.69860893726565,47,117,Nenhuma,0.8
615,47.30769230769231,53,390.0225704979536,51.97658945750521,424.89832948321504,136.0,407,93,Nenhuma,0.8
615,47.30769230769231,54,117.07359203895366,41.129423337387045,170.81031812993024,164.6243785512729,143,102,Nenhuma,0.8
615,47.30769230769231,65,344.603368274363,202.5948536953589,634.8234702523202,355.27805159234265,489,278,Nenhuma,0.8
615,47.30769230769231,66,205.9337106445008,300.5792739915091,315.5779855943491,358.00000000000006,260,329,Nenhuma,0.8
620,47.69230769230769,3,384.72677022949176,158.71642879256567,479.04733920066064,350.9868727113302,431,254,Nenhuma,0.8
620,47.69230769230769,41,4.387578879210629,98.53955225960986,69.00945071299537,242.04716367661229,36,170,Nenhuma,0.8
620,47.69230769230769,52,20.47410792964325,67.19518468370919,74.03461280366972,169.7374596866352,47,118,Nenhuma,0.8
620,47.69230769230769,53,389.84199869883435,51.9311432880657,424.73661097377175,136.0,407,93,Nenhuma,0.8
620,47.69230769230769,54,111.11533161879122,43.59137761095547,164.60129116707486,165.07383631189626,137,104,Nenhuma,0.8
620,47.69230769230769,65,338.60009671697173,191.04486973992823,650.1119703970921,354.929561341717,494,272,Nenhuma,0.8
620,47.69230769230769,66,202.7144015393124,296.86853156965714,318.65746798784477,358.0,260,327,Nenhuma,0.8
625,48.07692307692308,3,395.1479472778383,163.28763975420287,491.45636706931646,359.6120052268319,443,261,Nenhuma,0.8
625,48.07692307692308,41,3.540079781713331,99.28593028369863,67.9615509079614,242.3481082677132,35,170,Nenhuma,0.8
625,48.07692307692308,52,19.615660955829302,66.9237732312717,74.38261408039628,171.77631043600474,46,119,Nenhuma,0.8
625,48.07692307692308,53,389.6614269051963,51.88569711862618,424.5748924588473,136.0,407,93,Nenhuma,0.8
625,48.07692307692308,54,108.7378718829276,45.85940676722534,162.14641837741874,165.80025730563773,135,105,Nenhuma,0.8
625,48.07692307692308,65,332.59682643671954,179.49488578449757,665.4004692647247,354.5810710910913,498,267,Nenhuma,0.8
625,48.07692307692308,66,201.0898895296137,294.9622435958147,319.4964300453276,358.0,260,326,Nenhuma,0.8
630,48.46153846153846,3,405.5691418562243,167.8588507158401,503.8653774079327,368.2371377423337,454,268,Nenhuma,0.8
630,48.46153846153846,52,18.75721975382297,66.65236177883423,74.73060958531522,173.81516118537428,46,120,Nenhuma,0.8
630,48.46153846153846,53,389.48085511703954,51.84025094918667,424.41317393844156,136.0,406,93,Nenhuma,0.8
630,48.46153846153846,54,111.76064505367545,55.87353426630839,161.17830599877098,165.99792721266905,136,110,Nenhuma,0.8
630,48.46153846153846,66,199.64164282853665,294.3707940106409,317.87393633178124,358.0,258,326,Nenhuma,0.8
635,48.84615384615385,3,415.9903539646499,172.43006167747734,516.2743702165095,376.86227025783546,466,274,Nenhuma,0.8
635,48.84615384615385,14,341.38165158751434,28.05507675032947,387.98123129367104,122.15364019555844,364,75,Nenhuma,0.8
635,48.84615384615385,37,158.7615993705377,17.981311679259733,190.1593463216482,116.88125001877748,174,67,Nenhuma,0.8
635,48.84615384615385,41,0.13696879817099017,99.14735599975587,65.08761126562351,244.83016669670405,32,171,Nenhuma,0.8
635,48.84615384615385,52,22.767931479765483,67.76399400146914,77.91685774095083,175.12448780460699,50,121,Nenhuma,0.8
635,48.84615384615385,53,391.899456570506,52.86229991217792,426.4780500438419,136.0,409,94,Nenhuma,0.8
635,48.84615384615385,54,111.74439840407413,57.15063748222196,161.44087005109188,167.89636227504383,136,112,Nenhuma,0.8
635,48.84615384615385,66,196.80719348391807,293.57410769550444,316.1514825990998,358.6798103076514,256,326,Nenhuma,0.8
640,49.23076923076923,14,341.0969690478023,27.963706096277747,387.5307395533691,121.72981158140038,364,74,Nenhuma,0.8
640,49.23076923076923,37,158.70681411005344,18.029250286361425,190.231732522091,117.64582637336508,174,67,Nenhuma,0.8
640,49.23076923076923,41,-1.240281579693292,97.17523844090839,64.27061339786731,245.096451149897,31,171,Nenhuma,0.8
640,49.23076923076923,52,23.44810287678153,68.53805196266875,78.13678062244736,175.69299510993562,50,122,Nenhuma,0.8
640,49.23076923076923,53,391.97082107070753,52.91893136974564,426.5258520768279,136.0,409,94,Nenhuma,0.8
640,49.23076923076923,54,111.72815180069271,58.42774069813553,161.70343405719285,169.7947973374186,136,114,Nenhuma,0.8
640,49.23076923076923,57,108.78624716312616,21.998135309550605,149.71235805736438,125.98092230698799,129,73,Nenhuma,0.8
640,49.23076923076923,66,196.00962907623855,292.67686333305613,314.6062334131891,358.2638857512817,255,325,Nenhuma,0.8
645,49.61538461538461,14,341.96134302990725,27.171699136845376,387.6238508983996,121.06022569853499,364,74,Nenhuma,0.8
645,49.61538461538461,37,158.71267935247818,17.384860581729505,190.23096764210058,117.23894084394706,174,67,Nenhuma,0.8
645,49.61538461538461,41,-0.194405683161456,99.15009951408904,64.45584711180763,245.18787744735982,32,172,Nenhuma,0.8
645,49.61538461538461,52,24.40697779974332,68.15538410706614,79.44317758541824,176.5452649155298,51,122,Nenhuma,0.8
645,49.61538461538461,53,391.84419857459744,53.789601784025415,426.28228216390465,136.0,409,94,Nenhuma,0.8
645,49.61538461538461,54,111.71190524353119,59.7048439140491,161.96599801707396,171.69323239979337,136,115,Nenhuma,0.8
645,49.61538461538461,57,107.34153673036394,21.876756495436545,148.48821739132057,126.41997158414293,127,74,Nenhuma,0.8
645,49.61538461538461,66,195.70218249642048,291.7412659654668,314.07285010388597,358.1002464990226,254,324,Nenhuma,0.8
650,50.0,14,341.75140768105797,27.007777825178913,387.2738863095341,120.61094900051174,364,73,Nenhuma,0.8
650,50.0,37,158.66899637469749,17.41175697035932,190.18145827412803,117.24882355027061,174,67,Nenhuma,0.8
650,50.0,41,0.5699613267992447,99.88371270147623,66.23477571352096,249.84478980074078,33,174,Nenhuma,0.8
650,50.0,52,24.08292712260659,68.03633329528179,80.08173025356524,178.32260439423135,52,123,Nenhuma,0.8
650,50.0,53,391.122826832407,57.3819443628803,424.8969273019017,136.0,408,96,Nenhuma,0.8
650,50.0,57,105.89682633282038,21.755377681322486,147.26407669005812,126.85902086129788,126,74,Nenhuma,0.8
650,50.0,66,195.87073976585884,291.4447586926792,312.9760672187516,358.0368481549864,254,324,Nenhuma,0.8
655,50.38461538461539,14,336.0326196030767,26.96767819504482,384.92672322500476,120.82646561225818,360,73,Nenhuma,0.8
655,50.38461538461539,37,158.6253133191852,17.438653358989136,190.1319489838871,117.25870625659417,174,67,Nenhuma,0.8
655,50.38461538461539,41,-0.15838451096342254,100.41358593388881,65.66022946885599,250.7256884833939,32,175,Nenhuma,0.8
655,50.38461538461539,52,23.758881784247134,67.91728248349742,80.72027758293497,180.0999438729329,52,124,Nenhuma,0.8
655,50.38461538461539,53,391.50122359560476,55.937500635066364,425.8038976694387,136.0,408,95,Nenhuma,0.8
655,50.38461538461539,57,104.4521159704955,21.633998867208426,146.03993595357701,127.29807013845283,125,74,Nenhuma,0.8
655,50.38461538461539,66,198.79817607725383,293.37206025743063,311.0674916904911,358.01226497617694,254,325,Nenhuma,0.8
660,50.76923076923077,14,333.4261704344692,25.581525345365783,384.39302309211615,120.82451094043219,358,73,Nenhuma,0.8
660,50.76923076923077,37,158.58163018594138,17.46554974761895,190.08243977137775,117.26858896291773,174,67,Nenhuma,0.8
660,50.76923076923077,41,3.369905625894873,105.63400767610796,69.96848600248966,257.33248954215713,36,181,Nenhuma,0.8
660,50.76923076923077,52,23.434841784664947,67.79823167171307,81.35881957352743,181.8772833516345,52,124,Nenhuma,0.8
660,50.76923076923077,53,392.9055710628946,58.062837163901264,426.18491569366364,136.0,409,97,Nenhuma,0.8
660,50.76923076923077,66,201.06671425178848,294.17782218572256,310.5901534166866,358.0028592901491,255,326,Nenhuma,0.8
665,51.15384615384615,14,335.53535076220095,24.43562475546421,387.82114556909846,120.82849502210217,361,72,Nenhuma,0.8
665,51.15384615384615,41,3.086969051745257,106.64521698425942,69.88640408715901,258.8009705457304,36,182,Nenhuma,0.8
665,51.15384615384615,53,393.34266812295175,58.18584796059568,426.4273347969258,136.0,409,97,Nenhuma,0.8
665,51.15384615384615,54,120.0932374130378,62.15879864105,166.21039125022395,166.75000377395293,143,114,Nenhuma,0.8
665,51.15384615384615,66,205.0439609250268,295.176119261253,311.97952955966764,357.99950461138656,258,326,Nenhuma,0.8
665,51.15384615384615,73,293.3410765102294,19.0,336.40089268267644,90.34285679344393,314,54,Nenhuma,0.8
670,51.53846153846154,14,336.84938683738505,24.015446419621256,388.64181405136816,120.84147927063735,362,72,Nenhuma,0.8
670,51.53846153846154,41,2.804032166543216,107.65642629241088,69.80432248288079,260.26945154930377,36,183,Nenhuma,0.8
670,51.53846153846154,53,393.5314458920024,58.21424719618008,426.48053564265734,136.0,410,97,Nenhuma,0.8
670,51.53846153846154,54,120.73619488288556,63.217953477345894,166.7695087604324,167.61907166945934,143,115,Nenhuma,0.8
670,51.53846153846154,66,210.64719437437066,296.24541457040146,315.0892829217655,357.9984320496688,262,327,Nenhuma,0.8
670,51.53846153846154,73,293.3272449552102,19.0,337.3430911229278,91.86883373632307,315,55,Nenhuma,0.8
675,51.92307692307692,14,336.5863819540982,23.621778781871704,388.44997078651966,120.58239430826626,362,72,Nenhuma,0.8
675,51.92307692307692,41,2.5210949702887504,108.66763560056235,69.722241189655,261.73793255287706,36,185,Nenhuma,0.8
675,51.92307692307692,53,394.17036638256036,57.542193268682915,427.25255681626044,136.0,410,96,Nenhuma,0.8
675,51.92307692307692,54,115.2553652065852,54.354296220222565,163.18151768278307,162.43594877750724,139,108,Nenhuma,0.8
675,51.92307692307692,66,214.7407964390483,295.99478581271296,318.9264084685329,357.9982107391895,266,326,Nenhuma,0.8
675,51.92307692307692,73,295.54418236276643,19.0,340.50585320608667,93.0380272817263,318,56,Nenhuma,0.8
680,52.30769230769231,14,336.32337821857107,23.228111144122153,388.2581263739116,120.32330934589518,362,71,Nenhuma,0.8
680,52.30769230769231,53,393.6591639212256,56.61547863371363,426.95576835868417,136.0,410,96,Nenhuma,0.8
680,52.30769230769231,54,108.9637532122393,48.73863914562321,160.47439645824699,163.56210864954215,134,106,Nenhuma,0.8
680,52.30769230769231,66,213.07536003880386,289.9352031548063,325.47696592867067,357.99825890796893,269,323,Nenhuma,0.8
680,52.30769230769231,73,294.75400582575577,19.0,339.6376826347977,92.67767665018083,317,55,Nenhuma,0.8
685,52.69230769230769,14,336.0603756308035,22.8344435063726,388.06628081354376,120.0642243835241,362,71,Nenhuma,0.8
685,52.69230769230769,41,0.32546097402077123,105.50992062651314,68.89977116685817,263.15009756512677,34,184,Nenhuma,0.8
685,52.69230769230769,52,26.706018537654643,69.83381071203752,79.31573808113345,176.87722410043904,53,123,Nenhuma,0.8
685,52.69230769230769,53,393.81844296289984,56.75692848770186,427.055714688858,136.0,410,96,Nenhuma,0.8
685,52.69230769230769,54,105.07338952774023,46.100166961121,159.23228182467682,164.60814873002892,132,105,Nenhuma,0.8
685,52.69230769230769,66,213.4696131481657,288.97427693346555,327.453121222295,357.9952826761795,270,323,Nenhuma,0.8
685,52.69230769230769,73,294.94235993297355,19.0,340.3722203256291,93.57424909082577,317,56,Nenhuma,0.8
690,53.07692307692308,41,5.948975231787848,114.18914926736306,73.83201403501249,264.83567705256377,39,189,Nenhuma,0.8
690,53.07692307692308,52,25.65436285981408,69.97319915014617,78.99420452566983,181.49970201352107,52,125,Nenhuma,0.8
690,53.07692307692308,53,393.9777219978493,56.8983783416901,427.15566102575656,136.0,410,96,Nenhuma,0.8
690,53.07692307692308,54,101.6688410471636,45.0929540784446,157.42884168013984,165.0043650971254,129,105,Nenhuma,0.8
690,53.07692307692308,66,213.8638674852258,288.01335071212486,329.4292752882211,357.9923064443901,271,323,Nenhuma,0.8
690,53.07692307692308,73,295.130714028801,19.0,341.10675802785073,94.47082153147072,318,56,Nenhuma,0.8
690,53.07692307692308,74,180.69379496481895,84.86660523890704,267.8993919718524,215.74549549337104,224,150,Nenhuma,0.8
695,53.46153846153846,41,17.080984408016576,117.18862302482636,88.52664329583061,275.46685469475625,52,196,Nenhuma,0.8
695,53.46153846153846,52,25.46104146763772,70.05059562278487,79.31451176052519,182.651901130231,52,126,Nenhuma,0.8
695,53.46153846153846,53,394.1370010260741,57.03982819567833,427.2556073693799,136.0,410,96,Nenhuma,0.8
695,53.46153846153846,54,101.3760901010831,45.38510664638267,159.65044302464912,169.0473538103042,130,107,Nenhuma,0.8
695,53.46153846153846,66,214.2581230499841,287.0524244907841,331.405428126449,357.9893302126007,272,322,Nenhuma,0.8
695,53.46153846153846,73,294.24325835013747,19.871660738864897,336.67569745643334,88.94552589887252,315,54,Nenhuma,0.8
695,53.46153846153846,74,190.798999395763,95.96686631281419,264.4190252477101,205.38252695571498,227,150,Nenhuma,0.8
700,53.84615384615385,37,160.29540986764107,17.991441203710707,190.62198635332896,115.06293258979929,175,66,Nenhuma,0.8
700,53.84615384615385,41,35.31192453484475,124.74114153524516,116.47994080210266,300.0154301871709,75,212,Nenhuma,0.8
700,53.84615384615385,52,25.26772406366582,70.12799209542354,79.63481500717607,183.80410024694095,52,126,Nenhuma,0.8
700,53.84615384615385,54,102.6281018578052,44.874955319888414,165.64832299523812,177.04402142877686,134,110,Nenhuma,0.8
700,53.84615384615385,73,294.3055233643803,19.99421623179473,336.6587823184698,88.93918373965658,315,54,Nenhuma,0.8
700,53.84615384615385,74,192.09009841949012,102.22136293144098,258.10620943701167,198.42893051117431,225,150,Nenhuma,0.8
700,53.84615384615385,76,183.36274949894485,254.91151726531112,330.41702680582955,357.7797763047744,256,306,Nenhuma,0.8
705,54.23076923076923,37,160.38192346432854,18.039579169361716,190.6472899093268,114.9166265742303,175,66,Nenhuma,0.8
705,54.23076923076923,41,45.13390224251244,132.0076395311465,129.20428307328473,309.3109703729849,87,220,Nenhuma,0.8
705,54.23076923076923,52,24.673692052674582,67.51415098203968,70.25586872176115,166.5218360083573,47,117,Nenhuma,0.8
705,54.23076923076923,54,101.83883553003798,44.158815953912054,165.90626250507415,178.5239442373749,133,111,Nenhuma,0.8
705,54.23076923076923,73,294.30721131136806,20.02084553756626,337.5159970698184,88.98801119568014,315,54,Nenhuma,0.8
705,54.23076923076923,74,188.00622061256678,105.89553593370667,255.80394981788686,202.68298589400516,221,154,Nenhuma,0.8
705,54.23076923076923,76,182.20455948906647,253.2481036981011,331.11283160341,358.06729822162674,256,305,Nenhuma,0.8
710,54.61538461538461,37,160.46843613201725,18.087717135012724,190.6725943943233,114.77032055866133,175,66,Nenhuma,0.8
710,54.61538461538461,41,47.716284510207764,135.51942695065537,132.87852535116633,312.86956500897725,90,224,Nenhuma,0.8
710,54.61538461538461,52,24.590696485739425,67.08959036069473,66.53976371733879,161.62786203035256,45,114,Nenhuma,0.8
710,54.61538461538461,53,388.1264516049614,56.09915581723711,419.9008976704632,131.3386058035628,404,93,Nenhuma,0.8
710,54.61538461538461,54,101.04956773149841,43.44267658793569,166.16420348568255,180.00386704597292,133,111,Nenhuma,0.8
710,54.61538461538461,73,295.5894028378889,20.040411090166486,339.8561199697598,89.68711580411376,317,54,Nenhuma,0.8
710,54.61538461538461,74,187.68901003474588,101.03171888324093,261.5944928164217,206.063190599942,224,153,Nenhuma,0.8
710,54.61538461538461,76,184.984296752777,252.0226019311205,333.940082178745,358.1353469704688,259,305,Nenhuma,0.8
715,55.0,37,159.84790898106775,17.162513535819514,191.18826743819403,114.94620552746291,175,66,Nenhuma,0.8
715,55.0,41,62.45395202389946,140.03328110183776,152.05652173833238,320.5505280509275,107,230,Nenhuma,0.8
715,55.0,52,25.81061800120434,66.95886303571142,70.35175406597762,169.08103485799842,48,118,Nenhuma,0.8
715,55.0,53,384.51219110325275,53.92489715055783,416.1726243246756,130.2771831024282,400,92,Nenhuma,0.8
715,55.0,54,98.60283026371192,47.882560111080466,165.87497130737933,182.7299300631196,132,115,Nenhuma,0.8
715,55.0,73,295.8989823046673,20.13810614605064,340.16347867247396,89.78130016146594,318,54,Nenhuma,0.8
715,55.0,74,187.51760232900398,93.19687582016547,266.9764323655694,205.79787685932286,227,149,Nenhuma,0.8
715,55.0,76,186.4709100609822,253.0645745324059,332.27713327904485,358.1375472238641,259,305,Nenhuma,0.8
720,55.38461538461539,37,160.46834509810824,17.036278907249773,191.93753006331056,114.26377775220777,176,65,Nenhuma,0.8
720,55.38461538461539,41,74.6959347884407,125.49697948082449,171.28161404990993,322.69155005487323,122,224,Nenhuma,0.8
720,55.38461538461539,52,25.575797116867424,66.74938812044775,70.18647777616926,169.0322184975147,47,117,Nenhuma,0.8
720,55.38461538461539,53,383.75198112989034,53.71841760361136,415.3024206968065,129.80548556259612,399,91,Nenhuma,0.8
720,55.38461538461539,54,94.49848755952587,49.89873863042753,153.8838790270791,164.50922897557132,124,107,Nenhuma,0.8
720,55.38461538461539,73,296.20856177198004,20.23580120193479,340.4708373746539,89.87548451881813,318,55,Nenhuma,0.8
720,55.38461538461539,74,202.10205723347255,88.82756200038492,280.8925354937941,200.31708635156662,241,144,Nenhuma,0.8
720,55.38461538461539,76,194.25230286574214,251.41373431560714,338.96436291272215,358.12042872272207,266,304,Nenhuma,0.8
720,55.38461538461539,79,414.61347841623973,84.95859237934701,493.022122599554,261.78828629144675,453,173,Nenhuma,0.8
725,55.76923076923077,37,159.80683144426456,16.9932166661832,191.73905395958099,114.0292667987747,175,65,Nenhuma,0.8
725,55.76923076923077,41,102.53387578489205,128.159264218007,198.08232705876767,323.45893122114603,150,225,Nenhuma,0.8
725,55.76923076923077,52,28.378628082119217,66.8981735216101,73.70964779592468,172.1110459589301,51,119,Nenhuma,0.8
725,55.76923076923077,53,382.99177109487755,53.51193805666488,414.4322171305876,129.33378802276403,398,91,Nenhuma,0.8
725,55.76923076923077,54,93.47592666970243,49.83177166670687,152.77548605755217,164.27618089687087,123,107,Nenhuma,0.8
725,55.76923076923077,73,295.5430001268562,20.048719806009174,339.7924672313233,89.14165700043867,317,54,Nenhuma,0.8
725,55.76923076923077,74,218.0132300930198,88.39747243460502,294.8194310619826,195.4094203344281,256,141,Nenhuma,0.8
725,55.76923076923077,76,201.41198377480043,254.25297264820864,338.961012985617,358.1047353601901,270,306,Nenhuma,0.8
725,55.76923076923077,79,395.6306747807873,94.96383163736073,474.436234934216,274.1782555007782,435,184,Nenhuma,0.8
730,56.15384615384615,37,159.88085617652382,16.938154693649814,191.7707118713593,113.84652887253952,175,65,Nenhuma,0.8
730,56.15384615384615,41,127.25547410531135,121.41492906701949,221.620250077173,317.009461312689,174,219,Nenhuma,0.8
730,56.15384615384615,52,30.13724024997668,67.58159910199322,76.03984943740615,174.15143312862764,53,120,Nenhuma,0.8
730,56.15384615384615,53,382.2315609982145,53.305458509718406,413.56201362601917,128.86209048293193,397,91,Nenhuma,0.8
730,56.15384615384615,54,92.45336610320604,49.76480470298621,151.66709276469822,164.04313281817036,122,106,Nenhuma,0.8
730,56.15384615384615,73,295.76236801563675,20.114557721476828,339.9706805069467,89.14321399894826,317,54,Nenhuma,0.8
730,56.15384615384615,74,221.99129602689553,87.53180708299371,300.2194102336671,194.25903637889877,261,140,Nenhuma,0.8
730,56.15384615384615,76,205.36985428456512,256.04876344412946,337.46096112706107,358.08685176668524,271,307,Nenhuma,0.8
730,56.15384615384615,79,386.7427658164862,99.73650278731098,468.27511780701514,285.1520206179668,427,192,Nenhuma,0.8
735,56.53846153846154,37,160.01593168931683,16.97459856999734,191.9313241221583,113.92694902468637,175,65,Nenhuma,0.8
735,56.53846153846154,41,138.8928853153119,119.41934403244927,231.2437824933394,313.7196725200337,185,216,Nenhuma,0.8
735,56.53846153846154,52,30.03317329514229,67.17397729062148,76.9570921468076,174.88317484281208,53,121,Nenhuma,0.8
735,56.53846153846154,54,91.4308058600367,49.69783773926555,150.55869914851723,163.81008473946991,120,106,Nenhuma,0.8
735,56.53846153846154,73,306.84380079328724,17.646335474319237,350.6956750492199,85.0455453919879,328,51,Nenhuma,0.8
735,56.53846153846154,74,213.71789997529424,88.56233509233871,292.6543879023053,195.21527543142082,253,141,Nenhuma,0.8
735,56.53846153846154,76,209.32392432046157,259.43517190424166,334.2127828624698,358.07294494486626,271,308,Nenhuma,0.8
735,56.53846153846154,79,377.85485689987877,104.50917393726124,462.1140006321206,296.12578573515543,419,200,Nenhuma,0.8
740,56.92307692307692,14,279.5008670010729,61.22979263045107,343.2366601808749,179.87050909407196,311,120,Nenhuma,0.8
740,56.92307692307692,37,160.09725696032552,16.929535805175455,191.9764441095982,113.77296742735126,176,65,Nenhuma,0.8
740,56.92307692307692,41,144.01964928763311,119.93136477254231,234.21728840184076,312.31529827682266,189,216,Nenhuma,0.8
740,56.92307692307692,52,30.2921221978046,67.06465713599559,77.49462811461096,175.41460801204653,53,121,Nenhuma,0.8
740,56.92307692307692,54,109.44840444504177,49.962184004101104,158.36126321601654,138.82517079704797,133,94,Nenhuma,0.8
740,56.92307692307692,73,308.05163648859224,16.44850448674474,354.7898268974855,88.30768706784015,331,52,Nenhuma,0.8
740,56.92307692307692,74,209.27915964702436,88.2657027134388,290.21908173524844,196.2636626131811,249,142,Nenhuma,0.8
740,56.92307692307692,76,211.88475086924396,262.0421924135095,331.0258289302973,358.06068776575927,271,310,Nenhuma,0.8
740,56.92307692307692,79,368.96694803096506,109.2818450872115,455.95288340953255,307.099550852344,412,208,Nenhuma,0.8
745,57.30769230769231,14,275.99081648178736,63.42694498085768,340.44717665192604,183.41080041815832,308,123,Nenhuma,0.8
745,57.30769230769231,37,160.17858183691862,16.88447304035357,192.02156449145377,113.61898583001614,176,65,Nenhuma,0.8
745,57.30769230769231,41,145.1660550592511,118.14569107733863,234.75770856182922,311.66576106567345,189,214,Nenhuma,0.8
745,57.30769230769231,52,30.514841827815896,67.76402023375039,76.84279643611379,174.43959280158396,53,121,Nenhuma,0.8
745,57.30769230769231,54,107.52864266321025,47.69237710110453,162.88460379233948,148.99965641071498,135,98,Nenhuma,0.8
745,57.30769230769231,73,309.47905750942766,16.120722271162855,356.4169613698358,88.28693006158639,332,52,Nenhuma,0.8
745,57.30769230769231,74,206.59145926908104,87.48255421918074,290.1485504805952,196.66643573486883,248,142,Nenhuma,0.8
745,57.30769230769231,76,213.8107784048044,262.27780813230925,330.085698824852,358.051068687089,271,310,Nenhuma,0.8
750,57.69230769230769,14,272.480777043902,65.62409733126428,337.65768204157706,186.95109174224467,305,126,Nenhuma,0.8
750,57.69230769230769,37,160.25990631909607,16.839410275531684,192.06668526772498,113.46500423268103,176,65,Nenhuma,0.8
750,57.69230769230769,41,145.3536068290232,116.14999041451625,234.60968442707122,311.3391796719935,189,213,Nenhuma,0.8
750,57.69230769230769,52,27.557903964996132,69.27010458821906,74.35482272245166,177.65041452087192,50,123,Nenhuma,0.8
750,57.69230769230769,54,107.72488952076067,48.434596958183036,164.0609426238533,151.27891379818794,135,99,Nenhuma,0.8
750,57.69230769230769,73,310.90647844484914,15.79294005558097,358.0440959276,88.26617305533264,334,52,Nenhuma,0.8
750,57.69230769230769,74,204.19069513544994,87.84491263723747,288.68861040628315,197.48989474802215,246,142,Nenhuma,0.8
750,57.69230769230769,76,214.79671112728536,263.00853831794115,328.0016270944232,358.0440796589507,271,310,Nenhuma,0.8
755,58.07692307692308,14,268.97074868741674,67.82124968167088,334.86817634982793,190.49138306633103,301,129,Nenhuma,0.8
755,58.07692307692308,41,145.4777553187642,113.42239051820299,235.21452661311983,311.79084565446357,190,212,Nenhuma,0.8
755,58.07692307692308,52,27.451824469845675,69.40644393522405,74.4821064350296,178.32856108924943,50,123,Nenhuma,0.8
755,58.07692307692308,54,109.01895536608222,54.72618962785836,163.915732368608,151.57081939244938,136,103,Nenhuma,0.8
755,58.07692307692308,73,306.40745099317553,18.43170909086713,357.20105770112286,97.27100277348363,331,57,Nenhuma,0.8
755,58.07692307692308,74,203.04402834733548,85.32964328601061,289.5557276227572,197.14506234311722,246,141,Nenhuma,0.8
755,58.07692307692308,76,215.81303186580732,262.5721710932076,327.1423004564423,358.03790795873346,271,310,Nenhuma,0.8
760,58.46153846153846,41,145.23856192526188,111.07982167130743,234.5757835478048,311.24753717699707,189,211,Nenhuma,0.8
760,58.46153846153846,52,22.778361718735802,66.79673698714339,71.46044989690398,180.5517282292359,47,123,Nenhuma,0.8
760,58.46153846153846,54,109.84036283811488,50.32758533193092,166.88703935944176,151.03860880258273,138,100,Nenhuma,0.8
760,58.46153846153846,73,306.08091784655613,18.135324224706736,356.57022633646335,96.73066185674726,331,57,Nenhuma,0.8
760,58.46153846153846,74,207.60112881650596,85.69950723206736,294.663003807295,195.70320709438545,251,140,Nenhuma,0.8
760,58.46153846153846,76,215.68213875660064,262.38464591523984,325.2461036250027,358.03300978586634,270,310,Nenhuma,0.8
765,58.84615384615385,41,145.62526515874143,111.4952344333636,233.9891843674367,311.62388665154924,189,211,Nenhuma,0.8
765,58.84615384615385,52,22.184437453501896,66.65199111372124,71.28573572555072,181.38802305924773,46,124,Nenhuma,0.8
765,58.84615384615385,54,112.08779342408965,42.16126654117207,171.25004471919135,150.19576015852147,141,96,Nenhuma,0.8
765,58.84615384615385,73,305.7990597402326,18.026000563160927,356.43829562060716,97.16112871593185,331,57,Nenhuma,0.8
765,58.84615384615385,74,209.28867437414056,85.55709570690827,296.2709853842647,195.46016853637457,252,140,Nenhuma,0.8
765,58.84615384615385,76,215.84728671547467,262.29147621281203,323.58493608957946,358.02873933400843,269,310,Nenhuma,0.8
770,59.23076923076923,41,146.16954732748985,113.64114199153522,232.88730177138737,311.70759240693076,189,212,Nenhuma,0.8
770,59.23076923076923,52,21.59051859035033,66.50724524029908,71.11101615211513,182.22431788925957,46,124,Nenhuma,0.8
770,59.23076923076923,54,114.21608410117466,38.45957658726652,172.85927213576468,149.24334944338494,143,93,Nenhuma,0.8
770,59.23076923076923,73,304.8457294025438,17.986447730942167,357.17662811429057,100.5609547125162,331,59,Nenhuma,0.8
770,59.23076923076923,74,207.54228282641216,84.30807276798281,299.0794851558594,198.95844455923321,253,141,Nenhuma,0.8
770,59.23076923076923,76,214.75509566264557,260.23978711489536,322.7333606882037,358.02506241473884,268,309,Nenhuma,0.8
770,59.23076923076923,85,178.1523584149158,34.958994279924006,253.94875673398772,132.96573336033154,216,83,Nenhuma,0.8
775,59.61538461538461,41,145.01377449302765,113.82019893747493,230.74685327503389,311.68115068786983,187,212,Nenhuma,0.8
775,59.61538461538461,52,20.9966051292811,66.36249936687693,70.9362911765972,183.0606127192714,45,124,Nenhuma,0.8
775,59.61538461538461,54,115.86222190361093,40.29895261005925,173.8967941646328,152.14399310823313,144,96,Nenhuma,0.8
775,59.61538461538461,73,304.40036175952037,17.972878234822396,356.86087352311864,101.18944999144622,330,59,Nenhuma,0.8
775,59.61538461538461,74,207.1054575837238,85.34686373162444,296.7976847520616,197.04198115786357,251,141,Nenhuma,0.8
775,59.61538461538461,76,209.32760440543842,260.7830778392048,314.8821609484105,358.0222739122316,262,309,Nenhuma,0.8
775,59.61538461538461,85,167.79023210354842,32.28404258478707,248.34489322728564,137.88414018351514,208,85,Nenhuma,0.8
780,60.0,41,141.9667905218889,113.89362300457702,225.62675337645973,310.96774952490557,183,212,Nenhuma,0.8
780,60.0,54,116.79478559122057,39.30291520614962,175.24620304213974,151.9509270433652,146,95,Nenhuma,0.8
780,60.0,73,304.7336363631031,17.915120395417155,357.82135391283873,102.1266081174526,331,60,Nenhuma,0.8
780,60.0,74,208.75256930114855,86.40613019014765,298.69799501161424,196.9937885663103,253,141,Nenhuma,0.8
780,60.0,76,208.93432066207305,260.9549803528082,314.3404526721446,358.0576201414585,261,309,Nenhuma,0.8
780,60.0,85,162.3592332092106,29.34151783961768,243.85513075780023,138.13982327416693,203,83,Nenhuma,0.8
785,60.38461538461539,41,143.1478445318347,113.26715261914428,226.3028923081365,310.6531661084998,184,211,Nenhuma,0.8
785,60.38461538461539,54,117.72734787869811,38.30687780223999,176.59561331977875,151.75786097849723,147,95,Nenhuma,0.8
785,60.38461538461539,73,305.0669109504155,17.857362556011914,358.781834318829,103.06376624345901,331,60,Nenhuma,0.8
785,60.38461538461539,74,205.3052710252818,87.46507759369916,296.7373454929081,199.6328022791966,251,143,Nenhuma,0.8
785,60.38461538461539,76,208.54103665051446,261.1268828664116,313.7987446640718,358.09296637068536,261,309,Nenhuma,0.8
785,60.38461538461539,85,152.8033859178513,26.960547946528976,238.90981926830236,141.91399940620366,195,84,Nenhuma,0.8
790,60.76923076923077,41,144.35432528550518,115.66933170651949,226.8769025978206,311.817591354155,185,213,Nenhuma,0.8
790,60.76923076923077,54,118.65990876604357,37.310840398330356,177.9450249975499,151.5647949136293,148,94,Nenhuma,0.8
790,60.76923076923077,73,303.61210566707933,23.778453235226287,352.2782190458703,99.01805657337712,327,61,Nenhuma,0.8
790,60.76923076923077,74,200.80656464867215,87.20014274409908,293.8915279632679,201.9296836956796,247,144,Nenhuma,0.8
790,60.76923076923077,76,208.14775237076265,261.29878538001503,313.25703692419233,358.12831259991225,260,309,Nenhuma,0.8
790,60.76923076923077,85,143.24753895498603,24.579578053440272,233.9645074503104,145.6881755382404,188,85,Nenhuma,0.8
795,61.15384615384615,41,144.08867552667454,117.24820696174065,226.25172765134062,312.2267139942834,185,214,Nenhuma,0.8
795,61.15384615384615,73,303.8406694213107,24.254645926116744,352.51713010311215,99.51021180395492,328,61,Nenhuma,0.8
795,61.15384615384615,74,198.78741314903337,87.75010075960061,292.4261135577717,204.09827174294213,245,145,Nenhuma,0.8
795,61.15384615384615,85,133.69169232061483,22.19860816035157,229.01919530382446,149.4623516702771,181,85,Nenhuma,0.8
795,61.15384615384615,86,438.2810065186382,175.89769718957757,586.6922012448741,356.45995238709304,512,266,Nenhuma,0.8
800,61.53846153846154,41,142.81137128495942,122.47023923929571,224.33076240330786,314.33307370129666,183,218,Nenhuma,0.8
800,61.53846153846154,73,304.06923317077144,24.7308386170072,352.7560411651246,100.00236703453271,328,62,Nenhuma,0.8
800,61.53846153846154,74,195.27332433300043,88.61212731032833,285.4199711149313,203.6033537660985,240,146,Nenhuma,0.8
800,61.53846153846154,86,438.57781007708854,175.51525235754093,579.1555061403851,348.2970934738472,508,261,Nenhuma,0.8
800,61.53846153846154,87,152.73207723546366,48.43505754763684,210.7348685161387,172.80537063784053,181,110,Nenhuma,0.8
805,61.92307692307692,41,133.25222343581015,127.08875540789333,219.84063942928657,327.06422184324845,176,227,Nenhuma,0.8
805,61.92307692307692,73,304.3004633277113,25.028711282199794,351.87881625063153,97.48462339307949,328,61,Nenhuma,0.8
805,61.92307692307692,74,189.67095231375572,86.29681306058978,305.4524662465117,239.69937658433446,247,162,Nenhuma,0.8
805,61.92307692307692,76,243.42263685089202,246.12784959270851,364.1782964455999,357.0827953958247,303,301,Nenhuma,0.8
805,61.92307692307692,86,450.8891809027546,193.63746228815432,563.0077221835382,332.82150830957323,506,263,Nenhuma,0.8
805,61.92307692307692,87,156.55273220944915,47.26252822149982,224.07792727986737,192.43460755660502,190,119,Nenhuma,0.8
810,62.30769230769231,41,119.34550016589762,134.63198773875155,207.6686889728538,333.678482207658,163,234,Nenhuma,0.8
810,62.30769230769231,73,303.7568719247007,23.055700472398698,352.4046499542206,96.50580232763353,328,59,Nenhuma,0.8
810,62.30769230769231,74,181.96582838284164,91.41668642282062,300.3838546844379,254.64574670453683,241,173,Nenhuma,0.8
810,62.30769230769231,76,246.21212325197104,244.93538181439854,368.19482938197314,357.01798325366883,307,300,Nenhuma,0.8
810,62.30769230769231,86,442.29879277750916,212.15004975923446,553.5691555650299,349.76514623510366,497,280,Nenhuma,0.8
810,62.30769230769231,87,158.74221140370182,49.39318213944965,228.31296749929115,200.05643646918952,193,124,Nenhuma,0.8
815,62.69230769230769,41,104.04345747935791,143.43967207169683,194.26753302131573,346.0268469682791,149,244,Nenhuma,0.8
815,62.69230769230769,73,303.9549431203718,23.236169556799148,352.51830288453675,96.55874658907453,328,59,Nenhuma,0.8
815,62.69230769230769,74,180.08492429132846,91.75085321342212,301.97802413677977,259.7701189539224,241,175,Nenhuma,0.8
815,62.69230769230769,76,249.0016118218638,243.74291403608854,372.21136014953254,356.9531711115129,310,300,Nenhuma,0.8
815,62.69230769230769,86,446.71923868082223,239.7244221981301,540.6397594083114,355.04810523465244,493,297,Nenhuma,0.8
815,62.69230769230769,87,179.63831738500951,81.85838693207315,243.10559719447406,215.97921132467957,211,148,Nenhuma,0.8
820,63.07692307692308,14,128.96471303183424,36.226421337712964,193.10998949651602,165.44881106752183,161,100,Nenhuma,0.8
820,63.07692307692308,41,97.67704693730624,148.65726389539304,188.55894836984183,349.9346768840511,143,249,Nenhuma,0.8
820,63.07692307692308,52,29.07036437478022,73.74913230345304,74.39690947751066,180.29708497268712,51,127,Nenhuma,0.8
820,63.07692307692308,73,304.15301439345194,23.416638641199597,352.63195573744383,96.61169085051552,328,60,Nenhuma,0.8
820,63.07692307692308,74,178.20402259041552,92.08502000402362,303.57219119852135,264.894491203308,240,178,Nenhuma,0.8
820,63.07692307692308,76,251.79110256057038,242.55044625777856,376.22788874827813,356.88835896935706,314,299,Nenhuma,0.8
820,63.07692307692308,86,441.1439729477985,259.29036025502984,522.5849601471568,357.60921662117045,481,308,Nenhuma,0.8
820,63.07692307692308,87,178.4838990052188,102.24321358014231,239.67050394583634,228.90060824921375,209,165,Nenhuma,0.8
825,63.46153846153846,14,129.7785228827347,37.85623775177045,185.03794345644448,152.28631784254702,157,95,Nenhuma,0.8
825,63.46153846153846,41,88.66975193948679,153.1828384000434,180.57897951221486,354.5676682246914,134,253,Nenhuma,0.8
825,63.46153846153846,52,29.579958701331726,73.3111999785514,74.38645846934949,177.934219546076,51,125,Nenhuma,0.8
825,63.46153846153846,73,294.79555873692595,18.838748627574894,341.81542576219516,89.29842968277185,318,54,Nenhuma,0.8
825,63.46153846153846,74,176.3231232801028,92.41918679462512,305.16635586966265,270.0188634526936,240,181,Nenhuma,0.8
825,63.46153846153846,86,439.98689170214294,271.879709434303,512.287699054957,359.16416658738734,476,315,Nenhuma,0.8
825,63.46153846153846,87,169.43038854291734,109.9270010115302,232.00362907290142,237.0726774040802,200,173,Nenhuma,0.8
830,63.84615384615385,14,127.99955818233863,25.81463986217898,182.69516342807583,138.33492075956838,155,82,Nenhuma,0.8
830,63.84615384615385,41,79.51455475242281,156.76016414363215,172.96548404119278,354.8622606647401,126,255,Nenhuma,0.8
830,63.84615384615385,52,27.961496187388626,73.20354102139697,78.87802127003164,192.89445486326127,53,133,Nenhuma,0.8
830,63.84615384615385,54,208.80124398647314,55.15966039013628,275.67773167462576,187.77121767923367,242,121,Nenhuma,0.8
830,63.84615384615385,73,294.00175660529186,18.51550052468282,340.752346438293,88.57159162779462,317,53,Nenhuma,0.8
830,63.84615384615385,86,438.82981088796487,284.4690586135762,501.99043753127955,360.7191165536043,470,322,Nenhuma,0.8
830,63.84615384615385,87,159.83290329521174,119.84161311484945,221.8320728613257,243.6559242283688,190,181,Nenhuma,0.8
835,64.23076923076923,14,128.39323237832767,21.799839725377645,182.53880401165776,132.3302188544272,155,77,Nenhuma,0.8
835,64.23076923076923,41,81.44401515406653,163.29103076923414,174.21762313573305,355.46906219830726,127,259,Nenhuma,0.8
835,64.23076923076923,52,28.97574714356638,72.5369381745553,80.77287499004542,192.9985668703149,54,132,Nenhuma,0.8
835,64.23076923076923,54,224.28625392446637,57.28879955229469,289.0040652623592,187.37648675175467,256,122,Nenhuma,0.8
835,64.23076923076923,73,293.20795476479714,18.192252421790748,339.68926682325133,87.84475357281738,316,53,Nenhuma,0.8
835,64.23076923076923,86,437.6727305052643,297.0584077928493,491.6931755761247,362.2740665198212,464,329,Nenhuma,0.8
835,64.23076923076923,87,153.91452576241093,126.56718470173769,217.76203874160467,252.24655631203564,185,189,Nenhuma,0.8
840,64.61538461538461,14,129.05030536644654,20.441161761972744,181.94600301847618,128.244140006204,155,74,Nenhuma,0.8
840,64.61538461538461,41,91.63056393303485,176.97873422162712,178.9404001664542,354.87018184215077,135,265,Nenhuma,0.8
840,64.61538461538461,52,29.566389665234823,72.89502358252808,78.07352438365119,185.07511842124654,53,128,Nenhuma,0.8
840,64.61538461538461,54,231.39576460627256,58.12957338072658,296.739532469364,189.4753113598725,264,123,Nenhuma,0.8
840,64.61538461538461,73,292.4141532154419,17.869004318898675,338.62618691707036,87.11791551784016,315,52,Nenhuma,0.8
840,64.61538461538461,87,144.67184497597447,126.12821282022601,223.20013302703637,282.28558530302536,183,204,Nenhuma,0.8
845,65.0,14,129.4104677435858,19.38417575215268,180.85380058540167,122.82734928749426,155,71,Nenhuma,0.8
845,65.0,41,98.65102327953774,185.32335025837386,183.3631341410479,354.4541454992798,141,269,Nenhuma,0.8
845,65.0,52,28.94163053554833,72.34876712130941,76.44434902907517,181.8326133325503,52,127,Nenhuma,0.8
845,65.0,54,238.5052744823151,58.970347209158476,304.47500048213254,191.57413596799034,271,125,Nenhuma,0.8
845,65.0,87,141.98009939514085,122.56421316297642,225.18515053980929,289.81868297429185,183,206,Nenhuma,0.8
850,65.38461538461539,14,125.09857947631868,17.19103219489356,175.69651754625886,118.9369666968191,150,68,Nenhuma,0.8
850,65.38461538461539,41,98.92978128673249,183.2884486265084,185.2252957576327,354.19774591982696,142,268,Nenhuma,0.8
850,65.38461538461539,52,29.08417892396215,72.44566603116115,76.60372692055208,181.96959855675902,52,127,Nenhuma,0.8
850,65.38461538461539,54,245.61478355259393,59.81112103759037,312.2104693006648,193.67296057610815,278,126,Nenhuma,0.8
850,65.38461538461539,73,280.0214232130424,14.248110895022549,324.85155542204103,81.35911425928778,302,47,Nenhuma,0.8
850,65.38461538461539,74,138.3304908730116,106.93204227213468,234.57985274313864,244.27189292298002,186,175,Nenhuma,0.8
850,65.38461538461539,87,140.62476210069096,128.12031868892828,227.4527202885963,302.65733510001655,184,215,Nenhuma,0.8
850,65.38461538461539,91,341.84589326026446,167.98348952960635,436.3925913120888,355.0,389,261,Nenhuma,0.8
855,65.76923076923077,14,120.78666884474518,14.99788863763444,170.53925687142237,115.04658410614391,145,65,Nenhuma,0.8
855,65.76923076923077,41,95.59513381143182,166.3364002560162,188.01051756042847,349.3522653889555,141,257,Nenhuma,0.8
855,65.76923076923077,52,29.226727518472845,72.54256494101287,76.76310460593213,182.1065837809677,52,127,Nenhuma,0.8
855,65.76923076923077,73,277.7549458761175,11.791867803719498,324.6157366096076,82.16938209951313,301,46,Nenhuma,0.8
855,65.76923076923077,74,134.55196790163382,108.07489398813242,231.32450083330187,246.16147851407158,182,177,Nenhuma,0.8
855,65.76923076923077,87,140.0171170051591,116.20083300180542,228.24208837184486,295.93927387487565,184,206,Nenhuma,0.8
855,65.76923076923077,91,342.06993061963317,170.23964993165094,435.95394207833164,355.76233577203925,389,263,Nenhuma,0.8
860,66.15384615384616,14,116.47473584886534,12.80474508037532,165.38201856089222,111.15620151546875,140,61,Nenhuma,0.8
860,66.15384615384616,41,86.69142491978107,151.63466098790423,185.0050469184415,344.95231305502205,135,248,Nenhuma,0.8
860,66.15384615384616,52,29.369276319080416,72.63946385086462,76.9224820852153,182.24356900517643,53,127,Nenhuma,0.8
860,66.15384615384616,54,290.2942493956141,78.1802870224293,367.98881988982527,242.16940678993421,329,160,Nenhuma,0.8
860,66.15384615384616,73,275.8860539058071,10.985266221864919,322.67132030291094,81.2492831276292,299,46,Nenhuma,0.8
860,66.15384615384616,74,130.77344573442653,109.21774570413015,228.0691481192946,248.05106410516316,179,178,Nenhuma,0.8
860,66.15384615384616,87,137.6317746702424,111.68499683526852,226.22779035377758,292.15665422409097,181,201,Nenhuma,0.8
860,66.15384615384616,91,323.1468049885599,171.71491390755966,417.805501279606,356.00692839381645,370,263,Nenhuma,0.8
865,66.53846153846153,14,99.26591176436126,36.421363284512765,142.76682175534677,126.1166277967521,121,81,Nenhuma,0.8
865,66.53846153846153,41,82.2523706674855,143.3064686481702,180.99536958463983,336.7438998933683,131,240,Nenhuma,0.8
865,66.53846153846153,54,314.8634462749587,87.13779964908008,387.6502354717696,244.81157997360856,351,165,Nenhuma,0.8
865,66.53846153846153,73,274.0171620126697,10.17866464001034,320.72690391904115,80.32918415574527,297,45,Nenhuma,0.8
865,66.53846153846153,74,126.99492437138973,110.36059742012789,224.81379460111685,249.94064969625475,175,180,Nenhuma,0.8
865,66.53846153846153,87,139.45406903220052,109.89224508761677,223.36206845708057,278.32307315234937,181,194,Nenhuma,0.8
865,66.53846153846153,91,310.1843534670872,170.73137761707073,407.72592305748685,355.3554297283621,358,263,Nenhuma,0.8
870,66.92307692307692,14,98.134377041223,39.21740506165198,140.33741822163856,127.00117354895963,119,83,Nenhuma,0.8
870,66.92307692307692,41,80.88715567496445,136.10378906234718,181.11765643981403,334.1325443691061,131,235,Nenhuma,0.8
870,66.92307692307692,54,345.43809816692794,96.47786900018906,410.8635736400812,231.88640799939935,378,164,Nenhuma,0.8
870,66.92307692307692,73,272.1482701967054,9.37206305815576,318.7824874579984,79.40908518386134,295,44,Nenhuma,0.8
870,66.92307692307692,87,144.55787589145564,109.63720268218397,222.43767366601134,262.3115981649839,183,185,Nenhuma,0.8
870,66.92307692307692,91,304.8252989304479,168.952213432242,405.646432768925,355.1205929165259,355,262,Nenhuma,0.8
875,67.3076923076923,14,92.87494787875004,40.21292122777352,133.9185259462016,125.58770724162544,113,82,Nenhuma,0.8
875,67.3076923076923,41,83.60095166695822,139.2783285279885,181.28109153013042,333.1585180164676,132,236,Nenhuma,0.8
875,67.3076923076923,54,357.8712823497405,99.78795458367486,423.63038890743746,235.88703457149015,390,167,Nenhuma,0.8
875,67.3076923076923,87,153.8327619807424,110.72752791928531,229.63112227988148,257.8078053238786,191,184,Nenhuma,0.8
875,67.3076923076923,91,302.49062119089666,168.30215901345696,405.9091387713347,355.0352956911572,354,261,Nenhuma,0.8
880,67.6923076923077,14,87.61548154101759,41.20843739389506,127.49967084602412,124.17424093429125,107,82,Nenhuma,0.8
880,67.6923076923077,41,85.14195539984232,141.2676108545188,181.0043206896271,332.1526509158092,133,236,Nenhuma,0.8
880,67.6923076923077,54,370.3044666252845,103.09804016716066,436.39720408206244,239.88766114358094,403,171,Nenhuma,0.8
880,67.6923076923077,87,162.7167218978455,113.05639431375576,236.68552252438118,256.7094496225757,199,184,Nenhuma,0.8
880,67.6923076923077,91,300.8684529198987,168.06477823798383,406.6418952159809,355.0045762088678,353,261,Nenhuma,0.8
885,68.07692307692308,14,82.35597802802567,42.2039535600166,121.08085292110611,122.76077462695704,101,82,Nenhuma,0.8
885,68.07692307692308,41,85.56579673811545,141.40402445507547,181.14404356268483,332.4648140107647,133,236,Nenhuma,0.8
885,68.07692307692308,54,382.7376509935598,106.40812575064646,449.16401916395597,243.88828771567174,415,175,Nenhuma,0.8
885,68.07692307692308,87,166.9536974545889,115.16015332875236,238.89439414184625,254.78954543282128,202,184,Nenhuma,0.8
885,68.07692307692308,91,294.8405551582947,167.98182648020259,404.0104301530573,355.66976652415894,349,261,Nenhuma,0.8
890,68.46153846153847,41,86.09357145510415,140.82859509432532,181.5508211089707,332.60530943860124,133,236,Nenhuma,0.8
890,68.46153846153847,87,168.4407658812986,116.50528256324647,239.61784836905463,254.5763312026553,204,185,Nenhuma,0.8
890,68.46153846153847,91,289.2781565359984,167.95604828580906,402.0391690025239,355.91640489968563,345,261,Nenhuma,0.8
895,68.84615384615384,41,85.9339787634878,140.64440963271238,180.80487003765086,332.02146691305575,133,236,Nenhuma,0.8
895,68.84615384615384,87,167.6238874964693,116.9080783719678,240.40775772552965,258.4067754801347,204,187,Nenhuma,0.8
895,68.84615384615384,91,286.80784896854783,165.27758152495178,404.07354787553174,356.00517710658426,345,260,Nenhuma,0.8
895,68.84615384615384,95,138.29843860765604,39.28272577333211,182.35077770211205,163.1640492825758,160,101,Nenhuma,0.8
900,69.23076923076923,41,85.8655158220996,139.94825101671046,180.58562929039755,331.82162758974846,133,235,Nenhuma,0.8
900,69.23076923076923,87,167.9030520774062,116.99270846610675,239.3423345667726,255.77875335008872,203,186,Nenhuma,0.8
900,69.23076923076923,91,285.1746483178881,164.94723373894675,405.1855085022588,356.0347601187263,345,260,Nenhuma,0.8
900,69.23076923076923,95,137.63057768290182,39.384015557037884,181.57386648371894,162.82588537696324,159,101,Nenhuma,0.8
905,69.61538461538461,41,85.31195134206726,139.7149494195392,179.76043480900563,331.766120253359,132,235,Nenhuma,0.8
905,69.61538461538461,52,30.189724646704605,72.03215814237095,75.8742935097231,177.1377854487759,53,124,Nenhuma,0.8
905,69.61538461538461,87,167.76589343193172,116.91906792691144,238.98868891234645,255.29086098529643,203,186,Nenhuma,0.8
905,69.61538461538461,91,284.3859542870981,164.8403044102476,406.761390195539,356.04186360697844,345,260,Nenhuma,0.8
905,69.61538461538461,95,136.91459989058814,38.80145549085444,181.13048766445172,162.77336177342008,159,100,Nenhuma,0.8
910,70.0,41,86.02666183304204,139.65636615651658,180.5511816538911,332.42416705655705,133,236,Nenhuma,0.8
910,70.0,52,29.919208947182256,73.4191768371574,75.42570657516157,178.36661558955666,52,125,Nenhuma,0.8
910,70.0,87,167.65513132466052,116.16137541576082,239.4720156878778,255.6984561744169,203,185,Nenhuma,0.8
910,70.0,91,283.96273557872206,164.81655681338694,408.41011815443994,356.04102936068296,346,260,Nenhuma,0.8
910,70.0,95,136.5826652510986,36.51962502443944,181.83863217085798,163.5025981939946,159,100,Nenhuma,0.8
915,70.38461538461539,41,86.39452225746885,139.66055174858332,180.79637076262128,332.68891645321526,133,236,Nenhuma,0.8
915,70.38461538461539,52,29.29698731674567,73.85245343552333,75.15678083212156,178.74505623496253,52,126,Nenhuma,0.8
915,70.38461538461539,87,168.09628036035403,115.16310607004166,239.74070613188488,254.4647456941042,203,184,Nenhuma,0.8
915,70.38461538461539,91,283.3538472678431,164.8224029018387,409.70722833897224,356.0376456567377,346,260,Nenhuma,0.8
915,70.38461538461539,95,136.61632202877792,36.45614142705765,181.97682436692563,163.77564868616054,159,100,Nenhuma,0.8
920,70.76923076923077,41,86.62054200018949,139.68671701951786,180.83804659166617,332.80172855606315,133,236,Nenhuma,0.8
920,70.76923076923077,52,29.563744211531255,72.6762403644295,75.89177233813673,178.8893841280584,52,125,Nenhuma,0.8
920,70.76923076923077,87,166.9130937021422,115.39568623987404,241.0960059843761,260.5583990927422,204,187,Nenhuma,0.8
920,70.76923076923077,91,282.5142383287681,165.49948042917265,410.3377953545205,356.03368311934764,346,260,Nenhuma,0.8
920,70.76923076923077,95,136.88255544612707,37.86605227835065,181.81060948775507,163.88707372991274,159,100,Nenhuma,0.8
925,71.15384615384616,41,87.06544048462433,139.71837965847226,181.18336301830243,332.8545112708182,134,236,Nenhuma,0.8
925,71.15384615384616,52,29.60063405896404,72.68437373855687,75.90303942787403,178.839982806499,52,125,Nenhuma,0.8
925,71.15384615384616,87,165.79048340489217,116.11026673983407,240.9312379504864,264.0957151610986,203,190,Nenhuma,0.8
925,71.15384615384616,91,283.28436185066766,166.42899792053817,412.31226568780147,356.0297537546032,347,261,Nenhuma,0.8
925,71.15384615384616,95,136.18086577632374,35.70974351323389,181.8952781473826,163.9345533785252,159,99,Nenhuma,0.8
930,71.53846153846153,41,87.27737659952209,139.74956226307586,181.2945562060192,332.88300497871967,134,236,Nenhuma,0.8
930,71.53846153846153,52,29.63752362061627,72.69250711268424,75.91430680339187,178.79058148493965,52,125,Nenhuma,0.8
930,71.53846153846153,87,166.02253787923598,116.35048061841759,240.12339809724554,262.78343098058815,203,189,Nenhuma,0.8
930,71.53846153846153,91,286.7787396752963,168.111870440247,416.63283141571634,355.36316236881703,351,261,Nenhuma,0.8
930,71.53846153846153,95,136.55299487986497,36.956379724092756,181.98381072056776,163.95492975882416,159,100,Nenhuma,0.8
935,71.92307692307692,41,87.53289270923881,140.43847076498548,181.17988831416022,332.9011704075805,134,236,Nenhuma,0.8
935,71.92307692307692,52,29.67441289648795,72.70064048681161,75.92557446469027,178.74118016338025,52,125,Nenhuma,0.8
935,71.92307692307692,87,166.0064240000933,116.40187737885418,240.50262100840882,264.1581938713065,203,190,Nenhuma,0.8
935,71.92307692307692,91,288.5711805351835,169.4127298895343,420.5722066461866,355.7758018907376,354,262,Nenhuma,0.8
935,71.92307692307692,95,137.1478418617482,38.14133111337323,182.2581653027888,163.9661081406008,159,101,Nenhuma,0.8
940,72.3076923076923,41,86.71424060131031,139.39164838339332,180.74544171048598,332.91474215687134,133,236,Nenhuma,0.8
940,72.3076923076923,52,40.27809237127747,72.96756120274196,94.11833244343546,196.73792877608562,67,134,Nenhuma,0.8
940,72.3076923076923,87,164.9192190596578,115.08320586738466,242.33946455333324,269.8685500277106,203,192,Nenhuma,0.8
940,72.3076923076923,91,294.22060011334906,170.55666948108825,427.09291616814653,355.9307325037304,360,263,Nenhuma,0.8
940,72.3076923076923,95,138.42655872462862,40.61836446076758,181.31713849566762,158.60625446706837,159,99,Nenhuma,0.8
945,72.6923076923077,41,86.80557508928601,139.66778852365996,180.19613048132476,330.9473842079659,133,235,Nenhuma,0.8
945,72.6923076923077,52,41.35594302898177,73.0013369010337,95.937204356107,198.47665674751693,68,135,Nenhuma,0.8
945,72.6923076923077,87,162.31708141667858,111.98865190105778,243.90555491058578,276.5000343354101,203,194,Nenhuma,0.8
945,72.6923076923077,91,314.138094569309,175.6251758582857,441.6684462500728,355.98802642136627,377,265,Nenhuma,0.8
945,72.6923076923077,95,134.1810790709124,31.289476057450386,180.90221113964694,160.7016290153137,157,95,Nenhuma,0.8
950,73.07692307692308,41,85.66510336751648,137.7986768799743,180.51899438083353,331.53260569325766,133,234,Nenhuma,0.8
950,73.07692307692308,52,42.43380231200456,73.03511259932543,97.75606764346003,200.21538471894826,70,136,Nenhuma,0.8
950,73.07692307692308,87,160.84646683057446,110.13936900912539,240.47875485641651,268.8060366058347,200,189,Nenhuma,0.8
950,73.07692307692308,91,322.91825648817183,176.8456895720105,447.8655653609731,356.00801713140345,385,266,Nenhuma,0.8
950,73.07692307692308,95,134.2974012698541,35.20242918673387,178.53492296568893,156.23701429879858,156,95,Nenhuma,0.8
955,73.46153846153847,41,85.62269199750989,139.7445988741926,179.61284282727837,330.4442433713631,132,235,Nenhuma,0.8
955,73.46153846153847,52,43.51167022034585,73.06888829761716,99.57492230549457,201.9541126903796,71,137,Nenhuma,0.8
955,73.46153846153847,87,161.94725128724522,107.40311112053674,237.98637500591013,256.3010358484775,199,181,Nenhuma,0.8
955,73.46153846153847,91,326.3279014621186,177.26241456542607,449.1340414188664,356.01410715594307,387,266,Nenhuma,0.8
955,73.46153846153847,95,130.46516432762647,30.802056482407437,177.44378348940106,157.83634248909905,153,94,Nenhuma,0.8
960,73.84615384615384,41,87.0224145425513,141.17354870067382,181.19446963772788,330.0393514898834,134,235,Nenhuma,0.8
960,73.84615384615384,52,32.38380217886857,68.67604814845662,76.31102519142715,170.1263856113036,54,119,Nenhuma,0.8
960,73.84615384615384,87,156.74085942599717,100.31548745053715,243.98496085060432,272.28387837056925,200,186,Nenhuma,0.8
960,73.84615384615384,91,328.51946190169167,176.0505620547976,450.46896127005755,356.68090076874284,389,266,Nenhuma,0.8
960,73.84615384615384,95,130.37806863438345,39.72278722652187,173.8354910886124,153.82694510772131,152,96,Nenhuma,0.8
965,74.23076923076923,41,87.1785977009711,141.71471184276913,182.83620910358422,332.55837217416575,135,237,Nenhuma,0.8
965,74.23076923076923,52,32.4597424977417,68.34969383121344,76.09817992096234,169.13429428524648,54,118,Nenhuma,0.8
965,74.23076923076923,87,157.7269371124757,95.97887618989607,247.6574923867481,274.6908722123757,202,185,Nenhuma,0.8
965,74.23076923076923,91,331.892139778594,174.24686112409103,452.8552447475468,356.2660381059107,392,265,Nenhuma,0.8
965,74.23076923076923,95,127.68084547866755,28.208063900447655,174.4895097486795,150.20096536105302,151,89,Nenhuma,0.8
970,74.61538461538461,41,82.15112781091702,143.23594955132873,177.9806270509884,332.8448828812526,130,238,Nenhuma,0.8
970,74.61538461538461,52,32.535679338546686,68.02333951397028,75.88533812856568,168.14220295918935,54,118,Nenhuma,0.8
970,74.61538461538461,87,158.09688859775514,102.51134932354297,243.4771739493361,268.5835400654876,200,185,Nenhuma,0.8
970,74.61538461538461,91,331.0269662944072,173.54367452168378,451.72857359107235,356.1058185045239,391,264,Nenhuma,0.8
970,74.61538461538461,95,125.24621880521278,23.02041373408599,174.91263142835908,152.23980321313962,150,87,Nenhuma,0.8
970,74.61538461538461,102,387.90894157680316,64.78358450442465,422.1071554435289,133.98390297966796,405,99,Nenhuma,0.8
975,75.0,41,76.23924347167281,147.125439485554,172.18609986179257,332.2914143571858,124,239,Nenhuma,0.8
975,75.0,52,27.97560458647273,67.08477995801115,74.78878294672734,175.8018782521079,51,121,Nenhuma,0.8
975,75.0,87,161.3105799060982,109.28028781227641,240.64738427825029,257.9505448257269,200,183,Nenhuma,0.8
975,75.0,91,333.3467154776377,173.78004111685738,453.90713033946923,356.1284695551967,393,264,Nenhuma,0.8
975,75.0,95,124.07442766210788,21.069581668010514,176.01036730063734,155.64774072756785,150,88,Nenhuma,0.8
975,75.0,102,387.4077680491037,65.02522773562237,421.86768759668104,134.7245443542152,404,99,Nenhuma,0.8
980,75.38461538461539,41,65.90318432909605,151.25553695751069,166.79583524258288,345.44620789135143,116,248,Nenhuma,0.8
980,75.38461538461539,52,26.846213261768174,66.89841506232837,72.48385166742376,175.91614171304576,49,121,Nenhuma,0.8
980,75.38461538461539,74,160.43973335641383,114.1027305196146,234.62591744562417,209.38287111119317,197,161,Nenhuma,0.8
980,75.38461538461539,87,161.47833845093155,109.37507136323522,240.78810391519295,257.9944127750452,201,183,Nenhuma,0.8
980,75.38461538461539,91,335.66646478551627,174.01640771203097,456.08568696321805,356.15112060586966,395,265,Nenhuma,0.8
980,75.38461538461539,95,124.391248261899,19.727779427338646,176.37491226927474,153.78811363226825,150,86,Nenhuma,0.8
980,75.38461538461539,102,387.1883043585295,65.08427220738841,421.8460701429051,134.9656254985655,404,100,Nenhuma,0.8
985,75.76923076923077,41,63.601439622195365,157.30626246791567,164.72022541366064,350.8767750124407,114,254,Nenhuma,0.8
985,75.76923076923077,52,26.846758149802177,68.16361851944023,72.57595701547714,177.28218844911288,49,122,Nenhuma,0.8
985,75.76923076923077,74,158.73395229817632,111.600442644855,230.77944851061207,198.13844959594485,194,154,Nenhuma,0.8
985,75.76923076923077,87,161.64609704092985,109.46985491419403,240.92882350697062,258.0382807243635,201,183,Nenhuma,0.8
985,75.76923076923077,91,337.98621421804285,174.25277430720456,458.26424346231875,356.1737716565425,398,265,Nenhuma,0.8
985,75.76923076923077,95,124.11448672356607,19.287983784616387,176.34243121366018,153.72949198925892,150,86,Nenhuma,0.8
985,75.76923076923077,102,387.2392841301237,65.0890797680313,421.7217495250922,134.3229471106281,404,99,Nenhuma,0.8
990,76.15384615384616,41,63.70986214338937,160.9340062459187,164.40814554474525,352.9226787903709,114,256,Nenhuma,0.8
990,76.15384615384616,52,25.553162587346414,69.97491873568694,69.31717680481992,175.8151178969455,47,122,Nenhuma,0.8
990,76.15384615384616,74,160.05663655700306,111.4690336564758,229.88025574680714,195.33780708283376,194,153,Nenhuma,0.8
990,76.15384615384616,87,150.57643951856923,109.93730822776901,239.56676002594594,276.8438439477098,195,193,Nenhuma,0.8
990,76.15384615384616,95,123.75011569507797,19.183540446021482,175.98174964896145,153.0728471574558,149,86,Nenhuma,0.8
990,76.15384615384616,102,387.0485730491538,65.07897110843342,421.8957886808324,134.79473591919466,404,99,Nenhuma,0.8
995,76.53846153846153,41,61.24213980166223,160.25980808698017,163.64584065678613,354.2825981049007,112,257,Nenhuma,0.8
995,76.53846153846153,52,23.572429471974484,67.99710275226496,67.60300733661003,175.250701190112,45,121,Nenhuma,0.8
995,76.53846153846153,74,161.37933164473537,111.33762466809662,228.9810521540967,192.53716456972268,195,151,Nenhuma,0.8
995,76.53846153846153,87,149.54302384436266,110.0718024683914,239.55109245128688,278.8869077892821,194,194,Nenhuma,0.8
995,76.53846153846153,91,303.8593303850371,174.97617890801286,425.3650421700256,356.01901172561026,364,265,Nenhuma,0.8
995,76.53846153846153,95,122.45650569208807,22.49113251409247,173.76226057248374,152.1853793605526,148,87,Nenhuma,0.8
995,76.53846153846153,102,387.25227418337647,65.06827612281518,422.38109392587535,134.9611455590573,404,100,Nenhuma,0.8
1000,76.92307692307692,41,57.246581090598596,156.00574816211338,162.59642278952617,354.73080799700415,109,255,Nenhuma,0.8
1000,76.92307692307692,52,22.764844266889583,67.2726568309667,67.75408529141191,177.68752878548958,45,122,Nenhuma,0.8
1000,76.92307692307692,74,158.36413975564255,117.43836315070396,224.362016361784,190.8955492641765,191,154,Nenhuma,0.8
1000,76.92307692307692,87,148.50960650457884,110.20629670901378,239.53542654220504,280.9299716308544,194,195,Nenhuma,0.8
1000,76.92307692307692,91,320.80430637883035,164.70932902438483,446.9070193795066,356.007274579056,383,260,Nenhuma,0.8
1000,76.92307692307692,95,121.41209098666124,21.16616906346026,174.18485422737126,153.86747531032597,147,87,Nenhuma,0.8
1000,76.92307692307692,102,387.48866533321706,65.05816250833107,422.40026027086674,134.33663307574864,404,99,Nenhuma,0.8
1005,77.3076923076923,41,52.772878011744105,153.04770993149947,157.4338371533129,350.27220097208976,105,251,Nenhuma,0.8
1005,77.3076923076923,52,22.36077295585083,67.00622513860921,66.65083881483764,176.64470107805914,44,121,Nenhuma,0.8
1005,77.3076923076923,74,159.45257742325342,118.45432185363745,222.21360615183963,188.30828911685558,190,153,Nenhuma,0.8
1005,77.3076923076923,87,156.21146474628904,119.23073969930057,237.45998937376453,268.81725573650357,196,194,Nenhuma,0.8
1005,77.3076923076923,91,329.2308523019742,158.11290855423576,457.4923832128796,356.6534717523248,393,257,Nenhuma,0.8
1005,77.3076923076923,95,121.86805744252501,20.046851197033604,175.49540086350572,155.1514082219582,148,87,Nenhuma,0.8
1005,77.3076923076923,102,386.5626642489431,64.37003991790453,422.0612928862611,134.7815524136929,404,99,Nenhuma,0.8
1010,77.6923076923077,41,52.32976279216157,155.16071620086416,154.97814089679272,348.47286959864164,103,251,Nenhuma,0.8
1010,77.6923076923077,52,23.220307292718132,68.23612444920876,66.59939200833568,175.5725945831935,44,121,Nenhuma,0.8
1010,77.6923076923077,74,160.54103970751106,119.47028055657094,220.06517132524854,185.72102896953464,190,152,Nenhuma,0.8
1010,77.6923076923077,87,159.17968245815246,121.47772900120802,234.60039496660207,258.46255864120747,196,189,Nenhuma,0.8
1010,77.6923076923077,91,329.47459141801806,137.50010112498768,464.50382898847914,355.6088936147545,396,246,Nenhuma,0.8
1010,77.6923076923077,95,121.55975973747184,19.655681640831503,176.5258226256284,158.26674489036577,149,88,Nenhuma,0.8
1010,77.6923076923077,102,386.66528034856174,64.11610479229512,421.49584477467346,132.93743353862538,404,98,Nenhuma,0.8
1015,78.07692307692308,41,53.30528887902074,156.6045826765739,154.41535388521504,347.0814137770525,103,251,Nenhuma,0.8
1015,78.07692307692308,52,23.962952929987615,68.71333335654595,66.89449790701511,175.16466509091111,45,121,Nenhuma,0.8
1015,78.07692307692308,74,161.6295266084154,120.48623925950444,217.9167118820107,183.13376882221377,189,151,Nenhuma,0.8
1015,78.07692307692308,87,158.71841815975148,124.95208662759403,235.79356349525173,264.25560331657664,197,194,Nenhuma,0.8
1015,78.07692307692308,91,337.2491153357253,123.97961998019555,465.12805532216066,338.1910307609408,401,231,Nenhuma,0.8
1015,78.07692307692308,95,120.99580305027311,19.539820827804135,176.74779188279862,160.11213618914732,148,89,Nenhuma,0.8
1015,78.07692307692308,102,387.04858394277244,64.02113229965597,421.61996153151523,132.2376047840753,404,98,Nenhuma,0.8
1020,78.46153846153847,41,52.71080586988522,157.78293221052104,153.32393137701257,347.19933163666485,103,252,Nenhuma,0.8
1020,78.46153846153847,52,23.225255402409797,68.89383737830074,66.06838644658328,175.68047145565538,44,122,Nenhuma,0.8
1020,78.46153846153847,87,159.99940306119956,130.13629753357202,235.4320267975029,266.2093489186852,197,198,Nenhuma,0.8
1020,78.46153846153847,91,347.97803584508085,116.6524018890163,472.5881039872651,328.39155711619685,410,222,Nenhuma,0.8
1020,78.46153846153847,95,123.31512333336244,20.183322067942655,177.5847651712243,158.21183591052613,150,89,Nenhuma,0.8
1020,78.46153846153847,102,387.0281613889266,63.988287325809864,421.83334255009856,132.66098505952633,404,98,Nenhuma,0.8
1025,78.84615384615384,41,48.856912837112155,156.20247213729323,151.36836658765202,347.22475152463005,100,251,Nenhuma,0.8
1025,78.84615384615384,52,22.421284347630852,68.30039283624151,61.69142595010067,167.27439177154437,42,117,Nenhuma,0.8
1025,78.84615384615384,87,156.4475466972525,133.361716277779,231.8981833573666,268.27740735529255,194,200,Nenhuma,0.8
1025,78.84615384615384,91,355.30351076392617,109.42475255797012,474.6828487022159,310.95904562970696,414,210,Nenhuma,0.8
1025,78.84615384615384,95,125.26087666814905,25.0919218693124,178.21766428157613,160.096894006629,151,92,Nenhuma,0.8
1025,78.84615384615384,102,387.31055728777517,64.64461990244497,422.291599067409,133.49273461045982,404,99,Nenhuma,0.8
1030,79.23076923076923,41,46.114630038179136,154.926806612971,150.07646410158236,345.8979641995003,98,250,Nenhuma,0.8
1030,79.23076923076923,52,22.578340542906965,68.07237666960243,59.61121362616584,162.67643747339218,41,115,Nenhuma,0.8
1030,79.23076923076923,87,156.50015711073408,127.0545359303344,236.00136755199662,267.66293289986737,196,197,Nenhuma,0.8
1030,79.23076923076923,91,351.6367641280913,102.87801799863132,469.0173445895856,303.7133346229784,410,203,Nenhuma,0.8
1030,79.23076923076923,95,120.31839023410893,21.66569395287999,175.52141001332237,160.80296538252702,147,91,Nenhuma,0.8
1030,79.23076923076923,102,387.1022557552411,64.89252456606647,422.1142259974338,133.81140343543723,404,99,Nenhuma,0.8
1035,79.61538461538461,41,46.128282940886315,155.7464468549885,150.00533881114387,344.0566330274639,98,249,Nenhuma,0.8
1035,79.61538461538461,52,22.240310327609407,66.62885841399208,59.323247772329296,161.76182401803908,40,114,Nenhuma,0.8
1035,79.61538461538461,87,157.25773096381226,123.40241071376822,234.13990054749934,259.5197674440897,195,191,Nenhuma,0.8
1035,79.61538461538461,91,337.0999618201834,98.62787437588406,450.2564058593547,298.52128511537217,393,198,Nenhuma,0.8
1035,79.61538461538461,95,118.56075587277124,19.75420838877578,176.4238395167983,165.6230897698607,147,92,Nenhuma,0.8
1035,79.61538461538461,102,387.1165594202404,64.95265041162546,422.0924800957934,133.80056030881684,404,99,Nenhuma,0.8
1040,80.0,41,47.66549322230124,155.37696784765131,151.9317218882577,342.68616618660525,99,249,Nenhuma,0.8
1040,80.0,52,21.464794819775495,64.77770296891129,61.92984563307718,169.5269546965973,41,117,Nenhuma,0.8
1040,80.0,87,159.1511408267932,124.61577725533007,232.5111317897171,250.94329234980341,195,187,Nenhuma,0.8
1040,80.0,91,328.2413614496769,91.26511993921228,439.8061318569993,293.4181741909315,384,192,Nenhuma,0.8
1040,80.0,95,114.18463411267724,22.262219269013016,172.11421541486627,163.58340183522603,143,92,Nenhuma,0.8
1040,80.0,102,387.1308630892455,65.01277625718444,422.0707341901473,133.7897171821965,404,99,Nenhuma,0.8
1045,80.38461538461539,41,50.44825125385351,157.88251692491968,153.21507377888196,341.51212112451765,101,249,Nenhuma,0.8
1045,80.38461538461539,52,26.10087653184549,68.61458141018066,68.89681263965255,179.40967335633763,47,124,Nenhuma,0.8
1045,80.38461538461539,87,159.05920843964702,140.8676229421508,224.47084039847215,250.5295371405215,191,195,Nenhuma,0.8
1045,80.38461538461539,91,315.9890793504779,85.37569276872648,421.7973494409533,280.4669208733206,368,182,Nenhuma,0.8
1045,80.38461538461539,95,117.85297302499029,20.654951328080344,177.6047669362744,167.35054534201538,147,94,Nenhuma,0.8
1045,80.38461538461539,102,387.00210604309524,65.01100509896636,422.027203062951,133.9666194415409,404,99,Nenhuma,0.8
1050,80.76923076923077,41,52.22657767569662,158.14211255836238,155.0790668229647,341.7466049002361,103,249,Nenhuma,0.8
1050,80.76923076923077,52,33.84507436020522,70.79650370001312,78.00439490656359,182.04958163094182,55,126,Nenhuma,0.8
1050,80.76923076923077,87,159.53669486045627,143.40330754008903,222.649711078066,249.21104227507658,191,196,Nenhuma,0.8
1050,80.76923076923077,91,292.3522853361304,79.37356669016086,393.75640073176567,272.37358293549437,343,175,Nenhuma,0.8
1050,80.76923076923077,95,118.51687508919345,20.06824913195615,178.39859539928426,168.08104038751142,148,94,Nenhuma,0.8
1050,80.76923076923077,102,386.8385666487034,64.33586521645992,422.1628834421099,133.9922538211148,404,99,Nenhuma,0.8
1055,81.15384615384616,41,51.63955682180977,156.22578149633944,155.73911676217654,341.8422412889382,103,249,Nenhuma,0.8
1055,81.15384615384616,52,35.5647156591541,71.66373703106451,78.4051881760943,177.184727372235,56,124,Nenhuma,0.8
1055,81.15384615384616,87,160.01419375963872,145.93899213802726,220.8285692792866,247.89254740963165,190,196,Nenhuma,0.8
1055,81.15384615384616,91,267.2208990406064,70.68194054256351,366.73960788769335,266.9132665669653,316,168,Nenhuma,0.8
1055,81.15384615384616,95,124.40492152713588,30.292631534114477,177.01276505427964,159.85164873729866,150,95,Nenhuma,0.8
1055,81.15384615384616,102,387.2205286891653,64.76667384225044,422.43323654645735,134.00098403986522,404,99,Nenhuma,0.8
1060,81.53846153846153,41,49.56854789217306,152.85134490865198,155.89362242058274,342.5459403366449,102,247,Nenhuma,0.8
1060,81.53846153846153,52,36.55736182579538,71.96351351533676,79.48218812863016,177.69422449756783,58,124,Nenhuma,0.8
1060,81.53846153846153,87,160.49170513719437,148.4746767359655,219.007415002134,246.5740525441867,189,197,Nenhuma,0.8
1060,81.53846153846153,91,258.8602178875213,63.0088890635285,342.2821114605294,230.77768353101425,300,146,Nenhuma,0.8
1060,81.53846153846153,95,124.08570554486779,23.370230119204876,179.85444354821652,161.31802433864593,151,92,Nenhuma,0.8
1060,81.53846153846153,102,387.0576844910553,64.92955506308493,422.17964313988887,134.00385636230317,404,99,Nenhuma,0.8
1065,81.92307692307692,41,48.15823594601256,152.23192495809292,156.61626595346297,345.4412936872287,102,248,Nenhuma,0.8
1065,81.92307692307692,52,33.178827977898564,72.83932461663888,69.98885999052784,161.62450095510297,51,117,Nenhuma,0.8
1065,81.92307692307692,87,164.17126484462372,132.47769940667473,244.40327511567514,265.39424441266056,204,198,Nenhuma,0.8
1065,81.92307692307692,91,244.02702999534756,56.31404020760324,312.4629064781857,194.40070429041805,278,125,Nenhuma,0.8
1065,81.92307692307692,95,130.3519507401907,37.39382820242845,184.87109283019683,169.63616884064157,157,103,Nenhuma,0.8
1065,81.92307692307692,102,386.9980173531828,64.98969614843378,422.0814012746672,134.00454744272062,404,99,Nenhuma,0.8
1070,82.3076923076923,41,47.28406646222557,151.34749309579604,157.2684266717023,347.2017509527625,102,249,Nenhuma,0.8
1070,82.3076923076923,52,32.64247218912423,73.05454953528337,68.37612564192884,157.94388201719198,50,115,Nenhuma,0.8
1070,82.3076923076923,87,157.71412139494,126.66596958906501,240.7505617562151,268.6903455802943,199,197,Nenhuma,0.8
1070,82.3076923076923,91,235.29891484185038,50.27316771085708,300.4659687608813,181.7652425479401,267,116,Nenhuma,0.8
1070,82.3076923076923,95,134.25057889172777,32.20547897445408,189.42947389365565,166.1980288437715,161,99,Nenhuma,0.8
1070,82.3076923076923,102,386.97753041596644,65.01078879998697,422.0426819293435,134.00444904087686,404,99,Nenhuma,0.8
1075,82.6923076923077,41,46.963498311832964,151.017923296829,157.54332244526938,347.86514275608965,102,249,Nenhuma,0.8
1075,82.6923076923077,52,31.54149336844548,72.42824707180182,68.13971293289251,158.90806329000984,49,115,Nenhuma,0.8
1075,82.6923076923077,87,155.98732292162873,124.8686605562788,238.16231096197052,268.7409049543385,197,196,Nenhuma,0.8
1075,82.6923076923077,91,226.5707727001854,44.23229521411091,288.46905803174485,169.12978080546216,257,106,Nenhuma,0.8
1075,82.6923076923077,95,134.96038646660116,26.9764284072142,189.10412846138735,156.98044156841914,162,91,Nenhuma,0.8
1075,82.6923076923077,102,386.8284146535072,64.35554926720559,422.1702796027055,134.0040895544737,404,99,Nenhuma,0.8
1080,83.07692307692308,41,47.23304510692864,150.9032707983423,157.94991725456788,348.10309523371996,102,249,Nenhuma,0.8
1080,83.07692307692308,52,31.38723500860923,72.20679843761258,68.50458476589682,159.2664694546964,49,115,Nenhuma,0.8
1080,83.07692307692308,87,155.62780217214763,123.51240925995829,237.36571708897162,268.69756968980687,196,196,Nenhuma,0.8
1080,83.07692307692308,91,217.8426035703526,38.191422717364745,276.4721742907762,156.49431906298423,247,97,Nenhuma,0.8
1080,83.07692307692308,95,139.9955633372386,22.939212819352505,192.81007066611934,151.4264757621268,166,87,Nenhuma,0.8
1080,83.07692307692308,102,386.4094386049479,64.10844665572397,421.9231247769683,134.0036956437856,404,99,Nenhuma,0.8
1080,83.07692307692308,107,235.48047855172857,270.59796810256,348.9378591426763,357.0,292,313,Nenhuma,0.8
1085,83.46153846153847,41,47.21800674920922,150.2137559490333,158.2550727146512,348.1773372109544,102,249,Nenhuma,0.8
1085,83.46153846153847,52,31.124549908426676,72.11631761628404,68.84571359037717,160.11891869971345,49,116,Nenhuma,0.8
1085,83.46153846153847,87,157.32808696211143,121.70779921681164,240.36348115957117,269.93064079527,198,195,Nenhuma,0.8
1085,83.46153846153847,95,141.6254705947476,22.389318694635236,194.1767963759786,150.23608517595397,167,86,Nenhuma,0.8
1085,83.46153846153847,102,386.23939061808113,64.016259673458,421.84168654519453,134.00328838396257,404,99,Nenhuma,0.8
1085,83.46153846153847,107,232.00241933041343,262.00311822368656,356.61327296055356,357.72281910008707,294,309,Nenhuma,0.8
1090,83.84615384615384,41,48.88875491829044,151.27648636921737,158.69083744928952,346.21977708086,103,248,Nenhuma,0.8
1090,83.84615384615384,52,33.430159999110884,72.74501362299151,72.57814871031383,161.13794476685558,53,116,Nenhuma,0.8
1090,83.84615384615384,87,156.9075255929877,120.38441022354685,239.99727007838158,269.7278939780153,198,195,Nenhuma,0.8
1090,83.84615384615384,95,143.25537832125647,21.839424569917966,195.54352161683795,149.04569458978114,169,85,Nenhuma,0.8
1090,83.84615384615384,102,386.6880022352173,64.64345552757158,421.9613259659732,134.0029091575553,404,99,Nenhuma,0.8
1090,83.84615384615384,107,227.82249843464658,255.6356086107973,359.6669213483626,357.9837154615532,293,306,Nenhuma,0.8
1095,84.23076923076923,41,50.6656687643672,153.02009525899888,159.06822149364018,344.79466481766633,104,248,Nenhuma,0.8
1095,84.23076923076923,52,33.96934277200368,72.92540903661862,72.8172125830639,160.64136095389105,53,116,Nenhuma,0.8
1095,84.23076923076923,87,157.99424234830403,121.18860482031126,248.2915638201887,283.21363711038515,203,202,Nenhuma,0.8
1095,84.23076923076923,95,151.51107106366365,45.783923779515774,187.0462955093993,135.18147229665243,169,90,Nenhuma,0.8
1095,84.23076923076923,102,386.4360154396499,64.22095605839637,421.77045345001704,134.00254987012977,404,99,Nenhuma,0.8
1095,84.23076923076923,107,226.20117591034858,253.43553891548783,359.5238098559049,358.072736733249,292,305,Nenhuma,0.8
1095,84.23076923076923,112,169.6341453643796,25.28682708829387,221.1984049873862,130.27304484262183,195,77,Nenhuma,0.8
1100,84.61538461538461,41,53.62527279127803,155.67503012527484,160.25272252929742,344.25464584519557,106,249,Nenhuma,0.8
1100,84.61538461538461,52,34.50852327352092,73.10580445024573,73.05627872718952,160.14477714092652,53,116,Nenhuma,0.8
1100,84.61538461538461,87,157.99467104394594,120.63740327205919,249.7973143359625,285.3630914287207,203,203,Nenhuma,0.8
1100,84.61538461538461,95,153.75258138174306,47.84952996144703,187.45564821371437,132.6377756594366,170,90,Nenhuma,0.8
1100,84.61538461538461,102,386.38463423628366,64.18443044314574,421.7396424973055,134.0066447859885,404,99,Nenhuma,0.8
1100,84.61538461538461,107,228.0880406998717,252.21159033343457,360.2806161521428,357.43036949045955,294,304,Nenhuma,0.8
1100,84.61538461538461,112,158.27510130536317,28.447840307519634,214.53058107614316,143.75449892209144,186,86,Nenhuma,0.8
1105,85.0,41,55.76989896443781,156.66500721918788,161.65671056140062,344.0544510467565,108,250,Nenhuma,0.8
1105,85.0,52,35.047701503662594,73.28619986387285,73.29534714269072,159.64819332796202,54,116,Nenhuma,0.8
1105,85.0,87,163.66477131245472,143.31647224113007,252.17241474542388,296.1448292169515,207,219,Nenhuma,0.8
1105,85.0,95,155.99409304435835,49.91513614337829,187.86499957349363,130.0940790222208,171,90,Nenhuma,0.8
1105,85.0,102,386.3332530319066,64.14790482789512,421.70883154560465,134.01073970184723,404,99,Nenhuma,0.8
1105,85.0,107,229.5389663205874,252.63505075975684,359.2188972065966,357.17154080975615,294,304,Nenhuma,0.8
1105,85.0,112,148.43805010219026,26.49139650304258,207.84893266990517,149.66618228615167,178,88,Nenhuma,0.8
1110,85.38461538461539,41,56.91467475404055,156.35570289486958,163.14381977036413,344.6484901991331,110,250,Nenhuma,0.8
1110,85.38461538461539,87,164.26685965728734,144.72125982475598,253.6270913192272,299.02112193511596,208,221,Nenhuma,0.8
1110,85.38461538461539,95,158.23560605150948,51.98074232530955,188.27434958873695,127.55038238500497,173,89,Nenhuma,0.8
1110,85.38461538461539,102,384.7090629919844,62.32897685738265,419.9079332143697,133.15812275753055,402,97,Nenhuma,0.8
1110,85.38461538461539,107,231.9047996524456,252.99762413398807,358.99520410847424,357.06832168608486,295,305,Nenhuma,0.8
1110,85.38461538461539,112,139.66706893279633,23.502113441950115,200.1702557376424,151.54784090197612,169,87,Nenhuma,0.8
1110,85.38461538461539,115,45.56802076250608,76.01712007388801,82.7135093414303,195.31577025171242,64,135,Nenhuma,0.8
1115,85.76923076923077,41,56.82928665414078,156.22692017662837,163.52063790841711,345.5353039535134,110,250,Nenhuma,0.8
1115,85.76923076923077,87,164.86894424517058,146.12604740838185,255.08177164997988,301.89741465328046,209,224,Nenhuma,0.8
1115,85.76923076923077,102,384.57224556106854,62.7159583181721,419.49247767420707,133.70376694325768,402,98,Nenhuma,0.8
1115,85.76923076923077,107,233.42386749141554,253.9490163202219,357.6314682284507,357.02768242167343,295,305,Nenhuma,0.8
1115,85.76923076923077,112,137.51769898056622,20.896180060504292,193.40323484664873,141.15998529514258,165,81,Nenhuma,0.8
1115,85.76923076923077,115,45.22922287582004,76.04810952712445,82.89525688515984,196.74070744198076,64,136,Nenhuma,0.8
1120,86.15384615384616,41,57.16001754135272,156.82782695358452,162.60250515730192,343.8866689945923,109,250,Nenhuma,0.8
1120,86.15384615384616,87,165.47102507610447,147.53083499200773,256.5364557376819,304.77370737144497,211,226,Nenhuma,0.8
1120,86.15384615384616,102,384.3430071876825,62.852203276584774,418.87237160145094,133.89402327528444,401,98,Nenhuma,0.8
1120,86.15384615384616,107,233.9031662254848,254.44661972687464,355.87506648342855,357.0115813177366,294,305,Nenhuma,0.8
1120,86.15384615384616,112,132.73711212201258,18.38947566150599,186.78213585917587,136.08147912418127,159,77,Nenhuma,0.8
1120,86.15384615384616,115,44.71539904273239,77.51008950027025,81.88392326230101,196.4372143127169,63,136,Nenhuma,0.8
1120,86.15384615384616,117,97.33261825645563,48.76186293149762,141.10254423395605,126.75552285210021,119,87,Nenhuma,0.8
1125,86.53846153846153,41,57.54325050301262,157.04384603062528,162.62250066732904,343.2588360090954,110,250,Nenhuma,0.8
1125,86.53846153846153,102,379.8541981697502,62.90832343020457,414.4872808579556,133.30654508463445,397,98,Nenhuma,0.8
1125,86.53846153846153,107,232.0085093736924,254.7389003966543,352.64479354037894,357.0052079628255,292,305,Nenhuma,0.8
1125,86.53846153846153,112,132.0995488835151,15.424396349587006,182.50578589114488,125.99083789353784,157,70,Nenhuma,0.8
1125,86.53846153846153,115,44.087305861281905,78.00082537187325,81.26822399737762,196.9996111226876,62,137,Nenhuma,0.8
1125,86.53846153846153,117,97.60517707667081,49.06707729286049,140.52086575846107,125.53857070056569,119,87,Nenhuma,0.8
1130,86.92307692307692,41,57.35419587998517,157.1132357152155,162.27097259666186,343.02903003913025,109,250,Nenhuma,0.8
1130,86.92307692307692,102,378.9300259879744,61.61058202287991,413.3958414592273,131.76007999155746,396,96,Nenhuma,0.8
1130,86.92307692307692,107,230.61718846700876,252.86693802838337,353.46466507865443,357.0077722820344,292,304,Nenhuma,0.8
1130,86.92307692307692,112,139.19918847833952,11.549969073143025,188.9574253324494,122.94346115176555,164,67,Nenhuma,0.8
1130,86.92307692307692,115,43.462236016488504,78.14802847794888,80.78119953447745,197.86830790855822,62,138,Nenhuma,0.8
1130,86.92307692307692,117,97.87773590261855,49.37229165422336,139.93918727723354,124.32161854903116,118,86,Nenhuma,0.8
1135,87.3076923076923,41,58.71990892415315,158.4547633589837,163.33035768503396,342.94951275565325,111,250,Nenhuma,0.8
1135,87.3076923076923,102,371.989085732274,57.81946065305751,410.36815920684126,136.4757805276058,391,97,Nenhuma,0.8
1135,87.3076923076923,107,227.91452358334595,253.32590525548082,348.9945520449188,356.2266412900732,288,304,Nenhuma,0.8
1135,87.3076923076923,112,151.0299892906429,6.824868931533437,198.37376519823806,115.80846211030908,174,61,Nenhuma,0.8
1135,87.3076923076923,115,45.8102856687953,78.1793359050811,78.74816576618542,182.3484098813659,62,130,Nenhuma,0.8
1135,87.3076923076923,117,98.15029473429885,49.67750601558623,139.35750879027344,123.10466639749663,118,86,Nenhuma,0.8
1140,87.6923076923077,41,58.137293910882065,158.94772690489077,162.80733192170015,342.9268353437061,110,250,Nenhuma,0.8
1140,87.6923076923077,87,167.04434270674346,160.5139351908227,257.34169360768567,307.574538567212,212,234,Nenhuma,0.8
1140,87.6923076923077,102,364.652107481809,55.808184252890115,403.9674456361684,138.1894778619179,384,96,Nenhuma,0.8
1140,87.6923076923077,107,226.3616917243139,251.71476236298,349.237278569719,356.1415139858933,287,303,Nenhuma,0.8
1140,87.6923076923077,112,149.59915315305648,5.373259884750276,196.66248981358308,113.7113458172476,173,59,Nenhuma,0.8
1140,87.6923076923077,115,47.45080035508411,78.14804061126287,78.01717930258482,172.81347414860113,62,125,Nenhuma,0.8
1140,87.6923076923077,117,101.36071718078828,44.22954935048942,164.4958443279375,156.6144176533025,132,100,Nenhuma,0.8
1145,88.07692307692308,41,55.87129469298576,158.45344747269664,161.31328644627945,343.58840211493157,108,251,Nenhuma,0.8
1145,88.07692307692308,87,160.5777617373367,134.32337520423198,260.4269846506292,301.3775867299163,210,217,Nenhuma,0.8
1145,88.07692307692308,95,105.14522022456359,44.11368779404958,142.45293803489702,132.8821805919022,123,88,Nenhuma,0.8
1145,88.07692307692308,102,362.61217389579497,55.04716318664538,402.5100893444622,138.64930317041953,382,96,Nenhuma,0.8
1145,88.07692307692308,107,231.56149487714134,253.15767094516804,352.69058091906703,357.5798249280461,292,305,Nenhuma,0.8
1145,88.07692307692308,112,148.1683168773487,3.921650837967114,194.95121456704945,111.61422952418613,171,57,Nenhuma,0.8
1145,88.07692307692308,115,47.58799788133912,75.94878161732825,78.9217237075928,171.27727629348908,63,123,Nenhuma,0.8
1145,88.07692307692308,117,102.16708570322794,43.49760327736339,168.54669253885396,161.65786739642334,135,102,Nenhuma,0.8
1150,88.46153846153847,41,54.15724656355637,157.59383601653042,160.281997796614,343.8406147156213,107,250,Nenhuma,0.8
1150,88.46153846153847,87,166.83490005545733,119.18519394792726,269.820816453054,293.3705040004999,218,206,Nenhuma,0.8
1150,88.46153846153847,95,101.79537485377386,44.334076514741305,138.74519818024163,132.2507598582911,120,88,Nenhuma,0.8
1150,88.46153846153847,102,356.7260784409031,44.231657273562014,400.64211301120577,139.02654388606283,378,91,Nenhuma,0.8
1150,88.46153846153847,107,230.64904799540795,251.87312076743734,353.35836360331984,357.6576103438311,292,304,Nenhuma,0.8
1150,88.46153846153847,112,146.73748046351955,2.4700417911839523,193.23993945863717,109.51711323112465,169,55,Nenhuma,0.8
1150,88.46153846153847,115,45.74803924672942,74.54409944958677,78.3173499886532,172.23055665216958,62,123,Nenhuma,0.8
1150,88.46153846153847,117,103.80483840400119,43.664870125380084,168.4362082309089,159.63395323226615,136,101,Nenhuma,0.8
1155,88.84615384615384,41,52.699428738741126,154.61823077193452,160.0436811021142,342.6172332306072,106,248,Nenhuma,0.8
1155,88.84615384615384,87,169.75009991270457,107.34897941174228,277.65710471970544,293.28256496281466,223,200,Nenhuma,0.8
1155,88.84615384615384,95,107.08311200082487,44.146297162479556,144.44800755930095,126.74653065610926,125,85,Nenhuma,0.8
1155,88.84615384615384,102,356.37431335466994,46.014836857581784,399.97402644755675,139.80893586005283,378,92,Nenhuma,0.8
1155,88.84615384615384,107,231.777752107255,254.81925139262,349.82506646418574,357.16045991792635,290,305,Nenhuma,0.8
1155,88.84615384615384,115,39.20482485860181,73.37338627878188,70.38486918345032,165.18221481487836,54,119,Nenhuma,0.8
1155,88.84615384615384,117,104.67831717201,43.020789311822256,172.09456522317436,163.9868259723488,138,103,Nenhuma,0.8
1160,89.23076923076923,41,52.5358253044847,152.17378808117692,160.2356907834208,340.181282111585,106,246,Nenhuma,0.8
1160,89.23076923076923,87,194.42328895952835,93.26763987866167,279.31416098397546,238.08077291152222,236,165,Nenhuma,0.8
1160,89.23076923076923,95,104.57446766452586,44.3330203887222,141.38766737060047,125.7132031656491,122,85,Nenhuma,0.8
1160,89.23076923076923,102,353.531300836366,46.80753418824268,390.9851090188022,127.85625612880577,372,87,Nenhuma,0.8
1160,89.23076923076923,107,231.04514271168455,253.97335005220066,350.08906419046036,357.17863437504195,290,305,Nenhuma,0.8
1160,89.23076923076923,115,35.136631354379965,70.86767915817663,66.97328351693257,162.02040940878314,51,116,Nenhuma,0.8
1160,89.23076923076923,117,105.55179600374449,42.37670849826443,175.75292215171413,168.33969871243147,140,105,Nenhuma,0.8
1165,89.61538461538461,41,60.271416185672216,149.93329875158008,166.3896479516126,332.66216127097226,113,241,Nenhuma,0.8
1165,89.61538461538461,87,218.10878097385086,86.16313377025801,289.47245094275553,204.58486589878754,253,145,Nenhuma,0.8
1165,89.61538461538461,95,102.0658263885766,44.51974361496484,138.32732412155025,124.67987567518894,120,84,Nenhuma,0.8
1165,89.61538461538461,102,352.7958745520576,47.92829354518528,388.63325575678766,125.73144128867685,370,86,Nenhuma,0.8
1165,89.61538461538461,107,230.31253395831428,253.12744871178126,350.35306127453487,357.19680883215756,290,305,Nenhuma,0.8
1165,89.61538461538461,115,32.168683111146215,70.70630534887167,66.07432337236898,166.51032958853415,49,118,Nenhuma,0.8
1165,89.61538461538461,117,105.27216663542387,40.31518909891316,171.6991533972478,163.1270415407911,138,101,Nenhuma,0.8
1170,90.0,41,66.8728525636848,146.4302053509138,174.4376968325563,329.82338386028437,120,238,Nenhuma,0.8
1170,90.0,87,229.75038106962162,78.23731511511318,300.24153981166955,191.75937029657996,264,134,Nenhuma,0.8
1170,90.0,95,99.55718817297705,44.70646684120748,135.26697781215032,123.64654818472877,117,84,Nenhuma,0.8
1170,90.0,102,349.0750329465571,47.662036371894075,383.2968462854185,122.32007599398203,366,84,Nenhuma,0.8
1170,90.0,107,229.99687677468182,255.43551732632983,346.6402496700813,357.032635710077,288,306,Nenhuma,0.8
1170,90.0,115,31.381879596596324,70.66398199110773,66.88467536660981,169.48488388643483,49,120,Nenhuma,0.8
1170,90.0,117,112.01523946693572,37.15977356833908,176.31146085107133,159.4848125164046,144,98,Nenhuma,0.8
1175,90.38461538461539,41,75.34680610579007,143.1753192749352,183.8928647342437,330.1409158927876,129,236,Nenhuma,0.8
1175,90.38461538461539,87,234.21144144384527,70.23113497552802,307.4358345762997,187.23427598580392,270,128,Nenhuma,0.8
1175,90.38461538461539,102,346.73165450533077,46.78170192543643,380.89265969266285,121.30727847209764,363,84,Nenhuma,0.8
1175,90.38461538461539,107,229.2801210051736,254.90506817412174,346.53234576290123,357.03257221829216,287,305,Nenhuma,0.8
1175,90.38461538461539,115,34.40389978098683,70.67548682384097,71.93464964094193,172.00891392504832,53,121,Nenhuma,0.8
1175,90.38461538461539,117,118.87306320819674,32.80786807110388,181.21529628962713,156.2732703102558,150,94,Nenhuma,0.8
1175,90.38461538461539,123,427.71134018261057,73.76758519969049,483.61381957410373,206.0095536031032,455,139,Nenhuma,0.8
1180,90.76923076923077,41,79.33463917449342,140.67435620126324,188.4906035682414,331.6157222768102,133,236,Nenhuma,0.8
1180,90.76923076923077,87,229.46948086612855,64.21574460302291,302.9604273499367,183.8311547090987,266,124,Nenhuma,0.8
1180,90.76923076923077,102,344.38827590481486,45.901367478978784,378.4884732591968,120.29448095021326,361,83,Nenhuma,0.8
1180,90.76923076923077,107,228.5633656639071,254.37461902191362,346.4244414274795,357.0325087265072,287,305,Nenhuma,0.8
1180,90.76923076923077,115,37.990159580600405,70.70275103212214,77.43796240589629,174.33129593978762,57,122,Nenhuma,0.8
1180,90.76923076923077,117,123.15082195781659,29.237443078414934,182.58767460222404,151.73746489442576,152,90,Nenhuma,0.8
1180,90.76923076923077,123,438.78719857550607,80.90806566789077,496.38436594662016,215.88799186808052,467,148,Nenhuma,0.8
1180,90.76923076923077,124,101.24975078589874,48.211215389630766,134.3084613152683,125.56059655550028,117,86,Nenhuma,0.8
1185,91.15384615384616,41,80.80485198085765,138.45725983142677,188.81978206058196,329.59768330465215,134,234,Nenhuma,0.8
1185,91.15384615384616,87,209.94975433506525,52.79694950012744,288.97963866856594,184.26192696368906,249,118,Nenhuma,0.8
1185,91.15384615384616,102,342.0448971450094,45.02103303252114,376.08428698502024,119.28168342832888,359,82,Nenhuma,0.8
1185,91.15384615384616,107,227.84661075088226,253.8441698697055,346.31653666381607,357.03244523472233,287,305,Nenhuma,0.8
1185,91.15384615384616,115,38.42574460313316,70.73237529680671,79.20148401309271,175.2448332513174,58,122,Nenhuma,0.8
1185,91.15384615384616,117,121.24287317896483,14.86898961779093,183.87949340459664,149.21720209599516,152,82,Nenhuma,0.8
1185,91.15384615384616,123,452.38050740226254,86.64372705966967,510.81192326514594,221.0492894962387,481,153,Nenhuma,0.8
1185,91.15384615384616,124,101.55221892903228,48.67381600337386,134.45483528076733,125.34813561452044,118,87,Nenhuma,0.8
1190,91.53846153846153,41,73.80076129003726,138.97845365520283,180.52004878005545,328.20202264388786,127,233,Nenhuma,0.8
1190,91.53846153846153,87,194.8148605541403,49.357534129996026,274.3556158481267,185.14955185709104,234,117,Nenhuma,0.8
1190,91.53846153846153,115,37.86623196619604,70.76254313676213,79.96106095746723,175.61467029522265,58,123,Nenhuma,0.8
1190,91.53846153846153,117,122.40825013545731,23.95784398906828,178.06301236921428,146.38096814083582,150,85,Nenhuma,0.8
1190,91.53846153846153,123,467.91449152169065,96.19661321550723,528.8717349194661,235.3790292299302,498,165,Nenhuma,0.8
1190,91.53846153846153,124,101.89838415560962,49.60011228423694,134.22663084298128,124.48374889877978,118,87,Nenhuma,0.8
1195,91.92307692307692,41,63.38754307735554,139.8975501755471,169.71855868909785,327.05199908448213,116,233,Nenhuma,0.8
1195,91.92307692307692,87,193.5708916563467,43.266703414233206,273.55878725814415,179.82143888944256,233,111,Nenhuma,0.8
1195,91.92307692307692,115,37.10539509605398,71.44794783461721,76.85535746844667,167.21620218119193,56,119,Nenhuma,0.8
1195,91.92307692307692,117,123.70438135152975,22.24100249068028,180.51104672701317,147.19816327263447,152,84,Nenhuma,0.8
1195,91.92307692307692,123,486.7959191672167,108.9541646520813,547.7264416198492,245.65234647613954,517,177,Nenhuma,0.8
1195,91.92307692307692,124,102.08554564338745,49.72074953537405,134.40929950255645,124.59397743891978,118,87,Nenhuma,0.8
1195,91.92307692307692,125,185.93553469775617,248.03092150145667,282.1162510643545,357.25773037536413,234,302,Nenhuma,0.8
1200,92.3076923076923,41,58.5011224824939,141.61698416652,165.21241580593795,326.6605665178529,111,234,Nenhuma,0.8
1200,92.3076923076923,87,171.75551581624333,37.812891165817796,242.24922135628762,160.97166288887803,207,99,Nenhuma,0.8
1200,92.3076923076923,115,37.0414739248514,71.18387318474882,76.42505376574216,166.06921707527982,56,118,Nenhuma,0.8
1200,92.3076923076923,117,121.08284899985063,23.217085752637594,172.1876986180801,139.48115088630686,146,81,Nenhuma,0.8
1200,92.3076923076923,123,498.72469633911794,120.908414532645,561.4864420179243,260.05393731460657,530,190,Nenhuma,0.8
1200,92.3076923076923,124,102.27270713126934,49.84138678651115,134.5919681620275,124.70420597905976,118,87,Nenhuma,0.8
1200,92.3076923076923,125,208.6909471025434,258.615838828565,296.4583651904255,357.1802904094371,252,307,Nenhuma,0.8
1205,92.6923076923077,41,63.594564150922295,140.97110166333295,171.88582269963933,325.89076565906964,117,233,Nenhuma,0.8
1205,92.6923076923077,87,162.35160288553533,31.937022009209386,225.5805342653166,145.64330994638053,193,88,Nenhuma,0.8
1205,92.6923076923077,115,36.97755351558662,70.91979853488044,75.99474930109986,164.92223196936774,56,117,Nenhuma,0.8
1205,92.6923076923077,117,121.85330093055444,26.06775392669546,169.17563076602022,137.75754060226092,145,81,Nenhuma,0.8
1205,92.6923076923077,123,512.6022940891785,134.3971031767788,574.1666550843265,266.98083407525155,543,200,Nenhuma,0.8
1205,92.6923076923077,124,101.21851774909538,49.101132386127084,134.91125913382427,126.77024331673599,118,87,Nenhuma,0.8
1205,92.6923076923077,125,216.96550515230547,263.74730557161763,300.4618332441664,357.5152407006889,258,310,Nenhuma,0.8
1210,93.07692307692308,41,76.79581414050668,130.81785297253043,188.9442255964446,323.6510558212234,132,227,Nenhuma,0.8
1210,93.07692307692308,87,158.93369900506553,26.67179255000243,219.18925026746314,137.97318642158416,189,82,Nenhuma,0.8
1210,93.07692307692308,115,36.91363386825963,70.65572388501207,75.56444407451974,163.77524686345566,56,117,Nenhuma,0.8
1210,93.07692307692308,117,121.41574788729125,27.057115378693545,167.4685496865916,139.19779796048897,144,83,Nenhuma,0.8
1210,93.07692307692308,123,519.1673084004691,138.97315747950944,580.7566349942377,268.3299155221738,549,203,Nenhuma,0.8
1210,93.07692307692308,124,101.00101283661768,49.720059967158896,134.40126687421957,126.36544196887075,117,88,Nenhuma,0.8
1210,93.07692307692308,125,225.24006331711536,268.8787723146702,304.4653011828595,357.8501909919407,264,313,Nenhuma,0.8
1215,93.46153846153847,41,95.9579855914978,118.60618251913156,208.3343112904148,316.9832905918874,152,217,Nenhuma,0.8
1215,93.46153846153847,87,154.8483402513545,25.014016156248672,209.2383920825466,127.35291966205305,182,76,Nenhuma,0.8
1215,93.46153846153847,117,121.42779391977525,27.437690318382963,161.32441377114276,125.10525810302114,141,76,Nenhuma,0.8
1215,93.46153846153847,123,519.2112054748825,137.52006088333133,582.998004543841,269.146322103314,551,203,Nenhuma,0.8
1215,93.46153846153847,124,100.97796800354654,49.79479391737546,134.4788322202891,126.67104702438313,117,88,Nenhuma,0.8
1215,93.46153846153847,125,233.514621596973,274.0102390577228,308.46876900650483,358.18514128319254,270,316,Nenhuma,0.8
1220,93.84615384615384,41,122.33163112323408,102.25335017693158,225.9674742193979,287.797165289647,174,195,Nenhuma,0.8
1220,93.84615384615384,87,152.896150392656,26.896458015004598,200.37943075983912,117.67319768119337,176,72,Nenhuma,0.8
1220,93.84615384615384,117,119.86806236756253,28.358753553506034,160.36232843567547,128.02952379896985,140,78,Nenhuma,0.8
1220,93.84615384615384,123,518.7723880218548,136.09756679639955,584.2454568450771,269.22623770765256,551,202,Nenhuma,0.8
1220,93.84615384615384,124,100.462063415854,49.97330269662214,133.05180487427805,124.60908473066738,116,87,Nenhuma,0.8
1220,93.84615384615384,126,333.60273083565573,199.78967286002433,457.89492860142457,342.63764996170175,395,271,Nenhuma,0.8
1225,94.23076923076923,41,139.4556253369178,83.18048625176151,241.9247902294142,270.9644729627825,190,177,Nenhuma,0.8
1225,94.23076923076923,87,151.41178721045657,22.88633483430813,197.34017798236619,112.68679392910313,174,67,Nenhuma,0.8
1225,94.23076923076923,115,39.60289493488914,75.63772241527204,93.03899382339924,202.36309218468932,66,139,Nenhuma,0.8
1225,94.23076923076923,117,119.24516406443232,27.990154084740958,161.50020335658326,133.70394973561542,140,80,Nenhuma,0.8
1225,94.23076923076923,123,517.3343491849366,133.9592115438315,585.143801478534,270.32432890265125,551,202,Nenhuma,0.8
1225,94.23076923076923,124,100.28025738038313,50.01886125588012,132.81581458804513,124.88046724906809,116,87,Nenhuma,0.8
1225,94.23076923076923,126,352.83002734416664,178.26438879357812,495.2771666852213,344.38762771847536,424,261,Nenhuma,0.8
1230,94.61538461538461,41,148.97486903407986,68.51220507272193,234.13265256789833,228.05019830661286,191,148,Nenhuma,0.8
1230,94.61538461538461,87,147.64338180382015,18.631935744742343,191.7537533775093,104.87820094649118,169,61,Nenhuma,0.8
1230,94.61538461538461,115,40.67881480954358,75.9601003500524,94.59015724291066,204.39573762058347,67,140,Nenhuma,0.8
1230,94.61538461538461,117,120.71625656180596,27.86346142149938,162.83820782413824,135.802590615386,141,81,Nenhuma,0.8
1230,94.61538461538461,123,515.758354483016,130.98642218790013,585.8991457207474,270.54188707330906,550,200,Nenhuma,0.8
1230,94.61538461538461,124,100.264229919505,50.03342002791565,132.69187892664388,124.97275117938558,116,87,Nenhuma,0.8
1230,94.61538461538461,126,358.85814646802106,158.9479730780053,517.2118088661643,347.7119469161863,438,253,Nenhuma,0.8
1235,95.0,41,144.07340545742014,56.23927222714012,222.7656314752887,205.2897577209908,183,130,Nenhuma,0.8
1235,95.0,87,143.8749669654839,14.377536655176556,186.1673382043522,97.0696079638792,165,55,Nenhuma,0.8
1235,95.0,115,42.99448487571118,76.08177680356914,95.21082578508569,203.19419217591468,69,139,Nenhuma,0.8
1235,95.0,117,120.82877278080997,27.509656634954517,163.13034972044312,135.9095146427526,141,81,Nenhuma,0.8
1235,95.0,123,514.5208602339928,130.34258544363811,585.5948056709725,270.4394987635101,550,200,Nenhuma,0.8
1235,95.0,124,100.75347376452848,50.03577100593495,133.49300501932163,125.67239022825729,117,87,Nenhuma,0.8
1235,95.0,126,371.37931384178864,141.5133886361687,522.0313296871634,325.5106798849412,446,233,Nenhuma,0.8
1240,95.38461538461539,41,130.99465420364774,53.09197624069725,204.29580791604292,195.2856263360185,167,124,Nenhuma,0.8
1240,95.38461538461539,87,140.10654269544784,10.123137565610769,180.5809324628949,89.26101498126724,160,49,Nenhuma,0.8
1240,95.38461538461539,115,43.7830697375755,75.47446707433829,94.8794585034398,203.2511768517383,69,139,Nenhuma,0.8
1240,95.38461538461539,117,120.9412897147921,27.155851848409654,163.4224909017699,136.01643867011921,142,81,Nenhuma,0.8
1240,95.38461538461539,123,513.5762105898812,129.93285569924052,585.3550947037552,270.2067581552607,549,200,Nenhuma,0.8
1240,95.38461538461539,124,101.02193988213259,50.0339937847484,133.05047828456284,123.94263435785794,117,86,Nenhuma,0.8
1240,95.38461538461539,126,376.3802666183847,126.77772540775682,525.1399365956199,312.85832472410885,450,219,Nenhuma,0.8
1245,95.76923076923077,41,117.77300147951514,46.04664705632151,181.9448138759982,172.8131152841035,149,109,Nenhuma,0.8
1245,95.76923076923077,115,43.94255387062039,74.58909809497962,91.62369809917112,197.40271920346166,67,135,Nenhuma,0.8
1245,95.76923076923077,117,121.05380736375236,26.80204706186479,163.71463136811855,136.12336269748585,142,81,Nenhuma,0.8
1245,95.76923076923077,123,513.3463754694649,130.9675989923524,584.6653907830691,269.30407268152805,549,200,Nenhuma,0.8
1245,95.76923076923077,124,101.03100829687526,50.09110001553531,132.99279076122883,123.84569358440294,117,86,Nenhuma,0.8
1245,95.76923076923077,126,394.9110948540215,113.19751407347377,529.4889906017345,286.56914243198406,462,199,Nenhuma,0.8
1250,96.15384615384616,41,108.45796971534101,42.62191852682491,171.21866363830122,167.11765539969946,139,104,Nenhuma,0.8
1250,96.15384615384616,115,43.449731524267534,74.23337277848604,92.14273543685343,201.58483755553027,67,137,Nenhuma,0.8
1250,96.15384615384616,123,512.8943130875741,131.23545904273283,584.306435088064,268.807891686184,548,200,Nenhuma,0.8
1250,96.15384615384616,124,101.04007671330666,50.148206246322225,132.9351032362061,123.74875281094796,116,86,Nenhuma,0.8
1250,96.15384615384616,126,401.3895464290083,99.44415225123699,530.6316870993824,271.8619824004986,466,185,Nenhuma,0.8
1255,96.53846153846153,41,105.95756307389439,37.47023232005745,169.4333270592187,164.86123737455847,137,101,Nenhuma,0.8
1255,96.53846153846153,102,242.46859516286744,1.3197089953633636,284.79892232677224,95.10190024528725,263,48,Nenhuma,0.8
1255,96.53846153846153,115,45.12327336688932,74.1010053646911,93.68613024792177,201.81828850844784,69,137,Nenhuma,0.8
1255,96.53846153846153,123,512.562839228309,130.57448836617237,584.6526342739243,268.51039951182827,548,199,Nenhuma,0.8
1255,96.53846153846153,124,101.0491451314268,50.20531247710914,132.8774157094946,123.65181203749296,116,86,Nenhuma,0.8
1255,96.53846153846153,126,410.7307923980191,90.21517133655792,527.239228076057,250.8047855946102,468,170,Nenhuma,0.8
1260,96.92307692307692,41,106.08578966883519,35.18154127734423,169.34231899032451,163.03007150494315,137,99,Nenhuma,0.8
1260,96.92307692307692,102,236.4497639324438,-1.281096985004794,279.24921134933055,93.54074007531425,257,46,Nenhuma,0.8
1260,96.92307692307692,115,45.4616225181084,74.13437287288754,94.61112449694522,203.39443034247682,70,138,Nenhuma,0.8
1260,96.92307692307692,123,512.3100141988789,131.56257980009167,584.6188723328095,268.96562086543645,548,200,Nenhuma,0.8
1260,96.92307692307692,126,415.56698296208924,82.87880769324701,523.6434104782197,235.83064605462297,469,159,Nenhuma,0.8
1265,97.3076923076923,41,106.85951577070452,35.97797998109688,168.82290482078517,162.13773669327094,137,99,Nenhuma,0.8
1265,97.3076923076923,102,230.43093427120473,-3.8819029653729515,273.6994988027042,91.97957990534124,252,44,Nenhuma,0.8
1265,97.3076923076923,115,45.799971371283405,74.16774038108399,95.53611904401276,204.97057217650575,70,139,Nenhuma,0.8
1265,97.3076923076923,123,510.27260569068386,130.52925674598123,582.9458386032434,268.38289639804714,546,199,Nenhuma,0.8
1265,97.3076923076923,126,422.20944917702127,79.48569330540451,523.2450971570122,227.49250174040603,472,153,Nenhuma,0.8
1270,97.6923076923077,41,107.57414726935104,36.525779825109204,169.09486334468426,162.90777015939318,138,99,Nenhuma,0.8
1270,97.6923076923077,102,224.4121061791503,-6.482708945741109,268.1497846868933,90.41841973536825,246,41,Nenhuma,0.8
1270,97.6923076923077,115,45.56445033534112,73.20282050365691,94.04335433055337,201.10548589744917,69,137,Nenhuma,0.8
1270,97.6923076923077,123,508.64190283032997,128.7506755058509,581.6309656203284,267.4279621251085,545,198,Nenhuma,0.8
1270,97.6923076923077,126,415.6385316327949,76.09435543462712,513.4968326864785,224.2928831668899,464,150,Nenhuma,0.8
1275,98.07692307692308,41,108.89884551608779,34.18956080672072,170.96354223228983,163.46315621292064,139,98,Nenhuma,0.8
1275,98.07692307692308,115,45.84476475200808,73.14615125393154,94.75656462923169,202.1908767258352,70,137,Nenhuma,0.8
1275,98.07692307692308,123,507.1762505643501,127.36238416131066,582.4518313742603,272.27563680986367,544,199,Nenhuma,0.8
1275,98.07692307692308,126,414.55106108782593,71.22881890289175,503.3751458090684,210.06246755451383,458,140,Nenhuma,0.8
1280,98.46153846153847,41,114.08273670970692,35.45651952849831,173.69897443195293,160.53786382467734,143,97,Nenhuma,0.8
1280,98.46153846153847,115,43.82915177194946,70.66443634409713,92.58916390032937,199.91967118638001,68,135,Nenhuma,0.8
1280,98.46153846153847,123,507.5698779964258,128.76044423388748,583.0134491543253,274.05489811001416,545,201,Nenhuma,0.8
1280,98.46153846153847,126,407.1060026772467,66.6521691480084,491.91557668756997,204.6590820166938,449,135,Nenhuma,0.8
