Frame,Timestamp,Track_ID,X1,Y1,X2,Y2,Center_X,Center_Y,Zone,Confidence
3,0.23076923076923078,1,407.0,128.0,496.0,299.0,451,213,Nenhuma,0.25793159008026123
3,0.23076923076923078,2,1.0,94.0,77.0,246.0,39,170,Nenhuma,0.25793159008026123
3,0.23076923076923078,3,114.0,56.0,171.0,147.0,142,101,Nenhuma,0.25793159008026123
3,0.23076923076923078,4,536.5958440865481,237.0,619.6246005603248,353.0,578,295,Nenhuma,0.25793159008026123
3,0.23076923076923078,5,158.0,42.0,181.0,113.0,169,77,Nenhuma,0.25793159008026123
3,0.23076923076923078,6,458.3753994396752,240.0,532.4041559134519,357.0,495,298,Nenhuma,0.25793159008026123
3,0.23076923076923078,7,266.0,3.0,301.0,98.0,283,50,Nenhuma,0.25793159008026123
3,0.23076923076923078,8,60.0,35.0,90.0,86.0,75,60,Nenhuma,0.25793159008026123
3,0.23076923076923078,9,135.0,36.0,161.0,81.0,148,58,Nenhuma,0.25793159008026123
3,0.23076923076923078,10,470.0,239.0,550.0,357.0,510,298,Nenhuma,0.25793159008026123
3,0.23076923076923078,11,91.0,33.0,129.0,113.0,110,73,Nenhuma,0.25793159008026123
4,0.3076923076923077,1,407.0,128.0,496.0,299.0,451,213,Nenhuma,0.25804662704467773
4,0.3076923076923077,2,1.0,94.0,77.0,246.0,39,170,Nenhuma,0.25804662704467773
4,0.3076923076923077,3,114.0,56.0,171.0,147.0,142,101,Nenhuma,0.25804662704467773
4,0.3076923076923077,4,536.455449503128,237.0,619.5204436190595,353.0,577,295,Nenhuma,0.25804662704467773
4,0.3076923076923077,5,158.0,42.0,181.0,113.0,169,77,Nenhuma,0.25804662704467773
4,0.3076923076923077,6,458.4795563809405,240.0,532.544550496872,357.0,495,298,Nenhuma,0.25804662704467773
4,0.3076923076923077,7,266.0,3.0,301.0,98.0,283,50,Nenhuma,0.25804662704467773
4,0.3076923076923077,8,60.0,35.0,90.0,86.0,75,60,Nenhuma,0.25804662704467773
4,0.3076923076923077,9,135.0,36.0,161.0,81.0,148,58,Nenhuma,0.25804662704467773
4,0.3076923076923077,10,470.0,239.0,550.0,357.0,510,298,Nenhuma,0.25804662704467773
4,0.3076923076923077,11,91.0,33.0,129.0,113.0,110,73,Nenhuma,0.25804662704467773
5,0.38461538461538464,1,407.0,128.0,496.0,299.0,451,213,Nenhuma,0.25804662704467773
5,0.38461538461538464,2,1.0,94.0,77.0,246.0,39,170,Nenhuma,0.25804662704467773
5,0.38461538461538464,3,114.0,56.0,171.0,147.0,142,101,Nenhuma,0.25804662704467773
5,0.38461538461538464,4,536.4044985237875,237.0,619.5117302063594,353.0,577,295,Nenhuma,0.25804662704467773
5,0.38461538461538464,5,158.0,42.0,181.0,113.0,169,77,Nenhuma,0.25804662704467773
5,0.38461538461538464,6,458.48826979364065,240.0,532.5955014762126,357.0,495,298,Nenhuma,0.25804662704467773
5,0.38461538461538464,7,266.0,3.0,301.0,98.0,283,50,Nenhuma,0.25804662704467773
5,0.38461538461538464,8,60.0,35.0,90.0,86.0,75,60,Nenhuma,0.25804662704467773
5,0.38461538461538464,9,135.0,36.0,161.0,81.0,148,58,Nenhuma,0.25804662704467773
5,0.38461538461538464,10,470.0,239.0,550.0,357.0,510,298,Nenhuma,0.25804662704467773
5,0.38461538461538464,11,91.0,33.0,129.0,113.0,110,73,Nenhuma,0.25804662704467773
6,0.46153846153846156,1,407.0,128.0,496.0,299.0,451,213,Nenhuma,0.25813597440719604
6,0.46153846153846156,2,1.0,94.0,77.0,246.0,39,170,Nenhuma,0.25813597440719604
6,0.46153846153846156,3,114.0,56.0,171.0,147.0,142,101,Nenhuma,0.25813597440719604
6,0.46153846153846156,4,536.3785340842858,237.0,619.5324476822718,353.0,577,295,Nenhuma,0.25813597440719604
6,0.46153846153846156,5,158.0,42.0,181.0,113.0,169,77,Nenhuma,0.25813597440719604
6,0.46153846153846156,6,458.4675523177282,240.0,532.6214659157142,357.0,495,298,Nenhuma,0.25813597440719604
6,0.46153846153846156,7,266.0,3.0,301.0,98.0,283,50,Nenhuma,0.25813597440719604
6,0.46153846153846156,8,60.0,35.0,90.0,86.0,75,60,Nenhuma,0.25813597440719604
6,0.46153846153846156,9,135.0,36.0,161.0,81.0,148,58,Nenhuma,0.25813597440719604
6,0.46153846153846156,10,470.0,239.0,550.0,357.0,510,298,Nenhuma,0.25813597440719604
6,0.46153846153846156,11,91.0,33.0,129.0,113.0,110,73,Nenhuma,0.25813597440719604
7,0.5384615384615384,1,407.0,128.0,496.0,299.0,451,213,Nenhuma,0.25813597440719604
7,0.5384615384615384,2,1.0,94.0,77.0,246.0,39,170,Nenhuma,0.25813597440719604
7,0.5384615384615384,3,114.0,56.0,171.0,147.0,142,101,Nenhuma,0.25813597440719604
7,0.5384615384615384,4,536.3581970191914,237.0,619.561722580936,353.0,577,295,Nenhuma,0.25813597440719604
7,0.5384615384615384,5,158.0,42.0,181.0,113.0,169,77,Nenhuma,0.25813597440719604
7,0.5384615384615384,6,458.43827741906404,240.0,532.6418029808086,357.0,495,298,Nenhuma,0.25813597440719604
7,0.5384615384615384,7,266.0,3.0,301.0,98.0,283,50,Nenhuma,0.25813597440719604
7,0.5384615384615384,8,60.0,35.0,90.0,86.0,75,60,Nenhuma,0.25813597440719604
7,0.5384615384615384,9,135.0,36.0,161.0,81.0,148,58,Nenhuma,0.25813597440719604
7,0.5384615384615384,10,470.0,239.0,550.0,357.0,510,298,Nenhuma,0.25813597440719604
7,0.5384615384615384,11,91.0,33.0,129.0,113.0,110,73,Nenhuma,0.25813597440719604
8,0.6153846153846154,1,407.0,128.0,496.0,299.0,451,213,Nenhuma,0.25813597440719604
8,0.6153846153846154,2,1.0,94.0,77.0,246.0,39,170,Nenhuma,0.25813597440719604
8,0.6153846153846154,3,114.0,56.0,171.0,147.0,142,101,Nenhuma,0.25813597440719604
8,0.6153846153846154,4,536.3382375157076,237.0,619.5929199647835,353.0,577,295,Nenhuma,0.25813597440719604
8,0.6153846153846154,5,158.0,42.0,181.0,113.0,169,77,Nenhuma,0.25813597440719604
8,0.6153846153846154,6,458.40708003521644,240.0,532.6617624842924,357.0,495,298,Nenhuma,0.25813597440719604
8,0.6153846153846154,7,266.0,3.0,301.0,98.0,283,50,Nenhuma,0.25813597440719604
8,0.6153846153846154,8,60.0,35.0,90.0,86.0,75,60,Nenhuma,0.25813597440719604
8,0.6153846153846154,9,135.0,36.0,161.0,81.0,148,58,Nenhuma,0.25813597440719604
8,0.6153846153846154,10,470.0,239.0,550.0,357.0,510,298,Nenhuma,0.25813597440719604
8,0.6153846153846154,11,91.0,33.0,129.0,113.0,110,73,Nenhuma,0.25813597440719604
9,0.6923076923076923,1,407.0,128.0,496.0,299.0,451,213,Nenhuma,0.2580464780330658
9,0.6923076923076923,2,1.0,94.0,77.0,246.0,39,170,Nenhuma,0.2580464780330658
9,0.6923076923076923,3,114.0,56.0,171.0,147.0,142,101,Nenhuma,0.2580464780330658
9,0.6923076923076923,4,536.3176264216986,237.0,619.6238108748847,353.0,577,295,Nenhuma,0.2580464780330658
9,0.6923076923076923,5,158.0,42.0,181.0,113.0,169,77,Nenhuma,0.2580464780330658
9,0.6923076923076923,6,458.3761891251153,240.0,532.6823735783014,357.0,495,298,Nenhuma,0.2580464780330658
9,0.6923076923076923,7,266.0,3.0,301.0,98.0,283,50,Nenhuma,0.2580464780330658
9,0.6923076923076923,8,60.0,35.0,90.0,86.0,75,60,Nenhuma,0.2580464780330658
9,0.6923076923076923,9,135.0,36.0,161.0,81.0,148,58,Nenhuma,0.2580464780330658
9,0.6923076923076923,10,470.0,239.0,550.0,357.0,510,298,Nenhuma,0.2580464780330658
9,0.6923076923076923,11,91.0,33.0,129.0,113.0,110,73,Nenhuma,0.2580464780330658
10,0.7692307692307693,1,407.0,128.0,496.0,299.0,451,213,Nenhuma,0.2580464780330658
10,0.7692307692307693,2,1.0,94.0,77.0,246.0,39,170,Nenhuma,0.2580464780330658
10,0.7692307692307693,3,114.0,56.0,171.0,147.0,142,101,Nenhuma,0.2580464780330658
10,0.7692307692307693,4,536.2965373906721,237.0,619.6535809642085,353.0,577,295,Nenhuma,0.2580464780330658
10,0.7692307692307693,5,158.0,42.0,181.0,113.0,169,77,Nenhuma,0.2580464780330658
10,0.7692307692307693,6,458.34641903579166,240.0,532.703462609328,357.0,495,298,Nenhuma,0.2580464780330658
10,0.7692307692307693,7,266.0,3.0,301.0,98.0,283,50,Nenhuma,0.2580464780330658
10,0.7692307692307693,8,60.0,35.0,90.0,86.0,75,60,Nenhuma,0.2580464780330658
10,0.7692307692307693,9,135.0,36.0,161.0,81.0,148,58,Nenhuma,0.2580464780330658
10,0.7692307692307693,10,470.0,239.0,550.0,357.0,510,298,Nenhuma,0.2580464780330658
10,0.7692307692307693,11,91.0,33.0,129.0,113.0,110,73,Nenhuma,0.2580464780330658
11,0.8461538461538461,1,407.0,128.0,496.0,299.0,451,213,Nenhuma,0.2580464780330658
11,0.8461538461538461,2,1.0,94.0,77.0,246.0,39,170,Nenhuma,0.2580464780330658
11,0.8461538461538461,3,114.0,56.0,171.0,147.0,142,101,Nenhuma,0.2580464780330658
11,0.8461538461538461,4,536.2754080112413,237.0,619.6818942750904,353.0,577,295,Nenhuma,0.2580464780330658
11,0.8461538461538461,5,158.0,42.0,181.0,113.0,169,77,Nenhuma,0.2580464780330658
11,0.8461538461538461,6,458.3181057249096,240.0,532.7245919887587,357.0,495,298,Nenhuma,0.2580464780330658
11,0.8461538461538461,7,266.0,3.0,301.0,98.0,283,50,Nenhuma,0.2580464780330658
11,0.8461538461538461,8,60.0,35.0,90.0,86.0,75,60,Nenhuma,0.2580464780330658
11,0.8461538461538461,9,135.0,36.0,161.0,81.0,148,58,Nenhuma,0.2580464780330658
11,0.8461538461538461,10,470.0,239.0,550.0,357.0,510,298,Nenhuma,0.2580464780330658
11,0.8461538461538461,11,91.0,33.0,129.0,113.0,110,73,Nenhuma,0.2580464780330658
12,0.9230769230769231,1,407.0,128.0,496.0,299.0,451,213,Nenhuma,0.25813597440719604
12,0.9230769230769231,2,1.0,94.0,77.0,246.0,39,170,Nenhuma,0.25813597440719604
12,0.9230769230769231,3,114.0,56.0,171.0,147.0,142,101,Nenhuma,0.25813597440719604
12,0.9230769230769231,4,536.2546551115809,237.0,619.708594512279,353.0,577,295,Nenhuma,0.25813597440719604
12,0.9230769230769231,5,158.0,42.0,181.0,113.0,169,77,Nenhuma,0.25813597440719604
12,0.9230769230769231,6,458.29140548772097,240.0,532.745344888419,357.0,495,298,Nenhuma,0.25813597440719604
12,0.9230769230769231,7,266.0,3.0,301.0,98.0,283,50,Nenhuma,0.25813597440719604
12,0.9230769230769231,8,60.0,35.0,90.0,86.0,75,60,Nenhuma,0.25813597440719604
12,0.9230769230769231,9,135.0,36.0,161.0,81.0,148,58,Nenhuma,0.25813597440719604
12,0.9230769230769231,10,470.0,239.0,550.0,357.0,510,298,Nenhuma,0.25813597440719604
12,0.9230769230769231,11,91.0,33.0,129.0,113.0,110,73,Nenhuma,0.25813597440719604
13,1.0,1,407.0,128.0,496.0,299.0,451,213,Nenhuma,0.25813597440719604
13,1.0,2,1.0,94.0,77.0,246.0,39,170,Nenhuma,0.25813597440719604
13,1.0,3,114.0,56.0,171.0,147.0,142,101,Nenhuma,0.25813597440719604
13,1.0,4,536.2346021571456,237.0,619.7336085290847,353.0,577,295,Nenhuma,0.25813597440719604
13,1.0,5,158.0,42.0,181.0,113.0,169,77,Nenhuma,0.25813597440719604
13,1.0,6,458.2663914709154,240.0,532.7653978428544,357.0,495,298,Nenhuma,0.25813597440719604
13,1.0,7,266.0,3.0,301.0,98.0,283,50,Nenhuma,0.25813597440719604
13,1.0,8,60.0,35.0,90.0,86.0,75,60,Nenhuma,0.25813597440719604
13,1.0,9,135.0,36.0,161.0,81.0,148,58,Nenhuma,0.25813597440719604
13,1.0,10,470.0,239.0,550.0,357.0,510,298,Nenhuma,0.25813597440719604
13,1.0,11,91.0,33.0,129.0,113.0,110,73,Nenhuma,0.25813597440719604
14,1.0769230769230769,1,407.0,128.0,496.0,299.0,451,213,Nenhuma,0.25813597440719604
14,1.0769230769230769,2,1.0,94.0,77.0,246.0,39,170,Nenhuma,0.25813597440719604
14,1.0769230769230769,3,114.0,56.0,171.0,147.0,142,101,Nenhuma,0.25813597440719604
14,1.0769230769230769,4,536.2154745203547,237.0,619.7569133157663,353.0,577,295,Nenhuma,0.25813597440719604
14,1.0769230769230769,5,158.0,42.0,181.0,113.0,169,77,Nenhuma,0.25813597440719604
14,1.0769230769230769,6,458.2430866842337,240.0,532.7845254796453,357.0,495,298,Nenhuma,0.25813597440719604
14,1.0769230769230769,7,266.0,3.0,301.0,98.0,283,50,Nenhuma,0.25813597440719604
14,1.0769230769230769,8,60.0,35.0,90.0,86.0,75,60,Nenhuma,0.25813597440719604
14,1.0769230769230769,9,135.0,36.0,161.0,81.0,148,58,Nenhuma,0.25813597440719604
14,1.0769230769230769,10,470.0,239.0,550.0,357.0,510,298,Nenhuma,0.25813597440719604
14,1.0769230769230769,11,91.0,33.0,129.0,113.0,110,73,Nenhuma,0.25813597440719604
15,1.1538461538461537,1,407.0,128.0,496.0,299.0,451,213,Nenhuma,0.25813597440719604
15,1.1538461538461537,2,1.0,94.0,77.0,246.0,39,170,Nenhuma,0.25813597440719604
15,1.1538461538461537,3,114.0,56.0,171.0,147.0,142,101,Nenhuma,0.25813597440719604
15,1.1538461538461537,4,536.1974142692357,237.0,619.7785220691702,353.0,577,295,Nenhuma,0.25813597440719604
15,1.1538461538461537,5,158.0,42.0,181.0,113.0,169,77,Nenhuma,0.25813597440719604
15,1.1538461538461537,6,458.22147793082985,240.0,532.8025857307643,357.0,495,298,Nenhuma,0.25813597440719604
15,1.1538461538461537,7,266.0,3.0,301.0,98.0,283,50,Nenhuma,0.25813597440719604
15,1.1538461538461537,8,60.0,35.0,90.0,86.0,75,60,Nenhuma,0.25813597440719604
15,1.1538461538461537,9,135.0,36.0,161.0,81.0,148,58,Nenhuma,0.25813597440719604
15,1.1538461538461537,10,470.0,239.0,550.0,357.0,510,298,Nenhuma,0.25813597440719604
15,1.1538461538461537,11,91.0,33.0,129.0,113.0,110,73,Nenhuma,0.25813597440719604
16,1.2307692307692308,1,407.0,128.0,496.0,299.0,451,213,Nenhuma,0.25813597440719604
16,1.2307692307692308,2,1.0,94.0,77.0,246.0,39,170,Nenhuma,0.25813597440719604
16,1.2307692307692308,3,114.0,56.0,171.0,147.0,142,101,Nenhuma,0.25813597440719604
16,1.2307692307692308,4,536.1804983391887,237.0,619.7984756734905,353.0,577,295,Nenhuma,0.25813597440719604
16,1.2307692307692308,5,158.0,42.0,181.0,113.0,169,77,Nenhuma,0.25813597440719604
16,1.2307692307692308,6,458.2015243265094,240.0,532.8195016608113,357.0,495,298,Nenhuma,0.25813597440719604
16,1.2307692307692308,7,266.0,3.0,301.0,98.0,283,50,Nenhuma,0.25813597440719604
16,1.2307692307692308,8,60.0,35.0,90.0,86.0,75,60,Nenhuma,0.25813597440719604
16,1.2307692307692308,9,135.0,36.0,161.0,81.0,148,58,Nenhuma,0.25813597440719604
16,1.2307692307692308,10,470.0,239.0,550.0,357.0,510,298,Nenhuma,0.25813597440719604
16,1.2307692307692308,11,91.0,33.0,129.0,113.0,110,73,Nenhuma,0.25813597440719604
17,1.3076923076923077,1,407.0,128.0,496.0,299.0,451,213,Nenhuma,0.2581233084201813
17,1.3076923076923077,2,1.0,94.0,77.0,246.0,39,170,Nenhuma,0.2581233084201813
17,1.3076923076923077,3,114.0,56.0,171.0,147.0,142,101,Nenhuma,0.2581233084201813
17,1.3076923076923077,4,536.164755025529,237.0,619.816835828949,353.0,577,295,Nenhuma,0.2581233084201813
17,1.3076923076923077,5,158.0,42.0,181.0,113.0,169,77,Nenhuma,0.2581233084201813
17,1.3076923076923077,6,458.18316417105086,240.0,532.8352449744709,357.0,495,298,Nenhuma,0.2581233084201813
17,1.3076923076923077,7,266.0,3.0,301.0,98.0,283,50,Nenhuma,0.2581233084201813
17,1.3076923076923077,8,60.0,35.0,90.0,86.0,75,60,Nenhuma,0.2581233084201813
17,1.3076923076923077,9,135.0,36.0,161.0,81.0,148,58,Nenhuma,0.2581233084201813
17,1.3076923076923077,10,470.0,239.0,550.0,357.0,510,298,Nenhuma,0.2581233084201813
17,1.3076923076923077,11,91.0,33.0,129.0,113.0,110,73,Nenhuma,0.2581233084201813
18,1.3846153846153846,1,407.0,128.0,496.0,299.0,451,213,Nenhuma,0.2580006420612335
18,1.3846153846153846,2,0.7138241999170631,94.0,76.62352238763762,246.0,38,170,Nenhuma,0.2580006420612335
18,1.3846153846153846,3,114.0,56.0,171.0,147.0,142,101,Nenhuma,0.2580006420612335
18,1.3846153846153846,4,536.1501775463396,237.0,619.8336790509053,353.0,577,295,Nenhuma,0.2580006420612335
18,1.3846153846153846,5,158.0,42.0,181.0,113.0,169,77,Nenhuma,0.2580006420612335
18,1.3846153846153846,6,458.16632094909477,240.0,532.8498224536605,357.0,495,298,Nenhuma,0.2580006420612335
18,1.3846153846153846,7,266.0,3.0,301.0,98.0,283,50,Nenhuma,0.2580006420612335
18,1.3846153846153846,8,60.0,35.0,90.0,86.0,75,60,Nenhuma,0.2580006420612335
18,1.3846153846153846,9,135.0,36.0,161.0,81.0,148,58,Nenhuma,0.2580006420612335
18,1.3846153846153846,10,470.0,239.0,550.0,357.0,510,298,Nenhuma,0.2580006420612335
18,1.3846153846153846,11,91.0,33.0,129.0,113.0,110,73,Nenhuma,0.2580006420612335
19,1.4615384615384615,1,407.0,128.0,496.0,299.0,451,213,Nenhuma,0.25797325372695923
19,1.4615384615384615,2,0.6307958749696496,94.0,76.45756499805005,246.0,38,170,Nenhuma,0.25797325372695923
19,1.4615384615384615,3,114.0,56.0,171.0,147.0,142,101,Nenhuma,0.25797325372695923
19,1.4615384615384615,4,536.136734697416,237.0,619.8490915094023,353.0,577,295,Nenhuma,0.25797325372695923
19,1.4615384615384615,5,158.0,42.0,181.0,113.0,169,77,Nenhuma,0.25797325372695923
19,1.4615384615384615,6,458.15090849059777,240.0,532.8632653025841,357.0,495,298,Nenhuma,0.25797325372695923
19,1.4615384615384615,7,266.0,3.0,301.0,98.0,283,50,Nenhuma,0.25797325372695923
19,1.4615384615384615,8,60.0,35.0,90.0,86.0,75,60,Nenhuma,0.25797325372695923
19,1.4615384615384615,9,135.0,36.0,161.0,81.0,148,58,Nenhuma,0.25797325372695923
19,1.4615384615384615,10,470.0,239.0,550.0,357.0,510,298,Nenhuma,0.25797325372695923
19,1.4615384615384615,11,91.0,33.0,129.0,113.0,110,73,Nenhuma,0.25797325372695923
20,1.5384615384615385,1,407.0,128.0,496.0,299.0,451,213,Nenhuma,0.25797325372695923
20,1.5384615384615385,2,0.6234068958720371,94.0,76.3742201312633,246.0,38,170,Nenhuma,0.25797325372695923
20,1.5384615384615385,3,114.0,56.0,171.0,147.0,142,101,Nenhuma,0.25797325372695923
20,1.5384615384615385,4,536.1243789994978,237.0,619.8631647648799,353.0,577,295,Nenhuma,0.25797325372695923
20,1.5384615384615385,5,158.0,42.0,181.0,113.0,169,77,Nenhuma,0.25797325372695923
20,1.5384615384615385,6,458.1368352351201,240.0,532.8756210005022,357.0,495,298,Nenhuma,0.25797325372695923
20,1.5384615384615385,7,266.0,3.0,301.0,98.0,283,50,Nenhuma,0.25797325372695923
20,1.5384615384615385,8,60.0,35.0,90.0,86.0,75,60,Nenhuma,0.25797325372695923
20,1.5384615384615385,9,135.0,36.0,161.0,81.0,148,58,Nenhuma,0.25797325372695923
20,1.5384615384615385,10,470.0,239.0,550.0,357.0,510,298,Nenhuma,0.25797325372695923
20,1.5384615384615385,11,91.0,33.0,129.0,113.0,110,73,Nenhuma,0.25797325372695923
21,1.6153846153846154,1,407.0,128.0,496.0,299.0,451,213,Nenhuma,0.2582145035266876
21,1.6153846153846154,2,0.9274628920644901,94.0,76.70131164570236,246.0,38,170,Nenhuma,0.2582145035266876
21,1.6153846153846154,3,114.0,56.0,171.0,147.0,142,101,Nenhuma,0.2582145035266876
21,1.6153846153846154,4,536.1130528047316,237.0,619.8759923910116,353.0,577,295,Nenhuma,0.2582145035266876
21,1.6153846153846154,5,158.0,42.0,181.0,113.0,169,77,Nenhuma,0.2582145035266876
21,1.6153846153846154,6,458.12400760898834,240.0,532.8869471952682,357.0,495,298,Nenhuma,0.2582145035266876
21,1.6153846153846154,7,266.0,3.0,301.0,98.0,283,50,Nenhuma,0.2582145035266876
21,1.6153846153846154,8,60.0,35.0,90.0,86.0,75,60,Nenhuma,0.2582145035266876
21,1.6153846153846154,9,135.0,36.0,161.0,81.0,148,58,Nenhuma,0.2582145035266876
21,1.6153846153846154,10,470.0,239.0,550.0,357.0,510,298,Nenhuma,0.2582145035266876
21,1.6153846153846154,11,91.0,33.0,129.0,113.0,110,73,Nenhuma,0.2582145035266876
22,1.6923076923076923,1,407.0,128.0,496.0,299.0,451,213,Nenhuma,0.2582145035266876
22,1.6923076923076923,2,1.0374529387533258,94.0,76.83231655385575,246.0,38,170,Nenhuma,0.2582145035266876
22,1.6923076923076923,3,114.0,56.0,171.0,147.0,142,101,Nenhuma,0.2582145035266876
22,1.6923076923076923,4,536.1026927923263,237.0,619.8876674090706,353.0,577,295,Nenhuma,0.2582145035266876
22,1.6923076923076923,5,158.0,42.0,181.0,113.0,169,77,Nenhuma,0.2582145035266876
22,1.6923076923076923,6,458.1123325909295,240.0,532.8973072076737,357.0,495,298,Nenhuma,0.2582145035266876
22,1.6923076923076923,7,266.0,3.0,301.0,98.0,283,50,Nenhuma,0.2582145035266876
22,1.6923076923076923,8,60.0,35.0,90.0,86.0,75,60,Nenhuma,0.2582145035266876
22,1.6923076923076923,9,135.0,36.0,161.0,81.0,148,58,Nenhuma,0.2582145035266876
22,1.6923076923076923,10,470.0,239.0,550.0,357.0,510,298,Nenhuma,0.2582145035266876
22,1.6923076923076923,11,91.0,33.0,129.0,113.0,110,73,Nenhuma,0.2582145035266876
23,1.7692307692307692,1,407.0,128.0,496.0,299.0,451,213,Nenhuma,0.2582145035266876
23,1.7692307692307692,2,1.0734731515585665,94.0,76.8874800696716,246.0,38,170,Nenhuma,0.2582145035266876
23,1.7692307692307692,3,114.0,56.0,171.0,147.0,142,101,Nenhuma,0.2582145035266876
23,1.7692307692307692,4,536.0932332174198,237.0,619.8982804207915,353.0,577,295,Nenhuma,0.2582145035266876
23,1.7692307692307692,5,158.0,42.0,181.0,113.0,169,77,Nenhuma,0.2582145035266876
23,1.7692307692307692,6,458.1017195792085,240.0,532.9067667825802,357.0,495,298,Nenhuma,0.2582145035266876
23,1.7692307692307692,7,266.0,3.0,301.0,98.0,283,50,Nenhuma,0.2582145035266876
23,1.7692307692307692,8,60.0,35.0,90.0,86.0,75,60,Nenhuma,0.2582145035266876
23,1.7692307692307692,9,135.0,36.0,161.0,81.0,148,58,Nenhuma,0.2582145035266876
23,1.7692307692307692,10,470.0,239.0,550.0,357.0,510,298,Nenhuma,0.2582145035266876
23,1.7692307692307692,11,91.0,33.0,129.0,113.0,110,73,Nenhuma,0.2582145035266876
24,1.8461538461538463,1,407.0,128.0,496.0,299.0,451,213,Nenhuma,0.25797325372695923
24,1.8461538461538463,2,0.7978614387683791,94.0,76.53563094909482,246.0,38,170,Nenhuma,0.25797325372695923
24,1.8461538461538463,3,114.0,56.0,171.0,147.0,142,101,Nenhuma,0.25797325372695923
24,1.8461538461538463,4,536.0846082090868,237.0,619.9079183154021,353.0,577,295,Nenhuma,0.25797325372695923
24,1.8461538461538463,5,158.0,42.0,181.0,113.0,169,77,Nenhuma,0.25797325372695923
24,1.8461538461538463,6,458.0920816845978,240.0,532.9153917909132,357.0,495,298,Nenhuma,0.25797325372695923
24,1.8461538461538463,7,266.0,3.0,301.0,98.0,283,50,Nenhuma,0.25797325372695923
24,1.8461538461538463,8,60.0,35.0,90.0,86.0,75,60,Nenhuma,0.25797325372695923
24,1.8461538461538463,9,135.0,36.0,161.0,81.0,148,58,Nenhuma,0.25797325372695923
24,1.8461538461538463,10,470.0,239.0,550.0,357.0,510,298,Nenhuma,0.25797325372695923
24,1.8461538461538463,11,91.0,33.0,129.0,113.0,110,73,Nenhuma,0.25797325372695923
25,1.9230769230769231,1,407.0,128.0,496.0,299.0,451,213,Nenhuma,0.25797325372695923
25,1.9230769230769231,2,0.7139891563561633,94.0,76.3824630048273,246.0,38,170,Nenhuma,0.25797325372695923
25,1.9230769230769231,3,114.0,56.0,171.0,147.0,142,101,Nenhuma,0.25797325372695923
25,1.9230769230769231,4,536.0767533522961,237.0,619.9166634318544,353.0,577,295,Nenhuma,0.25797325372695923
25,1.9230769230769231,5,158.0,42.0,181.0,113.0,169,77,Nenhuma,0.25797325372695923
25,1.9230769230769231,6,458.08333656814546,240.0,532.9232466477039,357.0,495,298,Nenhuma,0.25797325372695923
25,1.9230769230769231,7,266.0,3.0,301.0,98.0,283,50,Nenhuma,0.25797325372695923
25,1.9230769230769231,8,60.0,35.0,90.0,86.0,75,60,Nenhuma,0.25797325372695923
25,1.9230769230769231,9,135.0,36.0,161.0,81.0,148,58,Nenhuma,0.25797325372695923
25,1.9230769230769231,10,470.0,239.0,550.0,357.0,510,298,Nenhuma,0.25797325372695923
25,1.9230769230769231,11,91.0,33.0,129.0,113.0,110,73,Nenhuma,0.25797325372695923
26,2.0,1,407.0,128.0,496.0,299.0,451,213,Nenhuma,0.25797325372695923
26,2.0,2,0.7017593926899863,94.0,76.30729821221297,246.0,38,170,Nenhuma,0.25797325372695923
26,2.0,3,114.0,56.0,171.0,147.0,142,101,Nenhuma,0.25797325372695923
26,2.0,4,536.0696067370382,237.0,619.9245930711577,353.0,577,295,Nenhuma,0.25797325372695923
26,2.0,5,158.0,42.0,181.0,113.0,169,77,Nenhuma,0.25797325372695923
26,2.0,6,458.0754069288423,240.0,532.9303932629618,357.0,495,298,Nenhuma,0.25797325372695923
26,2.0,7,266.0,3.0,301.0,98.0,283,50,Nenhuma,0.25797325372695923
26,2.0,8,60.0,35.0,90.0,86.0,75,60,Nenhuma,0.25797325372695923
26,2.0,9,135.0,36.0,161.0,81.0,148,58,Nenhuma,0.25797325372695923
26,2.0,10,470.0,239.0,550.0,357.0,510,298,Nenhuma,0.25797325372695923
26,2.0,11,91.0,33.0,129.0,113.0,110,73,Nenhuma,0.25797325372695923
27,2.076923076923077,1,407.0,128.0,496.0,299.0,451,213,Nenhuma,0.25797325372695923
27,2.076923076923077,2,0.7151755222489911,94.0,76.26359400383126,246.0,38,170,Nenhuma,0.25797325372695923
27,2.076923076923077,3,114.0,56.0,171.0,147.0,142,101,Nenhuma,0.25797325372695923
27,2.076923076923077,4,536.0631096157276,237.0,619.9317792706388,353.0,577,295,Nenhuma,0.25797325372695923
27,2.076923076923077,5,158.0,42.0,181.0,113.0,169,77,Nenhuma,0.25797325372695923
27,2.076923076923077,6,458.06822072936114,240.0,532.9368903842724,357.0,495,298,Nenhuma,0.25797325372695923
27,2.076923076923077,7,266.0,3.0,301.0,98.0,283,50,Nenhuma,0.25797325372695923
27,2.076923076923077,8,60.0,35.0,90.0,86.0,75,60,Nenhuma,0.25797325372695923
27,2.076923076923077,9,135.0,36.0,161.0,81.0,148,58,Nenhuma,0.25797325372695923
27,2.076923076923077,10,470.0,239.0,550.0,357.0,510,298,Nenhuma,0.25797325372695923
27,2.076923076923077,11,91.0,33.0,129.0,113.0,110,73,Nenhuma,0.25797325372695923
28,2.1538461538461537,1,407.0,128.0,496.0,299.0,451,213,Nenhuma,0.25797325372695923
28,2.1538461538461537,2,0.7367232080587911,94.0,76.23332697696561,246.0,38,170,Nenhuma,0.25797325372695923
28,2.1538461538461537,3,114.0,56.0,171.0,147.0,142,101,Nenhuma,0.25797325372695923
28,2.1538461538461537,4,536.0572067763657,237.0,619.9382887687998,353.0,577,295,Nenhuma,0.25797325372695923
28,2.1538461538461537,5,158.0,42.0,181.0,113.0,169,77,Nenhuma,0.25797325372695923
28,2.1538461538461537,6,458.0617112312002,240.0,532.9427932236343,357.0,495,298,Nenhuma,0.25797325372695923
28,2.1538461538461537,7,266.0,3.0,301.0,98.0,283,50,Nenhuma,0.25797325372695923
28,2.1538461538461537,8,60.0,35.0,90.0,86.0,75,60,Nenhuma,0.25797325372695923
28,2.1538461538461537,9,135.0,36.0,161.0,81.0,148,58,Nenhuma,0.25797325372695923
28,2.1538461538461537,10,470.0,239.0,550.0,357.0,510,298,Nenhuma,0.25797325372695923
28,2.1538461538461537,11,91.0,33.0,129.0,113.0,110,73,Nenhuma,0.25797325372695923
29,2.230769230769231,1,407.0,128.0,496.0,299.0,451,213,Nenhuma,0.25797325372695923
29,2.230769230769231,2,0.7598277819716799,94.0,76.20945056951113,246.0,38,170,Nenhuma,0.25797325372695923
29,2.230769230769231,3,114.0,56.0,171.0,147.0,142,101,Nenhuma,0.25797325372695923
29,2.230769230769231,4,536.0518467125543,237.0,619.94418310463,353.0,577,295,Nenhuma,0.25797325372695923
29,2.230769230769231,5,158.0,42.0,181.0,113.0,169,77,Nenhuma,0.25797325372695923
29,2.230769230769231,6,458.0558168953699,240.0,532.9481532874456,357.0,495,298,Nenhuma,0.25797325372695923
29,2.230769230769231,7,266.0,3.0,301.0,98.0,283,50,Nenhuma,0.25797325372695923
29,2.230769230769231,8,60.0,35.0,90.0,86.0,75,60,Nenhuma,0.25797325372695923
29,2.230769230769231,9,135.0,36.0,161.0,81.0,148,58,Nenhuma,0.25797325372695923
29,2.230769230769231,10,470.0,239.0,550.0,357.0,510,298,Nenhuma,0.25797325372695923
29,2.230769230769231,11,91.0,33.0,129.0,113.0,110,73,Nenhuma,0.25797325372695923
30,2.3076923076923075,1,407.0,128.0,496.0,299.0,451,213,Nenhuma,0.25797325372695923
30,2.3076923076923075,2,0.782108225897403,94.0,76.18914836093327,246.0,38,170,Nenhuma,0.25797325372695923
30,2.3076923076923075,3,114.0,56.0,171.0,147.0,142,101,Nenhuma,0.25797325372695923
30,2.3076923076923075,4,536.0469816509955,237.0,619.9495188081632,353.0,577,295,Nenhuma,0.25797325372695923
30,2.3076923076923075,5,158.0,42.0,181.0,113.0,169,77,Nenhuma,0.25797325372695923
30,2.3076923076923075,6,458.05048119183664,240.0,532.9530183490044,357.0,495,298,Nenhuma,0.25797325372695923
30,2.3076923076923075,7,266.0,3.0,301.0,98.0,283,50,Nenhuma,0.25797325372695923
30,2.3076923076923075,8,60.0,35.0,90.0,86.0,75,60,Nenhuma,0.25797325372695923
30,2.3076923076923075,9,135.0,36.0,161.0,81.0,148,58,Nenhuma,0.25797325372695923
30,2.3076923076923075,10,470.0,239.0,550.0,357.0,510,298,Nenhuma,0.25797325372695923
30,2.3076923076923075,11,91.0,33.0,129.0,113.0,110,73,Nenhuma,0.25797325372695923
31,2.3846153846153846,1,407.0,128.0,496.0,299.0,451,213,Nenhuma,0.25797325372695923
31,2.3846153846153846,2,0.8027834395928153,94.0,76.17123900769079,246.0,38,170,Nenhuma,0.25797325372695923
31,2.3846153846153846,3,114.0,56.0,171.0,147.0,142,101,Nenhuma,0.25797325372695923
31,2.3846153846153846,4,536.0425674814124,237.0,619.954347649651,353.0,577,295,Nenhuma,0.25797325372695923
31,2.3846153846153846,5,158.0,42.0,181.0,113.0,169,77,Nenhuma,0.25797325372695923
31,2.3846153846153846,6,458.04565235034903,240.0,532.9574325185877,357.0,495,298,Nenhuma,0.25797325372695923
31,2.3846153846153846,7,266.0,3.0,301.0,98.0,283,50,Nenhuma,0.25797325372695923
31,2.3846153846153846,8,60.0,35.0,90.0,86.0,75,60,Nenhuma,0.25797325372695923
31,2.3846153846153846,9,135.0,36.0,161.0,81.0,148,58,Nenhuma,0.25797325372695923
31,2.3846153846153846,10,470.0,239.0,550.0,357.0,510,298,Nenhuma,0.25797325372695923
31,2.3846153846153846,11,91.0,33.0,129.0,113.0,110,73,Nenhuma,0.25797325372695923
32,2.4615384615384617,1,407.0,128.0,496.0,299.0,451,213,Nenhuma,0.25797325372695923
32,2.4615384615384617,2,0.821675545859847,94.0,76.15517780276596,246.0,38,170,Nenhuma,0.25797325372695923
32,2.4615384615384617,3,114.0,56.0,171.0,147.0,142,101,Nenhuma,0.25797325372695923
32,2.4615384615384617,4,536.0385636219087,237.0,619.9587169231662,353.0,577,295,Nenhuma,0.25797325372695923
32,2.4615384615384617,5,158.0,42.0,181.0,113.0,169,77,Nenhuma,0.25797325372695923
32,2.4615384615384617,6,458.04128307683374,240.0,532.9614363780913,357.0,495,298,Nenhuma,0.25797325372695923
32,2.4615384615384617,7,266.0,3.0,301.0,98.0,283,50,Nenhuma,0.25797325372695923
32,2.4615384615384617,8,60.0,35.0,90.0,86.0,75,60,Nenhuma,0.25797325372695923
32,2.4615384615384617,9,135.0,36.0,161.0,81.0,148,58,Nenhuma,0.25797325372695923
32,2.4615384615384617,10,470.0,239.0,550.0,357.0,510,298,Nenhuma,0.25797325372695923
32,2.4615384615384617,11,91.0,33.0,129.0,113.0,110,73,Nenhuma,0.25797325372695923
33,2.5384615384615383,1,407.0,128.0,496.0,299.0,451,213,Nenhuma,0.25797325372695923
33,2.5384615384615383,2,0.8388274561685094,94.0,76.14067225606851,246.0,38,170,Nenhuma,0.25797325372695923
33,2.5384615384615383,3,114.0,56.0,171.0,147.0,142,101,Nenhuma,0.25797325372695923
33,2.5384615384615383,4,536.034932843785,237.0,619.9626697470392,353.0,577,295,Nenhuma,0.25797325372695923
33,2.5384615384615383,5,158.0,42.0,181.0,113.0,169,77,Nenhuma,0.25797325372695923
33,2.5384615384615383,6,458.0373302529607,240.0,532.9650671562149,357.0,495,298,Nenhuma,0.25797325372695923
33,2.5384615384615383,7,266.0,3.0,301.0,98.0,283,50,Nenhuma,0.25797325372695923
33,2.5384615384615383,8,60.0,35.0,90.0,86.0,75,60,Nenhuma,0.25797325372695923
33,2.5384615384615383,9,135.0,36.0,161.0,81.0,148,58,Nenhuma,0.25797325372695923
33,2.5384615384615383,10,470.0,239.0,550.0,357.0,510,298,Nenhuma,0.25797325372695923
33,2.5384615384615383,11,91.0,33.0,129.0,113.0,110,73,Nenhuma,0.25797325372695923
34,2.6153846153846154,1,407.0,128.0,496.0,299.0,451,213,Nenhuma,0.25797325372695923
34,2.6153846153846154,2,0.8543566792900066,94.0,76.12753380282027,246.0,38,170,Nenhuma,0.25797325372695923
34,2.6153846153846154,3,114.0,56.0,171.0,147.0,142,101,Nenhuma,0.25797325372695923
34,2.6153846153846154,4,536.0316410730977,237.0,619.9662453685793,353.0,577,295,Nenhuma,0.25797325372695923
34,2.6153846153846154,5,158.0,42.0,181.0,113.0,169,77,Nenhuma,0.25797325372695923
34,2.6153846153846154,6,458.0337546314207,240.0,532.9683589269023,357.0,495,298,Nenhuma,0.25797325372695923
34,2.6153846153846154,7,266.0,3.0,301.0,98.0,283,50,Nenhuma,0.25797325372695923
34,2.6153846153846154,8,60.0,35.0,90.0,86.0,75,60,Nenhuma,0.25797325372695923
34,2.6153846153846154,9,135.0,36.0,161.0,81.0,148,58,Nenhuma,0.25797325372695923
34,2.6153846153846154,10,470.0,239.0,550.0,357.0,510,298,Nenhuma,0.25797325372695923
34,2.6153846153846154,11,91.0,33.0,129.0,113.0,110,73,Nenhuma,0.25797325372695923
35,2.6923076923076925,1,407.0,128.0,496.0,299.0,451,213,Nenhuma,0.25797325372695923
35,2.6923076923076925,2,0.8683999598374825,94.0,76.11562031444146,246.0,38,170,Nenhuma,0.25797325372695923
35,2.6923076923076925,3,114.0,56.0,171.0,147.0,142,101,Nenhuma,0.25797325372695923
35,2.6923076923076925,4,536.0286571812346,237.0,619.969479464372,353.0,577,295,Nenhuma,0.25797325372695923
35,2.6923076923076925,5,158.0,42.0,181.0,113.0,169,77,Nenhuma,0.25797325372695923
35,2.6923076923076925,6,458.03052053562806,240.0,532.9713428187654,357.0,495,298,Nenhuma,0.25797325372695923
35,2.6923076923076925,7,266.0,3.0,301.0,98.0,283,50,Nenhuma,0.25797325372695923
35,2.6923076923076925,8,60.0,35.0,90.0,86.0,75,60,Nenhuma,0.25797325372695923
35,2.6923076923076925,9,135.0,36.0,161.0,81.0,148,58,Nenhuma,0.25797325372695923
35,2.6923076923076925,10,470.0,239.0,550.0,357.0,510,298,Nenhuma,0.25797325372695923
35,2.6923076923076925,11,91.0,33.0,129.0,113.0,110,73,Nenhuma,0.25797325372695923
36,2.769230769230769,1,407.0,128.0,496.0,299.0,451,213,Nenhuma,0.25797325372695923
36,2.769230769230769,2,0.8810928055522496,94.0,76.10481353099661,246.0,38,170,Nenhuma,0.25797325372695923
36,2.769230769230769,3,114.0,56.0,171.0,147.0,142,101,Nenhuma,0.25797325372695923
36,2.769230769230769,4,536.0259527730825,237.0,619.9724044302999,353.0,577,295,Nenhuma,0.25797325372695923
36,2.769230769230769,5,158.0,42.0,181.0,113.0,169,77,Nenhuma,0.25797325372695923
36,2.769230769230769,6,458.02759556970017,240.0,532.9740472269175,357.0,495,298,Nenhuma,0.25797325372695923
36,2.769230769230769,7,266.0,3.0,301.0,98.0,283,50,Nenhuma,0.25797325372695923
36,2.769230769230769,8,60.0,35.0,90.0,86.0,75,60,Nenhuma,0.25797325372695923
36,2.769230769230769,9,135.0,36.0,161.0,81.0,148,58,Nenhuma,0.25797325372695923
36,2.769230769230769,10,470.0,239.0,550.0,357.0,510,298,Nenhuma,0.25797325372695923
36,2.769230769230769,11,91.0,33.0,129.0,113.0,110,73,Nenhuma,0.25797325372695923
37,2.8461538461538463,1,407.0,128.0,496.0,299.0,451,213,Nenhuma,0.25797325372695923
37,2.8461538461538463,2,0.8925623809007632,94.0,76.09500993281705,246.0,38,170,Nenhuma,0.25797325372695923
37,2.8461538461538463,3,114.0,56.0,171.0,147.0,142,101,Nenhuma,0.25797325372695923
37,2.8461538461538463,4,536.0235019786363,237.0,619.9750496575448,353.0,577,295,Nenhuma,0.25797325372695923
37,2.8461538461538463,5,158.0,42.0,181.0,113.0,169,77,Nenhuma,0.25797325372695923
37,2.8461538461538463,6,458.0249503424552,240.0,532.9764980213637,357.0,495,298,Nenhuma,0.25797325372695923
37,2.8461538461538463,7,266.0,3.0,301.0,98.0,283,50,Nenhuma,0.25797325372695923
37,2.8461538461538463,8,60.0,35.0,90.0,86.0,75,60,Nenhuma,0.25797325372695923
37,2.8461538461538463,9,135.0,36.0,161.0,81.0,148,58,Nenhuma,0.25797325372695923
37,2.8461538461538463,10,470.0,239.0,550.0,357.0,510,298,Nenhuma,0.25797325372695923
37,2.8461538461538463,11,91.0,33.0,129.0,113.0,110,73,Nenhuma,0.25797325372695923
38,2.923076923076923,1,407.0,128.0,496.0,299.0,451,213,Nenhuma,0.305025190114975
38,2.923076923076923,2,0.9029254865943344,94.0,76.08611679626603,246.0,38,170,Nenhuma,0.305025190114975
38,2.923076923076923,3,114.0,56.0,171.0,147.0,142,101,Nenhuma,0.305025190114975
38,2.923076923076923,4,536.6039844988398,237.0,620.0555654676779,352.3391730777789,578,294,Nenhuma,0.305025190114975
38,2.923076923076923,5,158.09156447388358,42.660826922221105,180.90843552611642,113.0,169,77,Nenhuma,0.305025190114975
38,2.923076923076923,6,457.73967237080484,240.0,532.6007776626776,357.0,495,298,Nenhuma,0.305025190114975
38,2.923076923076923,7,266.0,3.0,301.0,98.0,283,50,Nenhuma,0.305025190114975
38,2.923076923076923,8,59.62205891460213,35.0,89.71711416317677,86.0,74,60,Nenhuma,0.305025190114975
38,2.923076923076923,9,135.11958864884303,36.0,161.54123827337807,81.6608269222211,148,58,Nenhuma,0.305025190114975
38,2.923076923076923,10,469.14678267172894,239.66082692222108,550.19239040605,357.6608269222211,509,298,Nenhuma,0.305025190114975
38,2.923076923076923,11,91.0,33.0,129.0,113.0,110,73,Nenhuma,0.305025190114975
39,3.0,1,407.3779484198491,128.0,496.28287589343734,299.0,451,213,Nenhuma,0.2506748139858246
39,3.0,2,0.912288440230391,94.0,76.07805026360381,246.0,38,170,Nenhuma,0.2506748139858246
39,3.0,3,114.0,56.0,171.0,147.0,142,101,Nenhuma,0.2506748139858246
39,3.0,4,536.5725314130239,236.33764408165896,620.9987706022542,354.07700090029556,578,295,Nenhuma,0.2506748139858246
39,3.0,5,157.35499643673043,42.91032741587126,179.65500106396073,111.67333166712746,168,77,Nenhuma,0.2506748139858246
39,3.0,6,455.0256981396001,238.67835137342706,533.7441201712826,357.0,494,297,Nenhuma,0.2506748139858246
39,3.0,7,268.5019100825507,5.643297253145832,302.46303579716795,97.33917568671355,285,51,Nenhuma,0.2506748139858246
39,3.0,8,59.12060689721379,35.0,89.96973419852284,87.32164862657291,74,61,Nenhuma,0.2506748139858246
39,3.0,9,134.74523193443702,36.0,159.53562392419627,78.62391359814207,147,57,Nenhuma,0.2506748139858246
39,3.0,10,469.1103589748545,239.7336451306046,550.155995894541,357.7336451306046,509,298,Nenhuma,0.2506748139858246
39,3.0,11,88.63330750376221,33.00000000000001,127.46917272409013,113.77950395442954,108,73,Nenhuma,0.2506748139858246
40,3.076923076923077,1,409.3823923683631,127.33917771471755,497.8313751219348,299.0,453,213,Nenhuma,0.2676679193973541
40,3.076923076923077,2,0.4978235814684666,93.33917771471755,75.83283597858872,246.0,38,169,Nenhuma,0.2676679193973541
40,3.076923076923077,3,114.0,56.0,171.0,147.0,142,101,Nenhuma,0.2676679193973541
40,3.076923076923077,4,526.7965188819511,230.84344398971817,616.0259263371295,355.38235353250514,571,293,Nenhuma,0.2676679193973541
40,3.076923076923077,5,154.98978694360034,40.3291778388581,177.93239376972096,111.1745805797321,166,75,Nenhuma,0.2676679193973541
40,3.076923076923077,6,455.2835683861093,234.89314427292436,537.503870130671,357.0,496,295,Nenhuma,0.2676679193973541
40,3.076923076923077,7,273.37432807579336,2.6264187363034353,306.4733408139667,90.38377186437383,289,46,Nenhuma,0.2676679193973541
40,3.076923076923077,8,59.1394208139009,34.34596507191904,91.82203650169586,90.43183605675316,75,62,Nenhuma,0.2676679193973541
40,3.076923076923077,9,134.72550559528725,36.0,159.36194641130035,78.35920622068977,147,57,Nenhuma,0.2676679193973541
40,3.076923076923077,10,469.07393527797996,239.80646333898812,550.119601383032,357.8064633389881,509,298,Nenhuma,0.2676679193973541
40,3.076923076923077,11,89.49668144898646,33.67332638974959,128.42273129970565,114.62810495181084,108,74,Nenhuma,0.2676679193973541
41,3.1538461538461537,1,411.0399744245664,125.11125080971242,499.4869261500604,299.0,455,212,Nenhuma,0.2775259017944336
41,3.1538461538461537,2,0.8057616303766011,93.75031648078912,75.93701893674233,246.0,38,169,Nenhuma,0.2775259017944336
41,3.1538461538461537,3,113.82271352463621,56.0,171.17728647536381,147.6608207088367,142,101,Nenhuma,0.2775259017944336
41,3.1538461538461537,4,523.0216697609624,227.48654211811362,614.2418645837046,355.8713359009983,568,291,Nenhuma,0.2775259017944336
41,3.1538461538461537,5,154.1286617107911,41.35204525873193,176.64891854671487,110.99551161491593,165,76,Nenhuma,0.2775259017944336
41,3.1538461538461537,6,443.86016186558527,230.2142936811456,527.6502736661902,356.34864605187363,485,293,Nenhuma,0.2775259017944336
41,3.1538461538461537,7,274.9544776074037,2.1745828145006243,312.215909187136,101.3495407701176,293,51,Nenhuma,0.2775259017944336
41,3.1538461538461537,8,60.22990965976784,34.09922121517751,92.07929904728671,88.40148444838673,76,61,Nenhuma,0.2775259017944336
41,3.1538461538461537,9,134.70577928518415,35.99999999999999,159.1882688693577,78.09449884323746,146,57,Nenhuma,0.2775259017944336
41,3.1538461538461537,10,469.03751158110543,239.87928154737165,550.0832068715229,357.87928154737165,509,298,Nenhuma,0.2775259017944336
41,3.1538461538461537,11,88.28428469365197,33.91360330681182,127.64688803147355,114.92946520423779,107,74,Nenhuma,0.2775259017944336
41,3.1538461538461537,12,173.53610717927347,2.9861859997563087,207.79389393765925,107.13510996710104,190,55,Nenhuma,0.2775259017944336
42,3.230769230769231,1,412.19800764264915,122.96110131604469,500.2177310169808,298.34301373148384,456,210,Nenhuma,0.28400370478630066
42,3.230769230769231,2,0.35895195246367706,93.90869299028058,75.22093977650479,246.0,37,169,Nenhuma,0.28400370478630066
42,3.230769230769231,3,113.97210747327327,55.99999999999999,171.68678057801392,148.56802571336846,142,102,Nenhuma,0.28400370478630066
42,3.230769230769231,4,518.7917014613753,223.61030790938932,611.8237513134814,355.4073139553559,565,289,Nenhuma,0.28400370478630066
42,3.230769230769231,5,153.25765531418133,41.09279084538326,176.06126123246008,111.60051151259256,164,76,Nenhuma,0.28400370478630066
42,3.230769230769231,6,444.96066821962444,224.54542296801299,533.2828064200941,356.0985306336853,489,290,Nenhuma,0.28400370478630066
42,3.230769230769231,7,279.4258902714651,2.016098145943019,315.39975678654156,95.60915855035098,297,48,Nenhuma,0.28400370478630066
42,3.230769230769231,8,62.91356500721206,33.34369832981213,95.21516196146383,87.54971315709645,79,60,Nenhuma,0.28400370478630066
42,3.230769230769231,9,134.68605300412776,35.999999999999986,159.0145912983684,77.82979146578515,146,56,Nenhuma,0.28400370478630066
42,3.230769230769231,10,466.28687048692984,224.9413983551355,550.9476603513109,351.79617246388483,508,288,Nenhuma,0.28400370478630066
42,3.230769230769231,11,86.03883909768845,34.00122291554869,126.51345894184257,116.35635729175013,106,75,Nenhuma,0.28400370478630066
42,3.230769230769231,12,172.43455924701738,4.462288504853262,206.82945305227787,108.71067743019671,189,56,Nenhuma,0.28400370478630066
43,3.3076923076923075,1,413.2146507470046,119.52762025328335,501.8612859927777,299.40712063314584,457,209,Nenhuma,0.30349716544151306
43,3.3076923076923075,2,0.5124358773833961,97.9352625251326,73.30913536041764,246.0,36,171,Nenhuma,0.30349716544151306
43,3.3076923076923075,3,114.36600329525498,56.65744399257919,172.19927342838082,149.56566694461128,143,103,Nenhuma,0.30349716544151306
43,3.3076923076923075,4,514.5377372870138,222.1366274487748,606.4541218227486,352.6336634724272,560,287,Nenhuma,0.30349716544151306
43,3.3076923076923075,5,153.48981979728006,41.657885657775644,175.31292278054798,108.53550137013298,164,75,Nenhuma,0.30349716544151306
43,3.3076923076923075,6,434.09290165150986,220.45847315282907,517.8368887187768,346.3485339030531,475,283,Nenhuma,0.30349716544151306
43,3.3076923076923075,7,282.5054306940224,1.9611710106534517,318.0126962570775,91.15361686098166,300,46,Nenhuma,0.30349716544151306
43,3.3076923076923075,8,65.51382495852346,32.40672629039699,98.72575675310847,87.88273202482011,82,60,Nenhuma,0.30349716544151306
43,3.3076923076923075,10,446.0996920236424,221.86066464321982,533.5115185840249,351.0945990466654,489,286,Nenhuma,0.30349716544151306
43,3.3076923076923075,11,86.92300002547657,34.68694215520153,126.99473946646594,116.88648373984236,106,75,Nenhuma,0.30349716544151306
43,3.3076923076923075,12,171.8011360876813,6.4468331276022965,206.1246868762936,109.9264285216253,188,58,Nenhuma,0.30349716544151306
44,3.3846153846153846,1,408.5008987818495,117.59359182506266,501.68499324530865,310.2440857888785,455,213,Nenhuma,0.3116144835948944
44,3.3846153846153846,2,1.7351603468935437,100.7980323358464,73.43144585303756,246.0,37,173,Nenhuma,0.3116144835948944
44,3.3846153846153846,3,114.3393207285048,56.90722437513166,171.90930183536662,149.28016851688182,143,103,Nenhuma,0.3116144835948944
44,3.3846153846153846,4,506.0490814043621,222.92412597465398,598.850248956961,354.80896937732143,552,288,Nenhuma,0.3116144835948944
44,3.3846153846153846,5,153.12796839635865,41.634981308643376,174.81956970581587,108.10958993452044,163,74,Nenhuma,0.3116144835948944
44,3.3846153846153846,6,420.6103066396398,216.26386608690996,504.2979993750305,341.1312722280501,462,278,Nenhuma,0.3116144835948944
44,3.3846153846153846,7,285.3190593738555,1.9468119722604769,321.23249119701484,88.83654976401652,303,45,Nenhuma,0.3116144835948944
44,3.3846153846153846,8,69.2702790740672,30.104429002389313,103.75735752030198,87.3532508174154,86,58,Nenhuma,0.3116144835948944
44,3.3846153846153846,10,443.84120797556494,220.34184700751769,531.9219156179909,350.5647019878803,487,285,Nenhuma,0.3116144835948944
44,3.3846153846153846,11,86.83972556186308,36.26343553674403,126.31148027729373,117.73520032146183,106,76,Nenhuma,0.3116144835948944
44,3.3846153846153846,12,169.07411530305603,7.087844892954109,203.45037682047095,110.27852743441439,186,58,Nenhuma,0.3116144835948944
45,3.4615384615384617,1,410.5776720227277,115.59775620941839,501.5715709873369,307.95653865836164,456,211,Nenhuma,0.2521887719631195
45,3.4615384615384617,2,2.1053015121540852,103.1775347105772,72.90266095243346,246.0,37,174,Nenhuma,0.2521887719631195
45,3.4615384615384617,3,114.48598327202984,56.99916061499286,171.63592322289418,148.500820977116,143,102,Nenhuma,0.2521887719631195
45,3.4615384615384617,4,499.8381673026909,221.95652913225575,593.1965616086923,354.98303223817294,546,288,Nenhuma,0.2521887719631195
45,3.4615384615384617,5,154.43896950623645,47.45381774426878,173.37106944069006,105.56165393878064,163,76,Nenhuma,0.2521887719631195
45,3.4615384615384617,6,421.4746763943277,214.76321496436958,502.78456743307726,337.9116780745294,462,276,Nenhuma,0.2521887719631195
45,3.4615384615384617,7,286.55253017125494,1.9460441466057006,322.7498169240391,86.6713045295999,304,44,Nenhuma,0.2521887719631195
45,3.4615384615384617,8,70.1778785166893,29.654913902992792,104.97380454636695,87.41638065264326,87,58,Nenhuma,0.2521887719631195
45,3.4615384615384617,10,441.58272399918155,218.82302937181555,530.3323125802631,350.03480492909523,485,284,Nenhuma,0.2521887719631195
45,3.4615384615384617,11,86.88229581872315,36.85430444715006,125.99771715510934,118.04304715147997,106,77,Nenhuma,0.2521887719631195
45,3.4615384615384617,12,167.84669940802672,7.970759736991276,202.18933339402605,110.35021155954357,185,59,Nenhuma,0.2521887719631195
46,3.5384615384615383,1,411.03416558659796,114.84560360078135,501.2284181934276,309.5801587445276,456,212,Nenhuma,0.2526801824569702
46,3.5384615384615383,2,1.881280916418433,103.35946785071066,73.0736272586973,246.66955414102256,37,175,Nenhuma,0.2526801824569702
46,3.5384615384615383,3,114.50831438664595,57.0302403056748,171.5614778522112,148.19942645666717,143,102,Nenhuma,0.2526801824569702
46,3.5384615384615383,4,495.57564168300905,222.27482822565509,588.5014350985857,355.04470665307565,542,288,Nenhuma,0.2526801824569702
46,3.5384615384615383,5,153.60605333874116,42.98704795685626,174.1230884553671,106.41058631283266,163,74,Nenhuma,0.2526801824569702
46,3.5384615384615383,6,410.0020377954877,213.6122443812143,491.06246601935885,333.44325124449733,450,273,Nenhuma,0.2526801824569702
46,3.5384615384615383,7,287.2969833593145,1.95036690679688,324.22399658550444,85.90999765366746,305,43,Nenhuma,0.2526801824569702
46,3.5384615384615383,8,71.08547772146694,29.20539880359627,106.19025181027637,87.47951048787111,88,58,Nenhuma,0.2526801824569702
46,3.5384615384615383,10,439.3242400944921,217.30421173611344,528.7427094708411,349.50490787031015,484,283,Nenhuma,0.2526801824569702
46,3.5384615384615383,11,87.48097045669843,37.064803435515394,125.9770222259585,117.48295790682252,106,77,Nenhuma,0.2526801824569702
46,3.5384615384615383,12,166.97053599672753,8.244854403370162,201.60490854680793,111.02604734166036,184,59,Nenhuma,0.2526801824569702
47,3.6153846153846154,1,416.5175833690943,112.6414946490815,495.1187602982165,284.1707214783262,455,198,Nenhuma,0.28656256198883057
47,3.6153846153846154,2,4.7348254220510455,107.38649570332015,74.19524105807987,246.25080591277876,39,176,Nenhuma,0.28656256198883057
47,3.6153846153846154,3,113.93004173139623,57.038579058611575,171.45501987870006,148.7454702566185,142,102,Nenhuma,0.28656256198883057
47,3.6153846153846154,4,488.139733096548,223.74818654235966,580.2478284097178,355.7178345109538,534,289,Nenhuma,0.28656256198883057
47,3.6153846153846154,5,153.33429619327336,42.95971572811499,173.70880045037464,105.94265803871721,163,74,Nenhuma,0.28656256198883057
47,3.6153846153846154,6,398.3489729869127,212.59579375489483,480.19856366152175,331.16557658098185,439,271,Nenhuma,0.28656256198883057
47,3.6153846153846154,7,291.18114826425904,3.298690141318133,328.41710931701834,86.33830333823704,309,44,Nenhuma,0.28656256198883057
47,3.6153846153846154,8,73.79171447387122,26.461002941353264,111.10420313224724,88.75621355261211,92,57,Nenhuma,0.28656256198883057
47,3.6153846153846154,11,87.80706806250757,37.79390386763601,125.2245408098291,115.93015011199165,106,76,Nenhuma,0.28656256198883057
47,3.6153846153846154,12,165.6648706689703,8.309380411810793,200.43819363287284,111.23818209317066,183,59,Nenhuma,0.28656256198883057
48,3.6923076923076925,1,419.3402666232674,111.16059096004862,491.9968318081574,270.48426054085127,455,190,Nenhuma,0.31681036949157715
48,3.6923076923076925,2,5.4950193236919915,109.53800779468926,74.9423113765567,246.76196094938902,40,178,Nenhuma,0.31681036949157715
48,3.6923076923076925,3,114.05318520885149,57.038826490783485,171.73291986713267,148.94830673234165,142,102,Nenhuma,0.31681036949157715
48,3.6923076923076925,4,484.9306328003314,223.68690066034299,576.3741879092453,355.311489170086,530,289,Nenhuma,0.31681036949157715
48,3.6923076923076925,5,153.06253903822062,42.93238349937373,173.29451245496716,105.47472976460173,163,74,Nenhuma,0.31681036949157715
48,3.6923076923076925,6,392.96423307562793,211.61898953940752,476.863999636382,331.7256858271098,434,271,Nenhuma,0.31681036949157715
48,3.6923076923076925,7,293.78990911491036,3.7996769751487633,330.0035625493748,82.50472820147147,311,43,Nenhuma,0.31681036949157715
48,3.6923076923076925,8,74.85611206329952,25.80068881847047,112.66870668726014,88.93081761162193,93,57,Nenhuma,0.31681036949157715
48,3.6923076923076925,11,87.27700285034307,37.38408961058649,124.94130688590027,116.00191584154376,106,76,Nenhuma,0.31681036949157715
48,3.6923076923076925,12,165.41095750469097,9.655375569953257,199.88378363944207,111.28461878313442,182,60,Nenhuma,0.31681036949157715
49,3.769230769230769,1,429.3184659653303,111.37338944686212,488.08894332453616,238.26370939574736,458,174,Nenhuma,0.399768590927124
49,3.769230769230769,2,5.114172538476325,112.96312862004922,73.17814472057914,246.27709167860363,39,179,Nenhuma,0.399768590927124
49,3.769230769230769,3,114.06901711535599,57.03605540653228,171.20908445135893,147.70093487214228,142,102,Nenhuma,0.399768590927124
49,3.769230769230769,4,479.3405112050342,223.6878279349961,570.9665006779334,355.80879546174515,525,289,Nenhuma,0.399768590927124
49,3.769230769230769,5,152.7907818735829,42.90505127063247,172.88022446914465,105.00680149048628,162,73,Nenhuma,0.399768590927124
49,3.769230769230769,6,385.7090850244465,207.34868945008,471.26341034690944,330.67265290328453,428,269,Nenhuma,0.399768590927124
49,3.769230769230769,7,295.9963203156755,3.9415652373970786,331.6221432347353,81.36852521236241,313,42,Nenhuma,0.399768590927124
49,3.769230769230769,8,75.92050937009932,25.140374695587674,114.23321052490157,89.10542167063173,95,57,Nenhuma,0.399768590927124
49,3.769230769230769,11,86.44545852247626,37.22354298792368,123.4973651219413,114.03743330190858,104,75,Nenhuma,0.399768590927124
49,3.769230769230769,12,164.9572757259971,12.154877349897518,198.79233241834515,111.27148955544719,181,61,Nenhuma,0.399768590927124
49,3.769230769230769,15,28.12923635342791,86.0,68.6463224552574,158.01669397290772,48,122,Nenhuma,0.399768590927124
50,3.8461538461538463,1,430.8209742494388,111.5799668195211,485.0837705880882,227.4437937404531,457,169,Nenhuma,0.2543427348136902
50,3.8461538461538463,2,5.712293878910721,114.84781557961043,73.11294308294637,246.09366352824213,39,180,Nenhuma,0.2543427348136902
50,3.8461538461538463,3,114.01267553389536,57.032102922823434,171.0715162780529,147.2232864480045,142,102,Nenhuma,0.2543427348136902
50,3.8461538461538463,4,474.31674429740707,223.70916315406407,564.8356970282349,354.0207698337282,519,288,Nenhuma,0.2543427348136902
50,3.8461538461538463,6,381.97602365459284,205.13852322012437,467.16550089284107,329.6739784298717,424,267,Nenhuma,0.2543427348136902
50,3.8461538461538463,7,298.2027355271269,4.083453499645394,333.24071990940945,80.23232222325336,315,42,Nenhuma,0.2543427348136902
50,3.8461538461538463,8,76.98490639427061,24.48006057270488,115.79771464517148,89.28002572964155,96,56,Nenhuma,0.2543427348136902
50,3.8461538461538463,11,86.0326818587704,37.818817829518096,123.06935878221859,114.62923747704637,104,76,Nenhuma,0.2543427348136902
50,3.8461538461538463,12,164.38179426283142,14.399779972572489,197.53892385935328,111.2401308897423,180,62,Nenhuma,0.2543427348136902
50,3.8461538461538463,15,28.27210433324458,86.0,68.75036548532266,158.04773742978756,48,122,Nenhuma,0.2543427348136902
51,3.923076923076923,1,419.99970580690234,110.93871243301858,478.0075166673078,230.19108369078572,449,170,Nenhuma,0.27001211047172546
51,3.923076923076923,2,6.103776483667765,116.82207807951768,72.90905880149344,246.026473140843,39,181,Nenhuma,0.27001211047172546
51,3.923076923076923,3,113.93366218574063,57.02846355951412,171.07920822088218,147.04646022487407,142,102,Nenhuma,0.27001211047172546
51,3.923076923076923,4,468.5310468675139,222.41682671443573,560.052638135083,353.99336159988627,514,288,Nenhuma,0.27001211047172546
51,3.923076923076923,6,379.6529514071503,203.0557360558458,463.58110821477476,328.04295407579883,421,265,Nenhuma,0.27001211047172546
51,3.923076923076923,7,300.4091547492646,4.225341761893709,334.8592925733975,79.09611923414431,317,41,Nenhuma,0.27001211047172546
51,3.923076923076923,11,85.46947845330774,37.36501024628142,122.67908184994037,114.85205898218385,104,76,Nenhuma,0.27001211047172546
51,3.923076923076923,12,163.80271634394012,14.497680434469551,196.85888114614787,110.52941445034256,180,62,Nenhuma,0.27001211047172546
51,3.923076923076923,15,28.335586551542185,86.0,68.74785148981519,158.0470493702428,48,122,Nenhuma,0.27001211047172546
52,4.0,1,417.4240644988465,111.43404203549944,476.99684146147894,229.73299743185828,447,170,Nenhuma,0.27836769819259644
52,4.0,2,7.024384626243773,118.15486596654844,73.39592510197792,246.00233691518596,40,182,Nenhuma,0.27836769819259644
52,4.0,3,113.85137803732782,57.02516875738635,171.1365037056823,146.98344929306836,142,102,Nenhuma,0.27836769819259644
52,4.0,4,465.03283895523435,221.2916139799613,557.8631440212216,354.641860095261,511,287,Nenhuma,0.27836769819259644
52,4.0,6,378.04490343088054,201.6807798365808,461.32352400639485,328.138677818411,419,264,Nenhuma,0.27836769819259644
52,4.0,11,85.86428320465721,37.84848525291277,122.61351576214354,114.27567930671626,104,76,Nenhuma,0.27836769819259644
52,4.0,12,163.86928721813607,14.490076789571233,197.0836016640809,110.25601378196617,180,62,Nenhuma,0.27836769819259644
52,4.0,15,28.37661649312688,86.0,68.712593708654,158.04030816372858,48,122,Nenhuma,0.27836769819259644
53,4.076923076923077,1,419.64687205013945,111.65219187396839,481.912489552467,235.38226964333438,450,173,Nenhuma,0.2648441791534424
53,4.076923076923077,2,7.653102338534353,118.5791414613429,73.94702515426506,245.99424263422475,40,182,Nenhuma,0.2648441791534424
53,4.076923076923077,3,114.33182846553143,57.022208826180226,171.31082106482444,146.3010697409851,142,101,Nenhuma,0.2648441791534424
53,4.076923076923077,4,454.64894241531465,220.88470416595607,548.6623995502272,354.23344357782304,501,287,Nenhuma,0.2648441791534424
53,4.076923076923077,6,371.19267162556747,199.91677075103757,455.2157772621628,328.8827965932825,413,264,Nenhuma,0.2648441791534424
53,4.076923076923077,11,86.18553802695624,36.69031297238056,124.44741217323656,116.05831459112838,105,76,Nenhuma,0.2648441791534424
53,4.076923076923077,12,163.6629245610451,14.448427547126691,196.79810877148154,109.47442286498898,180,61,Nenhuma,0.2648441791534424
53,4.076923076923077,15,27.3535686004787,85.30037282193035,68.32762900913599,158.73316981245392,47,122,Nenhuma,0.2648441791534424
53,4.076923076923077,19,534.976598076777,219.5554073704808,633.132224151797,357.0168862078822,584,288,Nenhuma,0.2648441791534424
54,4.153846153846154,1,416.1371655567658,111.74157300558045,487.32393398587254,256.26573345773625,451,184,Nenhuma,0.30905047059059143
54,4.153846153846154,2,8.64152869058428,119.34506114247104,74.71827267803027,245.9920086035744,41,182,Nenhuma,0.30905047059059143
54,4.153846153846154,3,113.93381625635719,56.355444213869255,171.95706959555616,147.37603413935025,142,101,Nenhuma,0.30905047059059143
54,4.153846153846154,4,448.4837988758926,220.09642681294798,542.3787205311249,352.1016896817582,495,286,Nenhuma,0.30905047059059143
54,4.153846153846154,6,370.95114537214647,197.35129905848777,454.7220171567241,329.210087964571,412,263,Nenhuma,0.30905047059059143
54,4.153846153846154,7,305.8036901178727,11.609844600854359,345.9172401131111,94.92161728106812,325,53,Nenhuma,0.30905047059059143
54,4.153846153846154,11,85.83386995477791,36.26068863739478,125.60195612140382,119.32965872838842,105,77,Nenhuma,0.30905047059059143
54,4.153846153846154,12,163.05802098690137,15.205357050432845,195.951342154595,109.5377042554914,179,62,Nenhuma,0.30905047059059143
54,4.153846153846154,15,26.900416414177506,85.73497805797811,67.59156646018084,158.97633444948616,47,122,Nenhuma,0.30905047059059143
54,4.153846153846154,19,532.6572314454294,214.76444682019314,634.2172655764833,357.0513426696838,583,285,Nenhuma,0.30905047059059143
55,4.230769230769231,1,412.79950234767875,111.7705659625291,488.18181333592133,268.2033420869167,450,189,Nenhuma,0.28124064207077026
55,4.230769230769231,2,8.93444894675197,119.570441610621,75.05839447463278,245.99191293881978,41,182,Nenhuma,0.28124064207077026
55,4.230769230769231,3,113.42612270808283,56.764247276001754,171.89860958069258,148.43707053994868,142,102,Nenhuma,0.28124064207077026
55,4.230769230769231,4,438.37861097453776,219.82176505128643,532.9097933894003,350.6308284775364,485,285,Nenhuma,0.28124064207077026
55,4.230769230769231,6,366.7842982990316,192.52944543108615,450.4445109817673,328.0726014573594,408,260,Nenhuma,0.28124064207077026
55,4.230769230769231,7,307.77745166744444,11.47799458931808,349.5499259375862,96.52651040985324,328,54,Nenhuma,0.28124064207077026
55,4.230769230769231,11,85.25551856023102,36.09496851844605,124.55242388607606,118.63265142806614,104,77,Nenhuma,0.28124064207077026
55,4.230769230769231,12,162.45311748097916,15.962286553738998,195.10457546948695,109.60098564599383,178,62,Nenhuma,0.28124064207077026
55,4.230769230769231,15,27.066234366203975,85.22267048709647,66.99248354528636,157.01757169311844,47,121,Nenhuma,0.28124064207077026
55,4.230769230769231,19,530.8833409279678,213.9929949061821,632.7965652500155,357.052409407772,581,285,Nenhuma,0.28124064207077026
56,4.3076923076923075,1,410.7740868163257,113.7001481416364,486.0554153714631,273.09120187733794,448,193,Nenhuma,0.2661217749118805
56,4.3076923076923075,2,8.823733086764364,118.93443037529573,75.37998260775966,245.99249287255645,42,182,Nenhuma,0.2661217749118805
56,4.3076923076923075,3,113.22313976165023,56.9216147676183,171.8837854704941,148.84184653553618,142,102,Nenhuma,0.2661217749118805
56,4.3076923076923075,4,432.81331388164995,218.41759722300077,526.1711216200204,346.77493827197327,479,282,Nenhuma,0.2661217749118805
56,4.3076923076923075,6,362.381606899228,188.79752900923043,445.3813063318655,326.37194272012255,403,257,Nenhuma,0.2661217749118805
56,4.3076923076923075,7,307.3520594236702,9.455614715722142,350.6474446806917,96.45155787338655,328,52,Nenhuma,0.2661217749118805
56,4.3076923076923075,11,85.12957874121162,36.686168704393786,124.04519789963435,118.33510319910641,104,77,Nenhuma,0.2661217749118805
56,4.3076923076923075,12,161.8482140432785,16.719216057045152,194.2578087161574,109.66426703649626,178,63,Nenhuma,0.2661217749118805
56,4.3076923076923075,15,26.754853419583725,85.0353463400127,67.83975143422128,159.0058447980038,47,122,Nenhuma,0.2661217749118805
56,4.3076923076923075,19,528.8569493360129,213.20968333795656,630.9615293486496,357.0449792786683,579,285,Nenhuma,0.2661217749118805
57,4.384615384615385,1,409.781527771414,115.14372521618114,484.1234197969016,274.99654463762226,446,195,Nenhuma,0.2781293988227844
57,4.384615384615385,2,8.733275008647723,118.65462349733285,75.52656675178423,245.9932229105209,42,182,Nenhuma,0.2781293988227844
57,4.384615384615385,3,113.4214303184884,56.98105172444721,172.26233078702754,148.99152760189665,142,102,Nenhuma,0.2781293988227844
57,4.384615384615385,4,428.7216551485938,216.58187687831338,523.4076600244482,346.6716991601037,476,281,Nenhuma,0.2781293988227844
57,4.384615384615385,6,360.95983363359636,188.08486257323608,442.1350347960271,325.750525789638,401,256,Nenhuma,0.2781293988227844
57,4.384615384615385,7,307.50109514444415,8.663334453160239,351.2674677070925,95.74901048367767,329,52,Nenhuma,0.2781293988227844
57,4.384615384615385,11,85.70111853199708,36.91114737599629,124.56511420549054,118.86836514896133,105,77,Nenhuma,0.2781293988227844
57,4.384615384615385,15,26.171592810849713,84.97065037207167,68.62463476157447,161.72085855283046,47,123,Nenhuma,0.2781293988227844
57,4.384615384615385,19,526.5982564442967,213.05478378515838,628.4821934440149,357.037660001218,577,285,Nenhuma,0.2781293988227844
57,4.384615384615385,20,113.7136510040436,57.22044464687295,149.0495076398119,141.0,131,99,Nenhuma,0.2781293988227844
58,4.461538461538462,1,409.12146214888475,112.46735675608838,483.69169579880577,275.01670744956766,446,193,Nenhuma,0.28999394178390503
58,4.461538461538462,2,8.585161867284711,117.18294326898214,76.33811528370543,246.65815780226345,42,181,Nenhuma,0.28999394178390503
58,4.461538461538462,3,113.84332713656192,56.343258942025315,172.71922815156,148.38371183426807,143,102,Nenhuma,0.28999394178390503
58,4.461538461538462,4,412.946806482234,211.30909459727349,514.5392515679866,351.928554048596,463,281,Nenhuma,0.28999394178390503
58,4.461538461538462,6,357.6815137711363,184.63861811067108,435.44225014863946,318.3667555696404,396,251,Nenhuma,0.28999394178390503
58,4.461538461538462,7,308.3906600935129,8.339553855376607,352.47368253343484,96.10430840796084,330,52,Nenhuma,0.28999394178390503
58,4.461538461538462,11,89.29682418922611,36.99376257370407,126.6517847099755,117.08578209173632,107,77,Nenhuma,0.28999394178390503
58,4.461538461538462,15,24.806472786410893,84.95035891701266,64.82044331847838,156.1726869959257,44,120,Nenhuma,0.28999394178390503
58,4.461538461538462,19,530.1168558265204,209.6948481926724,626.7516351629744,348.17081635863474,578,278,Nenhuma,0.28999394178390503
58,4.461538461538462,20,113.77673251951353,56.97551318357202,149.1998896560242,141.0,131,98,Nenhuma,0.28999394178390503
59,4.538461538461538,1,407.92186569027035,110.79484334490066,477.39831182588614,263.32016639960966,442,187,Nenhuma,0.25373581051826477
59,4.538461538461538,2,8.410330570669664,115.9477382195857,76.74372979813211,246.90616292163793,42,181,Nenhuma,0.25373581051826477
59,4.538461538461538,3,114.17954135480723,56.76114436354987,172.71362675769012,148.1491911216835,143,102,Nenhuma,0.25373581051826477
59,4.538461538461538,4,400.20212613675096,207.43879062314912,504.8015284212686,353.2486628336877,452,280,Nenhuma,0.25373581051826477
59,4.538461538461538,6,348.1093842720336,182.0931648808027,425.6505219136629,314.9100821730153,386,248,Nenhuma,0.25373581051826477
59,4.538461538461538,7,308.02091061598696,8.860037038941556,351.5513601541328,95.56653383697044,329,52,Nenhuma,0.25373581051826477
59,4.538461538461538,11,93.6751115167109,36.35724775942379,127.77311310698205,111.07370351177755,110,73,Nenhuma,0.25373581051826477
59,4.538461538461538,12,160.77310240111916,14.299904466613455,194.97152901017498,109.99123193180257,177,62,Nenhuma,0.25373581051826477
59,4.538461538461538,15,23.128381094442833,84.95130064268571,64.46449383401098,158.03003337860696,43,121,Nenhuma,0.25373581051826477
59,4.538461538461538,19,529.8148504134109,216.1192588670192,618.2586441325973,344.18089945839154,574,280,Nenhuma,0.25373581051826477
59,4.538461538461538,20,113.94926657748873,57.65043827320582,149.08828466847854,141.0,131,99,Nenhuma,0.25373581051826477
60,4.615384615384615,1,406.1045983015082,110.14729341247097,473.67142430148004,258.58811877512125,439,184,Nenhuma,0.3079243302345276
60,4.615384615384615,2,8.381692031785597,115.45848685673141,76.84017560352507,246.99752001778532,42,181,Nenhuma,0.3079243302345276
60,4.615384615384615,3,114.30094328503235,56.25911955343434,173.37411831410128,148.72016246718673,143,102,Nenhuma,0.3079243302345276
60,4.615384615384615,4,391.8405405664609,205.30975060159932,496.9845223902763,351.8435660226211,444,278,Nenhuma,0.3079243302345276
60,4.615384615384615,6,344.6767863175797,181.8833678455231,421.4790819170181,313.6781344120358,383,247,Nenhuma,0.3079243302345276
60,4.615384615384615,7,308.0571304521543,9.707871415005904,350.86965792634226,95.33812000037642,329,52,Nenhuma,0.3079243302345276
60,4.615384615384615,11,94.3040935607024,36.35155789947738,128.13784425131058,110.48914358324524,111,73,Nenhuma,0.3079243302345276
60,4.615384615384615,12,159.63774138103133,14.198787140228198,194.57103759952787,110.02125718434178,177,62,Nenhuma,0.3079243302345276
60,4.615384615384615,15,22.178492586854517,84.29077096868025,65.37262751286475,160.67188427165902,43,122,Nenhuma,0.3079243302345276
60,4.615384615384615,19,522.1006934478092,201.09828478190474,624.2981738757469,351.2156719716692,573,276,Nenhuma,0.3079243302345276
60,4.615384615384615,20,114.01162974257596,57.622727189934665,149.1623304153821,141.0,131,99,Nenhuma,0.3079243302345276
61,4.6923076923076925,1,403.42924025849794,110.58804666750387,470.38430833044754,256.8421894210556,436,183,Nenhuma,0.275455117225647
61,4.6923076923076925,2,8.834378234939024,115.91728706352788,77.05353345851275,247.0288266523136,42,181,Nenhuma,0.275455117225647
61,4.6923076923076925,3,114.56405537899606,56.071415751588134,173.3985357652787,148.27502079187548,143,102,Nenhuma,0.275455117225647
61,4.6923076923076925,4,383.0916056837887,203.2399313930457,490.8259443939077,354.53576204772367,436,278,Nenhuma,0.275455117225647
61,4.6923076923076925,6,346.54518726242554,181.89488121351786,419.08336765270315,307.99306314245763,382,244,Nenhuma,0.275455117225647
61,4.6923076923076925,7,308.05737041999055,10.016420083792788,349.84641055183545,93.9124670652158,328,51,Nenhuma,0.275455117225647
61,4.6923076923076925,11,95.7223078495592,36.0709062136702,130.54696695215915,113.95539154005819,113,75,Nenhuma,0.275455117225647
61,4.6923076923076925,12,159.07983775576392,14.162635227104495,194.60895438152735,110.03116018936774,176,62,Nenhuma,0.275455117225647
61,4.6923076923076925,15,22.965399149809837,83.39345734067857,62.638973358231326,152.5334646536371,42,117,Nenhuma,0.275455117225647
61,4.6923076923076925,19,512.5461186665278,212.02786602060667,609.6529388288433,353.4730162301123,561,282,Nenhuma,0.275455117225647
61,4.6923076923076925,20,114.07399290767191,57.59501610666351,149.23637616227694,141.0,131,99,Nenhuma,0.275455117225647
62,4.769230769230769,1,401.35131568332986,110.09910875192817,469.6739500844978,258.86081632447974,435,184,Nenhuma,0.2775774598121643
62,4.769230769230769,2,8.999016009541116,116.07907005006021,77.12314968440629,247.03724323421287,43,181,Nenhuma,0.2775774598121643
62,4.769230769230769,3,114.30312613830203,56.002047300963184,173.09979589687208,148.10222447353738,143,102,Nenhuma,0.2775774598121643
62,4.769230769230769,4,377.72934683451297,203.13775076855686,484.4004040983863,353.628758161351,431,278,Nenhuma,0.2775774598121643
62,4.769230769230769,6,344.32339406320796,182.01192225135244,415.5291046759845,307.2709363404606,379,244,Nenhuma,0.2775774598121643
62,4.769230769230769,7,308.18077621702724,9.452865491558612,349.2268682573951,92.0308551029109,328,50,Nenhuma,0.2775774598121643
62,4.769230769230769,11,97.62476116821091,35.34233653336725,130.2383110322471,109.26274861374878,113,72,Nenhuma,0.2775774598121643
62,4.769230769230769,12,158.27328588957744,12.81749068425885,194.5988500841427,110.03244978936729,176,61,Nenhuma,0.2775774598121643
62,4.769230769230769,15,23.8796518373091,83.04687114224737,61.01395684832009,146.4859666552519,42,114,Nenhuma,0.2775774598121643
62,4.769230769230769,19,503.06530632106956,217.66857586196804,597.6407202192472,355.1516065012005,550,286,Nenhuma,0.2775774598121643
62,4.769230769230769,20,114.13635607277654,57.56730502339235,149.31042190916304,141.0,131,99,Nenhuma,0.2775774598121643
63,4.846153846153846,1,402.3623025798917,109.92651678694082,466.39215845810406,246.44905930292,434,178,Nenhuma,0.3138241469860077
63,4.846153846153846,2,8.906691290908817,115.46720373487945,77.28613604052845,247.0374317409586,43,181,Nenhuma,0.3138241469860077
63,4.846153846153846,3,114.19430341734953,55.978346188396515,172.98941706281946,148.03615239249598,143,102,Nenhuma,0.3138241469860077
63,4.846153846153846,4,371.0215759027454,203.17266479775665,477.9481717153122,354.5669882295723,424,278,Nenhuma,0.3138241469860077
63,4.846153846153846,6,340.82835600558815,182.1124174729657,412.50327979526594,309.7433444234499,376,245,Nenhuma,0.3138241469860077
63,4.846153846153846,7,307.39543417318407,8.563953084318712,348.40661885421184,91.32480443267582,327,49,Nenhuma,0.3138241469860077
63,4.846153846153846,11,98.92042999871788,34.39675409708028,130.14781743090387,106.17272703033655,114,70,Nenhuma,0.3138241469860077
63,4.846153846153846,12,158.0466798892856,14.935439973178987,193.89625224808523,110.03086310562084,175,62,Nenhuma,0.3138241469860077
63,4.846153846153846,15,24.076653650664515,82.24137482081633,61.305936313028994,145.06371733431862,42,113,Nenhuma,0.3138241469860077
63,4.846153846153846,19,496.2600408480845,211.03430793693065,595.4367957413401,355.77060846819165,545,283,Nenhuma,0.3138241469860077
64,4.923076923076923,1,404.9898460744637,109.19841031496621,463.7672009964311,230.65093483393923,434,169,Nenhuma,0.3003078103065491
64,4.923076923076923,2,9.025725276005907,115.88674711360233,77.17801965031322,247.03494638693297,43,181,Nenhuma,0.3003078103065491
64,4.923076923076923,3,114.14485228041261,55.97186364149256,172.95117548416914,148.0111086801063,143,101,Nenhuma,0.3003078103065491
64,4.923076923076923,4,365.93304407903787,203.8881520653554,471.93869801073726,354.9204543245944,418,279,Nenhuma,0.3003078103065491
64,4.923076923076923,6,339.54861594544246,182.1981179863749,410.28261416075094,309.3969243046295,374,245,Nenhuma,0.3003078103065491
64,4.923076923076923,7,307.102637684307,8.22734233085837,348.0400611074826,91.06551085672496,327,49,Nenhuma,0.3003078103065491
64,4.923076923076923,11,99.974445930856,34.06008396214784,129.48007332646148,102.38072348028484,114,68,Nenhuma,0.3003078103065491
64,4.923076923076923,12,157.52572395794763,15.077505168961267,193.44622117966964,110.02744181279422,175,62,Nenhuma,0.3003078103065491
64,4.923076923076923,15,24.31184229519525,81.29156880295838,61.93803577735301,143.92537213315234,43,112,Nenhuma,0.3003078103065491
64,4.923076923076923,19,492.77583890819795,211.25950789514866,591.8571875094866,356.64445583348686,542,283,Nenhuma,0.3003078103065491
65,5.0,1,406.32769826585275,108.95493598338075,463.3069151900063,222.93046614753365,434,165,Nenhuma,0.2724495530128479
65,5.0,2,8.780375147479397,115.37622682547473,76.75028681622175,246.37018065175548,42,180,Nenhuma,0.2724495530128479
65,5.0,3,114.11897498591617,55.971702544452825,172.940323191765,148.00180191841875,143,101,Nenhuma,0.2724495530128479
65,5.0,4,361.7543058252365,205.52434912928538,465.16458474361434,354.3935992446426,413,279,Nenhuma,0.2724495530128479
65,5.0,6,339.22345156451576,181.63202638517765,408.2852677860011,306.67989277929803,373,244,Nenhuma,0.2724495530128479
65,5.0,7,306.8501430047181,8.096907050447342,347.9854713379426,91.63560863864954,327,49,Nenhuma,0.2724495530128479
65,5.0,11,100.41328721535689,33.26448529003965,129.79973753577116,101.71775490091593,115,67,Nenhuma,0.2724495530128479
65,5.0,12,159.72334536264316,15.120283567130329,194.9003587393326,109.3616020702429,177,62,Nenhuma,0.2724495530128479
65,5.0,15,24.698616299832874,80.28450100784393,61.892884363881635,141.53564530494575,43,110,Nenhuma,0.2724495530128479
65,5.0,19,491.06268813406155,206.79676850214113,592.5061010408783,356.97568353186307,541,281,Nenhuma,0.2724495530128479
66,5.076923076923077,1,406.4844038446291,107.48612354923804,467.02889397245417,225.346578241161,436,166,Nenhuma,0.2706272006034851
66,5.076923076923077,2,8.412699657807707,114.5149433113484,76.85168314756244,246.77949444801288,42,180,Nenhuma,0.2706272006034851
66,5.076923076923077,3,114.28337276416691,55.97370318561599,172.759151688922,147.33793163678084,143,101,Nenhuma,0.2706272006034851
66,5.076923076923077,4,357.45921005933474,208.83470400550618,449.9911959614405,339.6808731549305,403,274,Nenhuma,0.2706272006034851
66,5.076923076923077,6,339.4432261515441,182.14212102250264,406.1734739326319,303.715369855449,372,242,Nenhuma,0.2706272006034851
66,5.076923076923077,7,306.62732351213754,8.045953322486625,347.3867641724493,91.1941871632921,327,49,Nenhuma,0.2706272006034851
66,5.076923076923077,11,101.18418860237551,32.96513606849258,130.18703652044218,100.52521442995707,115,66,Nenhuma,0.2706272006034851
66,5.076923076923077,12,160.47810781793584,15.125307501266803,195.5564685270459,109.77410292777643,178,62,Nenhuma,0.2706272006034851
66,5.076923076923077,15,25.744547026000514,79.93265138579203,61.676115147879074,138.67837187946307,43,109,Nenhuma,0.2706272006034851
66,5.076923076923077,19,487.82485965690785,203.83810371316764,589.7034074675792,355.7909926547168,538,279,Nenhuma,0.2706272006034851
67,5.153846153846154,1,407.0645404191649,106.3201681780974,469.80250747601207,226.20587399605694,438,166,Nenhuma,0.28307417035102844
67,5.153846153846154,2,8.174335710993056,113.5289129582299,76.9819403785352,246.93361034464527,42,180,Nenhuma,0.28307417035102844
67,5.153846153846154,3,114.88415604531616,56.63898205846814,172.81194539679194,147.0875595501058,143,101,Nenhuma,0.28307417035102844
67,5.153846153846154,4,346.273829302377,207.4283619763521,438.7042898477956,338.08282151665435,392,272,Nenhuma,0.28307417035102844
67,5.153846153846154,6,343.4649273891878,181.04342061057463,404.4287851787815,292.6057346033987,373,236,Nenhuma,0.28307417035102844
67,5.153846153846154,7,306.56549014284394,8.025076625929536,347.09013268071925,91.02965320549637,326,49,Nenhuma,0.28307417035102844
67,5.153846153846154,11,101.95508784204745,32.665786846945515,130.57433765245992,99.33267395899821,116,65,Nenhuma,0.28307417035102844
67,5.153846153846154,12,160.06844442410568,15.780113279351909,195.18573208717166,110.59055985999726,177,63,Nenhuma,0.28307417035102844
67,5.153846153846154,15,25.215370667090887,79.82894863404391,61.84367536526275,139.75983762823543,43,109,Nenhuma,0.28307417035102844
67,5.153846153846154,19,479.891436724287,202.74747030182186,583.8225082631367,355.97250843509016,531,279,Nenhuma,0.28307417035102844
68,5.230769230769231,1,400.65886337455345,105.23845819093464,478.1641274476988,255.4607696981251,439,180,Nenhuma,0.25163745880126953
68,5.230769230769231,2,7.848571599208846,111.83917027374439,77.25982021666806,246.99098572869923,42,179,Nenhuma,0.25163745880126953
68,5.230769230769231,3,114.25190180732622,56.226372055226975,172.359109956646,146.9966611683106,143,101,Nenhuma,0.25163745880126953
68,5.230769230769231,4,337.16794078126975,206.95811164729963,437.6678884386125,348.9806697085587,387,277,Nenhuma,0.25163745880126953
68,5.230769230769231,6,341.39035211274046,180.0229979461018,401.37764583940697,289.79921912232703,371,234,Nenhuma,0.25163745880126953
68,5.230769230769231,7,306.42841095107246,8.016195179945143,347.0582968166344,91.63410463143353,326,49,Nenhuma,0.25163745880126953
68,5.230769230769231,11,102.72598493437265,32.36643762539845,130.96164093182432,98.14013348803934,116,65,Nenhuma,0.25163745880126953
68,5.230769230769231,12,158.11111518475366,14.695116376934713,193.5528408993189,110.89718156002843,175,62,Nenhuma,0.25163745880126953
68,5.230769230769231,15,25.34290513598121,79.40327706717362,61.465666697316834,138.50695423478214,43,108,Nenhuma,0.25163745880126953
68,5.230769230769231,19,469.30740984056564,202.38760672339356,575.6323691449819,356.03732279136716,522,279,Nenhuma,0.25163745880126953
68,5.230769230769231,20,114.01430311707851,57.98743278249139,149.01224356331844,141.0,131,99,Nenhuma,0.25163745880126953
69,5.3076923076923075,1,400.578142814904,103.00061843159476,482.5886952145011,263.23210667701613,441,183,Nenhuma,0.2557137906551361
69,5.3076923076923075,2,8.755738021815354,113.82604538113797,76.98494045718269,247.01132251103888,42,180,Nenhuma,0.2557137906551361
69,5.3076923076923075,3,114.02002464074964,56.732847026566766,172.18268195414709,147.62743627195502,143,102,Nenhuma,0.2557137906551361
69,5.3076923076923075,4,330.8892134659196,206.7921621832886,433.9221891757336,352.26422071715274,382,279,Nenhuma,0.2557137906551361
69,5.3076923076923075,6,339.31576799279287,179.002575281629,398.3265153435327,286.9927036412554,368,232,Nenhuma,0.2557137906551361
69,5.3076923076923075,7,306.0358447355114,8.012088534809813,346.7010581482241,91.86428290233036,326,49,Nenhuma,0.2557137906551361
69,5.3076923076923075,11,98.04223940608456,33.80685275277417,130.64183352072115,111.39595446254381,114,72,Nenhuma,0.2557137906551361
69,5.3076923076923075,12,155.87959849119068,14.279622785380589,192.47674433736702,114.29720249251136,174,64,Nenhuma,0.2557137906551361
69,5.3076923076923075,15,27.37979567822646,78.20194334232303,64.28950467426122,138.63934453145782,45,108,Nenhuma,0.2557137906551361
69,5.3076923076923075,19,459.17044842328136,204.27286959387993,567.7282117700306,356.05698399778714,513,280,Nenhuma,0.2557137906551361
69,5.3076923076923075,20,114.03304422026527,58.01132150947738,149.02091320522493,141.0,131,99,Nenhuma,0.2557137906551361
70,5.384615384615385,1,400.9241922894041,102.06881432637365,485.3985089640164,267.75487439560266,443,184,Nenhuma,0.2717282474040985
70,5.384615384615385,2,4.000020966382863,91.42024794971998,81.97673010080413,247.01720801280533,42,169,Nenhuma,0.2717282474040985
70,5.384615384615385,3,113.57560450375104,56.262905920519124,172.47384634088962,148.5297696854692,143,102,Nenhuma,0.2717282474040985
70,5.384615384615385,4,323.83711683967334,198.93127686285433,429.85680918142054,348.347526446988,376,273,Nenhuma,0.2717282474040985
70,5.384615384615385,6,337.2411750293451,177.98215261715617,395.2753936911587,284.18618816018375,366,231,Nenhuma,0.2717282474040985
70,5.384615384615385,7,306.27294868183304,8.009803032414801,346.8148397545049,91.95252373731421,326,49,Nenhuma,0.2717282474040985
70,5.384615384615385,11,98.20449216360812,33.690414973545536,130.98996053433402,111.72245341365621,114,72,Nenhuma,0.2717282474040985
70,5.384615384615385,12,155.29168784209378,14.120018276530665,192.48758238391005,116.2235362673222,173,65,Nenhuma,0.2717282474040985
70,5.384615384615385,15,27.73496112887282,77.68305573216584,64.29810936912381,137.55293791005636,46,107,Nenhuma,0.2717282474040985
70,5.384615384615385,19,453.9089170199689,205.7136868956772,564.4729050956138,356.7185799424892,509,281,Nenhuma,0.2717282474040985
70,5.384615384615385,20,114.88723117046342,57.207002824096776,150.5291530480196,141.0,132,99,Nenhuma,0.2717282474040985
70,5.384615384615385,24,487.67467612095624,206.04750453894718,576.4236754748202,355.5583837305282,532,280,Nenhuma,0.2717282474040985
71,5.461538461538462,1,401.44285828145445,100.4533692078769,487.42087837475344,269.4926577711122,444,184,Nenhuma,0.39436569809913635
71,5.461538461538462,2,4.3298760668790734,90.2385419514956,81.73531625558022,247.02014213386155,43,168,Nenhuma,0.39436569809913635
71,5.461538461538462,3,113.26794551071498,56.085291170299065,172.72587071964148,149.52595894937565,142,102,Nenhuma,0.39436569809913635
71,5.461538461538462,4,325.6340507665357,205.02177592416342,427.50315613301694,348.77286928784565,376,276,Nenhuma,0.39436569809913635
71,5.461538461538462,7,306.39629127697344,8.008310051878262,346.8042860313278,91.98597177957475,326,49,Nenhuma,0.39436569809913635
71,5.461538461538462,11,98.36674621905117,33.5739771943169,131.33808625002743,112.04895236476858,114,72,Nenhuma,0.39436569809913635
71,5.461538461538462,12,154.71110592217633,14.159770858143986,192.1244471635039,116.86012022176021,173,65,Nenhuma,0.39436569809913635
71,5.461538461538462,15,28.09012685087723,77.16416812200865,64.30671379262833,136.46653128865483,46,106,Nenhuma,0.39436569809913635
71,5.461538461538462,19,447.9835269857637,204.31645082371028,560.9469273908508,356.96370990015,504,280,Nenhuma,0.39436569809913635
71,5.461538461538462,20,115.01081299653019,57.14334196573382,150.6798158926114,141.0,132,99,Nenhuma,0.39436569809913635
71,5.461538461538462,24,479.31792067798676,203.8497247979127,569.5339931498414,356.00839104431475,524,279,Nenhuma,0.39436569809913635
72,5.538461538461538,1,402.86852563365187,100.48117021397229,488.90046894116773,270.0890819815839,445,185,Nenhuma,0.2613714635372162
72,5.538461538461538,2,7.220290683617449,102.76033022188491,78.22628738421534,247.01895714080334,42,174,Nenhuma,0.2613714635372162
72,5.538461538461538,3,113.38291876366499,55.36202031689734,172.5922052780648,148.58844864662066,142,101,Nenhuma,0.2613714635372162
72,5.538461538461538,4,322.9353708913881,193.5206510145249,430.0907339103603,346.9441469217361,376,270,Nenhuma,0.2613714635372162
72,5.538461538461538,7,306.4729135394058,8.00719940090245,346.7513954965461,91.99834939641214,326,50,Nenhuma,0.2613714635372162
72,5.538461538461538,11,98.52900157241366,33.45753941508827,131.68621066780133,112.37545131588098,115,72,Nenhuma,0.2613714635372162
72,5.538461538461538,12,153.08676698170157,13.276114518026276,190.5788956154585,116.34452161461931,171,64,Nenhuma,0.2613714635372162
72,5.538461538461538,15,28.445292844239695,76.64528051185144,64.31531794477479,135.38012466725334,46,106,Nenhuma,0.2613714635372162
72,5.538461538461538,19,443.02350017771045,202.50404781575662,558.068275606583,357.05026597140784,500,279,Nenhuma,0.2613714635372162
72,5.538461538461538,20,115.13439482074538,57.07968110737086,150.83047873905477,141.0,132,99,Nenhuma,0.2613714635372162
72,5.538461538461538,24,474.0313999660003,200.1874585231368,565.8536161286116,355.3956816705652,519,277,Nenhuma,0.2613714635372162
73,5.615384615384615,1,404.01866030495046,101.17015386069681,489.5106944974645,270.22815623576355,446,185,Nenhuma,0.3198692798614502
73,5.615384615384615,2,8.607536161544019,107.28206541894488,77.24725946775828,247.01613560856381,42,177,Nenhuma,0.3198692798614502
73,5.615384615384615,3,113.99715366592918,56.40578965090893,171.97355690428753,147.56349860560957,142,101,Nenhuma,0.3198692798614502
73,5.615384615384615,4,319.9611623003567,184.21588634533884,431.798874776279,347.56829864700285,375,265,Nenhuma,0.3198692798614502
73,5.615384615384615,7,306.52892945429403,8.006300331437863,346.68717270379267,92.00267129070656,326,50,Nenhuma,0.3198692798614502
73,5.615384615384615,11,98.06725315595088,36.5410116009836,130.27465716490497,115.58627804979085,114,76,Nenhuma,0.3198692798614502
73,5.615384615384615,12,152.67045504219607,13.74462819735028,190.16628887766996,116.95674933793153,171,65,Nenhuma,0.3198692798614502
73,5.615384615384615,19,439.5309521812534,198.57043951741008,557.606514862207,357.07675703774567,498,277,Nenhuma,0.3198692798614502
73,5.615384615384615,20,115.257976643109,57.0160202490079,150.9811415873497,140.99999999999997,133,99,Nenhuma,0.3198692798614502
73,5.615384615384615,24,468.9945278801464,198.8679169527923,561.6967399171948,355.56360859413655,515,277,Nenhuma,0.3198692798614502
74,5.6923076923076925,1,404.2654524094166,100.1712877440686,489.9144665280061,270.195314374298,447,185,Nenhuma,0.3077041804790497
74,5.6923076923076925,2,9.006337710305644,108.94668656186259,76.32624657008462,246.34757223819247,42,177,Nenhuma,0.3077041804790497
74,5.6923076923076925,3,114.21369589441909,56.80701401824805,171.75810049832603,147.17125799593373,142,101,Nenhuma,0.3077041804790497
74,5.6923076923076925,4,319.68600205207224,184.45321885055102,431.87689445413815,351.00256379358973,375,267,Nenhuma,0.3077041804790497
74,5.6923076923076925,7,306.5746278551455,8.005538322224794,346.62301915756245,92.00394460009468,326,50,Nenhuma,0.3077041804790497
74,5.6923076923076925,11,95.83531532142686,35.5411160871594,128.28413832620407,115.3693918594079,112,75,Nenhuma,0.3077041804790497
74,5.6923076923076925,12,151.68410293027398,12.597557714605436,189.55863573823288,116.50982578941489,170,64,Nenhuma,0.3077041804790497
74,5.6923076923076925,19,436.50310960332007,197.1038760590308,554.8669001128424,356.43079290852336,495,276,Nenhuma,0.3077041804790497
74,5.6923076923076925,24,463.95765579781136,197.54837538244786,557.5398637022591,355.73153551770804,510,276,Nenhuma,0.3077041804790497
74,5.6923076923076925,25,40.668391647640746,75.21353204531685,76.41984473472161,153.03589512893382,58,114,Nenhuma,0.3077041804790497
75,5.769230769230769,1,404.31501520927947,99.16145508010514,490.08286893017123,270.1123704599685,447,184,Nenhuma,0.33285439014434814
75,5.769230769230769,2,9.200456264290793,109.57599002735057,75.93456011866112,246.1000244052773,42,177,Nenhuma,0.33285439014434814
75,5.769230769230769,3,114.3703369870073,56.955286535209986,171.60380825351234,147.02753012646212,142,101,Nenhuma,0.33285439014434814
75,5.769230769230769,4,323.54750656847966,198.18346047662396,427.0807670567247,352.3806022530948,375,275,Nenhuma,0.33285439014434814
75,5.769230769230769,7,306.61418575608513,8.00487788922726,346.56285807293773,92.00409054757944,326,50,Nenhuma,0.33285439014434814
75,5.769230769230769,11,95.04777956695082,34.54641623411218,126.9841682260342,113.33003092948394,111,73,Nenhuma,0.33285439014434814
75,5.769230769230769,12,151.6053693125969,12.165937629339588,189.07329913033658,115.66943093436004,170,63,Nenhuma,0.33285439014434814
75,5.769230769230769,19,432.75194613658783,194.6264091672808,551.515438567172,356.17427777686135,492,275,Nenhuma,0.33285439014434814
75,5.769230769230769,24,458.9207837189952,196.2288338121034,553.3829874838044,355.8994624412794,506,276,Nenhuma,0.33285439014434814
75,5.769230769230769,25,40.671191794168365,74.97496402920805,76.38665882070202,151.00579604907588,58,112,Nenhuma,0.33285439014434814
76,5.846153846153846,1,405.08171374630723,98.79726424751739,490.6661892231543,270.0114349546121,447,184,Nenhuma,0.26169922947883606
76,5.846153846153846,2,7.263823775508321,87.23332351503089,84.43763666905537,246.6739863661255,45,166,Nenhuma,0.26169922947883606
76,5.846153846153846,3,114.74512036338521,57.008422965741005,171.894999784005,146.97715992532775,143,101,Nenhuma,0.26169922947883606
76,5.846153846153846,4,324.1941995623965,202.50198717646055,425.3419202627967,353.5842643651625,374,278,Nenhuma,0.26169922947883606
76,5.846153846153846,7,306.64940878310665,8.004299640205303,346.5077900736635,92.00384309728165,326,50,Nenhuma,0.26169922947883606
76,5.846153846153846,11,94.32758190427339,32.8484568985063,126.91708174457649,113.19650698406338,110,73,Nenhuma,0.26169922947883606
76,5.846153846153846,12,151.38958528306568,12.663909688745605,188.46226678921815,115.33181572157646,169,63,Nenhuma,0.26169922947883606
76,5.846153846153846,19,430.9299536500951,193.72556560602288,547.6528057656801,354.7693503968968,489,274,Nenhuma,0.26169922947883606
76,5.846153846153846,25,42.27785697494434,74.67875564244986,77.18509967099484,148.98904122576036,59,111,Nenhuma,0.26169922947883606
77,5.923076923076923,1,406.35311854268866,98.684369475171,491.1857650876383,269.2550576050129,448,183,Nenhuma,0.3448678255081177
77,5.923076923076923,2,5.455066593421343,78.60338160407707,85.48437462036335,246.87829275124597,45,162,Nenhuma,0.3448678255081177
77,5.923076923076923,3,114.4064872886702,57.02572463664377,171.15911703213806,146.29908983006976,142,101,Nenhuma,0.3448678255081177
77,5.923076923076923,4,324.0547522657511,204.74990750187135,423.9720707247535,354.67494305036814,374,279,Nenhuma,0.3448678255081177
77,5.923076923076923,7,306.6811710244438,8.003791099994764,346.45787498802713,92.00347996358502,326,50,Nenhuma,0.3448678255081177
77,5.923076923076923,11,94.11265615575333,30.910152074947895,127.499392426513,113.79319202180474,110,72,Nenhuma,0.3448678255081177
77,5.923076923076923,12,150.79187651107333,12.583225108877727,187.97808851730156,115.56549746046356,169,64,Nenhuma,0.3448678255081177
77,5.923076923076923,19,430.2948602087491,194.09325495346243,545.1306647511966,354.8830284681766,487,274,Nenhuma,0.3448678255081177
77,5.923076923076923,25,43.88452220177022,74.38254725569166,77.98354047523773,146.97228640244484,60,110,Nenhuma,0.3448678255081177
78,6.0,1,407.80285148905523,97.35911925490613,492.3514200099336,268.9034849520729,450,183,Nenhuma,0.26087671518325806
78,6.0,2,4.268263540932537,75.76254681866658,83.77868423407018,246.33049488619838,44,161,Nenhuma,0.26087671518325806
78,6.0,3,113.90263336391544,56.365117443444746,171.25750898553346,146.71218309993753,142,101,Nenhuma,0.26087671518325806
78,6.0,4,324.1625655150078,204.26745262965585,423.5555259517366,354.4022560187384,373,279,Nenhuma,0.26087671518325806
78,6.0,7,306.7099707167194,8.003343038229474,346.41281100763103,92.00310384762808,326,50,Nenhuma,0.26087671518325806
78,6.0,11,95.71433715566782,30.17821718887449,129.9395725784976,114.01442544857994,112,72,Nenhuma,0.26087671518325806
78,6.0,12,150.19416769340205,12.502540529009842,187.49391029106386,115.79917919935065,168,64,Nenhuma,0.26087671518325806
78,6.0,19,428.4113100225872,194.9404492502473,542.1707994045796,355.5873579382925,485,275,Nenhuma,0.26087671518325806
78,6.0,25,45.49118747464601,74.08633886893347,78.78198123343074,144.9555315791293,62,109,Nenhuma,0.26087671518325806
79,6.076923076923077,1,408.00103269077954,94.91622201260884,492.4600236139409,268.07007545997936,450,181,Nenhuma,0.25165465474128723
79,6.076923076923077,2,5.7604352214236485,82.46920733061448,81.08909602677409,246.10824744978737,43,164,Nenhuma,0.25165465474128723
79,6.076923076923077,3,114.27335915617742,57.43678734802304,170.7388068330585,146.21107882830535,142,101,Nenhuma,0.25165465474128723
79,6.076923076923077,4,321.29812781064857,200.12015334058395,422.5780906711347,354.2818369656407,371,277,Nenhuma,0.25165465474128723
79,6.076923076923077,7,306.6023163932884,7.342206497723211,346.5060208467969,92.00275058587088,326,49,Nenhuma,0.25165465474128723
79,6.076923076923077,11,94.8855872070816,33.167385638130355,127.78904685151439,114.74194372707314,111,73,Nenhuma,0.25165465474128723
79,6.076923076923077,12,148.9935362919891,12.908917665883806,187.10196462288508,118.53254910953153,168,65,Nenhuma,0.25165465474128723
79,6.076923076923077,15,30.829115409364704,73.97489724846636,65.15325809959563,128.96884905906003,47,101,Nenhuma,0.25165465474128723
79,6.076923076923077,19,425.7815310582218,197.27848760339822,537.9814736693233,356.51534635401373,481,276,Nenhuma,0.25165465474128723
79,6.076923076923077,20,115.74879244779554,57.950337797367666,152.2470114087033,141.0,133,99,Nenhuma,0.25165465474128723
80,6.153846153846154,1,408.9590013499395,92.70234396421705,492.884126110177,266.4046888821186,450,179,Nenhuma,0.276418000459671
80,6.153846153846154,2,7.6467913743884495,90.56569754255733,78.70989110147167,246.02159212836042,43,168,Nenhuma,0.276418000459671
80,6.153846153846154,3,114.38855673308228,57.84594805117066,170.57306486394225,146.0245018345749,142,101,Nenhuma,0.276418000459671
80,6.153846153846154,4,319.4111405673245,199.87506882998767,420.58213031336857,355.5323574078893,369,277,Nenhuma,0.276418000459671
80,6.153846153846154,7,306.72114128773273,7.752275179850358,346.3750057171236,92.00244568469645,326,49,Nenhuma,0.276418000459671
80,6.153846153846154,11,94.59932469505166,34.349013246810905,127.57358844787431,116.99752646076999,111,75,Nenhuma,0.276418000459671
80,6.153846153846154,12,146.36493827297375,12.28410359383441,185.24479249739005,119.00371875902661,165,65,Nenhuma,0.276418000459671
80,6.153846153846154,15,30.99254913634876,74.55555780218795,65.12677445680322,128.68929664089976,48,101,Nenhuma,0.276418000459671
80,6.153846153846154,19,424.9103085747493,198.86604597139427,535.8947690200778,356.8679879729673,480,277,Nenhuma,0.276418000459671
80,6.153846153846154,20,115.8978262339865,57.98557195066055,152.38057829911634,141.0,134,99,Nenhuma,0.276418000459671
81,6.230769230769231,1,409.72394666432695,90.57803428207396,492.6079154997296,264.41945022437073,451,177,Nenhuma,0.3056867718696594
81,6.230769230769231,2,8.26355148342325,91.07096142087508,78.56434767060856,245.99082090306726,43,168,Nenhuma,0.3056867718696594
81,6.230769230769231,3,114.87088506735942,58.6591105897866,170.741464364278,145.9602019452025,142,102,Nenhuma,0.3056867718696594
81,6.230769230769231,4,317.3320985845415,199.14455649999087,418.1224076164485,356.6541832181193,367,277,Nenhuma,0.3056867718696594
81,6.230769230769231,7,306.7945211325134,7.910734940746572,346.95115857247134,93.32464823474274,326,50,Nenhuma,0.3056867718696594
81,6.230769230769231,11,94.81263965448352,35.444551386285546,127.17849423090392,117.17102143189331,110,76,Nenhuma,0.3056867718696594
81,6.230769230769231,12,147.26402832375638,11.408538700625158,186.06817321156356,118.5082501272641,166,64,Nenhuma,0.3056867718696594
81,6.230769230769231,15,29.830211163537854,75.41593980464913,62.96821717430029,127.92286763536009,46,101,Nenhuma,0.3056867718696594
81,6.230769230769231,19,423.1621889225253,202.13371973602287,531.5132076481742,356.99719759604284,477,279,Nenhuma,0.3056867718696594
81,6.230769230769231,20,116.04686002765618,58.02080610395343,152.5141451820507,141.0,134,99,Nenhuma,0.3056867718696594
82,6.3076923076923075,1,409.9136976374421,87.18239076985114,491.2511424320164,259.70000309917305,450,173,Nenhuma,0.2786937952041626
82,6.3076923076923075,2,8.762254993905778,91.94995826863875,78.23469793853889,245.9808207266039,43,168,Nenhuma,0.2786937952041626
82,6.3076923076923075,3,114.98565188766807,58.95753991053383,170.8745365492634,145.94184806305498,142,102,Nenhuma,0.2786937952041626
82,6.3076923076923075,4,316.98622736122593,198.22778231321698,416.93816283520664,357.06504554344065,366,277,Nenhuma,0.2786937952041626
82,6.3076923076923075,7,306.83187400508683,7.970518373962882,347.15206384213366,93.81925427509682,326,50,Nenhuma,0.2786937952041626
82,6.3076923076923075,11,94.0793723026388,35.20244303485908,126.5302135079241,117.87607601973522,110,76,Nenhuma,0.2786937952041626
82,6.3076923076923075,12,147.58586279082564,10.42442318992127,186.44819084863315,118.30448608963323,167,64,Nenhuma,0.2786937952041626
82,6.3076923076923075,15,29.88544394547038,75.74620043846677,63.032552143477346,128.35882752003477,46,102,Nenhuma,0.2786937952041626
82,6.3076923076923075,19,421.3755745284774,205.38069023571228,527.2838629732441,356.3749195960178,474,280,Nenhuma,0.2786937952041626
82,6.3076923076923075,20,116.19589382880459,58.056040257246316,152.64771205750634,141.00000000000003,134,99,Nenhuma,0.2786937952041626
83,6.384615384615385,1,409.80143443327296,85.27400596312037,490.21703185105025,257.8820354322146,450,171,Nenhuma,0.35431957244873047
83,6.384615384615385,2,9.094914144474906,91.00466021148274,78.62025431656969,245.97884452210724,43,168,Nenhuma,0.35431957244873047
83,6.384615384615385,3,114.96616706483985,59.0606831662699,170.987338763945,145.93995604389755,142,102,Nenhuma,0.35431957244873047
83,6.384615384615385,4,317.7682781192716,197.8955128988172,415.7732858616857,355.8923835644133,366,276,Nenhuma,0.35431957244873047
83,6.384615384615385,7,306.8541997566799,7.993135818344825,347.2124298268217,94.00173779563266,327,50,Nenhuma,0.35431957244873047
83,6.384615384615385,11,94.10438257501893,35.76328966211772,125.99390377991223,117.46975547231511,110,76,Nenhuma,0.35431957244873047
83,6.384615384615385,12,147.88746308552214,10.712686654409637,186.4525804328717,118.21405163973076,167,64,Nenhuma,0.35431957244873047
83,6.384615384615385,15,29.51667946057637,75.87190759090942,62.77592295166255,128.54503660977002,46,102,Nenhuma,0.35431957244873047
83,6.384615384615385,19,421.36819663271586,207.26139602728233,525.9998634628774,356.1372641204065,473,281,Nenhuma,0.35431957244873047
84,6.461538461538462,1,409.7116026357103,83.94456679976308,487.2133589725129,251.93634369798536,448,167,Nenhuma,0.47087204456329346
84,6.461538461538462,2,9.674559514884507,93.9730755198609,77.64675660897835,245.97958808260825,43,169,Nenhuma,0.47087204456329346
84,6.461538461538462,3,114.71851799040073,58.42693093610247,171.26978509774798,145.9437577417822,142,102,Nenhuma,0.47087204456329346
84,6.461538461538462,4,314.75743646211953,195.8150831497151,412.2616084482297,356.738830569014,363,276,Nenhuma,0.47087204456329346
84,6.461538461538462,7,306.7376896884054,8.001356335849529,347.35232357657407,94.72252295126546,327,51,Nenhuma,0.47087204456329346
84,6.461538461538462,11,93.8889833143574,35.97316063541893,125.36657194124113,117.29263222883381,109,76,Nenhuma,0.47087204456329346
84,6.461538461538462,12,147.20742472971534,9.516619643790634,185.97092172526192,118.16687969704469,166,63,Nenhuma,0.47087204456329346
84,6.461538461538462,15,29.74830469079309,75.9236787757728,62.98242472572208,128.6426387487102,46,102,Nenhuma,0.47087204456329346
84,6.461538461538462,19,419.16738178396616,209.94615537605722,522.6236221465283,356.04810286682516,470,282,Nenhuma,0.47087204456329346
84,6.461538461538462,27,348.52621462997274,175.98175005884386,413.7559543512197,271.6184702280686,381,223,Nenhuma,0.47087204456329346
85,6.538461538461538,1,410.3948555531401,83.50507863181411,485.31915706657855,247.01651098434286,447,165,Nenhuma,0.27101898193359375
85,6.538461538461538,2,11.099196615637695,101.13220956158554,76.06114003865251,245.98167201491847,43,173,Nenhuma,0.27101898193359375
85,6.538461538461538,3,114.590350019879,58.18299785870808,171.41054203546344,145.9488986615483,143,102,Nenhuma,0.27101898193359375
85,6.538461538461538,4,314.219933382263,193.74134792795388,409.82746085063116,355.0868524138429,362,274,Nenhuma,0.27101898193359375
85,6.538461538461538,7,306.84412016854543,8.004085121353903,347.2479197688819,94.33110752392506,327,51,Nenhuma,0.27101898193359375
85,6.538461538461538,11,94.10165718364667,36.046187313111865,124.85008898993445,115.88930757682829,109,75,Nenhuma,0.27101898193359375
85,6.538461538461538,12,147.95324923895666,9.072364286673839,186.78033610641737,117.4847017842068,167,63,Nenhuma,0.27101898193359375
85,6.538461538461538,15,30.685085513834498,76.61403201324904,63.54681926378464,128.70302794488592,47,102,Nenhuma,0.27101898193359375
85,6.538461538461538,19,417.4152997541885,212.26075583885012,520.5439834582502,356.68507515312024,468,284,Nenhuma,0.27101898193359375
85,6.538461538461538,20,114.15986184531768,58.94493053889672,150.21403620873187,141.0,132,99,Nenhuma,0.27101898193359375
85,6.538461538461538,27,357.0867023415683,176.70490430098957,421.0946675623196,272.07676201004995,389,224,Nenhuma,0.27101898193359375
86,6.615384615384615,1,411.2951192358701,82.73184123644558,484.62737163279786,243.8819496910706,447,163,Nenhuma,0.25446629524230957
86,6.615384615384615,2,11.720837039260246,104.53410317011944,75.37060684861528,245.98424139054507,43,175,Nenhuma,0.25446629524230957
86,6.615384615384615,3,114.51057616604696,58.08672295082964,171.49451380118128,145.9544502234471,143,102,Nenhuma,0.25446629524230957
86,6.615384615384615,4,314.291404580615,187.0681542285704,411.42953896191153,354.43636212321167,362,270,Nenhuma,0.25446629524230957
86,6.615384615384615,7,306.89006069863706,8.004695051909316,347.19550001569013,94.17219311353236,327,51,Nenhuma,0.25446629524230957
86,6.615384615384615,11,93.40283720631194,36.06674329076765,123.455220182528,114.01423917024502,108,75,Nenhuma,0.25446629524230957
86,6.615384615384615,12,148.77991223643212,8.91497590516471,187.89853027020212,117.21444391411549,168,63,Nenhuma,0.25446629524230957
86,6.615384615384615,15,31.023817943282662,76.2060331461022,63.77056556269916,128.07913774514307,47,102,Nenhuma,0.25446629524230957
86,6.615384615384615,19,416.1793186758083,213.75280331276025,519.2558985384244,356.9201151257754,467,285,Nenhuma,0.25446629524230957
86,6.615384615384615,20,114.02145906951509,59.01442432919271,150.0401109281718,141.0,132,100,Nenhuma,0.25446629524230957
86,6.615384615384615,27,353.27371673544775,176.95203543272368,417.58210068821427,273.650566217751,385,225,Nenhuma,0.25446629524230957
87,6.6923076923076925,1,411.890815625387,81.82717331844316,484.1066938585671,241.43931724494024,447,161,Nenhuma,0.27092209458351135
87,6.6923076923076925,2,10.946097111163361,102.39124084876174,75.44298806325551,245.9862602490444,43,174,Nenhuma,0.27092209458351135
87,6.6923076923076925,3,114.45246766249655,58.04771067615359,171.55366853305694,145.95969292923857,143,102,Nenhuma,0.27092209458351135
87,6.6923076923076925,4,314.803426851589,187.16536687983896,411.0121358803926,355.48234965630024,362,271,Nenhuma,0.27092209458351135
87,6.6923076923076925,7,306.9120954833443,8.004566285411421,347.1651379555317,94.10584836177645,327,51,Nenhuma,0.27092209458351135
87,6.6923076923076925,11,96.51888924590133,36.73679535719795,125.59338052317185,112.63878374529232,111,74,Nenhuma,0.27092209458351135
87,6.6923076923076925,12,149.78108095933356,8.867352848360177,188.97314953165537,116.44812107696171,169,62,Nenhuma,0.27092209458351135
87,6.6923076923076925,15,30.854603637489088,76.05505971673615,63.47435905176614,127.8659043195499,47,101,Nenhuma,0.27092209458351135
87,6.6923076923076925,19,414.9272164349783,214.26628483397894,518.457746812989,357.00422837255337,466,285,Nenhuma,0.27092209458351135
87,6.6923076923076925,20,114.45377391417281,59.037892012524736,150.83563044055416,140.33436184384271,132,99,Nenhuma,0.27092209458351135
87,6.6923076923076925,27,354.2445146964543,177.10288812486615,419.03274789628927,274.5229580870121,386,225,Nenhuma,0.27092209458351135
88,6.769230769230769,1,412.85852247102287,81.5395248574873,483.8314647805327,239.2582385617305,448,160,Nenhuma,0.362873375415802
88,6.769230769230769,2,10.179188670397103,98.9393464062242,75.95193921234963,245.98770042616303,43,172,Nenhuma,0.362873375415802
88,6.769230769230769,3,114.22156492715017,57.36978238962801,171.7844766438916,145.96441884785526,143,101,Nenhuma,0.362873375415802
88,6.769230769230769,4,316.9181972116241,183.34896873449918,414.32440044486,355.23386038751664,365,269,Nenhuma,0.362873375415802
88,6.769230769230769,7,306.7923969765313,8.004194749788596,347.2764624822273,94.73584767124,327,51,Nenhuma,0.362873375415802
88,6.769230769230769,11,93.75331668932458,36.97919703522405,123.61235727724325,114.14810001415646,108,75,Nenhuma,0.362873375415802
88,6.769230769230769,12,149.80656230977596,9.521983392211403,189.08598453293396,116.1540409219977,169,62,Nenhuma,0.362873375415802
88,6.769230769230769,15,30.596718146121965,76.00054973254068,62.8860834673689,127.13854391421859,46,101,Nenhuma,0.362873375415802
88,6.769230769230769,19,413.4725746290743,213.7499171322304,518.0176626635009,357.03190523373564,465,285,Nenhuma,0.362873375415802
88,6.769230769230769,20,114.47594371435105,59.12839545335541,150.78416152304538,140.26025203329678,132,99,Nenhuma,0.362873375415802
88,6.769230769230769,27,355.21531268053457,177.25374081700863,420.48339508129055,275.3953499562732,387,226,Nenhuma,0.362873375415802
89,6.846153846153846,1,413.8534379517631,80.81341620028009,484.4279650427684,238.513490443511,449,159,Nenhuma,0.25816625356674194
89,6.846153846153846,2,7.580123237060768,96.97525514974645,74.50635050955492,245.98898904489198,41,171,Nenhuma,0.25816625356674194
89,6.846153846153846,3,113.73961577174732,58.43207946843188,170.9476828813003,145.96842900385872,142,102,Nenhuma,0.25816625356674194
89,6.846153846153846,4,322.1402215491665,194.9264298609441,413.87780261679086,356.4325280441214,368,275,Nenhuma,0.25816625356674194
89,6.846153846153846,7,306.76309421223914,8.003787966405788,347.29831007800743,94.9687930864728,327,51,Nenhuma,0.25816625356674194
89,6.846153846153846,11,93.55772392082196,37.184090092995255,123.32676388146197,114.1214047861829,108,75,Nenhuma,0.25816625356674194
89,6.846153846153846,12,149.75513671406333,9.346965731979168,189.08923020070654,116.12731502253115,169,62,Nenhuma,0.25816625356674194
89,6.846153846153846,15,28.43327048854674,75.98244343377328,62.053528419556656,130.22927241639695,45,103,Nenhuma,0.25816625356674194
89,6.846153846153846,19,412.8721452927184,210.8643637884726,520.7497004178158,357.03888593965553,466,283,Nenhuma,0.25816625356674194
89,6.846153846153846,20,114.49811357362631,59.21889889418608,150.73269254643958,140.18614222275085,132,99,Nenhuma,0.25816625356674194
89,6.846153846153846,27,356.1861106876886,177.4045935091511,421.9340422432182,276.2677418255343,389,226,Nenhuma,0.25816625356674194
90,6.923076923076923,1,415.01667639866537,80.58386237474294,485.1796114703021,237.63382617590804,450,159,Nenhuma,0.3740141987800598
90,6.923076923076923,2,6.296417775610202,100.1766630880153,72.93385747770856,246.6480386032734,39,173,Nenhuma,0.3740141987800598
90,6.923076923076923,3,113.09062506039503,58.83729403116905,170.43155999320376,145.97243680141113,141,102,Nenhuma,0.3740141987800598
90,6.923076923076923,4,324.21788460772785,195.57198230805687,415.19429243189967,356.2255907190197,369,275,Nenhuma,0.3740141987800598
90,6.923076923076923,7,306.89793847016574,8.66216216338126,347.1564390100744,95.05055486327757,327,51,Nenhuma,0.3740141987800598
90,6.923076923076923,11,93.36212997254167,37.388983150766464,123.04117166545836,114.09470955820935,108,75,Nenhuma,0.3740141987800598
90,6.923076923076923,12,149.703711054604,9.171948071746932,189.0924759322258,116.1005891230646,169,62,Nenhuma,0.3740141987800598
90,6.923076923076923,15,27.27663112327554,75.97656311814538,61.472599305115665,132.0074140685113,44,103,Nenhuma,0.3740141987800598
90,6.923076923076923,19,411.6422210031967,207.12869028441713,522.9166848669638,357.0388510447169,467,282,Nenhuma,0.3740141987800598
90,6.923076923076923,20,114.52028349199861,59.309402335016756,150.68122351073674,140.1120324122049,132,99,Nenhuma,0.3740141987800598
91,7.0,1,415.2805517668178,80.53992720166264,486.2851173968258,239.36523946602813,450,159,Nenhuma,0.3240583539009094
91,7.0,2,4.836403083218968,99.42356590827161,72.65855503592144,246.90133369860342,38,173,Nenhuma,0.3240583539009094
91,7.0,3,112.7507187607543,57.659533517121474,171.00430852107462,145.97576804301525,141,101,Nenhuma,0.3240583539009094
91,7.0,4,323.06404642580424,187.19384520729483,417.6246871102664,356.1442917460706,370,271,Nenhuma,0.3240583539009094
91,7.0,7,306.9507913605098,8.911561991692757,347.0969563251873,95.07429725275205,327,51,Nenhuma,0.3240583539009094
91,7.0,11,93.16653484448372,37.59387620853767,122.75558062923244,114.0680143302358,107,75,Nenhuma,0.3240583539009094
91,7.0,12,149.65228533139796,8.996930411514697,189.09572172749176,116.07386322359805,169,62,Nenhuma,0.3240583539009094
91,7.0,15,27.523077138367547,75.97617216079762,61.86459224197886,132.7004301684508,44,104,Nenhuma,0.3240583539009094
91,7.0,19,411.3740141271385,203.73964020036203,525.6277032215146,357.0363732742145,468,280,Nenhuma,0.3240583539009094
92,7.076923076923077,1,414.11768134220574,80.55525861021931,487.9405213639001,246.0097015388879,451,163,Nenhuma,0.2665140628814697
92,7.076923076923077,2,4.005251588492229,97.16086268388946,73.5294552614087,246.99353178376893,38,172,Nenhuma,0.2665140628814697
92,7.076923076923077,3,112.22127994126002,54.58332227662184,172.2866574143548,145.9783888056519,142,100,Nenhuma,0.2665140628814697
92,7.076923076923077,4,323.5223246559936,184.7549823913168,418.95486459445686,356.7589422341264,371,270,Nenhuma,0.2665140628814697
92,7.076923076923077,7,306.9717330966813,9.002424311355433,347.07033833830906,95.07700563620816,327,52,Nenhuma,0.2665140628814697
92,7.076923076923077,12,157.66181673743995,10.749910608337899,196.35176618444822,116.00541233815292,177,63,Nenhuma,0.2665140628814697
92,7.076923076923077,15,28.087961470817923,75.97782949187217,62.87325130694324,133.6164327617746,45,104,Nenhuma,0.2665140628814697
92,7.076923076923077,19,410.7470079349993,199.8361299373089,527.9543338425524,357.0330990412699,469,278,Nenhuma,0.2665140628814697
93,7.153846153846154,1,417.6860142323251,81.23384778699855,490.4037851708775,243.96174307405406,454,162,Nenhuma,0.2731254994869232
93,7.153846153846154,2,4.338387123751019,98.93640937703928,73.89624569725173,247.02560272794722,39,172,Nenhuma,0.2731254994869232
93,7.153846153846154,3,112.45120097614415,54.72897840165938,172.34545249226693,145.98045185480592,142,100,Nenhuma,0.2731254994869232
93,7.153846153846154,4,324.9783188735933,182.54336331717542,421.497018407226,357.64325691568837,373,270,Nenhuma,0.2731254994869232
93,7.153846153846154,7,306.9804006034223,9.033052896978901,347.0567071504394,95.07236074166144,327,52,Nenhuma,0.2731254994869232
93,7.153846153846154,12,156.93386603965283,10.925442912918143,196.12136046695264,118.06702491845131,176,64,Nenhuma,0.2731254994869232
93,7.153846153846154,15,31.259881236141553,75.97981271276328,66.18195385703378,132.6558695073241,48,104,Nenhuma,0.2731254994869232
93,7.153846153846154,19,410.22416033016896,197.05703190401795,529.2137852210324,357.0298987250586,469,277,Nenhuma,0.2731254994869232
94,7.230769230769231,1,419.7663066613581,81.53921699902678,493.29900935693365,245.82336739283886,456,163,Nenhuma,0.25213053822517395
94,7.230769230769231,2,5.509219687911049,88.3686893609767,82.30116161963565,249.02123074225113,43,168,Nenhuma,0.25213053822517395
94,7.230769230769231,3,113.48702745872014,57.43167807035364,171.4258668230645,145.32540022499302,142,101,Nenhuma,0.25213053822517395
94,7.230769230769231,4,326.317915749113,182.38594568281798,422.37159954113304,357.32484904126176,374,269,Nenhuma,0.25213053822517395
94,7.230769230769231,7,306.8524712627122,9.041034572154693,347.18025456664486,95.72644112507444,327,52,Nenhuma,0.25213053822517395
94,7.230769230769231,12,157.30119543437831,9.663247678144174,196.771951309187,117.42681949910862,177,63,Nenhuma,0.25213053822517395
94,7.230769230769231,15,31.92595789781058,75.32249467788414,66.70942882062323,130.95278741221253,49,103,Nenhuma,0.25213053822517395
94,7.230769230769231,19,410.4108360014276,195.36503217902424,530.0400404652717,357.0267742143751,470,276,Nenhuma,0.25213053822517395
94,7.230769230769231,20,111.87856364993128,59.035330397789544,148.38897642555293,141.88505494219126,130,100,Nenhuma,0.25213053822517395
95,7.3076923076923075,1,420.5166669870087,81.6713267713501,496.3405513009765,251.79387853367354,458,166,Nenhuma,0.25661054253578186
95,7.3076923076923075,2,3.6256679705491806,92.1807258088837,78.09433187236695,247.19185239003608,40,169,Nenhuma,0.25661054253578186
95,7.3076923076923075,3,113.82845742064333,58.48277052428845,171.1315760849293,145.07602781051537,142,101,Nenhuma,0.25661054253578186
95,7.3076923076923075,4,327.94823967415607,182.37900933056872,423.57124082048233,356.53497265872,375,269,Nenhuma,0.25661054253578186
95,7.3076923076923075,7,306.9479969291837,9.699839460077712,347.08103079394226,95.9680009766057,327,52,Nenhuma,0.25661054253578186
95,7.3076923076923075,12,157.83453830508913,9.549562700470595,197.38319294886895,117.52571440202917,177,63,Nenhuma,0.25661054253578186
95,7.3076923076923075,15,31.52483937616908,75.07614490727721,68.2038634521821,132.95756378233423,49,104,Nenhuma,0.25661054253578186
95,7.3076923076923075,19,409.9610320093246,192.14287581385832,530.9483822682927,357.02385218488985,470,274,Nenhuma,0.25661054253578186
95,7.3076923076923075,20,112.0142397068303,59.70746168299601,147.93380114446572,141.99497506899593,129,100,Nenhuma,0.25661054253578186
96,7.384615384615385,1,421.8907715172376,81.7339715216937,497.6504950909407,252.09266572603366,459,166,Nenhuma,0.26404863595962524
96,7.384615384615385,2,3.807126719368206,82.56515827077676,84.66299349229806,249.0745586522766,44,165,Nenhuma,0.26404863595962524
96,7.384615384615385,3,114.18056724860962,58.86886875312316,171.4643836378091,144.98763059389168,142,101,Nenhuma,0.26404863595962524
96,7.384615384615385,4,328.1808207689873,181.76477676377417,424.4169280636694,356.8822427380511,376,269,Nenhuma,0.26404863595962524
96,7.384615384615385,7,307.3626370682251,9.946659661861688,347.32418198541967,96.05233582234543,327,52,Nenhuma,0.26404863595962524
96,7.384615384615385,12,158.3678811034349,9.435877722797017,197.9944346609159,117.6246093049497,178,63,Nenhuma,0.26404863595962524
96,7.384615384615385,15,31.742571604170045,74.96357808639661,68.60279121652718,133.13082971941844,50,104,Nenhuma,0.26404863595962524
96,7.384615384615385,19,410.86146109177133,190.94711376950542,531.572886443803,356.37151406603687,471,273,Nenhuma,0.26404863595962524
96,7.384615384615385,20,112.24625419344663,59.935034504367444,147.59457305125,141.36836435101745,129,100,Nenhuma,0.26404863595962524
97,7.461538461538462,1,424.08247409852487,82.43316845372047,497.0765105647241,245.6311641939453,460,164,Nenhuma,0.2527443468570709
97,7.461538461538462,2,4.15576804466064,79.70362466602435,87.41475052650748,249.12058164601157,45,164,Nenhuma,0.2527443468570709
97,7.461538461538462,3,114.51542549966294,59.007580990786835,172.04914468212465,144.95888331152258,143,101,Nenhuma,0.2527443468570709
97,7.461538461538462,4,327.94401664133227,180.25710121283788,425.0509679719393,357.0094160232809,376,268,Nenhuma,0.2527443468570709
97,7.461538461538462,7,307.54330543184017,10.034135606199513,347.38903838724104,96.07711079937998,327,53,Nenhuma,0.2527443468570709
97,7.461538461538462,12,158.90122382941564,9.322192745123438,198.60567644532787,117.72350420787023,178,63,Nenhuma,0.2527443468570709
97,7.461538461538462,15,31.960303510569013,74.851011265516,69.00171930247424,133.30409565650265,50,104,Nenhuma,0.2527443468570709
97,7.461538461538462,19,412.19320943266877,191.1896406725064,532.1914355182448,356.1180287689589,472,273,Nenhuma,0.2527443468570709
97,7.461538461538462,20,113.92853059221633,58.68918299846139,151.19538168994933,143.12211923665996,132,100,Nenhuma,0.2527443468570709
98,7.538461538461538,1,424.5589367383222,82.05468183455149,497.78853746964245,245.12171612402432,461,163,Nenhuma,0.26044511795043945
98,7.538461538461538,2,2.3081417430100686,87.68942247343104,80.77263642237939,247.18713764931124,41,167,Nenhuma,0.26044511795043945
98,7.538461538461538,3,113.59086316708654,58.38970128511003,172.65084925100044,146.28012296714238,143,102,Nenhuma,0.26044511795043945
98,7.538461538461538,4,330.36564413200165,179.06481316996445,426.69494417730584,355.74334243848534,378,267,Nenhuma,0.26044511795043945
98,7.538461538461538,7,307.63222581577367,10.061306587007685,347.3882336481503,96.07991589608432,327,53,Nenhuma,0.26044511795043945
98,7.538461538461538,12,144.99530575550926,33.762593967980706,176.85663839191687,116.21228963974488,160,74,Nenhuma,0.26044511795043945
98,7.538461538461538,15,32.178035095365985,74.73844444463539,69.40064771002329,133.4773615935869,50,104,Nenhuma,0.26044511795043945
98,7.538461538461538,19,412.21672286367357,192.64356988339568,530.3325654062173,356.0222485084415,471,274,Nenhuma,0.26044511795043945
98,7.538461538461538,20,112.37996067157894,59.53125169563791,148.8326580833252,142.4646841398572,130,100,Nenhuma,0.26044511795043945
99,7.615384615384615,1,426.8978054866771,81.2615464327366,495.831734033535,232.35983538351795,461,156,Nenhuma,0.4846290051937103
99,7.615384615384615,2,2.26227782281687,94.9711704602707,77.40045198639181,247.0726041110596,39,171,Nenhuma,0.4846290051937103
99,7.615384615384615,3,112.61736004880342,57.49837646160686,172.1855066929006,146.11721639712027,142,101,Nenhuma,0.4846290051937103
99,7.615384615384615,4,334.2470782371131,177.99400593098522,428.29476651831396,353.2826549292314,381,265,Nenhuma,0.4846290051937103
99,7.615384615384615,7,307.5531487349204,9.40504136429277,347.4956910983418,96.07504752349203,327,52,Nenhuma,0.4846290051937103
99,7.615384615384615,12,144.2709130427457,35.95917243969861,175.26319257903035,116.15969134393274,159,76,Nenhuma,0.4846290051937103
99,7.615384615384615,19,410.9479968897882,193.24127320425268,527.6397082538311,355.9879054134253,469,274,Nenhuma,0.4846290051937103
99,7.615384615384615,20,112.2623849001211,59.58864845735236,148.74280405288073,142.5851176774733,130,101,Nenhuma,0.4846290051937103
100,7.6923076923076925,1,427.35995395427193,81.65839194171315,494.71434982958533,226.80438099545904,461,154,Nenhuma,0.5520609021186829
100,7.6923076923076925,2,2.4606901333725304,99.03280825686394,75.94497028774242,247.02910292213474,39,173,Nenhuma,0.5520609021186829
100,7.6923076923076925,3,112.14685084056879,57.155897584487654,171.44512114481563,145.39447653386839,141,101,Nenhuma,0.5520609021186829
100,7.6923076923076925,4,343.44725324959967,175.6509749601526,422.4680460293428,322.0006806436591,382,248,Nenhuma,0.5520609021186829
100,7.6923076923076925,7,307.5519903444247,9.153927477246093,347.50324066377095,96.06833342730985,327,52,Nenhuma,0.5520609021186829
100,7.6923076923076925,12,152.62575221437544,36.32437642206161,187.3440922593983,122.81235215851837,169,79,Nenhuma,0.5520609021186829
100,7.6923076923076925,19,409.83145117318844,193.49784272734217,523.999808277981,355.31797016309474,466,274,Nenhuma,0.5520609021186829
100,7.6923076923076925,20,112.14480911768622,59.646045219066814,148.65295003341328,142.70555121508943,130,101,Nenhuma,0.5520609021186829
101,7.769230769230769,1,427.54262790190444,79.76892954429351,492.8774734945077,218.08276185192037,460,148,Nenhuma,0.282492071390152
101,7.769230769230769,2,2.5855468127581247,101.18363109969022,75.37707683545216,247.01266701964101,38,174,Nenhuma,0.282492071390152
101,7.769230769230769,3,112.25983770496137,57.02740015964027,170.87457227359926,144.45716692096192,141,100,Nenhuma,0.282492071390152
101,7.769230769230769,4,349.8378634082643,172.70804438854842,415.86346855890827,291.8801238934509,382,232,Nenhuma,0.282492071390152
101,7.769230769230769,7,307.5775402390256,9.057083057790258,347.47581072094795,96.06102684454342,327,52,Nenhuma,0.282492071390152
101,7.769230769230769,12,153.15735098813775,38.28611154697432,187.4124231686279,123.61959192413761,170,80,Nenhuma,0.282492071390152
101,7.769230769230769,15,24.71007674415074,73.10492782886014,69.99621157657896,146.02597487463566,47,109,Nenhuma,0.282492071390152
101,7.769230769230769,19,409.8894195834068,191.64104145504228,523.5117656442457,355.0669495045271,466,273,Nenhuma,0.282492071390152
101,7.769230769230769,20,112.02723332427429,59.703441980781264,148.5630960249229,142.82598475270555,130,101,Nenhuma,0.282492071390152
102,7.846153846153846,1,426.16057593139783,78.41219367382907,492.22569055788176,216.4034767881882,459,147,Nenhuma,0.27168577909469604
102,7.846153846153846,2,2.249210813456365,100.615553154981,75.56995908238912,247.00628618323083,38,173,Nenhuma,0.27168577909469604
102,7.846153846153846,3,111.96355062361721,55.656081176009906,170.34325819592118,143.44280421625362,141,99,Nenhuma,0.27168577909469604
102,7.846153846153846,4,352.58281753699083,170.33063520572125,412.93206664966243,276.0947312728648,382,223,Nenhuma,0.27168577909469604
102,7.846153846153846,7,307.6109609106608,9.019966399483373,347.4378583973335,96.05408879555023,327,52,Nenhuma,0.27168577909469604
102,7.846153846153846,12,153.68895211813185,40.247846671887025,187.48075172162567,124.42683168975685,170,82,Nenhuma,0.27168577909469604
102,7.846153846153846,15,24.227163103568518,72.88525411892218,70.37482923783887,147.19349373942075,47,110,Nenhuma,0.27168577909469604
102,7.846153846153846,19,411.2638467450602,192.27831622509373,522.6845546405431,354.3195707659303,466,273,Nenhuma,0.27168577909469604
103,7.923076923076923,1,425.07671927619685,75.91900019966506,492.5633568591625,215.896553667339,458,145,Nenhuma,0.4348541498184204
103,7.923076923076923,2,1.6332346000691587,99.71826708169402,75.48493464179559,247.00372292222522,38,173,Nenhuma,0.4348541498184204
103,7.923076923076923,3,111.88769524616801,55.14697735006776,170.11775222510903,143.06902727359068,141,99,Nenhuma,0.4348541498184204
103,7.923076923076923,4,352.1199238303026,168.19547526070235,410.34446305858563,267.91810720735066,381,218,Nenhuma,0.4348541498184204
103,7.923076923076923,7,307.64519547863154,9.00589747647006,347.39854228267984,96.04780682515272,327,52,Nenhuma,0.4348541498184204
103,7.923076923076923,12,154.2205556043578,42.20958179679973,187.54907791839165,125.2340714553761,170,83,Nenhuma,0.4348541498184204
103,7.923076923076923,15,23.744248650271754,72.66558040898421,70.75344771181331,148.36101260420583,47,110,Nenhuma,0.4348541498184204
103,7.923076923076923,19,412.44012720903874,192.55335623113743,521.7797936367169,353.3790313060232,467,272,Nenhuma,0.4348541498184204
103,7.923076923076923,34,163.3102543373733,33.96654216032039,224.08194589442655,163.0,193,98,Nenhuma,0.4348541498184204
104,8.0,1,422.8128394344823,74.36123041457994,491.19396570194704,216.47218832727572,457,145,Nenhuma,0.2550694942474365
104,8.0,2,1.764454933349107,100.68953887562901,75.10890289529254,247.0025857326956,38,173,Nenhuma,0.2550694942474365
104,8.0,3,112.02288879406672,54.9633589585701,169.87981805098173,142.93705450607453,140,98,Nenhuma,0.2550694942474365
104,8.0,4,357.4966623540526,165.41346263995067,414.13677265452145,259.15251674462957,385,212,Nenhuma,0.2550694942474365
104,8.0,7,307.67772629237743,9.000688747997202,347.36111668818916,96.04220935381748,327,52,Nenhuma,0.2550694942474365
104,8.0,15,23.261333384260443,72.44590669904625,71.13206699850231,149.52853146899088,47,110,Nenhuma,0.2550694942474365
104,8.0,19,413.23768421582434,193.34195729319055,521.1325300305504,353.6949646103427,467,273,Nenhuma,0.2550694942474365
104,8.0,34,174.8097825294755,34.66496161154418,235.46348058159987,162.239418681604,205,98,Nenhuma,0.2550694942474365
105,8.076923076923077,1,421.3716735758649,74.47657361405606,489.9394746773475,218.1068269703652,455,146,Nenhuma,0.3102675974369049
105,8.076923076923077,2,1.4449580131528847,101.04049887268492,75.35701121975791,248.33257348607748,38,174,Nenhuma,0.3102675974369049
105,8.076923076923077,3,112.18694403259678,54.903705401554106,169.6879955772178,142.8968544856676,140,98,Nenhuma,0.3102675974369049
105,8.076923076923077,4,360.4620345902953,163.51462521755906,413.14931101596426,250.71270905688323,386,207,Nenhuma,0.3102675974369049
105,8.076923076923077,7,307.33002032582004,8.99886921337999,347.04408819561746,96.03724923187656,327,52,Nenhuma,0.3102675974369049
105,8.076923076923077,12,136.92160954232455,16.281053069518826,178.20585733030782,119.5571509763005,157,67,Nenhuma,0.3102675974369049
105,8.076923076923077,19,413.38080655251235,194.31783143125648,520.4238767386541,355.1472485546754,466,274,Nenhuma,0.3102675974369049
105,8.076923076923077,34,179.23563987098933,34.17267832618568,240.54157317572725,161.25367738895764,209,97,Nenhuma,0.3102675974369049
106,8.153846153846153,1,420.653348100284,73.8921029446144,489.6500388512975,220.12636144652515,455,147,Nenhuma,0.26938363909721375
106,8.153846153846153,2,1.7351332483571085,101.81833151312843,75.71808158520159,248.82750903283448,38,175,Nenhuma,0.26938363909721375
106,8.153846153846153,3,111.88289881597657,54.8904720597031,169.33110507057347,143.55134084556795,140,99,Nenhuma,0.26938363909721375
106,8.153846153846153,4,366.1699040323021,163.6507414554287,419.1585586093164,248.01456058641054,392,205,Nenhuma,0.26938363909721375
106,8.153846153846153,7,307.0609658065319,8.337973444115505,347.0602399289444,96.0328630729152,327,52,Nenhuma,0.26938363909721375
106,8.153846153846153,12,135.6580238814282,14.433124086663312,177.29848660206073,117.95289717350225,156,66,Nenhuma,0.26938363909721375
106,8.153846153846153,19,414.3318098141312,196.01758666345256,519.294415592536,355.0397223306252,466,275,Nenhuma,0.26938363909721375
106,8.153846153846153,34,183.28738308410718,34.01020033659856,245.66246159012783,161.65894466511236,214,97,Nenhuma,0.26938363909721375
106,8.153846153846153,37,502.868174658176,231.4200826775613,560.7117426642626,311.37321394907303,531,271,Nenhuma,0.26938363909721375
106,8.153846153846153,38,34.36814289037123,74.01712007388804,86.47016752290855,194.08560036944013,60,134,Nenhuma,0.26938363909721375
107,8.23076923076923,1,419.67819946251495,73.69992116689563,488.94347708604226,222.25727133937187,454,147,Nenhuma,0.2986832857131958
107,8.23076923076923,2,1.794218385994121,102.09473517351294,75.9212998268149,249.00783676621762,38,175,Nenhuma,0.2986832857131958
107,8.23076923076923,3,111.2449570973295,54.234654519672574,168.4117164828425,143.1462497126518,139,98,Nenhuma,0.2986832857131958
107,8.23076923076923,4,369.7706948281755,162.02726995203756,423.5884914670942,245.9737459194142,396,204,Nenhuma,0.2986832857131958
107,8.23076923076923,7,307.09281230279635,8.747986430355205,346.9338776372931,96.02916007805118,327,52,Nenhuma,0.2986832857131958
107,8.23076923076923,12,134.2602872292797,14.391386751882955,175.99229871971326,117.95189777431847,155,66,Nenhuma,0.2986832857131958
107,8.23076923076923,19,414.9378400181521,198.66154490057255,517.995495274165,355.6640474905072,466,277,Nenhuma,0.2986832857131958
107,8.23076923076923,34,185.26222026980273,34.660131171424055,247.8461680833946,161.1188000812537,216,97,Nenhuma,0.2986832857131958
107,8.23076923076923,37,502.6066680885706,229.4045794264121,561.4497235497149,310.80703705750534,532,270,Nenhuma,0.2986832857131958
107,8.23076923076923,38,34.14658330435231,74.04862159755353,88.58286284623793,198.78780700431426,61,136,Nenhuma,0.2986832857131958
108,8.307692307692308,1,418.85858125055665,72.99754063460433,488.48651616571715,224.42238643962673,453,148,Nenhuma,0.2753521203994751
108,8.307692307692308,2,1.7684881363062317,102.18100084578894,76.05660058467275,249.06811098653833,38,175,Nenhuma,0.2753521203994751
108,8.307692307692308,3,110.46785837905111,53.993954265541205,167.2916224899834,142.99747624979102,138,98,Nenhuma,0.2753521203994751
108,8.307692307692308,4,373.5611655434036,160.46413757113606,424.1981821303746,239.44952061072118,398,199,Nenhuma,0.2753521203994751
108,8.307692307692308,7,307.09902595712566,8.906797257403369,346.893523058422,96.02561301517076,326,52,Nenhuma,0.2753521203994751
108,8.307692307692308,12,133.43456248731397,14.416801925716086,175.85575188400483,119.90549603455791,154,67,Nenhuma,0.2753521203994751
108,8.307692307692308,19,414.37601136234264,200.98255518275914,516.3345530115625,356.5648345594849,465,278,Nenhuma,0.2753521203994751
108,8.307692307692308,34,184.90496593669423,34.20685417321131,248.54349585459062,160.24631290451873,216,97,Nenhuma,0.2753521203994751
108,8.307692307692308,37,504.3728533739875,228.06845194805072,562.7377928152425,309.21971428479804,533,268,Nenhuma,0.2753521203994751
108,8.307692307692308,38,33.87948347583887,74.05052420605381,89.41824166048275,200.27760296460104,61,137,Nenhuma,0.2753521203994751
109,8.384615384615385,1,418.1652340680378,72.1004517662795,487.4072754580367,224.6172837167041,452,148,Nenhuma,0.341048002243042
109,8.384615384615385,2,1.2878781311374397,101.53466121011452,75.92493908910765,249.0834609934343,38,175,Nenhuma,0.341048002243042
109,8.384615384615385,3,109.99106481234678,53.9124543482233,165.74817501607617,141.62785786699646,137,97,Nenhuma,0.341048002243042
109,8.384615384615385,4,377.3516211551822,158.90100519023463,424.8078878971044,232.92529530202822,401,195,Nenhuma,0.341048002243042
109,8.384615384615385,7,306.9663514634381,8.967372983210772,347.01516060771644,96.68351969986634,326,52,Nenhuma,0.341048002243042
109,8.384615384615385,12,133.4948011151625,15.10348374063777,176.787778698229,122.59349704569449,155,68,Nenhuma,0.341048002243042
109,8.384615384615385,19,415.2618608986793,203.1669722154036,515.9821387781151,356.89914459150225,465,280,Nenhuma,0.341048002243042
109,8.384615384615385,34,184.2763848056757,34.043726121922425,249.62958920729383,160.63136875829824,216,97,Nenhuma,0.341048002243042
109,8.384615384615385,37,504.9993680847525,226.86824092530264,563.3996542372298,308.0686506352821,534,267,Nenhuma,0.341048002243042
109,8.384615384615385,38,33.185314706600764,74.04380729888547,89.53419751137929,201.38272903586997,61,137,Nenhuma,0.341048002243042
110,8.461538461538462,1,419.29361335151896,71.78472391200094,486.28387760342497,220.77475953868182,452,146,Nenhuma,0.3364274203777313
110,8.461538461538462,2,1.3911030822490318,101.9384952370006,75.59901990074606,248.4221375982986,38,175,Nenhuma,0.3364274203777313
110,8.461538461538462,3,109.88717726490684,53.89234473748304,165.1113882714534,141.11517259641204,137,97,Nenhuma,0.3364274203777313
110,8.461538461538462,4,381.1420616635114,157.33787280933313,425.4176087672836,226.4010699933352,403,191,Nenhuma,0.3364274203777313
110,8.461538461538462,7,306.7938452745247,8.331376565246337,347.18513638142855,96.92910981869753,326,52,Nenhuma,0.3364274203777313
110,8.461538461538462,12,131.46018973963496,14.752359150497796,174.74637397526516,124.27320404037977,153,69,Nenhuma,0.3364274203777313
110,8.461538461538462,19,416.93729783120955,205.96158276963283,515.8781933858412,357.0186163324971,466,281,Nenhuma,0.3364274203777313
110,8.461538461538462,34,185.11313041206847,33.98718774910311,252.07184279056764,160.78787481516565,218,97,Nenhuma,0.3364274203777313
110,8.461538461538462,37,505.6258827959146,225.66802990255457,564.0615156588201,306.91758698576615,534,266,Nenhuma,0.3364274203777313
110,8.461538461538462,38,33.54894993517233,74.03679075912405,89.60022158846537,199.6123546490497,61,136,Nenhuma,0.3364274203777313
111,8.538461538461538,1,421.5458133359837,71.03392258328755,483.4072892189082,208.69586223907254,452,139,Nenhuma,0.3235955536365509
111,8.538461538461538,2,1.5454913855944312,101.41629800555592,76.03357272383326,248.16549838102702,38,174,Nenhuma,0.3235955536365509
111,8.538461538461538,3,109.53181617848423,53.2301292545336,163.89108898509448,139.6079951039081,136,96,Nenhuma,0.3235955536365509
111,8.538461538461538,7,306.7463007090753,8.090959116473684,347.2332383955464,97.01807878303038,326,52,Nenhuma,0.3235955536365509
111,8.538461538461538,12,130.1792649736877,13.990196862910366,173.95395373754678,124.74656507737298,152,69,Nenhuma,0.3235955536365509
111,8.538461538461538,19,416.80640885501924,208.3113291853986,514.6212285781843,357.0566084502184,465,282,Nenhuma,0.3235955536365509
111,8.538461538461538,34,185.53148569638333,33.96981150748644,253.29517532644704,160.18496822969908,219,97,Nenhuma,0.3235955536365509
111,8.538461538461538,37,506.25239750747363,224.4678188798065,564.7233770800133,305.7665233362502,535,265,Nenhuma,0.3235955536365509
111,8.538461538461538,38,33.939080186190566,74.71713337008902,89.32699984826436,197.4937632838422,61,136,Nenhuma,0.3235955536365509
112,8.615384615384615,1,424.9047182471485,70.79147538720814,479.173335240108,189.14830420715754,452,129,Nenhuma,0.2912903428077698
112,8.615384615384615,2,1.1396878266255968,100.54919332679681,76.00648226556538,248.06714157072742,38,174,Nenhuma,0.2912903428077698
112,8.615384615384615,3,109.19266751959168,52.99004834792501,162.33960493363838,137.72590254523806,135,95,Nenhuma,0.2912903428077698
112,8.615384615384615,7,306.7449963177964,8.002101739526807,347.236233671122,97.0471675436928,326,52,Nenhuma,0.2912903428077698
112,8.615384615384615,11,140.2843440331642,21.09999198884529,179.1692824878982,125.94022201472316,159,73,Nenhuma,0.2912903428077698
112,8.615384615384615,12,130.38213771782253,14.581685246237996,173.15984913983107,125.05191881122268,151,69,Nenhuma,0.2912903428077698
112,8.615384615384615,19,417.60370855422354,211.15179558819278,514.0007002586166,357.06461492471294,465,284,Nenhuma,0.2912903428077698
112,8.615384615384615,34,186.6449135473027,33.96677185174051,255.91679766585094,160.64195469513803,221,97,Nenhuma,0.2912903428077698
112,8.615384615384615,38,33.95620246040917,75.64717255706768,90.68799599523007,200.08992684218504,62,137,Nenhuma,0.2912903428077698
113,8.692307692307692,1,427.81746934129524,70.7566788480978,475.2834389094108,170.76529607385683,451,120,Nenhuma,0.29139551520347595
113,8.692307692307692,2,0.4704427935285125,99.55598540738093,75.85827998944941,248.0290163180435,38,173,Nenhuma,0.29139551520347595
113,8.692307692307692,3,108.91465970247799,52.91116716804968,160.60901500515394,135.7038017810318,134,94,Nenhuma,0.29139551520347595
113,8.692307692307692,7,306.7599171817129,8.630401896639128,347.2232506774993,97.71244666211713,326,53,Nenhuma,0.29139551520347595
113,8.692307692307692,11,141.00584561443765,20.763636010657976,178.70952568407972,125.57013120858146,159,73,Nenhuma,0.29139551520347595
113,8.692307692307692,12,131.18100115134618,15.317647698320648,172.69231557142825,123.83280647531186,151,69,Nenhuma,0.29139551520347595
113,8.692307692307692,19,416.34018871864146,213.49962573956498,511.99863570152496,357.0617860975899,464,285,Nenhuma,0.29139551520347595
113,8.692307692307692,34,186.30933320548323,33.968315116135926,256.78382979976357,161.4888983177564,221,97,Nenhuma,0.29139551520347595
113,8.692307692307692,38,33.63149250240063,75.97658026457752,91.48915481451237,201.67653329292494,62,138,Nenhuma,0.29139551520347595
114,8.76923076923077,1,427.6735437703855,70.78906778466356,474.4161600874278,166.38977190628947,451,118,Nenhuma,0.2859012484550476
114,8.76923076923077,2,-0.2189179097776588,97.20098648434343,76.24587921229231,248.01398039171102,38,172,Nenhuma,0.2859012484550476
114,8.76923076923077,3,108.68410951864269,52.89271419118598,159.4631281155556,134.30766927751944,134,93,Nenhuma,0.2859012484550476
114,8.76923076923077,7,306.2406635521859,8.211970613118964,347.08518841099874,98.61908555341371,326,53,Nenhuma,0.2859012484550476
114,8.76923076923077,11,142.90225876518255,20.08440169675888,181.01387523931191,126.02709379784045,161,73,Nenhuma,0.2859012484550476
114,8.76923076923077,12,131.40148264619245,16.25688044844346,172.6320063463786,124.70462912146385,152,70,Nenhuma,0.2859012484550476
114,8.76923076923077,19,412.87449976953377,214.9829000684332,508.9098357365925,357.055827952997,460,286,Nenhuma,0.2859012484550476
114,8.76923076923077,34,186.3391760202546,33.30680083725123,258.7673389532105,161.8117553185619,222,97,Nenhuma,0.2859012484550476
114,8.76923076923077,37,497.613875795864,225.79022405975962,561.0744047708257,315.4406316960402,529,270,Nenhuma,0.2859012484550476
114,8.76923076923077,38,33.80778369434769,76.26482298246594,92.00137489440792,202.694580645989,62,139,Nenhuma,0.2859012484550476
115,8.846153846153847,1,427.3684519488185,70.80905387754754,474.4276122904451,164.45582799371797,450,117,Nenhuma,0.2584928274154663
115,8.846153846153847,2,0.2159150882127463,98.28253989806333,76.36160123050581,248.66397956139795,38,173,Nenhuma,0.2584928274154663
115,8.846153846153847,3,108.73644084666526,52.22439593591324,159.6166533200086,133.82363157797474,134,93,Nenhuma,0.2584928274154663
115,8.846153846153847,7,305.8579278094379,8.710462593439914,346.56592543271654,98.95471610987309,326,53,Nenhuma,0.2584928274154663
115,8.846153846153847,11,145.29784763594543,18.343902728252402,181.22024477285933,123.0974345433657,163,70,Nenhuma,0.2584928274154663
115,8.846153846153847,12,131.6816209711815,16.62190966409669,172.46275305207405,124.36344298020073,152,70,Nenhuma,0.2584928274154663
115,8.846153846153847,19,413.4474866596295,220.16684740380893,507.30050937656694,357.72005670921567,460,288,Nenhuma,0.2584928274154663
115,8.846153846153847,34,185.95951456210955,33.060502389734154,259.7446636866821,161.93483118590902,222,97,Nenhuma,0.2584928274154663
115,8.846153846153847,37,498.36722215417547,226.39777351294163,556.9797445199788,309.18836594964364,527,267,Nenhuma,0.2584928274154663
115,8.846153846153847,38,33.98407481946424,76.55306570035435,92.51359504113395,203.71262799905304,63,140,Nenhuma,0.2584928274154663
115,8.846153846153847,42,177.84599038111853,31.98309419672352,216.64239949131306,158.26110073949226,197,95,Nenhuma,0.2584928274154663
116,8.923076923076923,1,427.02700143524163,71.53673463101158,474.70119144227755,164.02762178556088,450,117,Nenhuma,0.2628828287124634
116,8.923076923076923,2,1.314709637907626,99.3675909818272,76.80302239627629,248.91212381322327,39,174,Nenhuma,0.2628828287124634
116,8.923076923076923,3,108.48559773555324,51.98613385403059,159.3137596023338,133.67397977436022,133,92,Nenhuma,0.2628828287124634
116,8.923076923076923,7,304.4538865227356,8.90326599399593,347.62892930787524,105.65972848296907,326,57,Nenhuma,0.2628828287124634
116,8.923076923076923,11,157.58020526248032,19.857258660932807,185.26748708133394,102.45734520724915,171,61,Nenhuma,0.2628828287124634
116,8.923076923076923,12,132.35359713897714,16.774330579715063,172.55107121792443,122.90195364012536,152,69,Nenhuma,0.2628828287124634
116,8.923076923076923,19,411.14632824695474,223.37628156474972,503.878909846072,357.2858049587837,457,290,Nenhuma,0.2628828287124634
116,8.923076923076923,34,186.65786336471385,33.634524557824406,261.76492098473807,162.64339871867787,224,98,Nenhuma,0.2628828287124634
116,8.923076923076923,37,496.0853883290014,226.64921121616777,554.658436941882,309.6206333498156,525,268,Nenhuma,0.2628828287124634
116,8.923076923076923,38,34.16036587775028,76.84130841824276,93.0258152546905,204.7306753521171,63,140,Nenhuma,0.2628828287124634
116,8.923076923076923,42,177.74862813485086,31.952308480124806,215.54303230151274,155.02796025856847,196,93,Nenhuma,0.2628828287124634
117,9.0,1,426.8550871638674,71.80273819720307,474.1824248884268,161.3038311925182,450,116,Nenhuma,0.27317535877227783
117,9.0,2,1.3702459701743734,99.12184159010076,76.67478429720467,249.0028350936642,39,174,Nenhuma,0.27317535877227783
117,9.0,3,108.52771212419347,51.90738908600825,159.76651308934646,133.6486234958483,134,92,Nenhuma,0.27317535877227783
117,9.0,4,435.6420700516962,142.02071413379878,482.97323794905213,212.84794759689757,459,177,Nenhuma,0.27317535877227783
117,9.0,7,305.29192931943265,8.333661603792997,346.6666050118295,101.0905040260117,325,54,Nenhuma,0.27317535877227783
117,9.0,11,160.33068644811834,19.292955438564604,187.66087386358842,100.83013154523752,173,60,Nenhuma,0.27317535877227783
117,9.0,12,133.79005210129245,18.169204094904224,171.4588750286369,116.37250576000062,152,67,Nenhuma,0.27317535877227783
117,9.0,19,407.3434244029612,224.46534587772192,500.24212568145236,357.1211116010072,453,290,Nenhuma,0.27317535877227783
117,9.0,34,186.85686439662024,33.85628182473155,262.4536996713305,162.24829089883556,224,98,Nenhuma,0.27317535877227783
117,9.0,37,494.315708456763,227.41163848387367,552.1659190527567,309.1118870990658,523,268,Nenhuma,0.27317535877227783
117,9.0,38,38.603331322304484,65.43388460794841,97.40008943681917,192.61071511543616,68,129,Nenhuma,0.27317535877227783
117,9.0,42,177.60102305255973,31.208610320779393,214.5783877128564,151.74920397473187,196,91,Nenhuma,0.27317535877227783
117,9.0,43,362.92468220432323,142.97045905334514,455.9035269117004,269.0284310877954,409,205,Nenhuma,0.27317535877227783
118,9.076923076923077,1,427.05435887520053,71.90587518071676,474.46846927103724,159.16596655060613,450,115,Nenhuma,0.2944418489933014
118,9.076923076923077,2,2.6180541926992476,99.02991102405272,77.37828996271956,249.0335102346489,39,174,Nenhuma,0.2944418489933014
118,9.076923076923077,3,108.84674282073907,51.8879645167789,160.9956515198079,134.3310238874721,134,93,Nenhuma,0.2944418489933014
118,9.076923076923077,4,441.8716407637173,140.09262426812973,487.92162708980004,209.00269806040623,464,174,Nenhuma,0.2944418489933014
118,9.076923076923077,7,306.1622457161057,8.101127904538686,346.4227140754504,98.51145583895757,326,53,Nenhuma,0.2944418489933014
118,9.076923076923077,11,148.40585838467135,18.950303796695728,178.47960990501585,109.65626832966123,163,64,Nenhuma,0.2944418489933014
118,9.076923076923077,12,133.0205655050881,19.398872378789832,169.70490138709243,113.87238576737869,151,66,Nenhuma,0.2944418489933014
118,9.076923076923077,19,402.89887042547787,224.11244104771987,496.6767932192699,357.0583336238365,449,290,Nenhuma,0.2944418489933014
118,9.076923076923077,34,186.37741129700578,33.27941313198909,263.12992177342414,162.09566520341775,224,97,Nenhuma,0.2944418489933014
118,9.076923076923077,37,493.0754965055103,227.71529319348986,550.5280730760214,308.264937838646,521,267,Nenhuma,0.2944418489933014
118,9.076923076923077,38,38.422874499200105,66.22589688094362,95.9819898871315,190.69614061758057,67,128,Nenhuma,0.2944418489933014
118,9.076923076923077,42,177.26491230974202,30.97422576855761,214.58356560726833,152.92003315548146,195,91,Nenhuma,0.2944418489933014
118,9.076923076923077,43,364.5987936428849,142.90841097385643,456.7815327714741,269.5860919898784,410,206,Nenhuma,0.2944418489933014
119,9.153846153846153,1,427.2081630328612,71.94650411500848,475.20372326867493,157.89927788035754,451,114,Nenhuma,0.2627633213996887
119,9.153846153846153,2,4.146038617180764,98.33659282111367,78.56622391677236,249.04151960150975,41,173,Nenhuma,0.2627633213996887
119,9.153846153846153,3,108.4907531807494,51.88910129915732,161.95542170242481,135.9310373498309,135,93,Nenhuma,0.2627633213996887
119,9.153846153846153,4,448.1012110279459,138.16453440246062,492.8700166783405,205.15744852391484,470,171,Nenhuma,0.2627633213996887
119,9.153846153846153,7,306.25714892224477,8.015769931769007,345.9030680111039,96.8704009638403,326,52,Nenhuma,0.2627633213996887
119,9.153846153846153,11,145.17706635874347,18.79961760402675,176.55378630115288,112.38337363075512,160,65,Nenhuma,0.2627633213996887
119,9.153846153846153,12,132.94725560696816,19.158533318978108,169.59457533472622,111.6467018975238,151,65,Nenhuma,0.2627633213996887
119,9.153846153846153,19,398.39918967687754,222.57612921696847,493.65553419922395,357.70276466138387,446,290,Nenhuma,0.2627633213996887
119,9.153846153846153,34,186.60836571779646,34.38631322254231,263.5214821384659,162.03724727675768,225,98,Nenhuma,0.2627633213996887
119,9.153846153846153,37,488.38633593087513,227.8392631853532,550.1996236993244,314.6562386511573,519,271,Nenhuma,0.2627633213996887
119,9.153846153846153,38,37.49530612090432,66.49904548345981,96.360764240603,193.40821682655383,66,129,Nenhuma,0.2627633213996887
119,9.153846153846153,42,177.19100359418988,30.906734691849493,214.57326216552553,153.3734988066685,195,92,Nenhuma,0.2627633213996887
119,9.153846153846153,43,367.2472400162393,141.43110129357086,459.7447642328815,270.55142049016536,413,205,Nenhuma,0.2627633213996887
120,9.23076923076923,1,427.36927777965013,71.96384724114137,475.37072952145894,155.5349375687246,451,113,Nenhuma,0.3064141869544983
120,9.23076923076923,2,5.181865923920313,99.39464667432037,78.54601354550218,249.0413719199272,41,174,Nenhuma,0.3064141869544983
120,9.23076923076923,3,107.91206329801146,51.89650161526336,162.7760962187913,137.204295850927,135,94,Nenhuma,0.3064141869544983
120,9.23076923076923,4,454.3307808443819,136.23644453679157,497.8184067146736,201.3121989874235,476,168,Nenhuma,0.3064141869544983
120,9.23076923076923,7,306.27513339462485,7.9860794028551965,345.73134241835453,96.25794766946856,326,52,Nenhuma,0.3064141869544983
120,9.23076923076923,11,145.7204356784205,18.30563165588446,177.24758442039524,112.34083724472407,161,65,Nenhuma,0.3064141869544983
120,9.23076923076923,12,132.64525208704782,19.21182434227643,168.8643375791984,110.61881753846797,150,64,Nenhuma,0.3064141869544983
120,9.23076923076923,19,393.65158925270237,220.62805483001426,489.7650385131966,357.27558492895844,441,288,Nenhuma,0.3064141869544983
120,9.23076923076923,34,185.36937508336436,34.14494851433839,262.8867066083932,161.35088888820036,224,97,Nenhuma,0.3064141869544983
120,9.23076923076923,37,488.1394738289982,227.88572762276848,546.7066167112639,308.57839069570997,517,268,Nenhuma,0.3064141869544983
120,9.23076923076923,38,35.77209047558257,67.2729607410641,95.22425452734379,193.0861795983701,65,130,Nenhuma,0.3064141869544983
120,9.23076923076923,42,176.82959913901965,30.895919406191155,214.24379562841528,153.5817058885619,195,92,Nenhuma,0.3064141869544983
120,9.23076923076923,43,371.4673691769409,140.95026550346802,462.49946244253437,270.1754782224252,416,205,Nenhuma,0.3064141869544983
121,9.307692307692308,1,427.20225602793835,71.97291250480635,475.6659355336981,154.1599288135507,451,113,Nenhuma,0.27528688311576843
121,9.307692307692308,2,6.367138357742299,99.80051069239626,79.04925914616885,249.0380470527203,42,174,Nenhuma,0.27528688311576843
121,9.307692307692308,3,105.62947692507412,51.25006976427246,164.5073755103436,142.290476453317,135,96,Nenhuma,0.27528688311576843
121,9.307692307692308,7,306.13825279103895,7.977103972538593,345.8161627244841,96.69842522316631,325,52,Nenhuma,0.27528688311576843
121,9.307692307692308,11,146.26380947733574,17.811645707742173,177.9413780603993,112.29830085869304,162,65,Nenhuma,0.27528688311576843
121,9.307692307692308,12,132.34325055959332,19.26511536557475,168.1340978312047,109.59093317941213,150,64,Nenhuma,0.27528688311576843
121,9.307692307692308,19,384.6681172343237,216.53910976911436,481.7480844678279,355.78681641585354,433,286,Nenhuma,0.27528688311576843
121,9.307692307692308,20,119.71916971707334,39.13873200424678,167.08681918960627,144.00783869277808,143,91,Nenhuma,0.27528688311576843
121,9.307692307692308,34,185.3594897864297,34.05302891020687,262.76342644330555,160.43093801181553,224,97,Nenhuma,0.27528688311576843
121,9.307692307692308,37,484.6720880126461,227.91815995558392,544.0997338940733,308.09696976079476,514,268,Nenhuma,0.27528688311576843
121,9.307692307692308,38,33.85354224217684,67.59723848292015,96.00497259286766,198.27605762376322,64,132,Nenhuma,0.27528688311576843
121,9.307692307692308,42,176.85354622683704,31.585420500418472,212.6280589146635,148.91074375673776,194,90,Nenhuma,0.27528688311576843
121,9.307692307692308,43,372.6859272584611,140.81165022624944,467.26240698412784,277.7238656696261,419,209,Nenhuma,0.27528688311576843
122,9.384615384615385,1,426.8179908748893,71.9780803773209,475.41541348047195,152.4280639800395,451,112,Nenhuma,0.25995996594429016
122,9.384615384615385,2,6.784733333138931,99.95225674570034,78.58374410792982,248.3726850993999,42,174,Nenhuma,0.25995996594429016
122,9.384615384615385,3,104.35862582648214,51.01061179170485,167.5025789706785,148.6927212012647,135,99,Nenhuma,0.25995996594429016
122,9.384615384615385,7,305.9566171273253,7.975618256596377,345.98326622767917,97.52946730771927,325,52,Nenhuma,0.25995996594429016
122,9.384615384615385,11,146.80718775548925,17.317659759599884,178.63516722116518,112.25576447266201,162,64,Nenhuma,0.25995996594429016
122,9.384615384615385,12,132.04125102460466,19.318406388873072,167.40385609074514,108.56304882035631,149,63,Nenhuma,0.25995996594429016
122,9.384615384615385,15,34.72208458570094,70.96158615635669,71.07140663261256,123.72814297390511,52,97,Nenhuma,0.25995996594429016
122,9.384615384615385,19,379.4050875509964,214.3174135811514,477.49002695577377,356.5428672498696,428,285,Nenhuma,0.25995996594429016
122,9.384615384615385,20,120.0781903991017,38.21492621073215,167.8925407689445,144.07283191995344,143,91,Nenhuma,0.25995996594429016
122,9.384615384615385,34,182.40867035461602,33.35415178426135,260.9355826369739,161.4162395204736,221,97,Nenhuma,0.25995996594429016
122,9.384615384615385,37,483.3405221865224,227.7993076603359,542.6323154546582,307.7948013458397,512,267,Nenhuma,0.25995996594429016
122,9.384615384615385,38,33.83913497091793,67.21898030445249,96.37905500440453,198.7145696843217,65,132,Nenhuma,0.25995996594429016
122,9.384615384615385,42,176.24299928908624,31.161879180423426,213.3744280683384,153.43459052537494,194,92,Nenhuma,0.25995996594429016
122,9.384615384615385,43,370.6803900609491,140.10606022204925,470.6826500513802,287.76308085684434,420,213,Nenhuma,0.25995996594429016
123,9.461538461538462,1,425.804674665011,71.98174300360705,476.2075201653822,153.99410013759746,451,112,Nenhuma,0.3495541512966156
123,9.461538461538462,2,7.297206258570661,98.68215855418497,78.68970613644163,247.45746580898242,42,173,Nenhuma,0.3495541512966156
123,9.461538461538462,3,99.19705572138184,50.92274861343704,174.6158965081089,170.23413284561536,136,110,Nenhuma,0.3495541512966156
123,9.461538461538462,7,306.0227276409352,7.97680256111272,345.9163738960418,97.18573033259055,325,52,Nenhuma,0.3495541512966156
123,9.461538461538462,15,35.334531187105995,70.86140610043887,70.9970493632874,122.63063297542632,53,96,Nenhuma,0.3495541512966156
123,9.461538461538462,19,372.4462956983133,212.15541251874097,471.21430745602584,356.833176610293,421,284,Nenhuma,0.3495541512966156
123,9.461538461538462,20,120.43721036511835,37.29112041721752,168.69826306429445,144.13782514712884,144,90,Nenhuma,0.3495541512966156
123,9.461538461538462,34,181.34801906135445,33.7529238523356,260.1601243775888,162.44726412026063,220,98,Nenhuma,0.3495541512966156
123,9.461538461538462,37,482.0089564045448,227.68045536508788,541.1648969710969,307.49263293088467,511,267,Nenhuma,0.3495541512966156
123,9.461538461538462,38,33.82472751265152,66.84072212598483,96.75313760294893,199.15308174488018,65,132,Nenhuma,0.3495541512966156
123,9.461538461538462,42,175.8124585432311,31.015071423950317,213.8635853406279,157.03197899093652,194,94,Nenhuma,0.3495541512966156
123,9.461538461538462,43,369.0021432259495,137.9001364799134,471.53082646611443,291.50955244708746,420,214,Nenhuma,0.3495541512966156
123,9.461538461538462,46,457.0389625463032,226.20611980805558,550.6622128721716,355.7773169930828,503,290,Nenhuma,0.3495541512966156
124,9.538461538461538,1,425.2133488347023,71.98396943098864,477.398800468166,155.96520708981785,451,113,Nenhuma,0.3050941526889801
124,9.538461538461538,2,8.009770233861154,98.20421158948243,78.84864925021199,247.1154222171827,43,172,Nenhuma,0.3050941526889801
124,9.538461538461538,3,98.79459869102126,50.88566960343285,177.56874582458636,177.88563066580525,138,114,Nenhuma,0.3050941526889801
124,9.538461538461538,7,305.79171473928653,7.979062804965437,346.15200461583294,98.37823014113292,325,53,Nenhuma,0.3050941526889801
124,9.538461538461538,15,27.752925287415476,72.77846283146555,72.92686072260354,140.87575197517123,50,106,Nenhuma,0.3050941526889801
124,9.538461538461538,19,368.01518792408183,210.67565931403004,467.5518464661865,356.9447954471289,417,283,Nenhuma,0.3050941526889801
124,9.538461538461538,20,120.7962296151233,36.36731462370289,169.5039860756561,144.2028183743042,145,90,Nenhuma,0.3050941526889801
124,9.538461538461538,34,181.04638981723363,33.907200616558214,259.72370669752,162.83971240329808,220,98,Nenhuma,0.3050941526889801
124,9.538461538461538,37,480.6773906667133,227.56160306983986,539.6974784433894,307.19046451592965,510,267,Nenhuma,0.3050941526889801
124,9.538461538461538,38,33.810319867377615,66.46246394751716,97.1272203885008,199.59159380543866,65,133,Nenhuma,0.3050941526889801
124,9.538461538461538,42,176.01634517549462,31.62501000026502,214.3650884830895,159.062512320871,195,95,Nenhuma,0.3050941526889801
124,9.538461538461538,43,368.5872297930099,137.14737921477303,473.5904721520141,294.4642530575726,421,215,Nenhuma,0.3050941526889801
124,9.538461538461538,46,457.3983235883011,225.17081363633605,551.1417309107413,355.266567586389,504,290,Nenhuma,0.3050941526889801
124,9.538461538461538,47,404.60024317799366,138.17784065906807,465.46595548068336,236.48892393122176,435,187,Nenhuma,0.3050941526889801
125,9.615384615384615,1,424.4641848344135,71.985800748098,478.37452505338,158.09369958795804,451,115,Nenhuma,0.30052968859672546
125,9.615384615384615,2,9.091169089427375,98.02715698732209,79.39489299585262,246.99096323158443,44,172,Nenhuma,0.30052968859672546
125,9.615384615384615,3,100.5309075320098,50.88136143761079,178.80166437779042,179.20679350700445,139,115,Nenhuma,0.30052968859672546
125,9.615384615384615,7,305.85041564299155,7.981143940355558,346.0983989442731,98.16751313026009,325,53,Nenhuma,0.30052968859672546
125,9.615384615384615,15,27.373879727139638,74.27433869877123,72.09839159091412,142.85042956898872,49,108,Nenhuma,0.30052968859672546
125,9.615384615384615,19,365.32449687136096,209.46306979206065,464.790068477807,355.6775327029652,415,282,Nenhuma,0.30052968859672546
125,9.615384615384615,34,181.27679245677888,33.966528836523224,259.8452600767073,162.98503549180577,220,98,Nenhuma,0.30052968859672546
125,9.615384615384615,42,176.25994079278848,31.202050649248037,215.07380276320563,160.4906505770567,195,95,Nenhuma,0.30052968859672546
125,9.615384615384615,43,368.17231715680305,136.3946219496326,475.6501170411809,297.41895366805767,421,216,Nenhuma,0.30052968859672546
125,9.615384615384615,46,456.49230677863153,224.86280579240764,550.1571400267558,355.0802547581444,503,289,Nenhuma,0.30052968859672546
125,9.615384615384615,47,408.20107463594377,137.11519361868545,470.65334419852445,238.2967507023019,439,187,Nenhuma,0.30052968859672546
126,9.692307692307692,1,423.17093625040144,71.98737823045589,479.7553505817692,162.25011724622874,451,117,Nenhuma,0.29678988456726074
126,9.692307692307692,2,10.161391259701418,97.304243639907,80.23603117180824,246.94941872496713,45,172,Nenhuma,0.29678988456726074
126,9.692307692307692,3,103.35573656405919,50.88876491376601,180.98987991764062,180.23335655308563,142,115,Nenhuma,0.29678988456726074
126,9.692307692307692,7,305.8805496817828,7.983344533961144,346.0740502986723,98.08267331306818,325,53,Nenhuma,0.29678988456726074
126,9.692307692307692,15,26.68660178695348,74.67752361123691,72.28929459068834,144.59988603443577,49,109,Nenhuma,0.29678988456726074
126,9.692307692307692,19,360.4902597254092,207.69829871424128,461.9058102803974,356.50756435648657,411,282,Nenhuma,0.29678988456726074
126,9.692307692307692,34,182.81129447859547,33.989136536850495,261.061840588803,163.0355240809713,221,98,Nenhuma,0.29678988456726074
126,9.692307692307692,42,176.81765996556086,31.04317621653106,212.91351350471524,151.13797263454765,194,91,Nenhuma,0.29678988456726074
126,9.692307692307692,43,367.757405317329,135.6418646844922,477.70976113361496,300.37365427854274,422,218,Nenhuma,0.29678988456726074
126,9.692307692307692,46,455.8309027718895,224.0804193169327,549.4723265732829,354.3023471613738,502,289,Nenhuma,0.29678988456726074
126,9.692307692307692,47,412.66762391107284,135.35203472669698,476.7729777827373,239.6340723322942,444,187,Nenhuma,0.29678988456726074
127,9.76923076923077,1,421.58556100390183,71.98855426149375,480.72291501176943,166.44115989204494,451,119,Nenhuma,0.2890200912952423
127,9.76923076923077,2,10.846702431798697,97.03700603905484,80.90290328185236,247.59850927293706,45,172,Nenhuma,0.2890200912952423
127,9.76923076923077,3,105.63363123558256,50.89773087082527,182.59240271276457,180.53629927143436,144,115,Nenhuma,0.2890200912952423
127,9.76923076923077,7,305.89845594915147,7.985302315619464,346.0614082877103,98.0478619239954,325,53,Nenhuma,0.2890200912952423
127,9.76923076923077,15,27.12950439055212,73.44282716686843,71.75972466544411,142.92564960205777,49,108,Nenhuma,0.2890200912952423
127,9.76923076923077,19,357.2303842429549,206.39300706855468,459.85420337987273,356.82360329562584,408,281,Nenhuma,0.2890200912952423
127,9.76923076923077,34,184.9440725745626,35.31806035256475,262.58653897779055,163.05009923701772,223,99,Nenhuma,0.2890200912952423
127,9.76923076923077,42,176.74284301951712,30.986595912767115,211.69696129041904,146.77525629779868,194,88,Nenhuma,0.2890200912952423
127,9.76923076923077,46,455.87130116968046,223.13660579458758,550.3871783660501,354.7306709586835,503,288,Nenhuma,0.2890200912952423
127,9.76923076923077,47,415.5817548834561,134.08025350441628,480.0206104806366,239.37794811846135,447,186,Nenhuma,0.2890200912952423
128,9.846153846153847,1,421.1909086064474,71.98962383733658,481.52948405472165,168.71272097270253,451,120,Nenhuma,0.2501283288002014
128,9.846153846153847,2,11.472194720476153,97.60202591848302,80.75631406007156,247.18929696010707,46,172,Nenhuma,0.2501283288002014
128,9.846153846153847,3,107.03765424155289,50.90700471543184,183.3270428638462,180.55402538910795,145,115,Nenhuma,0.2501283288002014
128,9.846153846153847,7,306.66687869164144,8.647548657387752,345.9581954951232,96.7115441172131,326,52,Nenhuma,0.2501283288002014
128,9.846153846153847,15,27.26995153417174,73.19633212939728,70.8718556928345,141.32843900540303,49,107,Nenhuma,0.2501283288002014
128,9.846153846153847,19,354.68766671480523,205.26036422446992,458.0059285641404,356.9450888933094,406,281,Nenhuma,0.2501283288002014
128,9.846153846153847,34,185.78072928345514,35.82039991156442,263.0997991140464,163.0509981131902,224,99,Nenhuma,0.2501283288002014
128,9.846153846153847,42,176.5608279813768,30.96942169620064,210.7518966443726,143.88077540768984,193,87,Nenhuma,0.2501283288002014
128,9.846153846153847,46,455.41984127203966,223.51066333323575,549.8411682670992,354.891402877253,502,289,Nenhuma,0.2501283288002014
128,9.846153846153847,47,416.41371185470416,133.675964125246,483.0964526999581,243.39121738096318,449,188,Nenhuma,0.2501283288002014
129,9.923076923076923,1,421.17540242291204,71.99072241291316,481.70893129653086,168.94970072232206,451,120,Nenhuma,0.26087120175361633
129,9.923076923076923,2,16.104633675186363,101.79461130149527,84.86887241408091,247.69740048411506,50,174,Nenhuma,0.26087120175361633
129,9.923076923076923,3,107.77094115125406,50.9159994898217,183.39291690388393,180.4651052396656,145,115,Nenhuma,0.26087120175361633
129,9.923076923076923,7,306.9554492371047,8.899729819595315,345.924793125724,96.20264787385494,326,52,Nenhuma,0.26087120175361633
129,9.923076923076923,15,28.284924173277783,73.10445052105541,70.27702874344452,138.71143304403444,49,105,Nenhuma,0.26087120175361633
129,9.923076923076923,19,350.5307075887543,204.85112058669552,453.5362902014065,356.9908282375869,402,280,Nenhuma,0.26087120175361633
129,9.923076923076923,34,185.6990825148804,36.002835490362,262.9830299604505,163.04763311611555,224,99,Nenhuma,0.26087120175361633
129,9.923076923076923,42,176.08641759873694,30.966393558956973,210.159588961388,142.87432585181222,193,86,Nenhuma,0.26087120175361633
129,9.923076923076923,46,454.06818560064823,223.00055779767163,549.4871552693006,355.63378178133485,501,289,Nenhuma,0.26087120175361633
129,9.923076923076923,47,419.45518650035814,133.5657657400653,485.9259343417463,243.49153316470034,452,188,Nenhuma,0.26087120175361633
130,10.0,1,418.59666704263685,71.33787692767912,483.6991725584446,176.88256893805016,451,124,Nenhuma,0.4082897901535034
130,10.0,2,17.838697073214,101.38165933061691,87.73446994566501,247.2256719267258,52,174,Nenhuma,0.4082897901535034
130,10.0,3,109.90273890564616,52.21915686663117,184.1218607308287,179.69338893531557,147,115,Nenhuma,0.4082897901535034
130,10.0,7,306.92891598417395,8.991302089776198,346.0452888149442,96.68308013230298,326,52,Nenhuma,0.4082897901535034
130,10.0,15,30.063108201757284,72.38772145258154,68.67770713841908,131.60643511941012,49,101,Nenhuma,0.4082897901535034
130,10.0,19,349.7898846159775,204.72081163658964,440.7394456221184,339.30084794339814,395,272,Nenhuma,0.4082897901535034
130,10.0,34,185.23091196561046,36.726356949221,262.0104793197522,163.0430382607571,223,99,Nenhuma,0.4082897901535034
130,10.0,42,175.9564005551208,30.90190529279826,209.67278963768428,141.6380409099435,192,86,Nenhuma,0.4082897901535034
130,10.0,46,453.0549452664296,221.489244447952,549.8951618346807,355.9074557990241,501,288,Nenhuma,0.4082897901535034
130,10.0,47,422.0904857336854,133.57609677935648,489.2071956806127,244.81294313237626,455,189,Nenhuma,0.4082897901535034
131,10.076923076923077,1,414.31746175460864,71.72991219144319,487.7599727025406,193.7855472769374,451,132,Nenhuma,0.2708549201488495
131,10.076923076923077,2,15.862959538728695,101.21825694965345,86.04197739996883,247.05246936277445,50,174,Nenhuma,0.2708549201488495
131,10.076923076923077,3,112.02257670946463,54.036844563465394,184.37418178496617,178.64420272381852,148,116,Nenhuma,0.2708549201488495
131,10.076923076923077,7,307.17644943633184,9.684875068032646,345.83123822646354,96.20462789485035,326,52,Nenhuma,0.2708549201488495
131,10.076923076923077,15,29.581356294320397,71.41544545220526,68.55394005646366,131.0186363391777,49,101,Nenhuma,0.2708549201488495
131,10.076923076923077,19,344.9488932492345,204.7255668268198,443.5811041929421,350.27311749276623,394,277,Nenhuma,0.2708549201488495
131,10.076923076923077,34,186.04798002328732,35.00150714299737,263.9285552432545,163.0381746545928,224,99,Nenhuma,0.2708549201488495
131,10.076923076923077,42,176.63923953999682,31.76094924209464,214.7183416953767,158.35334037488332,195,95,Nenhuma,0.2708549201488495
131,10.076923076923077,46,452.4981377861679,219.61370463495825,549.5876796412431,354.0074798862047,501,286,Nenhuma,0.2708549201488495
131,10.076923076923077,47,424.5395913430267,132.94860580863198,494.7002564989193,249.92313382173703,459,191,Nenhuma,0.2708549201488495
132,10.153846153846153,1,412.265204108887,71.26839838241379,489.727553817076,203.42745311537618,450,137,Nenhuma,0.29445159435272217
132,10.153846153846153,2,16.05269962688414,95.8452997911369,89.70394418135649,247.65293777995169,52,171,Nenhuma,0.29445159435272217
132,10.153846153846153,3,113.0671775827818,55.390486663334826,184.84466969092554,178.8174723515632,148,117,Nenhuma,0.29445159435272217
132,10.153846153846153,7,307.37884464155997,10.609512954429405,345.63936986798893,96.02725351855456,326,53,Nenhuma,0.29445159435272217
132,10.153846153846153,15,30.334554262736265,72.43936853613661,68.27650478184604,130.15142925229318,49,101,Nenhuma,0.29445159435272217
132,10.153846153846153,19,339.8528168301739,203.41743442319722,441.38221999327067,353.887400320603,390,278,Nenhuma,0.29445159435272217
132,10.153846153846153,34,186.49588729334926,35.00938426705075,264.47763568864207,163.03416798531975,225,99,Nenhuma,0.29445159435272217
132,10.153846153846153,42,177.20996562639033,31.932183440832816,215.91045573979684,161.68785825608558,196,96,Nenhuma,0.29445159435272217
132,10.153846153846153,46,451.2602709214834,213.60409573290036,551.1957875501064,351.9526085741346,501,282,Nenhuma,0.29445159435272217
132,10.153846153846153,47,432.331322997797,131.43087465437964,503.38218736528285,249.86073163412198,467,190,Nenhuma,0.29445159435272217
133,10.23076923076923,1,411.99730277709733,71.6967294397689,489.9637638209491,207.9950031325193,450,139,Nenhuma,0.419076532125473
133,10.23076923076923,2,14.97579061962886,91.89135154462521,90.87462756270415,247.87762223400262,52,169,Nenhuma,0.419076532125473
133,10.23076923076923,3,113.30612798320695,56.55250196722775,184.47035941477833,178.8212646084314,148,117,Nenhuma,0.419076532125473
133,10.23076923076923,7,307.42529134155745,10.948296352407937,345.5949880122769,95.96603317052889,326,53,Nenhuma,0.419076532125473
133,10.23076923076923,15,30.89220801558788,72.8272401087284,68.59593415010768,130.54160565579912,49,101,Nenhuma,0.419076532125473
133,10.23076923076923,19,335.8912336909028,201.6275674464084,438.87318874776145,355.3117026912298,387,278,Nenhuma,0.419076532125473
133,10.23076923076923,34,186.24125759804463,34.350898889088526,264.412454400785,162.36971230721014,225,98,Nenhuma,0.419076532125473
133,10.23076923076923,42,177.20176309899384,31.99194175847326,216.23565973554568,162.8654964780389,196,97,Nenhuma,0.419076532125473
133,10.23076923076923,46,453.873557398719,210.73420495247979,552.0255239247855,347.25097873841946,502,278,Nenhuma,0.419076532125473
133,10.23076923076923,47,440.6446185838635,129.55990048684492,511.04192325419825,246.49295323399653,475,188,Nenhuma,0.419076532125473
134,10.307692307692308,1,412.42081071462775,71.87608465731138,489.53122827894305,209.75349121746808,450,140,Nenhuma,0.25869864225387573
134,10.307692307692308,2,13.958429099836138,90.3820553768748,90.56534710789224,247.3136077479541,52,168,Nenhuma,0.25869864225387573
134,10.307692307692308,3,116.41271491411894,57.64086364312419,185.88053594993474,177.44130708684042,151,117,Nenhuma,0.25869864225387573
134,10.307692307692308,7,307.41530972638884,11.065373631237868,345.604178275701,95.94804139147624,326,53,Nenhuma,0.25869864225387573
134,10.307692307692308,15,31.149537646200255,72.96597394735429,68.66108625813895,130.70175038794457,49,101,Nenhuma,0.25869864225387573
134,10.307692307692308,19,333.57859232483344,201.60956934554423,436.3413667024159,356.50926204654763,384,279,Nenhuma,0.25869864225387573
134,10.307692307692308,34,185.07080686047254,33.441125911691486,264.10528935934224,162.77778517444517,224,98,Nenhuma,0.25869864225387573
134,10.307692307692308,42,177.19356064478507,32.051700076113704,216.5608636581068,164.04313469999227,196,98,Nenhuma,0.25869864225387573
134,10.307692307692308,46,454.52764297560043,207.04239323208134,555.3885329443791,349.4382563146064,504,278,Nenhuma,0.25869864225387573
134,10.307692307692308,47,441.61798433814874,128.21335888568063,511.2665353322979,245.12341861479166,476,186,Nenhuma,0.25869864225387573
135,10.384615384615385,1,412.9211873547661,71.94895602621658,489.03056138200003,210.98204677466856,450,141,Nenhuma,0.423137366771698
135,10.384615384615385,2,14.682727498577911,90.4854111988365,91.22812492249315,246.44001457363083,52,168,Nenhuma,0.423137366771698
135,10.384615384615385,3,115.00888939352674,58.036310229926414,184.29277896767528,177.52139399522477,149,117,Nenhuma,0.423137366771698
135,10.384615384615385,7,307.5144679333977,11.764316133036345,345.5033110947479,95.94585384234261,326,53,Nenhuma,0.423137366771698
135,10.384615384615385,15,31.572972995551318,73.0143520553338,69.03058691758241,130.77885946185017,50,101,Nenhuma,0.423137366771698
135,10.384615384615385,19,331.7990299940155,201.63209268106806,433.9080137735706,356.96015913408513,382,279,Nenhuma,0.423137366771698
135,10.384615384615385,34,186.26162923598875,34.41698452479851,264.9640091802206,162.93186059797995,225,98,Nenhuma,0.423137366771698
135,10.384615384615385,42,177.18535826376404,32.11145839375415,216.88606750748025,165.22077292194558,197,98,Nenhuma,0.423137366771698
135,10.384615384615385,46,455.59558474954923,205.06008361679156,556.4586044537747,349.61460952033315,506,277,Nenhuma,0.423137366771698
135,10.384615384615385,47,444.1429421845067,127.73849629697605,511.51289318579757,241.9433790743301,477,184,Nenhuma,0.423137366771698
136,10.461538461538462,1,412.6000847493085,71.97810212175492,488.71413726910475,213.92855227296204,450,142,Nenhuma,0.3659922480583191
136,10.461538461538462,2,14.087661411142747,89.90235237890697,90.33001003522733,245.4492829594853,52,167,Nenhuma,0.3659922480583191
136,10.461538461538462,3,112.43901030585371,58.16751781868025,180.39902997522023,178.83687191231036,146,118,Nenhuma,0.3659922480583191
136,10.461538461538462,7,308.1552562057481,12.016773392945268,345.52642394895753,94.61767266971711,326,53,Nenhuma,0.3659922480583191
136,10.461538461538462,15,32.435711877810846,72.35999068266425,69.80060178709243,130.82224203300763,51,101,Nenhuma,0.3659922480583191
136,10.461538461538462,19,330.56296464458524,202.97647858565313,430.5074668998962,356.46323663037424,380,279,Nenhuma,0.3659922480583191
136,10.461538461538462,34,175.1698334522901,33.47197788550663,251.68341858841274,162.98954552125508,213,98,Nenhuma,0.3659922480583191
136,10.461538461538462,46,456.9553277602096,201.1025747888247,555.2613033045749,343.8288355296881,506,272,Nenhuma,0.3659922480583191
136,10.461538461538462,47,448.4159314899907,127.60293375076935,513.9101199575666,240.03605945957736,481,183,Nenhuma,0.3659922480583191
137,10.538461538461538,1,412.2759166015098,71.98970022178773,488.7928279618621,218.19187776885005,450,145,Nenhuma,0.3231112062931061
137,10.538461538461538,2,13.729890831199668,89.71007194810649,89.42047574547723,244.42110409885743,51,167,Nenhuma,0.3231112062931061
137,10.538461538461538,3,112.36647188330971,58.58946799443588,180.66921234903936,179.86922602441103,146,119,Nenhuma,0.3231112062931061
137,10.538461538461538,7,308.3657269646944,12.09884005127575,345.5629106893835,94.12526209347345,326,53,Nenhuma,0.3231112062931061
137,10.538461538461538,15,32.12657918322139,72.11506119041135,68.71871004207657,130.18501707408876,50,101,Nenhuma,0.3231112062931061
137,10.538461538461538,19,328.03063257078577,204.17495839480557,426.9180199842333,356.91695573801644,377,280,Nenhuma,0.3231112062931061
137,10.538461538461538,20,116.51362566698769,58.34854513272391,158.07764680675584,142.0573133637276,137,100,Nenhuma,0.3231112062931061
137,10.538461538461538,34,170.34621148690348,33.11876811595815,244.06111324210866,163.00992068557363,207,98,Nenhuma,0.3231112062931061
137,10.538461538461538,42,191.53557880508953,32.02275050360147,234.08648561914634,163.45073022834225,212,97,Nenhuma,0.3231112062931061
137,10.538461538461538,46,457.72115042117485,197.02048627720745,554.5317955410104,339.63302327646136,506,268,Nenhuma,0.3231112062931061
137,10.538461538461538,47,451.8232890421475,126.92318047989389,516.0367396012405,239.31705227588097,483,183,Nenhuma,0.3231112062931061
138,10.615384615384615,1,412.5310401575431,71.99441424058278,488.4454479973501,220.41298862664786,450,146,Nenhuma,0.32870200276374817
138,10.615384615384615,2,14.321042568827167,89.66600391821147,89.63374620095591,243.38056404025747,51,166,Nenhuma,0.32870200276374817
138,10.615384615384615,3,112.29393876477594,59.011418170191504,180.9393894188483,180.90158013651165,146,119,Nenhuma,0.32870200276374817
138,10.615384615384615,7,308.4143858042365,12.118924878985027,345.6016088085901,93.95232314585309,327,53,Nenhuma,0.32870200276374817
138,10.615384615384615,15,32.489878688010684,72.69020048368215,67.81849508523058,129.28985721615726,50,100,Nenhuma,0.32870200276374817
138,10.615384615384615,19,327.1534379153929,205.30001198374487,425.0559098758046,357.07714024358745,376,281,Nenhuma,0.32870200276374817
138,10.615384615384615,20,116.98580474001525,58.283985047466246,160.16215534280417,139.63496164555215,138,98,Nenhuma,0.32870200276374817
138,10.615384615384615,34,169.45159480290926,32.98965605472861,240.3171940373854,163.01614659846285,204,98,Nenhuma,0.32870200276374817
138,10.615384615384615,42,192.854264429639,32.06515505376882,235.66144370119554,164.28455770602517,214,98,Nenhuma,0.32870200276374817
138,10.615384615384615,46,458.21802722227966,194.89881888107882,553.3715630596885,336.77233809807547,505,265,Nenhuma,0.32870200276374817
138,10.615384615384615,47,454.1937792031103,126.03667869766275,517.4625290511053,239.05220455961245,485,182,Nenhuma,0.32870200276374817
139,10.692307692307692,1,413.25208377108277,71.99645924026842,488.3347278805313,221.82393896866105,450,146,Nenhuma,0.2900189161300659
139,10.692307692307692,2,16.03606624482564,89.0146801295803,89.51698394129042,237.71037494549785,52,163,Nenhuma,0.2900189161300659
139,10.692307692307692,3,115.94731990406146,58.22587504546051,179.64784397167244,171.0381732264766,147,114,Nenhuma,0.2900189161300659
139,10.692307692307692,7,308.40516189224206,12.116822614202817,345.63883589457623,93.89807243260518,327,53,Nenhuma,0.2900189161300659
139,10.692307692307692,15,32.324648522791506,72.23577641453952,67.77882718725742,128.96918092742163,50,100,Nenhuma,0.2900189161300659
139,10.692307692307692,19,325.1462293294143,206.39421336226644,422.30137684600044,357.1257541835058,373,281,Nenhuma,0.2900189161300659
139,10.692307692307692,20,120.41158984496927,58.33935071486094,165.69757379762802,137.67588444360683,143,98,Nenhuma,0.2900189161300659
139,10.692307692307692,34,168.31203427337715,32.946433550516744,236.52400556565095,162.35768239853195,202,97,Nenhuma,0.2900189161300659
139,10.692307692307692,38,21.49324148196543,88.64347949283064,70.0796482206904,183.29280074777262,45,135,Nenhuma,0.2900189161300659
139,10.692307692307692,42,194.172949798776,32.10755960393617,237.23640203865716,165.11838518370809,215,98,Nenhuma,0.2900189161300659
139,10.692307692307692,46,460.90959679175177,190.88512894110966,551.7300753575181,327.1619178598834,506,259,Nenhuma,0.2900189161300659
139,10.692307692307692,47,455.3696687255795,124.41250417225298,519.4392929136238,240.93888193840155,487,182,Nenhuma,0.2900189161300659
140,10.76923076923077,1,414.38289808963947,71.99741081747709,487.44703816439994,220.3390788793996,450,146,Nenhuma,0.2562655210494995
140,10.76923076923077,2,15.891240783725863,88.12861755712984,88.22474799230818,234.24110588929872,52,161,Nenhuma,0.2562655210494995
140,10.76923076923077,3,114.39919440324795,57.452351468940485,180.1967001377342,175.91765768084124,147,116,Nenhuma,0.2562655210494995
140,10.76923076923077,7,308.49671803395916,11.442539053254784,346.2182135436203,94.55235443371996,327,52,Nenhuma,0.2562655210494995
140,10.76923076923077,12,148.1678791544948,19.005222510861607,180.63536288085606,98.96346140688084,164,58,Nenhuma,0.2562655210494995
140,10.76923076923077,15,32.37401063365601,72.7351714799489,68.32063408086465,130.86270867685542,50,101,Nenhuma,0.2562655210494995
140,10.76923076923077,19,323.0973867419129,207.47143392538334,418.81021755202653,356.4708449850511,370,281,Nenhuma,0.2562655210494995
140,10.76923076923077,20,122.06616416337648,57.6231166761967,168.55444683681517,135.61771692300096,145,96,Nenhuma,0.2562655210494995
140,10.76923076923077,34,166.70448308817987,32.274791912473674,232.42974415391234,162.10731905314782,199,97,Nenhuma,0.2562655210494995
140,10.76923076923077,38,20.918806446637632,89.94690326134958,71.40840838257293,183.7105912435668,46,136,Nenhuma,0.2562655210494995
140,10.76923076923077,42,195.49163491250056,32.149964154103515,238.81136063153127,165.95221266139103,217,99,Nenhuma,0.2562655210494995
140,10.76923076923077,46,462.09057743634816,188.80266482119055,550.2612096597384,321.56498329560173,506,255,Nenhuma,0.2562655210494995
140,10.76923076923077,47,456.0207745490886,123.82551307876217,518.4784746046857,239.04244747013797,487,181,Nenhuma,0.2562655210494995
141,10.846153846153847,1,415.58985650989655,71.99793696211474,486.33767751927735,217.69258861279764,450,144,Nenhuma,0.2937067151069641
141,10.846153846153847,2,13.159398986882714,88.494059346089,85.04886330271862,235.67390443320903,49,162,Nenhuma,0.2937067151069641
141,10.846153846153847,3,115.41521622174164,56.560441584952,182.16026787086082,178.11046355593703,148,117,Nenhuma,0.2937067151069641
141,10.846153846153847,7,308.55783156521585,11.185335942283444,346.40329227761873,94.80307098407795,327,52,Nenhuma,0.2937067151069641
141,10.846153846153847,11,120.0394522676734,21.88486070201082,142.67217278936798,81.2491963279563,131,51,Nenhuma,0.2937067151069641
141,10.846153846153847,12,148.08569087005057,18.999302860589047,180.5943875314758,98.11904568391225,164,58,Nenhuma,0.2937067151069641
141,10.846153846153847,15,32.11346627952045,72.26238241163313,68.1420699022056,130.9164646607438,50,101,Nenhuma,0.2937067151069641
141,10.846153846153847,19,322.6226683357375,208.5389905832792,418.09456695505236,356.8776800405743,370,282,Nenhuma,0.2937067151069641
141,10.846153846153847,20,123.41415205375358,58.09076257575321,169.09715961844705,134.73317017130776,146,96,Nenhuma,0.2937067151069641
141,10.846153846153847,34,166.83881033435895,32.68703130380632,230.27718849250834,162.01477691490697,198,97,Nenhuma,0.2937067151069641
141,10.846153846153847,38,20.554823649977234,91.0596546712868,70.11071979463244,183.08910415686006,45,137,Nenhuma,0.2937067151069641
141,10.846153846153847,46,463.4657495340085,188.13277979248136,550.7763880283466,319.60029334828016,507,253,Nenhuma,0.2937067151069641
141,10.846153846153847,47,456.5029827624202,120.34005872793462,515.585000728355,230.37619337907535,486,175,Nenhuma,0.2937067151069641
142,10.923076923076923,1,416.6141192921881,71.99827306714667,486.00850959006704,216.5799063066496,451,144,Nenhuma,0.29171624779701233
142,10.923076923076923,2,11.981310688593936,88.64861403325587,83.37367863219248,236.90200975554973,47,162,Nenhuma,0.29171624779701233
142,10.923076923076923,3,116.65138137422436,56.21453841842906,183.35726821900113,178.92873502317025,150,117,Nenhuma,0.29171624779701233
142,10.923076923076923,7,308.35408741780674,11.74405595924484,346.03351665926175,94.90315019880478,327,53,Nenhuma,0.29171624779701233
142,10.923076923076923,11,118.8890274738814,22.006924251653484,143.603068657569,82.47105997043387,131,52,Nenhuma,0.29171624779701233
142,10.923076923076923,12,150.03736705521442,19.66450025164186,180.5618115269749,93.16085656509958,165,56,Nenhuma,0.29171624779701233
142,10.923076923076923,15,32.52859401438574,72.74051176500818,68.21707125675528,130.94122318954254,50,101,Nenhuma,0.29171624779701233
142,10.923076923076923,19,321.45897936776817,208.93190171664213,417.03290241477134,357.0235535417288,369,282,Nenhuma,0.29171624779701233
142,10.923076923076923,20,124.76215216018244,58.55840847530972,169.63986018402716,133.84862341961457,147,96,Nenhuma,0.29171624779701233
142,10.923076923076923,34,166.5523795413107,32.85060042749856,227.96375473655155,161.98229397708488,197,97,Nenhuma,0.29171624779701233
142,10.923076923076923,38,20.190843528904768,92.17240608122401,68.81302853110404,182.46761707015332,44,137,Nenhuma,0.29171624779701233
142,10.923076923076923,46,465.1112740734287,186.63664917578015,552.4859225161636,317.6409017687125,508,252,Nenhuma,0.29171624779701233
142,10.923076923076923,47,457.0968573415768,118.38561787244979,513.7765919232942,225.06353485916742,485,171,Nenhuma,0.29171624779701233
143,11.0,1,416.8138478243772,71.99850388550777,485.4161224404821,216.74880441956952,451,144,Nenhuma,0.2996740937232971
143,11.0,2,11.666403907472372,89.38761908375275,81.96299410434301,237.39728484129589,46,163,Nenhuma,0.2996740937232971
143,11.0,3,117.47076324961587,56.0789044449571,182.7964950833067,177.24914900089473,150,116,Nenhuma,0.2996740937232971
143,11.0,7,308.2610382832766,11.952999782967048,345.90211968297393,94.94464775039853,327,53,Nenhuma,0.2996740937232971
143,11.0,11,118.20957378015231,22.75856073815333,143.22812322636418,81.10634090356054,130,51,Nenhuma,0.2996740937232971
143,11.0,12,150.89424444018016,19.73678859614281,180.91568611724213,92.02142263766453,165,55,Nenhuma,0.2996740937232971
143,11.0,15,32.98403453849586,72.26017986369875,68.61094223231203,130.29143591252307,50,101,Nenhuma,0.2996740937232971
143,11.0,19,320.7719575876763,209.0694602965883,417.07954897334514,357.73364136776195,368,283,Nenhuma,0.2996740937232971
143,11.0,20,126.11016448266307,59.02605437486623,170.18254853355552,132.9640766679214,148,95,Nenhuma,0.2996740937232971
143,11.0,34,166.48712814501172,34.23905581704155,225.1996279419795,161.31146187408763,195,97,Nenhuma,0.2996740937232971
143,11.0,38,19.82686608342024,93.28515749116124,67.51533459198768,181.84612998344662,43,137,Nenhuma,0.2996740937232971
143,11.0,46,468.6534830011327,184.83198013467782,554.8338351466654,313.015195420693,511,248,Nenhuma,0.2996740937232971
143,11.0,47,454.194994523654,116.36973625125225,510.6698845339925,223.1599174052451,482,169,Nenhuma,0.2996740937232971
144,11.076923076923077,1,416.86416451699637,72.6545516038156,485.2154748359915,218.72502647784586,451,145,Nenhuma,0.26895204186439514
144,11.076923076923077,2,12.191513006371963,89.68520200817156,81.46863537242672,237.61186569070557,46,163,Nenhuma,0.26895204186439514
144,11.076923076923077,3,117.90964402955498,56.026213291623925,182.42239272859746,176.57341962477577,150,116,Nenhuma,0.26895204186439514
144,11.076923076923077,7,308.33387107531695,11.364731689976146,346.4039108326727,95.62491311736952,327,53,Nenhuma,0.26895204186439514
144,11.076923076923077,11,117.71696500197751,23.011661246731336,143.52185302738363,81.42329220005028,130,52,Nenhuma,0.26895204186439514
144,11.076923076923077,12,152.018935707632,20.767927331518663,179.37483044192962,84.53594654041841,165,52,Nenhuma,0.26895204186439514
144,11.076923076923077,15,32.92309267729862,72.07926328106488,67.66265267619579,128.72593683880913,50,100,Nenhuma,0.26895204186439514
144,11.076923076923077,19,320.586409612087,209.77219791684445,416.53844665998247,357.332133158676,368,283,Nenhuma,0.26895204186439514
144,11.076923076923077,34,164.87956770459743,36.763336135972935,219.23446317099024,158.40003721295122,192,97,Nenhuma,0.26895204186439514
144,11.076923076923077,46,472.55798948771724,182.9116677719209,557.7950162673566,308.7161211170839,515,245,Nenhuma,0.26895204186439514
144,11.076923076923077,47,453.2974132974291,113.6752912116505,510.59108046059407,223.1805697344363,481,168,Nenhuma,0.26895204186439514
145,11.153846153846153,1,417.40714619469196,72.24946387575876,485.2696981647052,218.77165856277128,451,145,Nenhuma,0.32390356063842773
145,11.153846153846153,2,13.13182887220632,89.80898798616593,81.22612900097292,237.71304563315883,47,163,Nenhuma,0.32390356063842773
145,11.153846153846153,3,118.11500748603724,55.3454205967896,182.8763786220464,177.62564151062136,150,116,Nenhuma,0.32390356063842773
145,11.153846153846153,7,308.14934997479946,11.798804581024406,346.1434499579251,95.88062187121764,327,53,Nenhuma,0.32390356063842773
145,11.153846153846153,11,117.4245431324051,23.085126822255827,143.84367836178785,81.58380184232804,130,52,Nenhuma,0.32390356063842773
145,11.153846153846153,12,152.97875558592963,20.960710479126643,179.42131461756452,82.59903147407218,166,51,Nenhuma,0.32390356063842773
145,11.153846153846153,15,30.768138089148195,72.68053278348779,64.75179968320737,127.47332164791726,47,100,Nenhuma,0.32390356063842773
145,11.153846153846153,19,318.8944936732322,210.69051635539682,413.4932496702742,356.5067922368154,366,283,Nenhuma,0.32390356063842773
145,11.153846153846153,34,162.5906388458666,34.33679980532215,216.8228115888485,157.98632773876932,189,96,Nenhuma,0.32390356063842773
145,11.153846153846153,46,477.38287039407476,177.58610163978545,563.5045186743155,306.574029368046,520,242,Nenhuma,0.32390356063842773
145,11.153846153846153,47,456.57651567965104,107.44979282281986,514.7669065556014,217.9697202532929,485,162,Nenhuma,0.32390356063842773
146,11.23076923076923,1,417.922734333425,72.09183332742396,484.3275923536814,216.76461088007034,451,144,Nenhuma,0.3602435886859894
146,11.23076923076923,2,14.07042162025406,87.87897889893486,81.89452991310262,237.7683355616996,47,162,Nenhuma,0.3602435886859894
146,11.23076923076923,3,119.34811202636166,55.09085345454669,183.83963263784528,178.6659879567237,151,116,Nenhuma,0.3602435886859894
146,11.23076923076923,7,307.94743276752075,11.30163914116531,346.171017540769,95.97692393163885,327,53,Nenhuma,0.3602435886859894
146,11.23076923076923,11,117.63937141329342,23.098026396975285,144.41434662150482,81.67954788950334,131,52,Nenhuma,0.3602435886859894
146,11.23076923076923,12,153.93858532097067,21.153493626734623,179.46778893645603,80.66211640772596,166,50,Nenhuma,0.3602435886859894
146,11.23076923076923,15,29.002755542280244,72.90568972768212,62.61566186535242,127.02154593702154,45,99,Nenhuma,0.3602435886859894
146,11.23076923076923,19,319.2515041870847,211.02258263481866,412.85044111017135,356.19008700111624,366,283,Nenhuma,0.3602435886859894
146,11.23076923076923,34,156.41377856455952,28.15934899975575,210.79742452026858,152.54912696526446,183,90,Nenhuma,0.3602435886859894
146,11.23076923076923,46,480.69968833821594,171.7355121769498,563.9698661558255,297.9417077644747,522,234,Nenhuma,0.3602435886859894
146,11.23076923076923,47,457.98991982195264,105.39658454995237,516.2839612917548,216.11353989660506,487,160,Nenhuma,0.3602435886859894
147,11.307692307692308,1,418.4603553184719,72.03075229109199,484.9450897507613,217.9188929829898,451,144,Nenhuma,0.2617699205875397
147,11.307692307692308,2,18.422501856378794,90.45407045562257,84.73915293754166,237.14381756921233,51,163,Nenhuma,0.2617699205875397
147,11.307692307692308,3,120.58349649417124,54.99691776248095,184.0726691105537,178.39129412472988,152,116,Nenhuma,0.2617699205875397
147,11.307692307692308,7,307.8806477858896,11.111778799581373,346.1703750266903,96.01133998432569,327,53,Nenhuma,0.2617699205875397
147,11.307692307692308,11,117.30847036170347,23.293884106064944,143.7645874611967,81.17719666797825,130,52,Nenhuma,0.2617699205875397
147,11.307692307692308,12,154.89842491275513,21.346276774342602,179.5142533986041,78.72520134137973,167,50,Nenhuma,0.2617699205875397
147,11.307692307692308,15,28.95251792824582,72.98663077482199,60.59404993536626,123.51896210889069,44,98,Nenhuma,0.2617699205875397
147,11.307692307692308,19,321.030892630116,211.13243176659358,414.43429031748747,356.06994112129433,367,283,Nenhuma,0.2617699205875397
147,11.307692307692308,34,163.96277372057816,43.702094636025365,209.3931858590958,149.85499860415388,186,96,Nenhuma,0.2617699205875397
147,11.307692307692308,46,483.2809147118238,166.9478552278324,564.6807613724603,290.7734561203208,523,228,Nenhuma,0.2617699205875397
147,11.307692307692308,47,459.40332412004415,103.3433762770849,517.8010158721181,214.25735953991722,488,158,Nenhuma,0.2617699205875397
148,11.384615384615385,1,418.797147412525,72.0078909833412,485.04143045518487,218.32023697516598,451,145,Nenhuma,0.3459068536758423
148,11.384615384615385,2,20.678537402931617,91.4588787025797,86.57810115499151,236.92174675103882,53,164,Nenhuma,0.3459068536758423
148,11.384615384615385,3,120.61946827399424,54.96507911112298,183.24762133500406,178.2672816585418,151,116,Nenhuma,0.3459068536758423
148,11.384615384615385,7,308.24147720168804,11.03893653882271,346.4419587372618,96.02224847534879,327,53,Nenhuma,0.3459068536758423
148,11.384615384615385,11,116.97757246742306,23.489741815154602,143.11482514357905,80.67484544645318,130,52,Nenhuma,0.3459068536758423
148,11.384615384615385,15,29.077194020076412,73.0136885204745,59.75128953775096,121.54448653018076,44,97,Nenhuma,0.3459068536758423
148,11.384615384615385,19,321.87262666706334,211.1596685968831,415.64774923562675,356.6878027391498,368,283,Nenhuma,0.3459068536758423
148,11.384615384615385,34,167.76239103775362,47.08028502326645,210.6430837582095,148.89567415110196,189,97,Nenhuma,0.3459068536758423
148,11.384615384615385,46,484.24382959896167,164.62222368401805,565.4758379498397,288.2663439459773,524,226,Nenhuma,0.3459068536758423
148,11.384615384615385,47,460.81672857392573,101.2901680042174,519.3180702966915,212.40117918322932,490,156,Nenhuma,0.3459068536758423
149,11.461538461538462,1,418.91822475303263,71.34215058758446,485.08054422270357,218.434415160573,451,144,Nenhuma,0.3213133215904236
149,11.461538461538462,2,17.301362053305922,89.17463958530428,83.4732259491124,237.51786201177148,50,163,Nenhuma,0.3213133215904236
149,11.461538461538462,3,120.27091493146364,54.29772775564027,181.94664915469494,177.5467382229621,151,115,Nenhuma,0.3213133215904236
149,11.461538461538462,7,308.15697327615436,10.351794341841519,346.76469145086605,96.6838762460404,327,53,Nenhuma,0.3213133215904236
149,11.461538461538462,11,116.64667773045217,23.68559952424426,142.4650596686519,80.1724942249281,129,51,Nenhuma,0.3213133215904236
149,11.461538461538462,15,30.40663727766121,73.02106053886257,60.26543730054218,119.50684974230266,45,96,Nenhuma,0.3213133215904236
149,11.461538461538462,19,322.5200551107646,211.15761192428502,416.5323936667404,356.9188931635722,369,284,Nenhuma,0.3213133215904236
149,11.461538461538462,34,167.0655307793349,48.526876559098675,208.84018480429265,147.71724302369813,187,98,Nenhuma,0.3213133215904236
149,11.461538461538462,46,485.400499182074,163.8735954875167,566.1888215974585,286.81497729485943,525,225,Nenhuma,0.3213133215904236
150,11.538461538461538,1,418.8577377211702,69.1192262056348,485.85295716251204,219.1001618027533,452,144,Nenhuma,0.2781931757926941
150,11.538461538461538,2,19.789693391453724,88.98542580458717,86.44991150695081,238.40637783453758,53,163,Nenhuma,0.2781931757926941
150,11.538461538461538,3,120.27412079620449,54.70824912783927,181.2939420917861,177.9212434972493,150,116,Nenhuma,0.2781931757926941
150,11.538461538461538,7,308.303657989046,10.09377570798047,346.7047995125286,96.27520576104645,327,53,Nenhuma,0.2781931757926941
150,11.538461538461538,15,30.863397838748543,72.33340962008262,60.51532907370412,118.13289067254334,45,95,Nenhuma,0.2781931757926941
150,11.538461538461538,19,322.3974029100056,211.14520990520572,415.9951720189589,356.3415971879391,369,283,Nenhuma,0.2781931757926941
150,11.538461538461538,34,166.36865779233665,49.9734680949309,207.03729857895536,146.5388118962943,186,98,Nenhuma,0.2781931757926941
150,11.538461538461538,46,485.94364973139466,163.71361698564118,566.2215203970649,285.75863099947526,526,224,Nenhuma,0.2781931757926941
151,11.615384615384615,1,418.40717320280714,69.5864660579409,485.2619557806832,220.6311599264786,451,145,Nenhuma,0.3005806505680084
151,11.615384615384615,2,21.389747823040842,88.26336481652496,88.24045486044469,238.09582842538347,54,163,Nenhuma,0.3005806505680084
151,11.615384615384615,3,119.82230635330743,54.209527147149686,180.82410137558895,178.05443040039737,150,116,Nenhuma,0.3005806505680084
151,11.615384615384615,7,308.52140581306816,10.657309437493815,346.51599141594323,96.1141897629528,327,53,Nenhuma,0.3005806505680084
151,11.615384615384615,15,30.971254463536937,72.28019403802708,59.93192254077552,117.0118053457842,45,94,Nenhuma,0.3005806505680084
151,11.615384615384615,19,322.7774608469155,211.1298264169834,416.1020484838887,356.1205138726966,369,283,Nenhuma,0.3005806505680084
151,11.615384615384615,34,153.93088243097216,25.614729909163017,205.6548525223062,149.42994777671072,179,87,Nenhuma,0.3005806505680084
151,11.615384615384615,46,486.8224853566809,161.76043175635667,567.4438417689122,284.17088429975206,527,222,Nenhuma,0.3005806505680084
152,11.692307692307692,1,418.7741532915016,71.08771110034641,484.4860663909906,220.5322059836149,451,145,Nenhuma,0.2565279006958008
152,11.692307692307692,2,22.106625304424014,88.65711387092269,88.78014375235276,237.98292771283178,55,163,Nenhuma,0.2565279006958008
152,11.692307692307692,3,125.03725616367393,54.02477858315364,167.34992436303963,134.64593634391667,146,94,Nenhuma,0.2565279006958008
152,11.692307692307692,7,308.49893997981326,10.213169510482125,346.54536258211147,96.05084351698196,327,53,Nenhuma,0.2565279006958008
152,11.692307692307692,12,155.33781991266852,22.006306336035422,189.54922845473067,100.35025333036934,172,61,Nenhuma,0.2565279006958008
152,11.692307692307692,15,31.07911364574,72.22697845597155,59.34851345043224,115.89072001902508,45,94,Nenhuma,0.2565279006958008
152,11.692307692307692,19,323.08725522439664,211.1151490917224,416.700821976894,356.6993354693599,369,283,Nenhuma,0.2565279006958008
152,11.692307692307692,20,122.90714501838244,54.10118333165838,170.31537406141166,131.92333793645727,146,93,Nenhuma,0.2565279006958008
152,11.692307692307692,34,152.26121403285495,22.68415521478566,204.8834597691869,149.5417866764601,178,86,Nenhuma,0.2565279006958008
152,11.692307692307692,46,489.24555334183816,158.4641824030496,569.6936100024325,280.37433542561945,529,219,Nenhuma,0.2565279006958008
153,11.76923076923077,1,419.159740050557,72.332861806873,483.94000628101065,220.45506149669222,451,146,Nenhuma,0.26491519808769226
153,11.76923076923077,2,22.880403812361784,88.15587282211759,89.76278787492413,237.94592774825122,56,163,Nenhuma,0.26491519808769226
153,11.76923076923077,3,127.00920337491279,53.19136163197641,160.21877514496182,113.58254814925692,143,83,Nenhuma,0.26491519808769226
153,11.76923076923077,7,308.2685129739274,10.706983683926609,346.1161022025484,96.0259263112433,327,53,Nenhuma,0.26491519808769226
153,11.76923076923077,11,118.04240841755825,24.017835402144293,142.7366255032049,76.08225388263233,130,50,Nenhuma,0.26491519808769226
153,11.76923076923077,12,155.92903131789114,22.171708446066134,190.4547378651363,101.23442770120711,173,61,Nenhuma,0.26491519808769226
153,11.76923076923077,15,31.186975385357734,72.173762873916,58.765101802674295,114.76963469226594,44,93,Nenhuma,0.26491519808769226
153,11.76923076923077,19,323.62963773541514,211.10213990803337,417.2119279717613,356.9166814649625,370,284,Nenhuma,0.26491519808769226
153,11.76923076923077,20,119.74519924144934,53.971588469044896,168.95887485953415,135.72368407772183,144,94,Nenhuma,0.26491519808769226
153,11.76923076923077,34,151.37403833459499,24.15197134701029,203.6956208875622,149.62549874945466,177,86,Nenhuma,0.26491519808769226
153,11.76923076923077,46,493.4707141812414,157.32382637530873,573.1035055556424,278.40839376482404,533,217,Nenhuma,0.26491519808769226
154,11.846153846153847,1,418.52268038737924,72.80449494244746,483.1935778624195,221.05609094135875,450,146,Nenhuma,0.2539461553096771
154,11.846153846153847,2,28.371958605739106,87.97453504679588,88.19164527912203,218.14906705615567,58,153,Nenhuma,0.2539461553096771
154,11.846153846153847,3,126.24470085715238,52.98846609858152,158.91943955330174,112.50075662033774,142,82,Nenhuma,0.2539461553096771
154,11.846153846153847,7,307.38521364226835,9.574013671782296,345.4231236199046,95.35398107407704,326,52,Nenhuma,0.2539461553096771
154,11.846153846153847,11,117.79381467420384,24.761743490838853,143.0125635570913,76.53533120336853,130,50,Nenhuma,0.2539461553096771
154,11.846153846153847,12,152.21412711130677,23.553726857767124,185.51100922300805,99.10531791216624,168,61,Nenhuma,0.2539461553096771
154,11.846153846153847,19,323.9026751269343,211.09021726276234,417.38142823177145,356.99653572733746,370,284,Nenhuma,0.2539461553096771
154,11.846153846153847,20,116.88014862867057,53.28406428338545,167.52251272218066,137.180351780716,142,95,Nenhuma,0.2539461553096771
154,11.846153846153847,34,150.79576980870695,25.471269427711043,202.98048040081724,149.6863609097362,176,87,Nenhuma,0.2539461553096771
154,11.846153846153847,46,496.3858355013534,157.6615346132277,574.9272763773089,277.7977633475062,535,217,Nenhuma,0.2539461553096771
155,11.923076923076923,1,417.45415670168524,72.31899482837899,482.423503832747,221.25699746240917,449,146,Nenhuma,0.3829968273639679
155,11.923076923076923,2,30.95209232038409,88.62363924427893,87.74820650895066,208.97146784819552,59,148,Nenhuma,0.3829968273639679
155,11.923076923076923,3,126.97599131277019,52.74978773330921,156.63354099626048,106.76770513597839,141,79,Nenhuma,0.3829968273639679
155,11.923076923076923,7,307.2787919278166,8.490585510081466,344.9387952617363,93.78296212641416,326,51,Nenhuma,0.3829968273639679
155,11.923076923076923,11,117.78681035068098,24.983653930150442,142.62270506879253,75.97036280339293,130,50,Nenhuma,0.3829968273639679
155,11.923076923076923,12,152.50110815257145,23.8079849205458,185.97904956091108,99.76941613035115,169,61,Nenhuma,0.3829968273639679
155,11.923076923076923,19,324.3481080505246,211.07956865978466,417.79933985989317,357.0238725043074,371,284,Nenhuma,0.3829968273639679
155,11.923076923076923,20,117.46965158961467,53.66709469905197,169.76667187950812,139.69047459273642,143,96,Nenhuma,0.3829968273639679
155,11.923076923076923,34,149.54281891589488,29.311055155060025,200.59287638450064,149.728980836953,175,89,Nenhuma,0.3829968273639679
155,11.923076923076923,46,499.90575914223564,156.5457790365158,578.3724422632351,278.3537400322622,539,217,Nenhuma,0.3829968273639679
156,12.0,1,418.0654996569869,71.47262721019858,483.0983737515463,221.3078035063021,450,146,Nenhuma,0.25526881217956543
156,12.0,2,31.81369953746819,88.15324649992621,88.9530569143974,206.64844557790093,60,147,Nenhuma,0.25526881217956543
156,12.0,3,127.70722601142954,52.511109368036905,154.34769819617765,101.03465365161904,141,76,Nenhuma,0.25526881217956543
156,12.0,7,305.8952192854292,8.085489734494395,343.45881108997264,92.52828645643496,324,50,Nenhuma,0.25526881217956543
156,12.0,11,117.77981269421575,25.20556436946203,142.2328399134361,75.40539440341732,130,50,Nenhuma,0.25526881217956543
156,12.0,12,152.78808684301777,24.062242983324474,186.44709224963248,100.43351434853602,169,62,Nenhuma,0.25526881217956543
156,12.0,19,325.20448024203256,211.07015670953123,418.61963009174644,357.03140327265635,371,284,Nenhuma,0.25526881217956543
156,12.0,20,114.54720579563626,54.468943459165104,169.9212154975696,143.2425570797999,142,98,Nenhuma,0.25526881217956543
156,12.0,34,155.5210520122199,32.822391504692874,203.9956717222379,149.76638150495586,179,91,Nenhuma,0.25526881217956543
156,12.0,46,500.3378801226023,154.87362479475823,578.4275860040685,277.9823570649205,539,216,Nenhuma,0.25526881217956543
157,12.076923076923077,1,418.3944064746028,71.14982310620915,483.2682879649625,221.30362447517984,450,146,Nenhuma,0.3914341628551483
157,12.076923076923077,2,30.01737402561254,85.94034587173294,90.72824535589972,210.73496214664465,60,148,Nenhuma,0.3914341628551483
157,12.076923076923077,3,128.43840495313046,52.2724310027646,152.06191115305327,95.30160216725969,140,73,Nenhuma,0.3914341628551483
157,12.076923076923077,7,305.01950862064507,9.269698989327217,341.93829066307416,91.40136331134985,323,50,Nenhuma,0.3914341628551483
157,12.076923076923077,11,117.77282170480817,25.42747480877362,141.842968091022,74.84042600344172,129,50,Nenhuma,0.3914341628551483
157,12.076923076923077,12,153.07506318264575,24.31650104610315,186.9151372891722,101.09761256672093,169,62,Nenhuma,0.3914341628551483
157,12.076923076923077,19,325.83291204972437,211.0618588884888,419.3062626556054,357.03167184993697,372,284,Nenhuma,0.3914341628551483
157,12.076923076923077,20,114.1556871427305,54.39068395583417,169.9784141169341,143.88206827234987,142,99,Nenhuma,0.3914341628551483
157,12.076923076923077,34,154.49418055315655,32.487223298027,202.95158116396044,149.39112094043705,178,90,Nenhuma,0.3914341628551483
157,12.076923076923077,46,500.6633972650322,152.9943034216738,578.1424081726041,277.26893042745314,539,215,Nenhuma,0.3914341628551483
158,12.153846153846153,1,418.4834975646878,70.37017901334927,483.3742900114613,221.27996458980095,450,145,Nenhuma,0.2652483284473419
158,12.153846153846153,2,30.408540463389535,85.82655947312733,90.96757761533274,208.90592981299892,60,147,Nenhuma,0.2652483284473419
158,12.153846153846153,7,303.7452427469646,9.057461023482567,339.65662784963524,88.31509936936482,321,48,Nenhuma,0.2652483284473419
158,12.153846153846153,19,326.3445659421355,211.05454492579486,419.96408097186406,357.02945904920716,373,284,Nenhuma,0.2652483284473419
158,12.153846153846153,20,113.76416050191463,54.31242445250324,170.0356207242087,144.52157946489984,141,99,Nenhuma,0.2652483284473419
158,12.153846153846153,34,153.46730888819928,32.15205509136112,201.90749081157696,149.01586037591827,177,90,Nenhuma,0.2652483284473419
158,12.153846153846153,46,501.3298372513123,152.35285791450337,576.7038011758948,275.1014752965033,539,213,Nenhuma,0.2652483284473419
158,12.153846153846153,54,396.3254889459701,53.98440640379179,429.18563448529915,126.19550904262977,412,90,Nenhuma,0.2652483284473419
158,12.153846153846153,55,110.88671222654392,55.00000000000001,170.79106543349207,177.79377770242303,140,116,Nenhuma,0.2652483284473419
159,12.23076923076923,1,418.57910248357666,70.07760158735083,483.35534609376043,221.91014741911147,450,145,Nenhuma,0.290192574262619
159,12.23076923076923,2,28.106076641754658,81.09839768501988,88.05077300925178,203.60783267288022,58,142,Nenhuma,0.290192574262619
159,12.23076923076923,7,302.8000064444605,11.006182507488155,337.96808252185764,87.86517755460358,320,49,Nenhuma,0.290192574262619
159,12.23076923076923,19,326.59742487875116,211.04809684564196,420.1581390950315,357.02656575609615,373,284,Nenhuma,0.290192574262619
159,12.23076923076923,20,113.37262587318864,54.2341649491723,170.09283531939346,145.1610906574498,141,99,Nenhuma,0.290192574262619
159,12.23076923076923,34,152.44043701734805,31.816886884695244,200.8634006650874,148.64059981139948,176,90,Nenhuma,0.290192574262619
159,12.23076923076923,46,501.0792284310887,149.53841927673753,575.8581414586461,273.0364778598095,538,211,Nenhuma,0.290192574262619
159,12.23076923076923,54,390.8324275822254,49.190159068947516,426.8569490257833,127.8660544120115,408,88,Nenhuma,0.290192574262619
159,12.23076923076923,55,106.3279125289354,54.240685847032,167.05509683606275,178.0713834775255,136,116,Nenhuma,0.290192574262619
160,12.307692307692308,1,418.8767457550321,70.62913895729785,483.0885415001246,222.13241034584894,450,146,Nenhuma,0.32636356353759766
160,12.307692307692308,2,28.01474028365071,80.04701934317112,86.1743926748886,199.05328699820598,57,139,Nenhuma,0.32636356353759766
160,12.307692307692308,7,301.8636738005888,11.046251813312708,337.30956716707385,87.73096178491826,319,49,Nenhuma,0.32636356353759766
160,12.307692307692308,19,326.8901094026371,211.70325657557996,420.03480991312375,357.0236519707613,373,284,Nenhuma,0.32636356353759766
160,12.307692307692308,46,501.6006746404932,147.88728131030516,575.5009478796042,271.67202827751555,538,209,Nenhuma,0.32636356353759766
160,12.307692307692308,54,388.72088881418273,43.5028772063455,425.30000644784866,123.35362832744973,407,83,Nenhuma,0.32636356353759766
160,12.307692307692308,55,106.85741034009754,54.727104474407504,167.5429283546577,178.1327202649313,137,116,Nenhuma,0.32636356353759766
161,12.384615384615385,1,418.98689926546,70.18611821373851,482.9915312160392,222.19813500198205,450,146,Nenhuma,0.4412640631198883
161,12.384615384615385,2,28.510155878840376,79.0796859290911,85.83678122328762,196.38144371181932,57,137,Nenhuma,0.4412640631198883
161,12.384615384615385,7,299.7262518593063,7.705952424717125,336.899050619928,87.70456288735805,318,47,Nenhuma,0.4412640631198883
161,12.384615384615385,19,327.5648626325072,211.94723694070896,420.74711860164825,357.02086793833814,374,284,Nenhuma,0.4412640631198883
161,12.384615384615385,46,502.4449024290604,147.9943376209328,574.632493833773,269.91188925446227,538,208,Nenhuma,0.4412640631198883
161,12.384615384615385,54,385.78996579718,40.54692540018182,422.7830225025142,121.3012872853647,404,80,Nenhuma,0.4412640631198883
161,12.384615384615385,55,100.11160878652115,55.6206863556518,161.94927727264704,179.56013343739917,131,117,Nenhuma,0.4412640631198883
161,12.384615384615385,56,29.45942671655529,84.21751595132126,87.34131611371836,236.96797652629397,58,160,Nenhuma,0.4412640631198883
162,12.461538461538462,1,419.5218067072494,70.02192162701951,483.12090285201015,222.20694781227374,451,146,Nenhuma,0.4702066481113434
162,12.461538461538462,2,29.005571261812733,78.11235251501108,85.49916998390395,193.7096004254327,57,135,Nenhuma,0.4702066481113434
162,12.461538461538462,7,298.52449421516167,7.13897221665853,336.54120932796246,88.3648770970801,317,47,Nenhuma,0.4702066481113434
162,12.461538461538462,19,328.3246560738228,212.03358018635598,421.1680955143754,356.3566371832957,374,284,Nenhuma,0.4702066481113434
162,12.461538461538462,46,502.87264532225333,147.4506537427717,574.1054920584876,268.66443113878825,538,208,Nenhuma,0.4702066481113434
162,12.461538461538462,54,382.8590427715792,37.59097359401814,420.26603856577776,119.24894624327966,401,78,Nenhuma,0.4702066481113434
162,12.461538461538462,55,97.12617422566532,55.933167026602206,160.05319914866874,180.04079467795808,128,117,Nenhuma,0.4702066481113434
162,12.461538461538462,56,30.227554635103694,88.13621419174487,86.83702058095653,237.70936777814174,58,162,Nenhuma,0.4702066481113434
163,12.538461538461538,1,419.7596355998061,69.30553886956129,483.1356010828267,221.5362131202299,451,145,Nenhuma,0.3288539946079254
163,12.538461538461538,2,29.50098643256778,77.14501910093108,85.1615589567376,191.03775713904608,57,134,Nenhuma,0.3288539946079254
163,12.538461538461538,7,296.5121171983339,6.275952920687601,335.3831616285913,87.98383289546031,315,47,Nenhuma,0.3288539946079254
163,12.538461538461538,19,328.3852160621148,212.0601417905062,421.5443403950992,356.7682584254453,374,284,Nenhuma,0.3288539946079254
163,12.538461538461538,46,503.3494298271536,147.30714560914228,574.1892259252539,268.9328533021388,538,208,Nenhuma,0.3288539946079254
163,12.538461538461538,54,379.92811973738037,34.635021787854456,417.7490546376393,117.19660520119463,398,75,Nenhuma,0.3288539946079254
163,12.538461538461538,55,94.3213257354679,56.72529473180276,158.56357662309182,180.87414882148758,126,118,Nenhuma,0.3288539946079254
163,12.538461538461538,56,30.82716181402853,89.06621458172818,87.04736921542418,237.93912759505025,58,163,Nenhuma,0.3288539946079254
163,12.538461538461538,57,232.68281270802024,0.0,265.50768214370066,84.46421560953347,249,42,Nenhuma,0.3288539946079254
164,12.615384615384615,1,419.9162820945032,69.039262939128,483.0726048592013,221.26879811719698,451,145,Nenhuma,0.3628464341163635
164,12.615384615384615,7,294.3443087035213,5.960655808833437,334.42470347467344,88.51412579483929,314,47,Nenhuma,0.3628464341163635
164,12.615384615384615,19,328.18618264089804,212.72607410033243,421.23519085505035,356.923819686261,374,284,Nenhuma,0.3628464341163635
164,12.615384615384615,46,504.397703758569,147.30590024272055,574.6170107214609,268.4349994632345,539,207,Nenhuma,0.3628464341163635
164,12.615384615384615,55,91.21356456344817,57.68551878972415,157.58838408893314,181.8330988438069,124,119,Nenhuma,0.3628464341163635
164,12.615384615384615,56,31.359436648871068,89.17294654855938,87.48064831834921,238.00983646290467,59,163,Nenhuma,0.3628464341163635
164,12.615384615384615,57,232.4528275518174,0.0,265.43273639817653,84.77058007603429,248,42,Nenhuma,0.3628464341163635
165,12.692307692307692,1,419.37582261979935,68.94575087147624,482.32679559429056,221.15829470213467,450,145,Nenhuma,0.25515371561050415
165,12.692307692307692,7,293.8499043382248,6.512655439335617,334.45347470123477,88.72858963608182,314,47,Nenhuma,0.25515371561050415
165,12.692307692307692,19,327.1002171253949,212.9719913476195,420.13040215455374,356.9822008696001,373,284,Nenhuma,0.25515371561050415
165,12.692307692307692,20,102.57348092869586,57.80274014475215,173.68079264212463,170.92870837352734,138,114,Nenhuma,0.25515371561050415
165,12.692307692307692,46,505.3197321585253,147.35937575826858,575.5172285913809,268.3110529227913,540,207,Nenhuma,0.25515371561050415
165,12.692307692307692,55,91.38685684346228,58.0259124191144,158.808736307951,181.48432608062984,125,119,Nenhuma,0.25515371561050415
165,12.692307692307692,56,32.202708234587575,90.4804341443493,86.93752928633863,235.9016803661811,59,163,Nenhuma,0.25515371561050415
165,12.692307692307692,57,231.98693077035222,0.0,265.1004866364884,84.89019742560521,248,42,Nenhuma,0.25515371561050415
166,12.76923076923077,1,418.9434580608054,68.91785781924364,481.61088170776435,221.1092325792069,450,145,Nenhuma,0.3088262975215912
166,12.76923076923077,7,293.2434308051583,4.757625903780749,334.9564364683967,88.16248170049128,314,46,Nenhuma,0.3088262975215912
166,12.76923076923077,19,324.57321144325385,213.71914474055097,417.19320342745397,357.0032332758193,370,285,Nenhuma,0.3088262975215912
166,12.76923076923077,20,101.60508411621197,58.006744197665334,173.95102365899623,173.101154809707,137,115,Nenhuma,0.3088262975215912
166,12.76923076923077,46,506.3207568414193,148.08681039354084,575.8056133053922,267.6570883768014,541,207,Nenhuma,0.3088262975215912
166,12.76923076923077,54,358.6611356032531,31.705059929779978,400.44301233620115,122.43402845130684,379,77,Nenhuma,0.3088262975215912
166,12.76923076923077,55,91.0686515197657,58.13477411624178,159.1644017776,180.65300971413805,125,119,Nenhuma,0.3088262975215912
166,12.76923076923077,56,32.16911199592186,90.80420284314009,86.33760547534715,235.15848291348925,59,162,Nenhuma,0.3088262975215912
166,12.76923076923077,57,231.2229587515998,0.7159457338895621,264.19360403753984,84.93955737972348,247,42,Nenhuma,0.3088262975215912
167,12.846153846153847,1,418.9732169455758,68.91432617977124,481.1504196074178,220.42471939994016,450,144,Nenhuma,0.2821606993675232
167,12.846153846153847,7,293.7361909792437,6.077275033183753,335.13224214858326,87.30192201650796,314,46,Nenhuma,0.2821606993675232
167,12.846153846153847,19,323.7014506515704,213.99242398719605,416.01193885788956,357.0100749573709,369,285,Nenhuma,0.2821606993675232
167,12.846153846153847,20,100.63666457677414,58.21074825057852,174.22127740282178,175.27360124588665,137,116,Nenhuma,0.2821606993675232
167,12.846153846153847,46,506.75878334776144,147.73950928580678,576.4542227845689,267.4659851118431,541,207,Nenhuma,0.2821606993675232
167,12.846153846153847,54,356.44145847724207,44.03059289857202,398.0060708620581,134.07570564839958,377,89,Nenhuma,0.2821606993675232
167,12.846153846153847,55,90.84513321545958,58.15871552505407,159.5547538755165,179.6512594725348,125,118,Nenhuma,0.2821606993675232
167,12.846153846153847,56,32.989544018543256,90.82540844214756,86.65858758038047,234.22196855676546,59,162,Nenhuma,0.2821606993675232
167,12.846153846153847,57,231.6340396940423,0.9644791571310165,264.64025541080827,84.9618801038414,248,42,Nenhuma,0.2821606993675232
168,12.923076923076923,1,419.27805070049715,69.58084473528879,480.69030954558224,219.49942728113166,449,144,Nenhuma,0.49808576703071594
168,12.923076923076923,7,295.2942578253395,7.272409710331431,335.9029285970141,84.98833800883556,315,46,Nenhuma,0.49808576703071594
168,12.923076923076923,19,320.9537183424875,214.74770096360538,412.7148715781182,357.0116503147703,366,285,Nenhuma,0.49808576703071594
168,12.923076923076923,20,99.66822231038238,58.4147523034917,174.49155387360128,177.4460476820663,137,117,Nenhuma,0.49808576703071594
168,12.923076923076923,46,507.7113075102131,147.64017191534995,577.8417371882318,267.43803688269156,542,207,Nenhuma,0.49808576703071594
168,12.923076923076923,54,352.36621819569257,43.30868573008851,394.5183093008667,134.62650025201197,373,88,Nenhuma,0.49808576703071594
168,12.923076923076923,55,90.27606087932413,58.15310705456121,159.64407574555844,179.26603070950227,124,118,Nenhuma,0.49808576703071594
168,12.923076923076923,56,33.070233789042916,89.37987901061254,86.97037836318367,233.90641821369232,60,161,Nenhuma,0.49808576703071594
168,12.923076923076923,57,231.41795389183955,1.1454302375689949,264.3333394853589,84.91167549803848,247,43,Nenhuma,0.49808576703071594
169,13.0,1,419.5444548897533,69.83820701932049,480.3741403287087,218.4852013597031,449,144,Nenhuma,0.35808438062667847
169,13.0,7,295.7970416367828,7.731863821545453,337.0061471302131,84.81301252305519,316,46,Nenhuma,0.35808438062667847
169,13.0,19,320.05168215798875,215.02126690503178,412.04110359261784,357.67465358235245,366,286,Nenhuma,0.35808438062667847
169,13.0,46,508.09887816067544,148.29535341805126,578.2773682306304,267.4699379553058,543,207,Nenhuma,0.35808438062667847
169,13.0,54,348.2909778782694,42.58677856160501,391.03054777554894,135.17729485562435,369,88,Nenhuma,0.35808438062667847
169,13.0,55,90.53013523285813,58.139135968331004,159.3163199594954,176.44376523581764,124,117,Nenhuma,0.35808438062667847
169,13.0,56,32.83493971997443,88.80177307220687,86.65202681585251,233.81207841451038,59,161,Nenhuma,0.35808438062667847
169,13.0,57,231.20186809227036,1.3263813180069732,264.02642355727596,84.86147089223559,247,43,Nenhuma,0.35808438062667847
170,13.076923076923077,1,419.66439522871985,69.27290211164551,480.2436200000143,217.4438149056836,449,143,Nenhuma,0.4356348514556885
170,13.076923076923077,7,295.642718776254,7.900991535066858,337.767872785307,84.76655812687952,316,46,Nenhuma,0.4356348514556885
170,13.076923076923077,19,319.9300513537724,215.11237409921864,412.2845213038819,357.92166797337245,366,286,Nenhuma,0.4356348514556885
170,13.076923076923077,46,508.219425414038,148.57063398557463,579.0680582899589,268.18543107497715,543,208,Nenhuma,0.4356348514556885
170,13.076923076923077,54,344.3909516236953,30.252116045781257,388.40739137089497,127.58016513422632,366,78,Nenhuma,0.4356348514556885
170,13.076923076923077,55,91.3320898012048,58.79410754627374,158.60055275640877,172.69102546860407,124,115,Nenhuma,0.4356348514556885
170,13.076923076923077,56,32.69444914282151,88.5436749988488,86.56959542541347,234.47079779457158,59,161,Nenhuma,0.4356348514556885
170,13.076923076923077,57,230.9857822953348,1.5073323984449516,263.71950762655945,84.81126628643267,247,43,Nenhuma,0.4356348514556885
171,13.153846153846153,1,420.07446129009327,69.06267725591715,479.83667358429966,215.0712408348341,449,142,Nenhuma,0.3011786639690399
171,13.153846153846153,7,295.6972278238307,7.298201157422824,338.62584468084407,84.101771287246,317,45,Nenhuma,0.3011786639690399
171,13.153846153846153,19,319.8382279459647,215.13495266983716,412.47537764950107,358.01106843442915,366,286,Nenhuma,0.3011786639690399
171,13.153846153846153,34,132.9121008640157,27.997005724358964,181.2988571322164,144.98740982114037,157,86,Nenhuma,0.3011786639690399
171,13.153846153846153,46,508.9541842434183,148.03196685655334,579.9448925651967,267.1608868734859,544,207,Nenhuma,0.3011786639690399
171,13.153846153846153,54,340.29594419025443,28.39700934465479,385.04086492312047,127.33586643216368,362,77,Nenhuma,0.3011786639690399
171,13.153846153846153,55,91.81428936837838,60.38194447587854,159.60872614615664,174.02980162952792,125,117,Nenhuma,0.3011786639690399
171,13.153846153846153,56,33.19423424573027,88.41523018916493,86.64439001502993,234.06137301989102,59,161,Nenhuma,0.3011786639690399
172,13.23076923076923,1,420.2134396353986,68.98728936969414,479.7061621985918,214.19001486091858,449,141,Nenhuma,0.256236732006073
172,13.23076923076923,7,295.4982384779342,7.739351400800466,339.18127806471546,84.5370047204438,317,46,Nenhuma,0.256236732006073
172,13.23076923076923,19,319.94948087485653,215.13268728127403,413.1094192913141,358.04053156622706,366,286,Nenhuma,0.256236732006073
172,13.23076923076923,34,131.22024735658528,26.51612098990178,182.64023515200103,146.27902439843052,156,86,Nenhuma,0.256236732006073
172,13.23076923076923,46,509.0873733687388,147.847865724986,580.3629106571013,266.8029526548782,544,207,Nenhuma,0.256236732006073
172,13.23076923076923,54,336.20093682374187,26.541902643528324,381.67433840841767,127.09156773010105,358,76,Nenhuma,0.256236732006073
172,13.23076923076923,55,91.64453948260402,60.27368836998746,160.37161749464832,174.53352043242316,126,117,Nenhuma,0.256236732006073
172,13.23076923076923,56,33.08241838656148,88.33781389573922,86.29142167338065,233.92057556154515,59,161,Nenhuma,0.256236732006073
172,13.23076923076923,57,229.35331498572597,0.12337414490739462,262.7562020612124,84.980915845488,246,42,Nenhuma,0.256236732006073
173,13.307692307692308,1,421.19889921883527,68.96296910537559,480.7246990804578,213.8810294055803,450,141,Nenhuma,0.2837224006652832
173,13.307692307692308,7,294.8179260302922,9.900521080610481,338.01179836190573,84.05340231824027,316,46,Nenhuma,0.2837224006652832
173,13.307692307692308,19,321.387574750221,215.1222130608827,415.2989360414049,358.047546770154,368,286,Nenhuma,0.2837224006652832
173,13.307692307692308,34,131.57220241290872,30.635115473509067,181.46859272701317,143.40392517078132,156,87,Nenhuma,0.2837224006652832
173,13.307692307692308,46,508.26033087071374,148.45928445496165,578.6933226819305,264.7091697702811,543,206,Nenhuma,0.2837224006652832
173,13.307692307692308,54,332.1059295241576,24.686795942401858,378.3078118267866,126.8472690280384,355,75,Nenhuma,0.2837224006652832
173,13.307692307692308,55,91.43968311072146,60.21758899821528,160.84607486446924,174.7354477282019,126,117,Nenhuma,0.2837224006652832
173,13.307692307692308,56,33.17651951345073,87.61872432937861,86.01344020352852,233.21286961689327,59,160,Nenhuma,0.2837224006652832
173,13.307692307692308,57,228.86516738939147,0.033252795243534194,262.2616184821877,84.98802656989699,245,42,Nenhuma,0.2837224006652832
174,13.384615384615385,1,421.4747901648174,69.62162306314117,480.5372172524868,213.12191560861208,451,141,Nenhuma,0.3458347022533417
174,13.384615384615385,7,292.6602732747487,10.717779764720163,334.76680124549347,81.19611283268232,313,45,Nenhuma,0.3458347022533417
174,13.384615384615385,19,321.55476296012336,215.7709252761345,415.86854419143054,358.0464528193597,368,286,Nenhuma,0.3458347022533417
174,13.384615384615385,34,130.45789813795997,30.6991897037518,180.11852078245207,142.93604902123167,155,86,Nenhuma,0.3458347022533417
174,13.384615384615385,46,506.2061990687128,148.04250798780117,577.0708137373261,263.95077100606,541,205,Nenhuma,0.3458347022533417
174,13.384615384615385,55,91.34821489108153,60.181766550021,161.7494713166406,175.48947357983087,126,117,Nenhuma,0.3458347022533417
174,13.384615384615385,56,33.28023532613882,86.66527099430763,86.49935592082899,234.29126447394006,59,160,Nenhuma,0.3458347022533417
174,13.384615384615385,57,229.0003661081926,0.0030978491974025246,262.46646434910804,84.99045955029732,245,42,Nenhuma,0.3458347022533417
175,13.461538461538462,1,422.44865818530525,69.20647099640529,482.2555695496684,213.52432465934015,452,141,Nenhuma,0.2770204544067383
175,13.461538461538462,7,289.66365457522437,12.36965482737925,330.34367148383865,78.8009889180674,310,45,Nenhuma,0.2770204544067383
175,13.461538461538462,19,320.55194429738333,216.00743919547438,415.1770653857936,357.38017718524304,367,286,Nenhuma,0.2770204544067383
175,13.461538461538462,34,129.3435919786226,30.76326393399453,178.7684507222796,142.468172871682,154,86,Nenhuma,0.2770204544067383
175,13.461538461538462,46,503.1515135923292,148.56503816680694,574.0853489059239,263.70003272432893,538,206,Nenhuma,0.2770204544067383
175,13.461538461538462,55,94.48032105450667,60.15650603066415,164.92568656080007,175.11718104217243,129,117,Nenhuma,0.2770204544067383
175,13.461538461538462,56,32.751211069532346,86.95930274357309,85.92090412230168,235.36429659667348,59,161,Nenhuma,0.2770204544067383
175,13.461538461538462,57,229.36842146481743,-0.007245629627306016,262.2495350998745,83.66373747107782,245,41,Nenhuma,0.2770204544067383
176,13.538461538461538,1,422.81185870645504,69.71481942869318,482.8879218170137,213.691938224325,452,141,Nenhuma,0.32813793420791626
176,13.538461538461538,7,287.6864415544365,12.262372878433872,329.0048320278566,78.65869627172808,308,45,Nenhuma,0.32813793420791626
176,13.538461538461538,19,320.31880024043767,216.08651284969415,415.44756156855124,357.12692606159953,367,286,Nenhuma,0.32813793420791626
176,13.538461538461538,34,130.50364550057438,24.12383452902587,176.3021889898895,120.58949570118163,153,72,Nenhuma,0.32813793420791626
176,13.538461538461538,46,501.217844965448,148.10808068502774,573.0815165089789,264.30507458817414,537,206,Nenhuma,0.32813793420791626
176,13.538461538461538,55,94.87275996329049,59.47103969359096,166.2746520094317,175.64723936694932,130,117,Nenhuma,0.32813793420791626
176,13.538461538461538,56,32.73758681730311,87.06206505511975,85.50802148184972,235.1153287725024,59,161,Nenhuma,0.32813793420791626
176,13.538461538461538,57,229.53757865514163,-0.010049991655805002,262.1640274159753,83.16468778702506,245,41,Nenhuma,0.32813793420791626
177,13.615384615384615,1,423.27940976140223,69.24499804186078,484.10555142492206,213.77241631480277,453,141,Nenhuma,0.26527824997901917
177,13.615384615384615,7,285.99336242716487,11.53721560960161,328.9094335434868,79.98329283197538,307,45,Nenhuma,0.26527824997901917
177,13.615384615384615,19,320.04412120312105,216.1069099008761,415.75178337960745,357.0323005581429,367,286,Nenhuma,0.26527824997901917
177,13.615384615384615,34,129.84208766246215,23.45621965399866,174.62578493753895,117.78462524318653,152,70,Nenhuma,0.26527824997901917
177,13.615384615384615,46,499.5758056737814,147.94633016867948,571.6599341157546,264.5552477946136,535,206,Nenhuma,0.26527824997901917
177,13.615384615384615,54,360.7444804226874,57.09964577678391,398.52504814115565,138.10886496375568,379,97,Nenhuma,0.26527824997901917
177,13.615384615384615,55,98.01267411358931,59.207342849808235,169.06672209032104,173.20802011506095,133,116,Nenhuma,0.26527824997901917
177,13.615384615384615,56,32.90533618115946,87.09193312059098,85.1771370952257,234.35994902471288,59,160,Nenhuma,0.26527824997901917
177,13.615384615384615,57,229.7363741670269,-0.010236411445717408,262.01542243409796,82.31964664631101,245,41,Nenhuma,0.26527824997901917
178,13.692307692307692,1,424.0117753339031,70.39187644894767,485.3100156632639,213.81570093937918,454,142,Nenhuma,0.3175438940525055
178,13.692307692307692,7,284.4024995080815,11.928043779544574,329.2408724047177,84.46940110590998,306,48,Nenhuma,0.3175438940525055
178,13.692307692307692,19,319.10868217018094,216.1059895090583,415.3875645139444,356.99798349504715,367,286,Nenhuma,0.3175438940525055
178,13.692307692307692,34,129.18052639084635,22.788604778971447,172.94938431869195,114.97975478519142,151,68,Nenhuma,0.3175438940525055
178,13.692307692307692,46,498.6104239559478,146.57273915231053,570.8340720624507,264.01183689181704,534,205,Nenhuma,0.3175438940525055
178,13.692307692307692,54,362.8574315802224,58.819823293928785,401.1689980273756,138.94904362020037,382,98,Nenhuma,0.3175438940525055
178,13.692307692307692,55,98.59618945121116,59.301715140817926,169.37147679116515,172.85498188080476,133,116,Nenhuma,0.3175438940525055
178,13.692307692307692,56,33.025265528326685,87.09496202128096,84.99596481128401,234.07804716290386,59,160,Nenhuma,0.3175438940525055
178,13.692307692307692,57,229.93424831054344,-0.009469206970393884,261.8543644724029,81.34533888715681,245,40,Nenhuma,0.3175438940525055
179,13.76923076923077,1,424.81300433321906,71.4903020830403,486.54227600563786,213.84511709456507,455,142,Nenhuma,0.25089338421821594
179,13.76923076923077,7,284.62748158524545,14.021608564279028,328.593542114046,86.15306330113248,306,50,Nenhuma,0.25089338421821594
179,13.76923076923077,19,318.22471694326913,216.0979063947068,415.13385011200205,356.9865314534924,366,286,Nenhuma,0.25089338421821594
179,13.76923076923077,34,128.51896168572696,22.120989903944235,171.27298713334855,112.17488432719631,149,67,Nenhuma,0.25089338421821594
179,13.76923076923077,46,498.36093659630575,145.4056035355113,570.4432936235055,263.1662822717508,534,204,Nenhuma,0.25089338421821594
179,13.76923076923077,54,362.54748400513665,58.638191904204945,401.88324772334687,139.20277846412213,382,98,Nenhuma,0.25089338421821594
179,13.76923076923077,55,98.41237405430444,59.08512813054942,170.5566634002916,172.8929564463029,134,115,Nenhuma,0.25089338421821594
179,13.76923076923077,56,33.22325355074472,87.75176169468197,84.77577559758603,233.97728453204797,58,160,Nenhuma,0.25089338421821594
179,13.76923076923077,57,229.89529925154685,-0.008447970903674218,261.9226491294323,81.6618138073342,245,40,Nenhuma,0.25089338421821594
180,13.846153846153847,1,426.1629440910382,71.23315808731567,489.246466728987,213.86681640495115,457,142,Nenhuma,0.34040918946266174
180,13.846153846153847,7,285.1903133994375,15.490056283780675,327.9659212236146,86.80809454016615,306,51,Nenhuma,0.34040918946266174
180,13.846153846153847,19,317.53627438265215,215.4262340476123,415.4111868273089,356.9836456033448,366,286,Nenhuma,0.34040918946266174
180,13.846153846153847,46,498.2954241803743,143.65869918410334,570.3056837174172,262.20650229998483,534,202,Nenhuma,0.34040918946266174
180,13.846153846153847,54,362.519727744231,57.86411602549699,402.7531842913738,139.27251534181386,382,98,Nenhuma,0.34040918946266174
180,13.846153846153847,55,104.24017064754895,59.72487111984586,176.56502696959785,173.54346918361642,140,116,Nenhuma,0.34040918946266174
180,13.846153846153847,56,33.61327751539025,87.32828288638574,85.0418230209068,233.94510936306688,59,160,Nenhuma,0.34040918946266174
180,13.846153846153847,57,229.80133326284184,-0.02241248522835093,261.72301161610596,81.37838445145536,245,40,Nenhuma,0.34040918946266174
180,13.846153846153847,64,176.27006763209624,10.207853986283517,209.48867327668182,81.77544346124728,192,45,Nenhuma,0.34040918946266174
181,13.923076923076923,1,426.60111014149356,71.13018874379861,490.94957184315825,213.8833743128124,458,142,Nenhuma,0.26795411109924316
181,13.923076923076923,2,151.17257189292684,25.12771227512024,190.00195937389998,110.12113623555331,170,67,Nenhuma,0.26795411109924316
181,13.923076923076923,7,285.27124046813526,14.695565813721252,327.93112440617114,87.04345139658861,306,50,Nenhuma,0.26795411109924316
181,13.923076923076923,19,316.86721704014917,215.16833197666696,415.28394342753046,356.98380695002777,366,286,Nenhuma,0.26795411109924316
181,13.923076923076923,46,496.19341101801234,142.35853922683648,567.753435788965,261.8649100218686,531,202,Nenhuma,0.26795411109924316
181,13.923076923076923,54,362.65763014308544,58.206873410714955,402.9537555926269,139.27274845018476,382,98,Nenhuma,0.26795411109924316
181,13.923076923076923,55,104.78725679323043,60.61390852515362,176.85617652860424,173.11390740989825,140,116,Nenhuma,0.26795411109924316
181,13.923076923076923,56,33.82779751651295,87.1621640771071,85.0732700505427,233.93804356962255,59,160,Nenhuma,0.26795411109924316
181,13.923076923076923,57,229.70736727509674,-0.036376999553027645,261.5233741018198,81.09495509557651,245,40,Nenhuma,0.26795411109924316
181,13.923076923076923,64,176.9704567444562,10.679307360269085,209.75533376485862,81.27119193795355,193,45,Nenhuma,0.26795411109924316
182,14.0,1,426.4176339807549,71.08579483997069,491.8897472188204,213.8975683586424,459,142,Nenhuma,0.28210747241973877
182,14.0,2,152.89757750614757,24.257706953909356,189.9768113771291,108.77243484746495,171,66,Nenhuma,0.28210747241973877
182,14.0,7,285.4672079414566,13.725954145793857,328.45497260448053,87.7797637666178,306,50,Nenhuma,0.28210747241973877
182,14.0,19,316.9046770144974,215.0684035776266,415.6254983506031,356.98505123912196,366,286,Nenhuma,0.28210747241973877
182,14.0,46,496.3321570065934,141.8890533577603,566.5462204155662,261.0994556668584,531,201,Nenhuma,0.28210747241973877
182,14.0,54,362.13237858798533,57.629077987146346,402.9555671262117,139.24728372558712,382,98,Nenhuma,0.28210747241973877
182,14.0,55,101.78260568579597,60.275522239951215,176.09682382564364,174.95847872669557,138,117,Nenhuma,0.28210747241973877
182,14.0,56,34.06886608813497,87.09400795750837,84.92273503628041,233.27869895276154,59,160,Nenhuma,0.28210747241973877
182,14.0,57,229.61340128831156,-0.05034151387770436,261.3237365865737,80.81152573969766,245,40,Nenhuma,0.28210747241973877
182,14.0,64,177.01844946425197,11.609641744382756,209.28091306625714,81.08113563175309,193,46,Nenhuma,0.28210747241973877
183,14.076923076923077,1,427.1733458832823,72.38823032523658,492.69100632129425,213.2480313561125,459,142,Nenhuma,0.3235611915588379
183,14.076923076923077,2,153.5646207709967,24.67168222435025,189.11156194200967,108.36071595555102,171,66,Nenhuma,0.3235611915588379
183,14.076923076923077,7,286.18893257557625,13.346820744523122,328.701446819516,87.39348514191286,307,50,Nenhuma,0.3235611915588379
183,14.076923076923077,19,316.779982166065,215.69009837981378,415.2525497854099,356.986565839719,366,286,Nenhuma,0.3235611915588379
183,14.076923076923077,46,496.0992321718897,139.7577509767989,565.7652130896826,260.1715433620299,530,199,Nenhuma,0.3235611915588379
183,14.076923076923077,54,361.35285013889427,56.055329011304785,402.8872312415191,138.55328337994362,382,97,Nenhuma,0.3235611915588379
183,14.076923076923077,55,99.3800487327703,60.14477043079589,175.73868873340314,176.30421063039313,137,118,Nenhuma,0.3235611915588379
183,14.076923076923077,56,34.10650412689901,87.06380106381019,84.91628392794419,233.69751570392086,59,160,Nenhuma,0.3235611915588379
183,14.076923076923077,64,177.41318133582027,11.927555008094338,209.44311657888022,81.01598352478956,193,46,Nenhuma,0.3235611915588379
184,14.153846153846153,1,427.7185905393357,72.20966416149568,494.00891827936323,213.00998043067264,460,142,Nenhuma,0.27831512689590454
184,14.153846153846153,2,153.25441841262605,23.572842612168657,188.21560178571644,107.7102757580182,170,65,Nenhuma,0.27831512689590454
184,14.153846153846153,7,286.895281996694,13.84762072333779,329.0733116100643,87.88809671143684,307,50,Nenhuma,0.27831512689590454
184,14.153846153846153,19,316.69281890481267,215.92388599628788,415.1689910874819,356.9881011254539,365,286,Nenhuma,0.27831512689590454
184,14.153846153846153,46,495.3369796416133,138.32169631040966,564.2166778972747,259.1852886946741,529,198,Nenhuma,0.27831512689590454
184,14.153846153846153,54,360.9991856792074,55.44732211269475,402.93761585199866,138.27866233809158,381,96,Nenhuma,0.27831512689590454
184,14.153846153846153,55,99.84788038859259,60.089707439162765,177.46180029862398,176.8146025672986,138,118,Nenhuma,0.27831512689590454
184,14.153846153846153,56,33.89205271998175,87.71017568600428,84.47867550965421,233.86049557727938,59,160,Nenhuma,0.27831512689590454
184,14.153846153846153,64,177.23916244072134,12.030118515650628,209.0951780912598,80.99483389957086,193,46,Nenhuma,0.27831512689590454
185,14.23076923076923,1,427.0362388163996,70.80874481549866,494.6743644943957,212.92911444992035,460,141,Nenhuma,0.2847547233104706
185,14.23076923076923,2,151.7756985822141,23.928367707019433,186.22400136234037,108.28372714707258,168,66,Nenhuma,0.2847547233104706
185,14.23076923076923,7,287.146758101819,14.68827105815923,328.60449871073615,88.0648051262413,307,51,Nenhuma,0.2847547233104706
185,14.23076923076923,19,316.9160726893674,216.67015675122616,414.89797400711797,356.98948142809945,365,286,Nenhuma,0.2847547233104706
185,14.23076923076923,46,494.24784014422363,136.49114418152067,562.5012448973027,258.17652877635976,528,197,Nenhuma,0.2847547233104706
185,14.23076923076923,54,359.97413540230633,54.54433590695156,402.53980127650465,138.8269246546463,381,96,Nenhuma,0.2847547233104706
185,14.23076923076923,55,99.86909021103355,60.06423701017346,177.5818828921473,175.68592626060976,138,117,Nenhuma,0.2847547233104706
185,14.23076923076923,56,34.780115498716945,87.28848297536642,84.66640937734013,231.27735059739376,59,159,Nenhuma,0.2847547233104706
185,14.23076923076923,64,177.70930035413366,14.133887573187963,208.42900999920073,80.98885815627148,193,47,Nenhuma,0.2847547233104706
186,14.307692307692308,1,425.5216741025965,70.93894692524559,494.15573846115706,213.5664215445588,459,142,Nenhuma,0.26064780354499817
186,14.307692307692308,2,150.45349989896755,23.464401167447754,185.3051393732156,109.29311278822476,167,66,Nenhuma,0.26064780354499817
186,14.307692307692308,7,287.7296971152241,16.320164233537405,327.9673015566138,87.45792206251289,307,51,Nenhuma,0.26064780354499817
186,14.307692307692308,19,317.1976842057885,217.60967393531217,414.61440127203355,356.9907473224357,365,287,Nenhuma,0.26064780354499817
186,14.307692307692308,46,494.3701614212575,135.17294940478197,562.0239275506535,257.8187693080974,528,196,Nenhuma,0.26064780354499817
186,14.307692307692308,54,359.20638320822445,54.200345104662816,402.12967644455375,139.6837018601566,380,96,Nenhuma,0.26064780354499817
186,14.307692307692308,55,99.26831345819802,59.38839585615532,178.19393518380167,176.57307106509978,138,117,Nenhuma,0.26064780354499817
186,14.307692307692308,56,35.199604574126184,87.12354974572061,84.65254374180608,229.6420225633898,59,158,Nenhuma,0.26064780354499817
186,14.307692307692308,64,177.9244017877099,14.887799878002888,208.13645634680293,80.98841730941183,193,47,Nenhuma,0.26064780354499817
186,14.307692307692308,65,327.1145865090271,22.796338293774767,360.6849119245017,86.9394064345115,343,54,Nenhuma,0.26064780354499817
187,14.384615384615385,1,423.9284660862757,70.32734787372995,493.61299475331776,213.81510420989105,458,142,Nenhuma,0.2732803523540497
187,14.384615384615385,2,150.52853188970744,24.013431537142687,184.88393216052748,109.08386393060323,167,66,Nenhuma,0.2732803523540497
187,14.384615384615385,7,288.1082437074868,15.584977313566718,328.9360168425222,87.21519263302827,308,51,Nenhuma,0.2732803523540497
187,14.384615384615385,19,317.28434105651036,217.95546303480643,414.5413845947594,356.99187732682884,365,287,Nenhuma,0.2732803523540497
187,14.384615384615385,46,494.9050770389129,135.3652037503459,561.408564344492,257.7083312285083,528,196,Nenhuma,0.2732803523540497
187,14.384615384615385,54,358.99031084225544,54.0681173699657,401.91767887471104,140.00014703245336,380,97,Nenhuma,0.2732803523540497
187,14.384615384615385,55,99.92898078914135,59.79106993431398,178.16715338089347,175.58791135795616,139,117,Nenhuma,0.2732803523540497
187,14.384615384615385,56,35.42963111980069,87.0591037586411,84.56923094130852,228.38123177257492,59,157,Nenhuma,0.2732803523540497
187,14.384615384615385,64,178.0450262055013,14.45007985228569,207.98596091402965,80.3041406871636,193,47,Nenhuma,0.2732803523540497
187,14.384615384615385,65,326.62518667047533,23.134936895195594,359.6384908070626,86.21370023328133,343,54,Nenhuma,0.2732803523540497
188,14.461538461538462,1,421.96917637548205,69.43668363193166,492.75844343032867,213.91279406250993,457,141,Nenhuma,0.2624300420284271
188,14.461538461538462,2,150.2136938620261,24.286499864420087,184.19063722842506,109.09985189690491,167,66,Nenhuma,0.2624300420284271
188,14.461538461538462,7,290.4747428728159,15.965634432101638,331.04946890051036,86.45926961212379,310,51,Nenhuma,0.2624300420284271
188,14.461538461538462,19,317.29781239811393,218.07525270111097,414.54517060917516,356.9928482647748,365,287,Nenhuma,0.2624300420284271
188,14.461538461538462,46,494.8058044519548,132.84301490592367,560.8736094444673,256.37484264191767,527,194,Nenhuma,0.2624300420284271
188,14.461538461538462,54,359.25810098011436,54.67548008884893,401.51025875042706,139.45072678610825,380,97,Nenhuma,0.2624300420284271
188,14.461538461538462,55,99.71990864167495,59.94479091618626,178.58199818606573,176.5302010534888,139,118,Nenhuma,0.2624300420284271
188,14.461538461538462,56,35.862216386074756,87.03306949541776,84.85166231182416,227.93096991246136,60,157,Nenhuma,0.2624300420284271
188,14.461538461538462,64,178.13088825661976,14.949259145081498,207.88779845882075,80.73697625318071,193,47,Nenhuma,0.2624300420284271
188,14.461538461538462,65,326.1357868331648,23.47353549661642,358.59206968838225,85.48799403205116,342,54,Nenhuma,0.2624300420284271
188,14.461538461538462,66,233.0,1.0,264.0,37.0,248,19,Nenhuma,0.2624300420284271
189,14.538461538461538,1,419.4120921386362,68.44351179265239,490.9413764789356,213.95224664824826,455,141,Nenhuma,0.2755344808101654
189,14.538461538461538,2,150.36184631639756,24.432129143657356,184.19036873868606,109.17445687823101,167,66,Nenhuma,0.2755344808101654
189,14.538461538461538,7,293.1374290348059,16.095565360686287,334.7630284587266,87.50017475413446,313,51,Nenhuma,0.2755344808101654
189,14.538461538461538,19,316.70792641126894,217.4477257317445,414.48991797518454,356.99369937023937,365,287,Nenhuma,0.2755344808101654
189,14.538461538461538,46,494.7053118866373,129.95341519191567,560.1201476513592,253.9233221308336,527,191,Nenhuma,0.2755344808101654
189,14.538461538461538,54,359.54209635391015,54.245291017409606,401.8611854687529,139.22731329864214,380,96,Nenhuma,0.2755344808101654
189,14.538461538461538,55,99.98482776343187,60.000680128081946,178.36815032470963,175.56286553526948,139,117,Nenhuma,0.2755344808101654
189,14.538461538461538,56,35.34008875997578,85.69234812279706,84.96969471503758,228.44988520640823,60,157,Nenhuma,0.2755344808101654
189,14.538461538461538,64,178.33753333022372,15.11597287857932,207.67554964873116,80.22557719342794,193,47,Nenhuma,0.2755344808101654
189,14.538461538461538,65,325.64638699709553,23.812134098037248,357.5456485684607,84.762287830821,341,54,Nenhuma,0.2755344808101654
189,14.538461538461538,66,233.0,1.0,264.0,37.0,248,19,Nenhuma,0.2755344808101654
190,14.615384615384615,1,417.3542161158694,66.75706961802877,489.3651301000753,213.96907185071188,453,140,Nenhuma,0.3191280961036682
190,14.615384615384615,2,149.59954941750178,23.19124159810778,183.55184095395293,109.26192630450433,166,66,Nenhuma,0.3191280961036682
190,14.615384615384615,7,295.83745894067965,15.473743115410727,339.0335697991244,89.20381980198567,317,52,Nenhuma,0.3191280961036682
190,14.615384615384615,19,317.0389881044256,217.8644283537497,414.58706274685903,356.9944286978604,365,287,Nenhuma,0.3191280961036682
190,14.615384615384615,46,493.5735576052228,128.23720488184563,556.3698734535075,247.09978762698503,524,187,Nenhuma,0.3191280961036682
190,14.615384615384615,54,359.3873179668899,54.08290674173204,401.611076351805,139.13642131586874,380,96,Nenhuma,0.3191280961036682
190,14.615384615384615,55,98.873837708227,59.35704023638293,178.1429060222195,175.8532288389547,138,117,Nenhuma,0.3191280961036682
190,14.615384615384615,56,35.239201287748344,85.85281504769218,84.91355314594462,228.66121478184385,60,157,Nenhuma,0.3191280961036682
190,14.615384615384615,64,178.30732851729368,15.159613245681633,207.70273217200656,80.71297552592497,193,47,Nenhuma,0.3191280961036682
190,14.615384615384615,66,233.0,1.0,264.0,37.0,248,19,Nenhuma,0.3191280961036682
191,14.692307692307692,1,416.12209096198734,64.81472801545314,488.577764770188,213.97690483054132,452,139,Nenhuma,0.3659331798553467
191,14.692307692307692,2,149.2058971766635,24.079951265212436,182.6724027062799,109.3386443962338,165,66,Nenhuma,0.3659331798553467
191,14.692307692307692,7,297.7567576091809,14.578785083599314,342.3166634599934,90.49166290127948,320,52,Nenhuma,0.3659331798553467
191,14.692307692307692,19,316.68896437965986,218.67784284092488,413.78628819417906,356.99510535352226,365,287,Nenhuma,0.3659331798553467
191,14.692307692307692,46,491.87234388535245,127.64596243350874,553.5787048630019,243.85604183430274,522,185,Nenhuma,0.3659331798553467
191,14.692307692307692,54,359.37212678574804,54.02167259308702,401.4887154423119,139.09560953025152,380,96,Nenhuma,0.3659331798553467
191,14.692307692307692,55,99.32643054297239,59.11487918933013,178.48817002049157,175.30249892075295,138,117,Nenhuma,0.3659331798553467
191,14.692307692307692,56,35.18876835787245,85.91866789787349,84.8988588040809,228.7593279580734,60,157,Nenhuma,0.3659331798553467
191,14.692307692307692,64,178.75663384944116,15.831060748203534,207.9201998867722,80.89526394093602,193,48,Nenhuma,0.3659331798553467
191,14.692307692307692,66,233.0,1.0,264.0,37.0,248,19,Nenhuma,0.3659331798553467
191,14.692307692307692,67,151.0,25.0,178.0,94.0,164,59,Nenhuma,0.3659331798553467
192,14.76923076923077,1,414.870169418938,63.435446135288146,487.12151673600806,213.32619244505884,450,138,Nenhuma,0.4353354573249817
192,14.76923076923077,2,149.42550796435478,24.45799710238081,182.5274047846343,109.42219693512092,165,66,Nenhuma,0.4353354573249817
192,14.76923076923077,7,299.07543523293293,14.229222528165707,348.14397223672177,98.78272934997167,323,56,Nenhuma,0.4353354573249817
192,14.76923076923077,19,316.6421849287477,220.3028762837074,412.74589783542683,356.99570794966405,364,288,Nenhuma,0.4353354573249817
192,14.76923076923077,46,487.7908013702527,126.13773693103593,550.0433407872032,242.05125274308858,518,184,Nenhuma,0.4353354573249817
192,14.76923076923077,54,358.8434406767419,53.99927982598998,400.66050425370327,139.0747574733222,379,96,Nenhuma,0.4353354573249817
192,14.76923076923077,55,98.52572799547684,59.0238923743832,176.92997131976017,173.7705097273401,137,116,Nenhuma,0.4353354573249817
192,14.76923076923077,56,35.258031100275204,86.60859029691014,84.8010970693465,228.81027534102847,60,157,Nenhuma,0.4353354573249817
192,14.76923076923077,64,178.79340649984775,15.398063205982325,208.13205993171857,80.96467526840944,193,48,Nenhuma,0.4353354573249817
192,14.76923076923077,67,151.0,25.0,178.0,94.0,164,59,Nenhuma,0.4353354573249817
193,14.846153846153847,1,412.49314521335816,60.30458356806872,483.24537719077694,209.1410296670178,447,134,Nenhuma,0.42585688829421997
193,14.846153846153847,2,149.03784726060465,23.96037171133308,182.20559075445493,109.49275979117711,165,66,Nenhuma,0.42585688829421997
193,14.846153846153847,7,302.0025584021931,14.097330383891311,352.92699409191073,102.52823152977737,327,58,Nenhuma,0.42585688829421997
193,14.846153846153847,19,317.42420906954777,219.57190793234673,414.23009499463694,356.99625223100014,365,288,Nenhuma,0.42585688829421997
193,14.846153846153847,46,484.2850936904425,125.6241758186712,546.8192551570265,240.77870050858024,515,183,Nenhuma,0.42585688829421997
193,14.846153846153847,54,356.33226720258585,52.671163823910405,398.71228656801884,139.72250361481937,377,96,Nenhuma,0.42585688829421997
193,14.846153846153847,55,103.1825002710693,58.327345145894576,180.65937728566504,173.1933983737104,141,115,Nenhuma,0.42585688829421997
193,14.846153846153847,56,34.78855735593247,86.20847900952576,84.5937052126343,228.84196701527492,59,157,Nenhuma,0.42585688829421997
193,14.846153846153847,64,178.94575915696245,15.8901805621732,208.06820829325937,80.99039305103774,193,48,Nenhuma,0.42585688829421997
193,14.846153846153847,67,151.0,25.0,178.0,94.0,164,59,Nenhuma,0.42585688829421997
194,14.923076923076923,1,410.4040913661541,57.15852266777091,479.69478974799455,204.9113965256986,445,131,Nenhuma,0.2856552004814148
194,14.923076923076923,2,148.90135795743527,23.794577188721647,182.01798952546565,109.55087475702656,165,66,Nenhuma,0.2856552004814148
194,14.923076923076923,7,304.5340082832814,14.677672570414167,355.97648645276706,104.63838450821561,330,59,Nenhuma,0.2856552004814148
194,14.923076923076923,19,318.1483338059523,219.28730914789233,415.022093874142,356.33505639023326,366,287,Nenhuma,0.2856552004814148
194,14.923076923076923,46,480.3868868171621,121.48589807694,544.9737494020308,240.37123010060415,512,180,Nenhuma,0.2856552004814148
194,14.923076923076923,54,355.2255397901453,52.82854574466019,396.8538377746749,139.30777535676754,376,96,Nenhuma,0.2856552004814148
194,14.923076923076923,55,104.70502857210451,57.40790455098676,181.59261614651535,172.98512189259716,143,115,Nenhuma,0.2856552004814148
194,14.923076923076923,56,33.90586197888689,84.0752513931237,84.55947610335039,228.86364177376456,59,156,Nenhuma,0.2856552004814148
194,14.923076923076923,57,235.02170595734037,-0.0029019413555815277,268.75742007762824,85.88561359238386,251,42,Nenhuma,0.2856552004814148
194,14.923076923076923,64,179.08920804037766,16.063463805382007,207.9530578139754,80.99977732394726,193,48,Nenhuma,0.2856552004814148
194,14.923076923076923,67,151.0,25.0,178.0,94.0,164,59,Nenhuma,0.2856552004814148
195,15.0,1,407.40777206162534,56.667448232560915,474.6753907118395,201.35345537382494,441,129,Nenhuma,0.25887125730514526
195,15.0,2,148.47479568564907,23.092283086230488,181.60525004081092,108.94247092571311,165,66,Nenhuma,0.25887125730514526
195,15.0,7,309.52486628329933,14.908481022192056,358.8667724461564,100.9275194914523,334,57,Nenhuma,0.25887125730514526
195,15.0,19,318.5203342238317,219.16906483129299,415.8884380160673,356.0861036490468,367,287,Nenhuma,0.25887125730514526
195,15.0,46,479.1132565586867,119.98822851051756,541.5801256532632,235.6714545044748,510,177,Nenhuma,0.25887125730514526
195,15.0,54,352.91780945356226,51.57713110486517,394.7620349299389,138.48071458045615,373,95,Nenhuma,0.25887125730514526
195,15.0,55,103.93424517020591,56.40722228868973,181.26716446878407,174.89506414390317,142,115,Nenhuma,0.25887125730514526
195,15.0,56,33.44949562046769,83.27641142115256,84.67227771673682,229.53701237320735,59,156,Nenhuma,0.25887125730514526
195,15.0,57,235.40753634171796,-0.0013875031759766898,269.41052399047726,86.03364556601778,252,43,Nenhuma,0.25887125730514526
195,15.0,64,179.18874575479109,16.116623451067213,207.85979562804533,81.00293220466608,193,48,Nenhuma,0.25887125730514526
195,15.0,66,235.23842013919148,0.01855184116124775,268.6317169726798,38.962896317677504,251,19,Nenhuma,0.25887125730514526
196,15.076923076923077,1,407.100036588038,57.86257055934472,472.04345114171076,198.7185831670376,439,128,Nenhuma,0.2962243854999542
196,15.076923076923077,2,148.29467399150525,22.84767489573654,181.4216361000227,108.74068750109171,164,65,Nenhuma,0.2962243854999542
196,15.076923076923077,7,314.0380989495715,16.313526562555694,359.2808355535235,94.09956847453068,336,55,Nenhuma,0.2962243854999542
196,15.076923076923077,19,318.4992133839968,219.1167221276824,416.37105682778645,355.9957328820416,367,287,Nenhuma,0.2962243854999542
196,15.076923076923077,46,478.44862578570513,118.82408023896967,539.2852413895164,231.93032898976014,508,175,Nenhuma,0.2962243854999542
196,15.076923076923077,54,352.10936272679425,51.324329559900505,394.07759236357936,138.48543686153442,373,94,Nenhuma,0.2962243854999542
196,15.076923076923077,55,104.77018568900624,56.037792247699194,179.9831139483204,173.0021756519276,142,114,Nenhuma,0.2962243854999542
196,15.076923076923077,56,31.546476846171412,79.04065624936105,84.47773867585668,229.80073373011828,58,154,Nenhuma,0.2962243854999542
196,15.076923076923077,57,235.71751503321357,-0.0024318733223154254,269.80394974311827,86.24372608552014,252,43,Nenhuma,0.2962243854999542
196,15.076923076923077,64,179.26811889332734,16.125722491539037,207.7788923356189,81.00377095977396,193,48,Nenhuma,0.2962243854999542
196,15.076923076923077,66,235.15869562330374,-0.030855134461667433,269.05729031792794,39.744849117463424,252,19,Nenhuma,0.2962243854999542
197,15.153846153846153,1,405.9778565557014,55.006197969049296,470.84295207371883,197.11735386672262,438,126,Nenhuma,0.272676944732666
197,15.153846153846153,2,148.11295236533624,22.77596146288313,181.42781161726364,108.69129770693776,164,65,Nenhuma,0.272676944732666
197,15.153846153846153,7,318.5640009987728,16.166012381706224,361.1748860550959,88.69713751845569,339,52,Nenhuma,0.272676944732666
197,15.153846153846153,19,316.6294112458131,218.42839640353583,414.4338184421133,355.9655078190191,365,287,Nenhuma,0.272676944732666
197,15.153846153846153,34,116.8744614871201,53.916282783618286,160.08874662907726,135.85827300031605,138,94,Nenhuma,0.272676944732666
197,15.153846153846153,46,477.1586763743631,115.77506152341768,537.6102309718208,229.27950317789805,507,172,Nenhuma,0.272676944732666
197,15.153846153846153,54,349.5638441221181,47.9106694927287,392.26239924728606,136.55696828190742,370,92,Nenhuma,0.272676944732666
197,15.153846153846153,55,105.00335412687764,53.924230342384824,180.19187753862576,172.9328389846541,142,113,Nenhuma,0.272676944732666
197,15.153846153846153,56,32.302238258378225,80.70700150575915,84.88756124885441,231.20572190637876,58,155,Nenhuma,0.272676944732666
197,15.153846153846153,57,236.02749371066346,-0.003476243468654161,270.19737550980494,86.4538066050225,253,43,Nenhuma,0.272676944732666
197,15.153846153846153,64,179.33644701599903,16.119384122130448,207.70653557983167,81.00377110325567,193,48,Nenhuma,0.272676944732666
197,15.153846153846153,66,235.36487001826237,-0.13899692579346734,269.60810846229185,40.04110511750396,252,19,Nenhuma,0.272676944732666
198,15.23076923076923,1,404.98824824423576,53.32211535766237,469.73377543972305,196.56994857606162,437,124,Nenhuma,0.30897507071495056
198,15.23076923076923,2,147.8825640536092,22.76798815488042,181.55933741813314,108.69705445764046,164,65,Nenhuma,0.30897507071495056
198,15.23076923076923,7,320.8470594048514,16.788955290773224,363.76323199634874,89.49574878456377,342,53,Nenhuma,0.30897507071495056
198,15.23076923076923,19,315.4037086305282,218.164858888519,412.90220555315625,355.9576531466744,364,287,Nenhuma,0.30897507071495056
198,15.23076923076923,34,114.68802569580089,53.28462755561031,162.3550867301866,140.49798214013344,138,96,Nenhuma,0.30897507071495056
198,15.23076923076923,46,476.5162489325778,114.03862160273091,536.6073954892895,227.70776084668466,506,170,Nenhuma,0.30897507071495056
198,15.23076923076923,54,348.6139682809836,47.10977865059904,391.39858936414976,136.11977074827485,370,91,Nenhuma,0.30897507071495056
198,15.23076923076923,55,104.71069652254707,51.83414023873302,179.97022298035574,172.91267161868788,142,112,Nenhuma,0.30897507071495056
198,15.23076923076923,56,32.77200531627648,82.04294641844099,84.88504875199399,231.75382562630972,58,156,Nenhuma,0.30897507071495056
198,15.23076923076923,57,236.3374723740677,-0.004520613614992897,270.59080129053734,86.66388712452488,253,43,Nenhuma,0.30897507071495056
198,15.23076923076923,64,179.3973914701912,16.10836286521036,207.64103476577995,81.00349045176634,193,48,Nenhuma,0.30897507071495056
198,15.23076923076923,66,235.57104443067445,-0.24713871712526725,270.1589265892024,40.33736111754449,252,20,Nenhuma,0.30897507071495056
199,15.307692307692308,1,405.210422148492,52.72763626523384,469.48008645054534,196.41501051678551,437,124,Nenhuma,0.2501380741596222
199,15.307692307692308,2,147.40595786465653,22.78216776598228,181.3091246212158,108.72104739355751,164,65,Nenhuma,0.2501380741596222
199,15.307692307692308,7,321.5789997310061,17.673659873458725,366.66659167162106,94.46931490831602,344,56,Nenhuma,0.2501380741596222
199,15.307692307692308,19,315.04875117993186,217.40265155372583,412.8860767010945,356.6187534912657,363,287,Nenhuma,0.2501380741596222
199,15.307692307692308,34,114.08780717638628,54.50140076527931,161.65836052969408,141.5375809261325,137,98,Nenhuma,0.2501380741596222
199,15.307692307692308,46,476.983999750274,113.45135619682497,536.3148944363658,226.5371841907097,506,169,Nenhuma,0.2501380741596222
199,15.307692307692308,54,347.62675990381547,46.50835059622536,390.5949286839698,135.90019118691797,369,91,Nenhuma,0.2501380741596222
199,15.307692307692308,55,104.99213728622732,51.7102086645872,178.81240423281736,172.25748686418223,141,111,Nenhuma,0.2501380741596222
199,15.307692307692308,56,33.20573630776432,83.8874096450097,84.63610832856241,231.9590171093178,58,157,Nenhuma,0.2501380741596222
199,15.307692307692308,64,179.4525499663953,16.096617427166272,207.58149263922687,81.00313720050414,193,48,Nenhuma,0.2501380741596222
199,15.307692307692308,66,235.57461450753368,-0.05668130148669803,271.343535876508,42.6224682795754,253,21,Nenhuma,0.2501380741596222
200,15.384615384615385,1,404.73311104438216,51.8856384209723,468.72342368330516,196.4065120549147,436,124,Nenhuma,0.2819681465625763
200,15.384615384615385,2,147.36349643729187,22.802816125538143,181.05326912152321,108.0883522468168,164,65,Nenhuma,0.2819681465625763
200,15.384615384615385,7,322.9970118501538,18.6459158981912,368.45985236970245,96.9437114622227,345,57,Nenhuma,0.2819681465625763
200,15.384615384615385,19,318.7621643970235,217.11548067544607,417.6068196414695,356.86994972505056,368,286,Nenhuma,0.2819681465625763
200,15.384615384615385,34,113.48758932511655,55.71817397494831,160.9616336610567,142.57717971213154,137,99,Nenhuma,0.2819681465625763
200,15.384615384615385,46,474.81385600104943,111.96864767553566,533.3616843583382,225.51666447394547,504,168,Nenhuma,0.2819681465625763
200,15.384615384615385,54,346.6395515105238,45.906922541851685,389.7912680199134,135.68061162556108,368,90,Nenhuma,0.2819681465625763
200,15.384615384615385,55,106.21184416386907,52.34969537019936,178.54512755297333,172.01287217454797,142,112,Nenhuma,0.2819681465625763
200,15.384615384615385,56,31.77729911218986,81.95076820591275,84.15462783645751,232.69312856157785,57,157,Nenhuma,0.2819681465625763
200,15.384615384615385,64,179.1249604020025,16.085523268800316,207.24274974741482,81.00278646680357,193,48,Nenhuma,0.2819681465625763
200,15.384615384615385,66,236.45509721245338,0.6223633380153828,271.4512794049188,43.03980832054395,253,21,Nenhuma,0.2819681465625763
201,15.461538461538462,1,403.2611566154452,50.947478139506174,466.51503780334696,195.7857923890357,434,123,Nenhuma,0.333715558052063
201,15.461538461538462,2,148.348411507269,24.151516425682054,180.59833538968718,106.54201167856613,164,65,Nenhuma,0.333715558052063
201,15.461538461538462,7,325.77181953949355,19.010383151731375,370.0307156994086,95.91780165352591,347,57,Nenhuma,0.333715558052063
201,15.461538461538462,19,315.9876856941312,217.66787296852837,413.7161413687857,356.9651989180245,364,287,Nenhuma,0.333715558052063
201,15.461538461538462,34,112.88737214199169,56.93494718461731,160.26490612427443,143.6167784981306,136,100,Nenhuma,0.333715558052063
201,15.461538461538462,46,472.94674396131904,110.8078034640326,530.7677100006875,225.20560049196325,501,168,Nenhuma,0.333715558052063
201,15.461538461538462,54,345.6523431011086,45.30549448747801,388.98760737198046,135.4610320642042,367,90,Nenhuma,0.333715558052063
201,15.461538461538462,55,107.5467473281575,53.27606512942202,180.1935390954244,175.23089297668906,143,114,Nenhuma,0.333715558052063
201,15.461538461538462,56,32.1875245517558,83.19766539031605,84.34620079407797,233.6181402804042,58,158,Nenhuma,0.333715558052063
201,15.461538461538462,64,179.38173700588047,16.07548546844513,207.39579828217387,81.00246304732917,193,48,Nenhuma,0.333715558052063
201,15.461538461538462,66,236.7281875522872,0.8697685136275517,272.1778040777664,44.49593453056251,254,22,Nenhuma,0.333715558052063
202,15.538461538461538,1,402.9154172997614,50.63243033493964,464.892498285509,194.9304911622332,433,122,Nenhuma,0.3479178249835968
202,15.538461538461538,2,148.57261150239822,24.676288214627974,180.55347623729708,106.65290699967606,164,65,Nenhuma,0.3479178249835968
202,15.538461538461538,7,324.7932863535396,19.131870935730873,377.1361610958679,112.08355204812496,350,65,Nenhuma,0.3479178249835968
202,15.538461538461538,19,319.6487508892977,217.22003149330905,418.74128162047464,357.0001754612009,369,287,Nenhuma,0.3479178249835968
202,15.538461538461538,46,471.8044812086706,108.44574903907733,529.0243321341496,223.8346362720551,500,166,Nenhuma,0.3479178249835968
202,15.538461538461538,55,107.957070330395,52.32665849025103,180.2283052359028,175.13043724005945,144,113,Nenhuma,0.3479178249835968
202,15.538461538461538,56,32.38180573490403,84.34559618179482,84.3942583969581,234.62286964991375,58,159,Nenhuma,0.3479178249835968
202,15.538461538461538,64,179.62907556453115,16.06655494566735,207.30337019565096,80.34035495986487,193,48,Nenhuma,0.3479178249835968
202,15.538461538461538,66,237.24246983546414,0.9622973464025435,272.6673651996299,45.02941475432445,254,22,Nenhuma,0.3479178249835968
203,15.615384615384615,1,403.2947327883908,49.23087056477098,463.86155732520547,193.32329382977903,433,121,Nenhuma,0.3486334979534149
203,15.615384615384615,2,149.16623184588568,24.872069106470285,180.67818324816227,106.0455650240645,164,65,Nenhuma,0.3486334979534149
203,15.615384615384615,7,327.36157586380307,19.801119607445038,377.47898941817795,109.22546446258767,352,64,Nenhuma,0.3486334979534149
203,15.615384615384615,19,320.7577461690703,217.05242606128493,420.906540752027,357.0120773589655,370,287,Nenhuma,0.3486334979534149
203,15.615384615384615,46,471.20666791730827,106.9502165606597,527.3322169724715,222.06065203831463,499,164,Nenhuma,0.3486334979534149
203,15.615384615384615,55,108.61665032829038,51.976104235438584,180.364238544791,175.08633464331945,144,113,Nenhuma,0.3486334979534149
203,15.615384615384615,56,33.14607822894585,84.78379362277369,85.04738109281249,234.9923048584054,59,159,Nenhuma,0.3486334979534149
203,15.615384615384615,64,179.7359622421842,16.058183183319557,207.2539276655693,80.09066249798707,193,48,Nenhuma,0.3486334979534149
203,15.615384615384615,66,237.85541426726004,0.9973219469951253,272.41155247247286,44.56299469041282,255,22,Nenhuma,0.3486334979534149
204,15.692307692307692,1,402.6081382904167,47.416842944044234,461.08189466081984,188.78764096948856,431,118,Nenhuma,0.3227960169315338
204,15.692307692307692,2,148.92353427541337,24.947380008787064,180.5047020220751,106.50742807254483,164,65,Nenhuma,0.3227960169315338
204,15.692307692307692,7,326.7219501067021,21.366851529357973,380.96361010722495,119.48280900781589,353,70,Nenhuma,0.3227960169315338
204,15.692307692307692,19,316.0273156625368,216.99158606172512,415.63396798415283,357.0152536553819,365,287,Nenhuma,0.3227960169315338
204,15.692307692307692,34,115.9681017650476,54.497942246504344,160.4467505081641,131.26545362188833,138,92,Nenhuma,0.3227960169315338
204,15.692307692307692,46,471.1503342536534,105.78616909424241,525.9873453766453,220.13251884367966,498,162,Nenhuma,0.3227960169315338
204,15.692307692307692,55,109.70125738328329,53.17182584736333,180.86799469704704,176.37916164938656,145,114,Nenhuma,0.3227960169315338
204,15.692307692307692,56,33.084977186996824,84.94846878839991,84.98923894116513,235.11861561199015,59,160,Nenhuma,0.3227960169315338
204,15.692307692307692,64,179.78769745509626,16.05115352841732,207.22224797360423,80.00010401523782,193,48,Nenhuma,0.3227960169315338
204,15.692307692307692,66,239.73401146464244,1.0095646602977446,273.26054831081285,43.70028581551256,256,22,Nenhuma,0.3227960169315338
205,15.76923076923077,1,402.30337814111266,46.109151348462305,458.1715068834957,182.4561970446706,430,114,Nenhuma,0.2723693549633026
205,15.76923076923077,2,148.73438617727652,24.312435302452045,180.5247919880481,106.69622362521098,164,65,Nenhuma,0.2723693549633026
205,15.76923076923077,7,327.7853822821928,22.57473248338612,382.21737746433985,122.02463180141726,355,72,Nenhuma,0.2723693549633026
205,15.76923076923077,19,314.17872756084216,216.31158367392104,413.6706546327361,357.01522889284956,363,286,Nenhuma,0.2723693549633026
205,15.76923076923077,34,115.32969979919072,53.62142209744679,161.30482359324878,130.29812752731456,138,91,Nenhuma,0.2723693549633026
205,15.76923076923077,46,470.2818468436392,104.08457951318177,523.7986813393381,216.82129448270416,497,160,Nenhuma,0.2723693549633026
205,15.76923076923077,55,109.28680502240613,52.324412162363394,180.54093691297894,176.8658843776522,144,114,Nenhuma,0.2723693549633026
205,15.76923076923077,56,32.01168026362768,83.028803201437,84.69702131843258,235.15304000529486,58,159,Nenhuma,0.2723693549633026
205,15.76923076923077,64,179.69531610869052,15.3820953147996,207.32066327591363,79.96957429948405,193,47,Nenhuma,0.2723693549633026
205,15.76923076923077,66,240.96224007791534,0.35155533704963915,274.3595146775675,43.35186840934395,257,21,Nenhuma,0.2723693549633026
206,15.846153846153847,1,400.0146051208351,45.67115403121653,454.6539845074012,178.809440279928,427,112,Nenhuma,0.2917495667934418
206,15.846153846153847,2,148.79365239147376,24.736695781093374,180.39028746547064,106.78123859233403,164,65,Nenhuma,0.2917495667934418
206,15.846153846153847,7,329.2526763895375,23.685426040702566,383.41972100561514,122.93769781503082,356,73,Nenhuma,0.2917495667934418
206,15.846153846153847,19,313.4467774219295,215.39926703367598,412.9747088010049,357.0141705433755,363,286,Nenhuma,0.2917495667934418
206,15.846153846153847,34,115.26799050077163,54.18204844406458,160.7409758994961,130.020273102488,138,92,Nenhuma,0.2917495667934418
206,15.846153846153847,46,468.89076656259164,104.17367773663406,520.8334406879925,213.65093003843626,494,158,Nenhuma,0.2917495667934418
206,15.846153846153847,55,109.4643265068468,52.66752869637776,180.05523656566004,177.04205285621725,144,114,Nenhuma,0.2917495667934418
206,15.846153846153847,56,32.53819612234422,84.9308225669103,84.31345247290488,234.49874178184263,58,159,Nenhuma,0.2917495667934418
206,15.846153846153847,64,179.72193195478243,13.809803002645843,207.9547922561587,79.9611893216613,193,46,Nenhuma,0.2917495667934418
206,15.846153846153847,66,241.56825440212938,0.7620920032500784,275.248415836282,44.52543824502388,258,22,Nenhuma,0.2917495667934418
207,15.923076923076923,1,401.0406675761283,45.55382677916478,454.2886274414888,176.87982397617765,427,111,Nenhuma,0.2638028860092163
207,15.923076923076923,2,149.2040842028579,24.237506661863854,180.60297600572125,106.16423669673168,164,65,Nenhuma,0.2638028860092163
207,15.923076923076923,7,329.3554154914807,25.39327884328724,383.5671403676243,123.19378994118284,356,74,Nenhuma,0.2638028860092163
207,15.923076923076923,19,313.5434274187216,215.05962357802554,412.36057455366404,356.35477242930705,362,285,Nenhuma,0.2638028860092163
207,15.923076923076923,34,114.1258311240733,54.15340615166701,161.74680654850587,131.53367629131844,137,92,Nenhuma,0.2638028860092163
207,15.923076923076923,46,460.9155056216491,97.56887366914296,516.5762187563716,213.2197036928464,488,155,Nenhuma,0.2638028860092163
207,15.923076923076923,55,109.99334499321309,53.46824298208858,179.38133988528978,176.44096024139836,144,114,Nenhuma,0.2638028860092163
207,15.923076923076923,56,30.159762367520287,79.6970904854203,84.10018254903812,234.89730413626887,57,157,Nenhuma,0.2638028860092163
207,15.923076923076923,64,179.7476870336666,13.218641302817673,208.17645273918447,79.96060850276262,193,46,Nenhuma,0.2638028860092163
207,15.923076923076923,66,242.39343208015262,0.9190531593680973,274.95262758633606,43.65455423626048,258,22,Nenhuma,0.2638028860092163
208,16.0,1,399.52154446017653,45.54966394639074,452.1247762452065,176.25513804284338,425,110,Nenhuma,0.2522558867931366
208,16.0,2,148.38788599295236,23.38884797808697,180.98044572949698,107.93302042967804,164,65,Nenhuma,0.2522558867931366
208,16.0,7,331.431657005494,26.683945130161334,386.6541829227909,125.15185352025784,359,75,Nenhuma,0.2522558867931366
208,16.0,19,313.52665490009804,214.93958177265338,412.20867448009557,356.76345149819633,362,285,Nenhuma,0.2522558867931366
208,16.0,34,114.44128289090725,55.56403382779488,162.01298930336992,131.1496027453822,138,93,Nenhuma,0.2522558867931366
208,16.0,46,457.9663675333108,101.06404243897725,511.9025852485394,210.48281305948802,484,155,Nenhuma,0.2522558867931366
208,16.0,55,110.45316005242213,54.44293616307162,178.8427906411342,176.2025568671197,144,115,Nenhuma,0.2522558867931366
208,16.0,56,30.440744744873033,79.7187776681689,84.81913085005237,235.69158171677384,57,157,Nenhuma,0.2522558867931366
208,16.0,64,179.15632680498814,12.342802793841678,208.2022261585711,80.61965471381495,193,46,Nenhuma,0.2522558867931366
208,16.0,66,243.15197710992274,0.9796588028488884,275.002513244471,43.298697258155364,259,22,Nenhuma,0.2522558867931366
209,16.076923076923077,1,398.41198572993994,43.57480473258077,450.6288696292995,174.76621088441408,424,109,Nenhuma,0.35714617371559143
209,16.076923076923077,2,149.71244483521957,23.729790276995615,180.79367032155594,105.32835999829298,165,64,Nenhuma,0.35714617371559143
209,16.076923076923077,7,334.91595801360927,27.153301826209123,393.47780858020343,132.32858183781966,364,79,Nenhuma,0.35714617371559143
209,16.076923076923077,19,319.68544206074876,214.90278051890238,419.8471389246896,356.26020514237365,369,285,Nenhuma,0.35714617371559143
209,16.076923076923077,34,114.44656349914565,56.164108616855245,161.5747203477103,131.04367219519582,138,93,Nenhuma,0.35714617371559143
209,16.076923076923077,46,452.44949306941476,92.48911478500054,510.64290350418315,210.19922685113931,481,151,Nenhuma,0.35714617371559143
209,16.076923076923077,55,109.29530318645556,51.49992158941667,179.28923898827804,177.43237264634547,144,114,Nenhuma,0.35714617371559143
209,16.076923076923077,56,31.649734344422328,81.71588911961526,85.98124717587586,236.6456842327887,58,159,Nenhuma,0.35714617371559143
209,16.076923076923077,64,178.70377421989275,10.71333904058109,208.4369946480994,80.87121413656513,193,45,Nenhuma,0.35714617371559143
209,16.076923076923077,66,243.6378703323141,1.0046006303566486,275.59591557244954,43.46654023572961,259,22,Nenhuma,0.35714617371559143
210,16.153846153846153,1,401.34521137955653,44.20555819592681,445.4904504971505,153.64055165958735,423,98,Nenhuma,0.3735906183719635
210,16.153846153846153,2,150.31495769053907,23.872411901064247,180.622539333388,104.31921354302736,165,64,Nenhuma,0.3735906183719635
210,16.153846153846153,7,340.76599604821905,27.95617419876183,400.3758676930753,136.91769471528454,370,82,Nenhuma,0.3735906183719635
210,16.153846153846153,19,315.3309567099518,214.897650199071,415.5807419052769,356.730150849324,365,285,Nenhuma,0.3735906183719635
210,16.153846153846153,34,114.45185158337677,56.76418340591561,161.136443916058,130.93774164500948,137,93,Nenhuma,0.3735906183719635
210,16.153846153846153,46,451.11749796936004,95.270407439341,508.2849283464818,210.09790141910565,479,152,Nenhuma,0.3735906183719635
210,16.153846153846153,55,109.22433668266649,51.06217376218394,179.0869379859314,177.88521063969213,144,114,Nenhuma,0.3735906183719635
210,16.153846153846153,56,32.52954619931428,84.47499311589573,86.01701391708008,236.33944503106804,59,160,Nenhuma,0.3735906183719635
210,16.153846153846153,64,178.56263009440673,10.099460987001436,208.49337165068033,80.96710289167149,193,45,Nenhuma,0.3735906183719635
210,16.153846153846153,66,244.1237636975527,1.0295424578644088,276.18931775758085,43.634383213303856,260,22,Nenhuma,0.3735906183719635
211,16.23076923076923,1,402.0772485675472,43.12438487315498,443.4545604883184,144.82177573177273,422,93,Nenhuma,0.2693181335926056
211,16.23076923076923,2,151.2157629572732,23.928931222680575,180.5367970019763,102.62660385903916,165,63,Nenhuma,0.2693181335926056
211,16.23076923076923,7,344.50521849986876,28.887895108049584,404.1204547973007,139.28625941549515,374,84,Nenhuma,0.2693181335926056
211,16.23076923076923,19,320.1467548194915,214.90293005256956,421.9956001993607,356.2494687498719,371,285,Nenhuma,0.2693181335926056
211,16.23076923076923,34,114.4571471436006,57.364258194975974,160.69816000841297,130.83181109482314,137,94,Nenhuma,0.2693181335926056
211,16.23076923076923,46,449.89105185404514,93.86651391030797,507.6723619488315,210.16617305392361,478,152,Nenhuma,0.2693181335926056
211,16.23076923076923,55,109.3907792153094,52.217673510719315,178.14620875108204,178.050238843005,143,115,Nenhuma,0.2693181335926056
211,16.23076923076923,56,33.386807964997125,86.85683896456997,86.1690985039636,236.20833369985644,59,161,Nenhuma,0.2693181335926056
211,16.23076923076923,64,178.53861528656245,9.878690711630362,208.4838301240495,81.00284910424074,193,45,Nenhuma,0.2693181335926056
211,16.23076923076923,66,244.60965720563848,1.054484285372169,276.78271979986494,43.8022261908781,260,22,Nenhuma,0.2693181335926056
212,16.307692307692307,1,401.9230289922911,42.79961761666667,442.5506632942665,142.11956342158206,422,92,Nenhuma,0.30050304532051086
212,16.307692307692307,2,150.6646628836678,22.613731031260052,182.04765042889915,106.70463519982553,166,64,Nenhuma,0.30050304532051086
212,16.307692307692307,7,347.0286961005378,29.2276883448192,406.2915115176905,140.1094743263596,376,84,Nenhuma,0.30050304532051086
212,16.307692307692307,19,320.5212399469673,214.9120936862619,423.89240789909786,356.06749538298413,372,285,Nenhuma,0.30050304532051086
212,16.307692307692307,46,449.95293545200104,94.70622209240634,507.0589594846659,209.57867606116292,478,152,Nenhuma,0.30050304532051086
212,16.307692307692307,55,110.06495702976916,53.99319647424095,177.16535560558032,177.44266375355082,143,115,Nenhuma,0.30050304532051086
212,16.307692307692307,56,33.670559052805885,87.74114453601852,85.59146106102446,234.81744219258138,59,161,Nenhuma,0.30050304532051086
212,16.307692307692307,64,178.5577287665762,9.810895050613034,208.45152360416435,81.01501265712642,193,45,Nenhuma,0.30050304532051086
212,16.307692307692307,67,151.3324779896568,21.009219418180976,179.66291230125265,93.00230485454524,165,57,Nenhuma,0.30050304532051086
213,16.384615384615383,1,401.52043364232765,42.01973009812227,441.9737584969311,140.6652254380139,421,91,Nenhuma,0.2599831223487854
213,16.384615384615383,2,150.62200249612388,21.492527756388597,183.08092900722266,108.17877172316514,166,64,Nenhuma,0.2599831223487854
213,16.384615384615383,7,348.74123313639717,29.33207366401856,407.5075178421572,140.3245192912933,378,84,Nenhuma,0.2599831223487854
213,16.384615384615383,19,320.1273026463343,215.58238977340065,424.4382356667114,356.0008978341982,372,285,Nenhuma,0.2599831223487854
213,16.384615384615383,46,450.44398657188844,95.09914530803937,506.5493957672511,208.09147839121152,478,151,Nenhuma,0.2599831223487854
213,16.384615384615383,55,110.03262428958527,54.67264229935074,176.41157635638638,177.20206518771684,143,115,Nenhuma,0.2599831223487854
213,16.384615384615383,56,33.78581244770187,88.05606367596782,85.35781513827584,234.29009990105453,59,161,Nenhuma,0.2599831223487854
213,16.384615384615383,57,251.1708907496946,1.9768843153566493,285.60574695792064,93.95211483585189,268,47,Nenhuma,0.2599831223487854
213,16.384615384615383,64,178.5908594162976,9.800717872142144,208.41320211084275,81.01815722725478,193,45,Nenhuma,0.2599831223487854
213,16.384615384615383,67,151.35174118214863,20.82115112536262,179.73768325517,92.95528778134066,165,56,Nenhuma,0.2599831223487854
213,16.384615384615383,69,118.0,21.0,151.0,71.0,134,46,Nenhuma,0.2599831223487854
214,16.46153846153846,1,401.11920341290636,41.08677076550217,442.11203422408306,141.01204066405393,421,91,Nenhuma,0.3177497982978821
214,16.46153846153846,2,150.01439928448082,21.06271237791917,182.75880684981885,108.75689821739515,166,64,Nenhuma,0.3177497982978821
214,16.46153846153846,7,351.0980432817349,29.346374905830473,409.3416509854027,139.66124535376343,380,84,Nenhuma,0.3177497982978821
214,16.46153846153846,19,318.0557242917462,215.84061553682642,423.2080275996448,355.97832239568913,370,285,Nenhuma,0.3177497982978821
214,16.46153846153846,46,450.7231229435778,97.2977065200269,505.0942880325483,206.9209622862865,477,152,Nenhuma,0.3177497982978821
214,16.46153846153846,55,110.74169342499079,54.924516487354055,176.73285945323897,177.10681433598901,143,116,Nenhuma,0.3177497982978821
214,16.46153846153846,56,33.937332672117016,88.8227069653619,85.15624487347816,234.09254781579742,59,161,Nenhuma,0.3177497982978821
214,16.46153846153846,57,254.87149728355084,0.6552049262055561,288.08152895811367,90.69388015304372,271,45,Nenhuma,0.3177497982978821
214,16.46153846153846,64,178.6269149839915,9.811140271629618,208.37507954765317,81.01796936341117,193,45,Nenhuma,0.3177497982978821
214,16.46153846153846,67,151.37100437103624,20.63308283254426,179.81245421269162,92.90827070813607,165,56,Nenhuma,0.3177497982978821
214,16.46153846153846,69,118.0,21.0,151.0,71.0,134,46,Nenhuma,0.3177497982978821
215,16.53846153846154,1,401.36856608481355,40.779953701029086,442.5127419259833,141.27044375009612,421,91,Nenhuma,0.25126978754997253
215,16.53846153846154,2,149.89998730366952,21.561345859497422,182.49198964770625,108.97603539294043,166,65,Nenhuma,0.25126978754997253
215,16.53846153846154,7,352.90151758456494,29.326524328968823,410.91962957018217,139.31227449976268,381,84,Nenhuma,0.25126978754997253
215,16.53846153846154,19,318.11293500562215,215.9395037250228,424.5170001624996,355.97225565999474,371,285,Nenhuma,0.25126978754997253
215,16.53846153846154,46,450.20414961775754,96.16250519054967,504.6605856102696,206.54225425850785,477,151,Nenhuma,0.25126978754997253
215,16.53846153846154,55,111.0599641821501,55.01496906068893,176.8002143203887,177.06696988049816,143,116,Nenhuma,0.25126978754997253
215,16.53846153846154,56,34.56218662336428,89.7583896742193,85.83846992373105,234.68483844170004,60,162,Nenhuma,0.25126978754997253
215,16.53846153846154,57,255.9124558545836,0.6300940350029549,289.1662541949687,90.78762216927471,272,45,Nenhuma,0.25126978754997253
215,16.53846153846154,64,178.6618430404256,9.827997764398475,208.33930274129992,81.01664092293053,193,45,Nenhuma,0.25126978754997253
215,16.53846153846154,66,254.8665869291969,1.0087482778019563,295.64236800905206,57.232859010874435,275,29,Nenhuma,0.25126978754997253
215,16.53846153846154,67,151.3902675563196,20.445014539725904,179.88722517381743,92.86125363493149,165,56,Nenhuma,0.25126978754997253
215,16.53846153846154,69,118.0,21.0,151.0,71.0,134,46,Nenhuma,0.25126978754997253
216,16.615384615384617,1,401.7846491679339,40.69876408939805,443.0775802686053,141.501063385093,422,91,Nenhuma,0.2963410019874573
216,16.615384615384617,2,150.04091432468925,21.109730591299368,182.84658175038155,109.0531459768191,166,65,Nenhuma,0.2963410019874573
216,16.615384615384617,7,353.97014022272504,29.297370708942893,410.96321414256994,137.13858923749785,382,83,Nenhuma,0.2963410019874573
216,16.615384615384617,19,317.2039761193053,215.97738184073768,424.5923613122769,355.9722218914547,370,285,Nenhuma,0.2963410019874573
216,16.615384615384617,46,449.05590686070093,91.12857058073762,505.5527215655805,206.44081482983574,477,148,Nenhuma,0.2963410019874573
216,16.615384615384617,55,111.22478114690952,55.706513440900245,176.77595840083922,177.71067212372094,144,116,Nenhuma,0.2963410019874573
216,16.615384615384617,56,34.926680540555296,89.42569093690963,86.62151273260139,234.90694296303764,60,162,Nenhuma,0.2963410019874573
216,16.615384615384617,57,260.5563050185171,0.9144378353892364,291.97174065276494,83.92373751267041,276,42,Nenhuma,0.2963410019874573
216,16.615384615384617,64,178.5767892955547,9.188039139419992,208.42398492949246,81.01500696751495,193,45,Nenhuma,0.2963410019874573
216,16.615384615384617,66,256.6406988675417,1.0081846995689077,297.2147725864156,58.79104925904403,276,29,Nenhuma,0.2963410019874573
216,16.615384615384617,69,118.0,21.0,151.0,71.0,134,46,Nenhuma,0.2963410019874573
217,16.692307692307693,1,401.1749501835374,40.69654445810737,442.75741620091236,141.69821030371122,421,91,Nenhuma,0.3656455874443054
217,16.692307692307693,2,149.71232964092383,20.947037406157868,182.69782256503794,109.07631150620176,166,65,Nenhuma,0.3656455874443054
217,16.692307692307693,7,352.14010344441857,30.583449770282918,408.3902593471836,138.20464126467587,380,84,Nenhuma,0.3656455874443054
217,16.692307692307693,19,317.0510129537879,215.99186239337018,425.72751905255694,355.9742405813996,371,285,Nenhuma,0.3656455874443054
217,16.692307692307693,46,448.35694396711204,88.62810033342708,505.573032500009,206.43047124614583,476,147,Nenhuma,0.3656455874443054
217,16.692307692307693,55,111.61015265766912,55.30018071754249,177.09988270398333,177.28785365187088,144,116,Nenhuma,0.3656455874443054
217,16.692307692307693,56,33.96728481456826,89.28316058416681,85.35026854133437,233.66349971503877,59,161,Nenhuma,0.3656455874443054
217,16.692307692307693,57,262.03976329299104,0.9232919871802991,293.19827809889233,83.2538262526709,277,42,Nenhuma,0.3656455874443054
217,16.692307692307693,64,178.68915378435338,9.611764995258802,208.31144250028353,81.01347314102802,193,45,Nenhuma,0.3656455874443054
217,16.692307692307693,66,263.2609843267826,1.0074263792737739,299.4261491039087,51.78449852476967,281,26,Nenhuma,0.3656455874443054
218,16.76923076923077,1,401.40055904504806,40.71956700626082,442.8997729819654,141.19547161041095,422,90,Nenhuma,0.3734215199947357
218,16.76923076923077,2,149.7313867167548,20.89485952699524,183.1422286182149,109.7352680782536,166,65,Nenhuma,0.3734215199947357
218,16.76923076923077,7,351.55380164906416,30.39140821785962,407.177060589254,137.89690205603665,379,84,Nenhuma,0.3734215199947357
218,16.76923076923077,19,316.2612551693851,215.99736297523282,426.2049622349101,355.9768083685349,371,285,Nenhuma,0.3734215199947357
218,16.76923076923077,46,448.1394102332396,87.06045299656412,505.63415255219917,206.46907668520004,476,146,Nenhuma,0.3734215199947357
218,16.76923076923077,55,111.76587879114894,55.14058827852401,177.20551561931944,177.12359000244953,144,116,Nenhuma,0.3734215199947357
218,16.76923076923077,56,33.645449817282596,87.88291520611408,86.14611964704618,234.52184771843173,59,161,Nenhuma,0.3734215199947357
218,16.76923076923077,57,263.52322125888816,0.9321461389713619,294.4248158535965,82.58391499267138,278,41,Nenhuma,0.3734215199947357
218,16.76923076923077,64,178.46544397925774,9.786678793685795,207.87559914463762,81.01188844141456,193,45,Nenhuma,0.3734215199947357
218,16.76923076923077,66,265.3245006647525,1.0060520048110781,301.4259586548378,51.45981713052866,283,26,Nenhuma,0.3734215199947357
219,16.846153846153847,1,401.6012504735983,40.08021129404075,443.547582801004,141.76508962789785,422,90,Nenhuma,0.3823230564594269
219,16.846153846153847,2,149.5202901352107,20.88376398940931,182.8660223147729,109.32441100649748,166,65,Nenhuma,0.3823230564594269
219,16.846153846153847,7,352.27932567643325,31.615076801534144,406.95852404909925,137.72745279695113,379,84,Nenhuma,0.3823230564594269
219,16.846153846153847,19,314.0114668523375,215.9994195770523,425.0090633800699,355.9793737337707,369,285,Nenhuma,0.3823230564594269
219,16.846153846153847,46,448.6139606510876,86.51290363053849,505.8455911179638,206.52000864604685,477,146,Nenhuma,0.3823230564594269
219,16.846153846153847,55,111.68076323214217,54.41477753780723,177.3812157050263,177.0588980990802,144,115,Nenhuma,0.3823230564594269
219,16.846153846153847,56,33.5730291094133,88.01139036301768,85.07476907238848,231.54843132490734,59,159,Nenhuma,0.3823230564594269
219,16.846153846153847,57,265.0066789162085,0.9410002907624246,295.6513539168776,81.91400373267186,280,41,Nenhuma,0.3823230564594269
219,16.846153846153847,64,178.41955354570203,9.861445446764577,207.67268040088666,81.01049949472537,193,45,Nenhuma,0.3823230564594269
219,16.846153846153847,66,267.84974670156373,1.662510602420717,304.89714432573265,53.31277641203332,286,27,Nenhuma,0.3823230564594269
220,16.923076923076923,1,401.9786029163237,39.86045207198817,444.17448514432874,142.0361907530396,423,90,Nenhuma,0.37411317229270935
220,16.923076923076923,2,149.41587655415717,20.888889667005202,182.774344870728,109.15918143462355,166,65,Nenhuma,0.37411317229270935
220,16.923076923076923,7,353.56310195796715,32.72211874936987,407.0692366144475,136.286061076975,380,84,Nenhuma,0.37411317229270935
220,16.923076923076923,19,307.7110122877067,215.33907022166437,418.75564250655776,356.6428385140509,363,285,Nenhuma,0.37411317229270935
220,16.923076923076923,46,448.98852484767775,86.35918748597831,505.8186394578789,206.5721728844996,477,146,Nenhuma,0.37411317229270935
220,16.923076923076923,55,111.00985362329772,54.13913455513777,176.7588944683535,177.03280866786355,143,115,Nenhuma,0.37411317229270935
220,16.923076923076923,56,34.09917261325273,88.0531207324271,84.77286866754923,229.07727390922787,59,158,Nenhuma,0.37411317229270935
220,16.923076923076923,64,178.43824656708304,9.89681803891473,207.56273260591152,81.00927385516465,193,45,Nenhuma,0.37411317229270935
220,16.923076923076923,66,270.682505874826,1.2582405370850047,308.1195746646144,53.34358901512664,289,27,Nenhuma,0.37411317229270935
221,17.0,1,403.0366347836183,39.13327338017855,445.5096189178198,142.20017731437946,424,90,Nenhuma,0.31494078040122986
221,17.0,2,149.63717011872023,20.898511887391038,183.13156186634583,109.09153818836785,166,64,Nenhuma,0.31494078040122986
221,17.0,7,356.07626857924885,33.78179054823026,407.6337694816771,132.35986291311764,381,83,Nenhuma,0.31494078040122986
221,17.0,19,309.2443341898445,215.7496797115603,420.4101575038486,356.2344891021748,364,285,Nenhuma,0.31494078040122986
221,17.0,46,449.4590028578406,88.97702168397302,504.8957387990447,206.62038494933051,477,147,Nenhuma,0.31494078040122986
221,17.0,55,110.75553719380423,52.71499767318038,177.17719146189955,177.0215270498175,143,114,Nenhuma,0.31494078040122986
221,17.0,56,33.58246079015734,88.73093566472328,84.70595773770198,230.84456169531728,59,159,Nenhuma,0.31494078040122986
221,17.0,64,178.59409146044013,9.916305418898915,207.37578730103743,80.34821951085125,192,45,Nenhuma,0.31494078040122986
221,17.0,66,273.19751670474045,1.0988390225686935,313.6666548738188,57.89350147539943,293,29,Nenhuma,0.31494078040122986
221,17.0,67,151.0457002341671,19.9743951406601,179.98583576189026,92.02169913474611,165,55,Nenhuma,0.31494078040122986
222,17.076923076923077,1,404.4977585994091,38.87801091085663,446.9443685924232,142.3113027661834,425,90,Nenhuma,0.40126731991767883
222,17.076923076923077,2,149.6769361069393,20.90902036426011,183.30544252552437,109.06196315174785,166,64,Nenhuma,0.40126731991767883
222,17.076923076923077,7,357.6060140709374,34.82344526364519,409.83529038937286,133.55351310118525,383,84,Nenhuma,0.40126731991767883
222,17.076923076923077,19,309.7532114530462,215.90875702510328,421.16861099013295,356.0774486319559,365,285,Nenhuma,0.40126731991767883
222,17.076923076923077,46,449.5785048350494,90.6968238770969,504.0164585182174,206.66939933786165,476,148,Nenhuma,0.40126731991767883
222,17.076923076923077,55,110.25048215541983,52.18042555439104,177.0853547028666,177.6737152126964,143,114,Nenhuma,0.40126731991767883
222,17.076923076923077,56,33.75145603554283,89.63870025389177,84.98484165211832,232.17434017822848,59,160,Nenhuma,0.40126731991767883
222,17.076923076923077,64,178.6728441845635,9.92952494114261,207.2889326536238,80.09753540490459,192,45,Nenhuma,0.40126731991767883
222,17.076923076923077,66,275.2726584862055,1.6718059019572173,317.74865055942007,61.49522669144737,296,31,Nenhuma,0.40126731991767883
222,17.076923076923077,67,151.05223945915236,19.835936214750596,180.0122297501484,91.9326400287018,165,55,Nenhuma,0.40126731991767883
223,17.153846153846153,1,405.4697415820776,38.80067037300398,447.7286898021859,142.39973161020583,426,90,Nenhuma,0.36605438590049744
223,17.153846153846153,2,149.65110344823634,20.919134502740256,183.40529862327725,109.04744025436997,166,64,Nenhuma,0.36605438590049744
223,17.153846153846153,7,360.258764354138,37.18128183024777,412.4581154493826,134.64258246880485,386,85,Nenhuma,0.36605438590049744
223,17.153846153846153,19,309.03729279558064,215.30777053000742,421.0687072265654,356.0186784232723,365,285,Nenhuma,0.36605438590049744
223,17.153846153846153,46,449.59250525321255,89.3789924248823,504.440873952177,206.71021887966543,477,148,Nenhuma,0.36605438590049744
223,17.153846153846153,55,110.26860229918927,51.98440871593265,176.8389967272965,177.2634081073667,143,114,Nenhuma,0.36605438590049744
223,17.153846153846153,56,33.8241004265234,89.97240300062118,85.0832337049606,232.68535235957017,59,161,Nenhuma,0.36605438590049744
223,17.153846153846153,64,178.45631727965682,10.601228291877085,206.8433256150933,80.00580746256125,192,45,Nenhuma,0.36605438590049744
223,17.153846153846153,66,276.890986667615,1.2674154402835,320.3462328989896,62.907175678103755,298,32,Nenhuma,0.36605438590049744
223,17.153846153846153,67,150.41978029030523,20.73471449937024,179.80372825089935,93.5608009675383,165,57,Nenhuma,0.36605438590049744
224,17.23076923076923,1,407.92382289628017,39.450755401334746,449.2357568347985,141.81169416128512,428,90,Nenhuma,0.2984788417816162
224,17.23076923076923,2,149.3339197279319,20.928414520199993,183.08390789097984,108.37937987969471,166,64,Nenhuma,0.2984788417816162
224,17.23076923076923,7,365.03570193646874,38.70131883914948,416.89924910714154,135.70302478888752,390,87,Nenhuma,0.2984788417816162
224,17.23076923076923,19,310.9888471173417,215.0822066096533,424.112263788482,355.99740769251787,367,285,Nenhuma,0.2984788417816162
224,17.23076923076923,46,449.17256886470466,88.24841915780517,504.40829025396056,206.7409855396553,476,147,Nenhuma,0.2984788417816162
224,17.23076923076923,55,108.90495777036537,51.91880107833225,175.47984039219136,177.10334367605287,142,114,Nenhuma,0.2984788417816162
224,17.23076923076923,56,33.742547532698254,89.42520178097696,85.89153810030149,234.205593060777,59,161,Nenhuma,0.2984788417816162
224,17.23076923076923,64,178.12242238618646,10.194188451451872,206.9310566159007,80.6388761209802,192,45,Nenhuma,0.2984788417816162
224,17.23076923076923,66,279.3811566828065,2.380329432150983,322.5568677176903,64.06226719400807,300,33,Nenhuma,0.2984788417816162
224,17.23076923076923,67,150.36846950033203,20.70068681375107,179.7999867663375,93.64463521444921,165,57,Nenhuma,0.2984788417816162
225,17.307692307692307,1,409.09955300170634,39.048344498615826,450.2023914763636,142.29525569896722,429,90,Nenhuma,0.31835705041885376
225,17.307692307692307,2,149.17638457702492,21.59902854555854,182.33110112232296,107.46206302621782,165,64,Nenhuma,0.31835705041885376
225,17.307692307692307,7,367.8728482653365,39.896977809511476,419.36297124808357,136.07819842028803,393,87,Nenhuma,0.31835705041885376
225,17.307692307692307,19,311.5492054197291,214.33938252024558,426.1214449718623,355.99036851426507,368,285,Nenhuma,0.31835705041885376
225,17.307692307692307,46,449.2105252639429,88.50121170130558,504.24457431007477,206.76960642473603,476,147,Nenhuma,0.31835705041885376
225,17.307692307692307,55,108.00166634363211,52.561840449690656,174.6971406226525,177.70097116178897,141,115,Nenhuma,0.31835705041885376
225,17.307692307692307,56,33.67015084734477,89.21108263963175,86.23565993620679,234.77583993128775,59,161,Nenhuma,0.31835705041885376
225,17.307692307692307,64,177.90631135711558,10.04376560198206,207.05994363383888,80.87629075361951,192,45,Nenhuma,0.31835705041885376
225,17.307692307692307,66,279.69720009412623,2.1752484143713886,323.91062397295116,66.40408141823178,301,34,Nenhuma,0.31835705041885376
225,17.307692307692307,67,150.31715868734085,20.666659128131897,179.79624530479364,93.72846946136013,165,57,Nenhuma,0.31835705041885376
226,17.384615384615383,1,409.6436946130167,38.731283353451495,450.56823303270846,141.53462695743875,430,90,Nenhuma,0.2767123281955719
226,17.384615384615383,2,149.44097320340222,21.19089311232907,181.71990563536113,104.45399618359266,165,62,Nenhuma,0.2767123281955719
226,17.384615384615383,7,380.80233702002124,39.6343012987994,434.97589716131387,139.53643472862905,407,89,Nenhuma,0.2767123281955719
226,17.384615384615383,19,311.7750224402192,214.06255432982903,428.18220891505064,356.64773274995616,369,285,Nenhuma,0.2767123281955719
226,17.384615384615383,46,449.27689409768385,88.62606762530982,504.17786672119144,206.79729029419138,476,147,Nenhuma,0.2767123281955719
226,17.384615384615383,55,108.81860042980645,53.47182412207739,175.2355959586135,177.92577993970804,142,115,Nenhuma,0.2767123281955719
226,17.384615384615383,56,33.706705344898566,89.78120512976804,86.29880204584586,234.98703325351764,60,162,Nenhuma,0.2767123281955719
226,17.384615384615383,64,177.38052282489514,9.330237248576466,206.8995465300217,80.96649879136599,192,45,Nenhuma,0.2767123281955719
226,17.384615384615383,66,282.5015047337888,4.009970741249916,327.394562103779,69.18923308422251,304,36,Nenhuma,0.2767123281955719
226,17.384615384615383,67,150.26584785133164,20.632631442512725,179.79250386626774,93.81230370827106,165,57,Nenhuma,0.2767123281955719
226,17.384615384615383,72,29.0,70.0,56.0,121.0,42,95,Nenhuma,0.2767123281955719
227,17.46153846153846,1,410.18782882566023,38.414222208287164,450.9340819877201,140.77399821591027,430,89,Nenhuma,0.27118414640426636
227,17.46153846153846,2,150.42576696535966,20.36850984154691,179.93565849714537,95.95298261883539,165,58,Nenhuma,0.27118414640426636
227,17.46153846153846,7,385.90231845045616,38.86009472181876,441.569922214918,140.7937220140009,413,89,Nenhuma,0.27118414640426636
227,17.46153846153846,19,311.57040042568536,213.96359417717852,429.2408790545954,356.8969170406367,370,285,Nenhuma,0.27118414640426636
227,17.46153846153846,46,449.3468876347607,89.35566608335556,504.14727581729454,207.48144545805866,476,148,Nenhuma,0.27118414640426636
227,17.46153846153846,55,109.36242922949532,54.48144292398066,175.2226100210445,178.00755115182866,142,116,Nenhuma,0.27118414640426636
227,17.46153846153846,56,33.395018022115984,89.99142269521936,85.98328897990413,235.05970040530343,59,162,Nenhuma,0.27118414640426636
227,17.46153846153846,64,177.2915295411063,9.7203982464777,206.73439758167694,80.99968622032914,192,45,Nenhuma,0.27118414640426636
227,17.46153846153846,66,284.1120239993437,6.019102287883271,333.89216906124517,79.885519808023,309,42,Nenhuma,0.27118414640426636
227,17.46153846153846,72,28.599719140583144,70.0,55.637029674254336,121.0,42,95,Nenhuma,0.27118414640426636
228,17.53846153846154,1,410.73195563963696,38.09716106312283,451.2999383413986,140.0133694743818,431,89,Nenhuma,0.3055654466152191
228,17.53846153846154,2,149.8861776856542,20.064597833748344,179.48673595499852,95.56201571217184,164,57,Nenhuma,0.3055654466152191
228,17.53846153846154,7,389.14650989813015,41.1502926010446,444.51036401344004,142.55285184061984,416,91,Nenhuma,0.3055654466152191
228,17.53846153846154,19,311.88757762249537,213.93249131283727,430.5465445710281,356.9894432908689,371,285,Nenhuma,0.3055654466152191
228,17.53846153846154,46,449.6959258358343,89.65017739836625,504.50832503607086,207.75142472130958,477,148,Nenhuma,0.3055654466152191
228,17.53846153846154,54,350.97993269396613,48.916109475359235,388.79400797534,124.02328365635384,369,86,Nenhuma,0.3055654466152191
228,17.53846153846154,55,109.87328672696131,54.86144083885159,175.5849508087714,178.0345676265568,142,116,Nenhuma,0.3055654466152191
228,17.53846153846154,56,33.263524633596056,90.06337551369059,85.87469643371685,235.08005844306325,59,162,Nenhuma,0.3055654466152191
228,17.53846153846154,64,176.48926082301276,9.875302703737717,206.1275409860076,81.01098290099402,191,45,Nenhuma,0.3055654466152191
228,17.53846153846154,66,286.6672072899815,8.633712981947653,336.89026236646214,85.1670369633322,311,46,Nenhuma,0.3055654466152191
228,17.53846153846154,72,28.847228398112357,70.0,55.88285353865177,121.0,42,95,Nenhuma,0.3055654466152191
229,17.615384615384617,2,148.40596798543527,19.963499526643645,180.63195450974672,102.88085529640104,164,61,Nenhuma,0.2927882969379425
229,17.615384615384617,7,395.48970665233014,42.66080970031171,451.4362792154329,145.1691338481512,423,93,Nenhuma,0.2927882969379425
229,17.615384615384617,19,312.0494508804863,213.92678443376872,431.63785257353913,357.0217305858731,371,285,Nenhuma,0.2927882969379425
229,17.615384615384617,46,451.3155132021752,94.39731574363684,504.50814880778785,207.86116375866783,477,151,Nenhuma,0.2927882969379425
229,17.615384615384617,54,351.2476600368965,49.069246380358116,388.76873357908136,123.59427601851377,370,86,Nenhuma,0.2927882969379425
229,17.615384615384617,55,109.33910910962976,54.99981874291662,175.12894393675407,178.70333693954058,142,116,Nenhuma,0.2927882969379425
229,17.615384615384617,56,33.202377971114814,90.08322363355755,85.84440369972498,235.08119490888953,59,162,Nenhuma,0.2927882969379425
229,17.615384615384617,64,176.24196907739042,10.597351697801784,205.85199918367042,81.01402768475484,191,45,Nenhuma,0.2927882969379425
229,17.615384615384617,66,295.6262108097457,9.079074511811498,340.1098301247437,76.54268371327926,317,42,Nenhuma,0.2927882969379425
229,17.615384615384617,72,28.761082772092116,70.0,56.14682506909404,121.71595879387502,42,95,Nenhuma,0.2927882969379425
230,17.692307692307693,2,147.79608350764025,20.57394043010318,180.47702550867143,105.49433964631761,164,63,Nenhuma,0.3245789408683777
230,17.692307692307693,7,396.5931934987215,44.514150774914754,455.73432688191485,154.0021436166428,426,99,Nenhuma,0.3245789408683777
230,17.692307692307693,19,312.007630005679,213.27051045364846,432.78841778595086,357.031152548606,372,285,Nenhuma,0.3245789408683777
230,17.692307692307693,46,451.6868952241849,95.55302673266324,504.7894137316698,207.91142537120476,478,151,Nenhuma,0.3245789408683777
230,17.692307692307693,54,351.51538807923964,49.222383285357,388.7434584834101,123.16526838067371,370,86,Nenhuma,0.3245789408683777
230,17.692307692307693,55,109.1943088569106,54.3864805834429,174.90519931052108,178.29056112154478,142,116,Nenhuma,0.3245789408683777
230,17.692307692307693,56,33.45201561685016,90.08393489610755,86.2210206780349,235.0757035677924,59,162,Nenhuma,0.3245789408683777
230,17.692307692307693,64,176.0857327360078,10.872458437212835,205.82460566285584,81.01394826411254,190,45,Nenhuma,0.3245789408683777
230,17.692307692307693,66,299.0983128092097,9.884963358254119,342.64181305435113,76.05189277594835,320,42,Nenhuma,0.3245789408683777
230,17.692307692307693,72,28.911793655419384,70.0,56.05983932217275,121.26782228984789,42,95,Nenhuma,0.3245789408683777
231,17.76923076923077,2,147.05561244495897,20.172427927679593,180.2737440905244,107.19418659230912,163,63,Nenhuma,0.30670228600502014
231,17.76923076923077,7,388.9226421916805,41.341986769065,465.3013432282162,186.8029148613429,427,114,Nenhuma,0.30670228600502014
231,17.76923076923077,19,312.19020121825673,213.02785052843006,433.6570097405743,357.03222444467974,372,285,Nenhuma,0.30670228600502014
231,17.76923076923077,46,451.8467084487378,96.63425222707471,504.8812216589053,207.93397815907605,478,152,Nenhuma,0.30670228600502014
231,17.76923076923077,54,351.4743681694853,49.934405247485394,395.7379756160608,137.29167262886554,373,93,Nenhuma,0.30670228600502014
231,17.76923076923077,55,108.51409423997717,52.82885140306672,174.79248735564585,178.12903519392808,141,115,Nenhuma,0.30670228600502014
231,17.76923076923077,56,33.51192329873403,90.07808770413371,86.39731832953444,235.06834892532189,59,162,Nenhuma,0.30670228600502014
231,17.76923076923077,64,175.30691018280615,12.299311423961377,205.2230605539497,82.33773634235584,190,47,Nenhuma,0.30670228600502014
231,17.76923076923077,66,302.2171162447022,9.501541441133853,347.51297285946544,79.15717787634438,324,44,Nenhuma,0.30670228600502014
231,17.76923076923077,72,29.61232930531625,69.30971609952378,56.07270390138167,119.02626733114329,42,94,Nenhuma,0.30670228600502014
232,17.846153846153847,2,147.50340312179566,20.020960080827166,180.77814828851535,107.84052808019683,164,63,Nenhuma,0.33827775716781616
232,17.846153846153847,7,385.63659588376566,38.45108785309155,471.38031009243474,205.46894099473064,428,121,Nenhuma,0.33827775716781616
232,17.846153846153847,19,313.21057128910235,214.26128195584266,433.66517138690824,356.3711618401109,373,285,Nenhuma,0.33827775716781616
232,17.846153846153847,46,452.3250759577149,96.35521488108921,505.8420976111091,207.94660092761504,479,152,Nenhuma,0.33827775716781616
232,17.846153846153847,54,351.71761890912103,50.16207146843123,396.63211951605564,138.80368108611282,374,94,Nenhuma,0.33827775716781616
232,17.846153846153847,55,107.80527173739526,49.61032796631912,175.20984317408136,178.06529400127522,141,113,Nenhuma,0.33827775716781616
232,17.846153846153847,56,33.21956485732197,90.07043319349235,86.11567634814554,235.06089021026685,59,162,Nenhuma,0.33827775716781616
232,17.846153846153847,64,174.9624748055718,12.170542303237042,205.06240490870022,82.17133785887741,190,47,Nenhuma,0.33827775716781616
232,17.846153846153847,66,307.6465677610703,10.64084978623972,353.9696009166037,83.50059244139192,330,47,Nenhuma,0.33827775716781616
232,17.846153846153847,72,29.738872747134657,69.19139354117618,56.07790274418372,118.6799488196432,42,93,Nenhuma,0.33827775716781616
233,17.923076923076923,1,395.02304006271766,35.06499158964849,435.59252559476425,135.05202514716413,415,85,Nenhuma,0.32325053215026855
233,17.923076923076923,2,147.57954003136598,19.966972212472427,180.43079952649444,107.42230974306493,164,63,Nenhuma,0.32325053215026855
233,17.923076923076923,7,386.45311954639294,41.32173016426967,473.8700221038656,214.80407816362825,430,128,Nenhuma,0.32325053215026855
233,17.923076923076923,19,313.6743195326503,215.40082318120767,433.55811669439436,356.11788636595486,373,285,Nenhuma,0.32325053215026855
233,17.923076923076923,46,452.1661237676156,96.90087702419937,505.87837891019626,207.95457299799574,479,152,Nenhuma,0.32325053215026855
233,17.923076923076923,54,351.9608678861076,50.389737689377064,397.52626517869953,140.31568954336012,374,95,Nenhuma,0.32325053215026855
233,17.923076923076923,55,107.98489583960593,49.05187686270264,174.92820312370918,177.38629009258165,141,113,Nenhuma,0.32325053215026855
233,17.923076923076923,56,33.10506503886336,89.40196693086172,86.01108637312515,234.39318382921277,59,161,Nenhuma,0.32325053215026855
233,17.923076923076923,64,174.41004682852204,12.11449415493496,204.78043401701933,82.10250182213454,189,47,Nenhuma,0.32325053215026855
233,17.923076923076923,66,310.2022740028897,11.071075143368411,358.4441777531745,88.99288960594507,334,50,Nenhuma,0.32325053215026855
233,17.923076923076923,72,29.86541619111711,69.0730709828286,56.08310158482173,118.33363030814314,42,93,Nenhuma,0.32325053215026855
233,17.923076923076923,73,514.7281637930981,211.34433304207263,641.1435459830842,355.9826871654824,577,283,Nenhuma,0.32325053215026855
234,18.0,1,393.5858596242896,34.888101630531516,434.62763881313924,134.06128144274035,414,84,Nenhuma,0.2698880732059479
234,18.0,2,148.14749666553237,20.608228828154147,181.0835680403971,108.56117012033366,164,64,Nenhuma,0.2698880732059479
234,18.0,7,386.9622816372444,39.45793698027295,476.2871081786193,219.77869374725827,431,129,Nenhuma,0.2698880732059479
234,18.0,19,313.15489628524216,216.49259727992722,432.85230262936767,356.0239235422672,373,286,Nenhuma,0.2698880732059479
234,18.0,34,108.3543905494542,45.07069477166415,168.61371916871207,142.96054157608802,138,94,Nenhuma,0.2698880732059479
234,18.0,46,451.98372399770074,97.09150144807273,506.01615032287106,207.96086913779232,478,152,Nenhuma,0.2698880732059479
234,18.0,54,352.2041151004451,50.6174039103229,398.42041260399253,141.8276980006074,375,96,Nenhuma,0.2698880732059479
234,18.0,55,108.62680041594328,47.54125169083552,175.57362553200005,177.12235262092616,142,112,Nenhuma,0.2698880732059479
234,18.0,56,33.05916020987384,89.14597999651966,85.97422508357224,234.13809318071878,59,161,Nenhuma,0.2698880732059479
234,18.0,64,174.63849216983579,12.748653572054202,204.91712479928384,82.0716838104149,189,47,Nenhuma,0.2698880732059479
234,18.0,66,312.2998807180095,12.492117923255918,360.2071887618865,91.72673824330403,336,52,Nenhuma,0.2698880732059479
234,18.0,67,149.84066929712483,20.009636478998132,178.20259028011918,92.06638873815386,164,56,Nenhuma,0.2698880732059479
234,18.0,69,123.12435583694653,21.997695145454756,159.84337619942002,78.98156116363805,141,50,Nenhuma,0.2698880732059479
234,18.0,72,29.991959637263605,68.95474842448101,56.08830042329569,117.98731179664307,43,93,Nenhuma,0.2698880732059479
234,18.0,73,516.4553114812675,209.86066238152569,643.3697049361651,355.9501263332612,579,282,Nenhuma,0.2698880732059479
235,18.076923076923077,1,391.6340934511406,34.16036498446741,433.78055401192665,134.4004030801936,412,84,Nenhuma,0.26412340998649597
235,18.076923076923077,2,148.98195887858822,20.19821884252842,181.37460315431736,107.01360171976225,165,63,Nenhuma,0.26412340998649597
235,18.076923076923077,7,400.58371173783274,48.02917383511074,483.59463501385363,220.99569743981942,442,134,Nenhuma,0.26412340998649597
235,18.076923076923077,19,312.590732886294,218.22603099378586,432.2648543421754,356.6549159641496,372,287,Nenhuma,0.26412340998649597
235,18.076923076923077,34,110.46386048246758,43.664237488656,167.12891845229848,132.63104214270209,138,88,Nenhuma,0.26412340998649597
235,18.076923076923077,46,452.088459904627,97.14866974112095,506.5607527150712,207.9659002981321,479,152,Nenhuma,0.26412340998649597
235,18.076923076923077,55,109.22490296566068,45.67486976892519,176.7816672721837,177.02360183825627,143,111,Nenhuma,0.26412340998649597
235,18.076923076923077,56,32.93656388163332,88.38774766378545,86.06631781423467,234.041519526466,59,161,Nenhuma,0.26412340998649597
235,18.076923076923077,64,174.45786360205915,12.94629055505144,204.69111340490795,82.16536166547638,189,47,Nenhuma,0.26412340998649597
235,18.076923076923077,66,312.5793533159019,14.324918704928116,364.3996086562592,101.7099763048798,338,58,Nenhuma,0.26412340998649597
235,18.076923076923077,67,149.76390618989453,19.951617376766904,178.11660010082403,91.98493856160411,163,55,Nenhuma,0.26412340998649597
235,18.076923076923077,69,124.02212778717445,22.015167346677668,159.19021506631287,78.46056029121763,141,50,Nenhuma,0.26412340998649597
235,18.076923076923077,73,510.28585970167046,208.7544351215009,635.5356253345415,354.4940093565625,572,281,Nenhuma,0.26412340998649597
236,18.153846153846153,1,390.0061240442716,34.56582020130899,433.11462397043016,135.2098650242754,411,84,Nenhuma,0.26933953166007996
236,18.153846153846153,2,150.3396219967969,20.04297608804508,183.75500373324454,108.38830638060769,167,64,Nenhuma,0.26933953166007996
236,18.153846153846153,7,407.78500755172985,52.82551830326858,485.950940701916,219.87333868637384,446,136,Nenhuma,0.26933953166007996
236,18.153846153846153,19,312.7480409991961,219.5309620562764,432.3210093166467,356.8927684600867,372,288,Nenhuma,0.26933953166007996
236,18.153846153846153,34,111.6476246195991,43.04828362466911,165.58496666552114,125.59077574559608,138,84,Nenhuma,0.26933953166007996
236,18.153846153846153,46,451.9621468544561,95.16612832358979,507.59515337374813,207.97012600612618,479,151,Nenhuma,0.26933953166007996
236,18.153846153846153,55,108.83588033581647,44.33155859174374,176.55139696453136,176.98791979749208,142,110,Nenhuma,0.26933953166007996
236,18.153846153846153,56,32.700031974427745,87.44313505829969,86.29226553405385,234.0057614185888,59,160,Nenhuma,0.26933953166007996
236,18.153846153846153,64,174.27723507035876,13.143927538048679,204.46510197445588,82.25903952053787,189,47,Nenhuma,0.26933953166007996
236,18.153846153846153,66,314.9410307937195,15.058568343244417,368.10374603066236,104.7083008694624,341,59,Nenhuma,0.26933953166007996
236,18.153846153846153,67,150.91119402778367,19.97850637595988,180.2237729422243,92.77849975360444,165,56,Nenhuma,0.26933953166007996
236,18.153846153846153,69,124.38734038727543,22.020459225467864,157.58457031570958,76.94632246855316,140,49,Nenhuma,0.26933953166007996
236,18.153846153846153,73,506.91010008935615,209.1817590544722,632.6051292121717,356.8473447720952,569,283,Nenhuma,0.26933953166007996
237,18.23076923076923,1,389.1285799466072,34.73603925012665,433.2063497633891,135.54387764569498,411,85,Nenhuma,0.2730655372142792
237,18.23076923076923,2,150.4777366376275,19.962519401334646,184.03926130231287,108.69855490882136,167,64,Nenhuma,0.2730655372142792
237,18.23076923076923,7,411.1781130312786,55.295729533721655,487.93825176925617,222.47892219560225,449,138,Nenhuma,0.2730655372142792
237,18.23076923076923,19,313.603295387748,221.33431165932305,432.19712302532463,356.3154309133031,372,288,Nenhuma,0.2730655372142792
237,18.23076923076923,34,112.49307423703218,44.1817250745045,165.2699076085788,123.61155855489253,138,83,Nenhuma,0.2730655372142792
237,18.23076923076923,46,452.4849017363235,88.49336250008261,510.7009070915278,207.97339211716084,481,148,Nenhuma,0.2730655372142792
237,18.23076923076923,55,110.19023214170107,44.498744932335185,176.91932515769042,175.66776901641236,143,110,Nenhuma,0.2730655372142792
237,18.23076923076923,56,32.19198683515221,86.43111938628353,86.13856875346619,233.99315396154066,59,160,Nenhuma,0.2730655372142792
237,18.23076923076923,64,174.0966065747346,13.341564521045918,204.23909050792753,82.35271737559935,189,47,Nenhuma,0.2730655372142792
237,18.23076923076923,66,320.6747789854147,15.203619037645637,370.58257371817274,99.00888374215157,345,57,Nenhuma,0.2730655372142792
237,18.23076923076923,67,151.09963110156812,19.976985956618627,180.00236628359497,91.57848208331887,165,55,Nenhuma,0.2730655372142792
237,18.23076923076923,69,124.58156441695539,22.06100302104114,157.8245481668129,77.0626293096546,141,49,Nenhuma,0.2730655372142792
237,18.23076923076923,73,503.6555356982889,210.7811918142167,628.9187897283408,356.99664785416655,566,283,Nenhuma,0.2730655372142792
238,18.307692307692307,1,388.10895657979637,34.151838670404864,433.3485207782801,136.3529016269821,410,85,Nenhuma,0.32518622279167175
238,18.307692307692307,2,150.6158584810606,19.88206271462421,184.32351166877874,109.00880343703504,167,64,Nenhuma,0.32518622279167175
238,18.307692307692307,7,413.83947097540425,58.140626789482695,488.42163986190286,222.68668527635097,451,140,Nenhuma,0.32518622279167175
238,18.307692307692307,19,313.91148159101385,221.98888853269466,432.81669629492467,356.0972165420335,373,289,Nenhuma,0.32518622279167175
238,18.307692307692307,34,112.47754278816468,49.299159790109684,164.13515079635863,125.60042995241088,138,87,Nenhuma,0.32518622279167175
238,18.307692307692307,46,454.16724231661436,87.28367258773915,512.3120701756587,207.9755875869974,483,147,Nenhuma,0.32518622279167175
238,18.307692307692307,55,110.11033836959797,43.93720058060883,176.99893540369573,175.82322252517133,143,109,Nenhuma,0.32518622279167175
238,18.307692307692307,56,32.004250097645524,86.71290247742473,86.07690424375207,234.6473213892462,59,160,Nenhuma,0.32518622279167175
238,18.307692307692307,64,175.0414813730095,13.948260941847494,204.72599045033058,81.16240314933162,189,47,Nenhuma,0.32518622279167175
238,18.307692307692307,66,324.006774534133,15.964314038462405,373.829139433498,99.07580001922675,348,57,Nenhuma,0.32518622279167175
238,18.307692307692307,67,151.15149857572314,19.97767842781895,179.93425042964503,91.1500971954354,165,55,Nenhuma,0.32518622279167175
238,18.307692307692307,69,124.77578849817468,22.10154681661442,158.06452596637683,77.17893615075604,141,49,Nenhuma,0.32518622279167175
238,18.307692307692307,73,505.7086292719189,211.42383424313118,630.705277125827,357.043639464654,568,284,Nenhuma,0.32518622279167175
239,18.384615384615383,1,389.0130181144766,34.60046906794172,434.1539354172551,136.01309049348436,411,85,Nenhuma,0.27556249499320984
239,18.384615384615383,2,150.75398752709623,19.801606027913778,184.60775483264212,109.31905196524872,167,64,Nenhuma,0.27556249499320984
239,18.384615384615383,7,415.338600266119,62.4552190641367,491.76085452161936,233.6462545807031,453,148,Nenhuma,0.27556249499320984
239,18.384615384615383,19,314.38843384257245,222.2079380166404,434.0021181835057,356.017359783762,374,289,Nenhuma,0.27556249499320984
239,18.384615384615383,34,111.69251706990627,51.194361393537044,163.81892990673913,127.04166674769462,137,89,Nenhuma,0.27556249499320984
239,18.384615384615383,46,456.92886118579753,90.7531081710581,512.7811655450517,207.97841653477576,484,149,Nenhuma,0.27556249499320984
239,18.384615384615383,54,334.6149002876818,18.688301170061344,390.95466930296726,129.03893492500183,362,73,Nenhuma,0.27556249499320984
239,18.384615384615383,55,109.0547077410361,43.748641728216995,176.07605181528106,176.54481201548876,142,110,Nenhuma,0.27556249499320984
239,18.384615384615383,56,31.939184528343038,86.83000000503719,86.05092826651936,234.89630443641127,58,160,Nenhuma,0.27556249499320984
239,18.384615384615383,64,174.7098922272823,15.447421403784737,204.45393787536182,82.43128405385713,189,48,Nenhuma,0.27556249499320984
239,18.384615384615383,66,326.71886059524724,16.657505573065663,377.38522995110935,101.1776966393106,352,58,Nenhuma,0.27556249499320984
239,18.384615384615383,67,151.05092828794207,19.979482843866307,180.0233467215176,91.66203951042125,165,55,Nenhuma,0.27556249499320984
239,18.384615384615383,69,124.9700126309333,22.142090612187697,158.30450371440145,77.29524299185748,141,49,Nenhuma,0.27556249499320984
239,18.384615384615383,73,502.52871821988543,212.3648447605587,625.9210817674287,357.0544661278867,564,284,Nenhuma,0.27556249499320984
240,18.46153846153846,1,389.4433403705164,34.78541638254583,434.4543481057622,135.89724054444133,411,85,Nenhuma,0.27119725942611694
240,18.46153846153846,7,416.5737358700004,65.9803597162417,493.5037865743129,240.89874681896129,455,153,Nenhuma,0.27119725942611694
240,18.46153846153846,19,315.61802526595943,222.2658510276563,436.03522971150494,355.9893436103276,375,289,Nenhuma,0.27119725942611694
240,18.46153846153846,34,110.83236696965909,51.87222349118012,163.61318218095485,127.57906446199799,137,89,Nenhuma,0.27119725942611694
240,18.46153846153846,46,458.1649240354489,88.8199148417543,514.0824529623148,207.31827544840064,486,148,Nenhuma,0.27119725942611694
240,18.46153846153846,54,335.0243372163146,17.39649771054747,389.0569948141659,125.70157388185152,362,71,Nenhuma,0.27119725942611694
240,18.46153846153846,55,109.58507406831951,43.700955414232965,176.75871512054903,176.82361469844622,143,110,Nenhuma,0.27119725942611694
240,18.46153846153846,56,32.20276262466629,86.88220245526354,86.41618439884954,234.98866658347663,59,160,Nenhuma,0.27119725942611694
240,18.46153846153846,64,174.68173890009763,15.272266890128861,204.28314242670461,81.51160886185401,189,48,Nenhuma,0.27119725942611694
240,18.46153846153846,66,329.4309543879873,17.35069710766892,380.9413127370948,103.27959325939445,355,60,Nenhuma,0.27119725942611694
240,18.46153846153846,67,151.12020390519297,19.945208455326835,180.07320748800933,91.57968842615989,165,55,Nenhuma,0.27119725942611694
240,18.46153846153846,73,490.96306687842355,211.37444598144927,616.4047618701776,357.05284347388476,553,284,Nenhuma,0.27119725942611694
241,18.53846153846154,1,388.3890403904706,34.20139071702227,433.18715264398014,135.86553180276104,410,85,Nenhuma,0.25401318073272705
241,18.53846153846154,7,418.49102049186945,68.5921758466381,495.72651243573586,246.13120941270682,457,157,Nenhuma,0.25401318073272705
241,18.53846153846154,19,315.02528977450834,221.6010618719523,437.15932807089024,356.6450979637259,376,289,Nenhuma,0.25401318073272705
241,18.53846153846154,34,110.92670823153635,52.322421136725744,163.24679561096093,127.36646470405336,137,89,Nenhuma,0.25401318073272705
241,18.53846153846154,46,458.6521323239869,85.48768388473542,515.818459027601,207.73172762807104,487,146,Nenhuma,0.25401318073272705
241,18.53846153846154,54,336.57439347425696,16.32431083026013,389.59170803731143,126.41161898313219,363,71,Nenhuma,0.25401318073272705
241,18.53846153846154,55,109.14138707314412,43.706227674152785,175.69303475387414,175.61698737897382,142,109,Nenhuma,0.25401318073272705
241,18.53846153846154,56,33.05305724334946,86.90846489765178,87.126441633419,233.70196189695972,60,160,Nenhuma,0.25401318073272705
241,18.53846153846154,64,174.40862100126273,15.19395694219422,205.1597052801387,83.83624743351386,189,49,Nenhuma,0.25401318073272705
241,18.53846153846154,66,332.14305591235325,18.04388864227218,384.49738779145434,105.3814898794783,358,61,Nenhuma,0.25401318073272705
241,18.53846153846154,67,151.18947953360416,19.910934066787362,180.12306824334067,91.49733734189853,165,55,Nenhuma,0.25401318073272705
241,18.53846153846154,73,481.061479769366,212.35893169344325,605.9607364916291,357.0481459991766,543,284,Nenhuma,0.25401318073272705
242,18.615384615384617,1,389.0697836099351,34.64915677890766,433.6579730312621,136.52379353129007,411,85,Nenhuma,0.26830369234085083
242,18.615384615384617,7,421.4650780296421,68.89887796739238,499.9496135250069,249.91333869951643,460,159,Nenhuma,0.26830369234085083
242,18.615384615384617,19,307.3537100446117,219.35229236678913,429.79582788110616,356.89127447734325,368,288,Nenhuma,0.26830369234085083
242,18.615384615384617,34,111.02106147910239,52.772618782271365,162.8803970552782,127.15386494610874,136,89,Nenhuma,0.26830369234085083
242,18.615384615384617,46,459.1379451933659,84.69844794439675,516.6509078077029,207.6866043590669,487,146,Nenhuma,0.26830369234085083
242,18.615384615384617,54,344.81738239298977,17.263938436126452,400.8882593795097,133.79008561452457,372,75,Nenhuma,0.26830369234085083
242,18.615384615384617,55,108.93157142736689,43.070454455976375,175.32488482086973,175.1589053026669,142,109,Nenhuma,0.26830369234085083
242,18.615384615384617,56,33.28856810004753,86.92453170812703,87.48268115863678,233.21205297001583,60,160,Nenhuma,0.26830369234085083
242,18.615384615384617,64,173.30024430210736,15.158402848693534,207.15030412359292,91.89500290990523,190,53,Nenhuma,0.26830369234085083
242,18.615384615384617,67,151.2587551731757,19.87665967824789,180.17292898751168,91.41498625763717,165,55,Nenhuma,0.26830369234085083
242,18.615384615384617,73,472.1405301219258,212.07140645688116,598.148737578009,357.04219520751394,535,284,Nenhuma,0.26830369234085083
243,18.692307692307693,1,388.5487018641463,34.49101438338619,433.1334460725345,136.35964368246314,410,85,Nenhuma,0.2786879539489746
243,18.692307692307693,7,425.7732186095546,72.82433265201544,502.74684014937554,249.9097720670708,464,161,Nenhuma,0.2786879539489746
243,18.692307692307693,19,314.2292650917276,216.52278305072792,439.5860646316929,356.32547319458615,376,286,Nenhuma,0.2786879539489746
243,18.692307692307693,34,114.33363588004083,50.46937377436389,164.7385463475623,121.86529100503385,139,86,Nenhuma,0.2786879539489746
243,18.692307692307693,46,459.62376618029583,83.90921200405809,517.4833484702538,207.64148109006283,488,145,Nenhuma,0.2786879539489746
243,18.692307692307693,54,350.16111955265427,20.206291856419774,401.13129281346926,128.3548676782032,375,74,Nenhuma,0.2786879539489746
243,18.692307692307693,55,111.70445157498457,46.8053724742593,176.9534302470184,176.97026108607713,144,111,Nenhuma,0.2786879539489746
243,18.692307692307693,56,33.80054440075716,87.59715666952525,85.201876780264,225.08975169635477,59,156,Nenhuma,0.2786879539489746
243,18.692307692307693,64,175.01173214778277,15.775213845540868,205.76935898272848,84.80172592584248,190,50,Nenhuma,0.2786879539489746
243,18.692307692307693,66,312.6693935500289,29.821941368443404,355.2725381886768,100.97599746799723,333,65,Nenhuma,0.2786879539489746
243,18.692307692307693,73,463.84498473572364,209.30227021010805,591.8692814498609,356.36998528053573,527,282,Nenhuma,0.2786879539489746
244,18.76923076923077,1,388.0276200702425,34.33287198786471,432.60891916192196,136.19549383363622,410,85,Nenhuma,0.2641882002353668
244,18.76923076923077,7,429.40337663935514,77.55946921654092,504.8847129492978,249.64815717168497,467,163,Nenhuma,0.2641882002353668
244,18.76923076923077,19,315.2675041735754,212.8219337623282,444.91226722871846,356.76416825533465,380,284,Nenhuma,0.2641882002353668
244,18.76923076923077,34,114.44790546545816,50.18783694271899,165.3662929107594,121.73305855035296,139,85,Nenhuma,0.2641882002353668
244,18.76923076923077,46,460.1095952847767,83.11997606371943,518.3157810152538,207.5963578210587,489,145,Nenhuma,0.2641882002353668
244,18.76923076923077,54,351.14599300559024,22.231148317272073,403.0446654979966,133.40472832414463,377,77,Nenhuma,0.2641882002353668
244,18.76923076923077,55,110.48611277491864,48.244323410215344,175.20203242272726,178.32883916324076,142,113,Nenhuma,0.2641882002353668
244,18.76923076923077,56,33.15828173540701,87.18306641011424,86.51279049197714,229.45206205428025,59,158,Nenhuma,0.2641882002353668
244,18.76923076923077,64,171.79887007759172,16.014362877703824,207.77368954513764,98.58475638316096,189,57,Nenhuma,0.2641882002353668
244,18.76923076923077,66,313.9617790368185,30.354567416246695,352.8346554695076,94.65851254764165,333,62,Nenhuma,0.2641882002353668
244,18.76923076923077,73,455.7233607616762,206.95211143990394,585.6089169526176,356.1170031916462,520,281,Nenhuma,0.2641882002353668
245,18.846153846153847,1,387.5065382282237,34.17472959234324,432.0843922994245,136.03134398480927,409,85,Nenhuma,0.25315767526626587
245,18.846153846153847,7,431.5485944001297,79.94127494580304,506.6533393052178,250.00573654475193,469,164,Nenhuma,0.25315767526626587
245,18.846153846153847,19,314.8690713062684,210.7744231977974,447.04331874524325,356.93085375706073,380,283,Nenhuma,0.25315767526626587
245,18.846153846153847,34,113.98823361129148,50.09643095438456,165.397556721596,121.68793900844834,139,85,Nenhuma,0.25315767526626587
245,18.846153846153847,54,349.4117842820281,22.97826622923175,401.91764049041245,133.93202727302804,375,78,Nenhuma,0.25315767526626587
245,18.846153846153847,55,110.29877600052805,48.78260201176094,174.2697326029338,178.17261334108235,142,113,Nenhuma,0.25315767526626587
245,18.846153846153847,56,32.599725012859125,87.0372902770039,86.64917899916534,231.00231304190115,59,159,Nenhuma,0.25315767526626587
245,18.846153846153847,57,359.87384741656825,23.95461367962887,398.8719079855684,116.89561649711325,379,70,Nenhuma,0.25315767526626587
245,18.846153846153847,64,170.5286635828939,15.489225350239494,208.6382249670487,105.07633304298074,189,60,Nenhuma,0.25315767526626587
245,18.846153846153847,66,315.00274798110456,30.528355609839142,352.20319224835515,91.52222457540607,333,61,Nenhuma,0.25315767526626587
245,18.846153846153847,73,454.53679160343586,206.08194078351903,583.7004188125156,354.7041736000032,519,280,Nenhuma,0.25315767526626587
246,18.923076923076923,7,433.14535680863327,86.69967240093189,512.9098043233478,268.4901505591377,473,177,Nenhuma,0.2642161250114441
246,18.923076923076923,19,313.3556867918828,204.78991936470345,448.51327835003343,356.3415047167748,380,280,Nenhuma,0.2642161250114441
246,18.923076923076923,34,115.07011005553198,51.39422697765452,165.4812251883505,121.02724333694144,140,86,Nenhuma,0.2642161250114441
246,18.923076923076923,54,349.5951496235682,22.025908776047714,402.7476319705486,134.3462654831012,376,78,Nenhuma,0.2642161250114441
246,18.923076923076923,55,110.56643211990689,50.96881919815121,172.25548722847174,176.78136829113444,141,113,Nenhuma,0.2642161250114441
246,18.923076923076923,56,32.60456074730786,88.30265184353269,85.82209305433183,230.29037411481468,59,159,Nenhuma,0.2642161250114441
246,18.923076923076923,57,370.3267498722983,26.156023859876,408.65258813417176,116.22649511783362,389,71,Nenhuma,0.2642161250114441
246,18.923076923076923,64,168.45746741656762,14.008830300083211,208.04873921452366,108.97300371384995,188,61,Nenhuma,0.2642161250114441
246,18.923076923076923,66,316.73899609894556,28.447104291017244,354.0656460200078,90.46167939437426,335,59,Nenhuma,0.2642161250114441
246,18.923076923076923,73,451.57903886314796,203.13327836826224,581.9556599027816,354.16748203286045,516,278,Nenhuma,0.2642161250114441
247,19.0,7,436.32962100773807,93.65962776560109,514.4838866575129,271.4164623087062,475,182,Nenhuma,0.2696150839328766
247,19.0,19,319.2872324504255,202.5321427303168,454.8037646434784,356.11577201469424,387,279,Nenhuma,0.2696150839328766
247,19.0,34,115.55938480257129,51.62107141409476,165.3642968855633,120.41471140639314,140,86,Nenhuma,0.2696150839328766
247,19.0,54,349.7785159162059,21.07355132286368,403.5776224995871,134.76050369317437,376,77,Nenhuma,0.2696150839328766
247,19.0,55,110.13549980039807,51.11781314728102,171.36353382447817,176.9183615285014,140,114,Nenhuma,0.2696150839328766
247,19.0,56,33.065163837278114,86.13026084039402,85.04759451616906,224.04270089906223,59,155,Nenhuma,0.2696150839328766
247,19.0,57,377.61886295396727,30.95942720626389,418.0248811918556,126.91896036506839,397,78,Nenhuma,0.2696150839328766
247,19.0,64,167.70158522266587,14.02481571177524,207.09673430624215,109.85862582266859,187,61,Nenhuma,0.2696150839328766
247,19.0,66,318.52155352680546,27.701704286300426,355.5396858086276,90.09677034963586,337,58,Nenhuma,0.2696150839328766
247,19.0,73,459.3469647798333,201.3948080263072,584.5508783899871,349.3746270914346,521,275,Nenhuma,0.2696150839328766
248,19.076923076923077,1,392.77729990875633,33.97927695256269,439.07860889488177,135.03726267819468,415,84,Nenhuma,0.2849879860877991
248,19.076923076923077,7,440.43019664423537,98.92718127770553,517.84436277846,274.89468276191127,479,186,Nenhuma,0.2849879860877991
248,19.076923076923077,19,326.1195477398305,201.70271599818534,460.47744617392215,355.37859537133374,393,278,Nenhuma,0.2849879860877991
248,19.076923076923077,34,116.04867744904148,51.847915850534996,165.24735068334525,119.80217947584484,140,85,Nenhuma,0.2849879860877991
248,19.076923076923077,54,346.84542537382686,43.38022120646004,391.36428105769477,135.8632470186581,369,89,Nenhuma,0.2849879860877991
248,19.076923076923077,55,110.38626172838433,51.160306175024544,171.30168640549326,176.9695170264984,140,114,Nenhuma,0.2849879860877991
248,19.076923076923077,56,32.16510240375721,85.98248971775263,86.50451417048208,229.75433521749608,59,157,Nenhuma,0.2849879860877991
248,19.076923076923077,57,382.08844991471295,32.28315985601776,422.7912293600916,128.94702276405368,402,80,Nenhuma,0.2849879860877991
248,19.076923076923077,64,166.8114202170055,13.390740412864155,206.03204795594215,110.11405953363774,186,61,Nenhuma,0.2849879860877991
248,19.076923076923077,66,317.36933814168646,26.719493162898072,355.1303236563694,90.6454833174896,336,58,Nenhuma,0.2849879860877991
248,19.076923076923077,73,456.69574531541656,200.77484569519572,582.9849722817294,352.1976914961458,519,276,Nenhuma,0.2849879860877991
249,19.153846153846153,1,392.93062200903864,33.845017613024275,439.1982290500755,134.83016805340782,416,84,Nenhuma,0.2985011339187622
249,19.153846153846153,7,447.5683437672589,104.09541769993788,520.5522338358235,270.0830426831003,484,187,Nenhuma,0.2985011339187622
249,19.153846153846153,19,331.5228362538782,199.4769586511877,466.9912265740737,355.7486622044396,399,277,Nenhuma,0.2985011339187622
249,19.153846153846153,34,116.53798799494254,52.074760286975234,165.13038658169629,119.18964754529655,140,85,Nenhuma,0.2985011339187622
249,19.153846153846153,54,346.7738973071706,44.61797110222257,390.9275342926965,136.34231597557266,368,90,Nenhuma,0.2985011339187622
249,19.153846153846153,55,110.53325143448204,49.17204948333574,171.90495119921857,176.98898845953266,141,113,Nenhuma,0.2985011339187622
249,19.153846153846153,56,32.12925348663228,87.23994521759847,86.08940861564356,230.52457777368448,59,158,Nenhuma,0.2985011339187622
249,19.153846153846153,57,388.1724291959172,34.66751768634537,431.9458647795047,135.56207964362832,410,85,Nenhuma,0.2985011339187622
249,19.153846153846153,64,166.6225676502039,13.140157746743746,205.46955308208356,110.14038297039309,186,61,Nenhuma,0.2985011339187622
249,19.153846153846153,66,317.89439941569435,27.008485162506517,355.3131702026303,90.85324657336403,336,58,Nenhuma,0.2985011339187622
249,19.153846153846153,73,460.7339231161472,200.57241505467192,582.8039005857256,349.32550736780695,521,274,Nenhuma,0.2985011339187622
250,19.23076923076923,1,393.08394387036367,33.71075827348586,439.3178494442266,134.62307342862098,416,84,Nenhuma,0.29425761103630066
250,19.23076923076923,7,451.967790955794,110.59705642768347,526.3091932397551,279.4054879704945,489,195,Nenhuma,0.29425761103630066
250,19.23076923076923,19,334.5128943465355,196.7204064843442,471.674742268194,355.8923461072218,403,276,Nenhuma,0.29425761103630066
250,19.23076923076923,54,346.7023691579578,45.855720997985095,390.49078761025476,136.8213849324872,368,91,Nenhuma,0.29425761103630066
250,19.23076923076923,55,110.86731215018567,49.07846308722166,171.86235809464495,176.99632745981907,141,113,Nenhuma,0.29425761103630066
250,19.23076923076923,56,32.47586856675335,87.07479590643614,85.56997926248036,228.8470998896898,59,157,Nenhuma,0.29425761103630066
250,19.23076923076923,57,394.03798220620064,37.343627214325885,439.8685798154818,139.3163895539001,416,88,Nenhuma,0.29425761103630066
250,19.23076923076923,64,166.97051035893043,13.04228563485426,205.49324446313935,110.07820188676322,186,61,Nenhuma,0.29425761103630066
250,19.23076923076923,66,318.30311040425505,27.10342906632836,356.45725850404784,92.94188955342356,337,60,Nenhuma,0.29425761103630066
250,19.23076923076923,73,466.71724603114023,201.87160494082093,583.2751107406763,346.2443128959636,524,274,Nenhuma,0.29425761103630066
251,19.307692307692307,1,393.2372654927313,33.57649893394744,439.437470077335,134.41597880383412,416,83,Nenhuma,0.26514625549316406
251,19.307692307692307,7,452.9900844428297,112.86272209765835,529.4681058435987,286.63445817844115,491,199,Nenhuma,0.26514625549316406
251,19.307692307692307,19,335.27370639079,195.7094950851461,472.41733112318474,355.949367654125,403,275,Nenhuma,0.26514625549316406
251,19.307692307692307,54,346.63084092618845,47.09347089374762,390.0540410103696,137.30045388940175,368,92,Nenhuma,0.26514625549316406
251,19.307692307692307,55,111.13733544274486,49.70129367679938,171.05182472238297,175.67752608650375,141,112,Nenhuma,0.26514625549316406
251,19.307692307692307,56,32.306075958925675,87.01319784047756,85.0144044873299,228.21438430514826,58,157,Nenhuma,0.26514625549316406
251,19.307692307692307,57,399.9732468744693,38.30790141245923,445.9952995858396,139.36023979339927,422,88,Nenhuma,0.26514625549316406
251,19.307692307692307,64,167.10636349690859,13.005065054267838,205.522809933233,110.63455069646261,186,61,Nenhuma,0.26514625549316406
251,19.307692307692307,66,318.9322796960613,27.13007036812982,357.0301436758435,93.71382730455404,337,60,Nenhuma,0.26514625549316406
251,19.307692307692307,73,455.24261149637397,203.74071802605823,574.6653682972656,350.46845732844974,514,277,Nenhuma,0.26514625549316406
251,19.307692307692307,77,33.63045624654109,89.00000000000001,84.35360068064696,182.53942234098758,58,135,Nenhuma,0.26514625549316406
252,19.384615384615383,1,376.9312683568861,30.375333020540097,424.8793372443127,136.69566385400452,400,83,Nenhuma,0.2961302399635315
252,19.384615384615383,7,457.4507469297224,122.74599764598486,533.5588840217195,292.48719615606126,495,207,Nenhuma,0.2961302399635315
252,19.384615384615383,19,334.3743415770409,188.20734347247867,476.32791805614704,355.3209095624078,405,271,Nenhuma,0.2961302399635315
252,19.384615384615383,46,451.5572639208522,91.52716699809916,499.655524304218,192.47412323948208,475,142,Nenhuma,0.2961302399635315
252,19.384615384615383,55,110.00662830336715,49.270157076818904,169.989996522718,175.17819820363803,139,112,Nenhuma,0.2961302399635315
252,19.384615384615383,56,32.50069754023133,86.32863202454215,84.55223301792351,225.99713018477976,58,156,Nenhuma,0.2961302399635315
252,19.384615384615383,57,406.4069072002631,39.927380970894546,452.31219393249694,140.58499674675937,429,90,Nenhuma,0.2961302399635315
252,19.384615384615383,64,167.2675364573561,12.991656597492849,205.44254871686303,110.79149567279538,186,61,Nenhuma,0.2961302399635315
252,19.384615384615383,66,321.3944125114217,30.42546371295305,357.61779694751647,93.9994815483704,339,62,Nenhuma,0.2961302399635315
252,19.384615384615383,73,448.6283279851395,207.07860166301083,568.1116523272017,350.7133214749217,508,278,Nenhuma,0.2961302399635315
252,19.384615384615383,77,33.91085366783831,88.2398653171118,84.04161843070034,180.6791527819621,58,134,Nenhuma,0.2961302399635315
253,19.46153846153846,1,374.11117611726337,29.9856588831108,420.90989381628333,134.21447252258943,397,82,Nenhuma,0.3022538125514984
253,19.46153846153846,7,462.4584075952491,129.71561809474537,538.16612353499,293.8383623591042,500,211,Nenhuma,0.3022538125514984
253,19.46153846153846,19,333.39352583468803,187.32802800617037,475.13348954107073,355.72691783022253,404,271,Nenhuma,0.3022538125514984
253,19.46153846153846,46,447.27309833390245,89.65726642778225,497.41964091579695,194.89935896262267,472,142,Nenhuma,0.3022538125514984
253,19.46153846153846,55,109.81812100026809,49.10638487397776,170.696735801763,176.98585483744296,140,113,Nenhuma,0.3022538125514984
253,19.46153846153846,56,31.33134764865133,85.40823178951443,85.62770868982226,231.82334416197943,58,158,Nenhuma,0.3022538125514984
253,19.46153846153846,57,405.15202688416025,40.49050573956937,465.255242963391,178.31748145238186,435,109,Nenhuma,0.3022538125514984
253,19.46153846153846,64,167.05571392227878,12.98753349740317,205.05185423751365,110.7928262937244,186,61,Nenhuma,0.3022538125514984
253,19.46153846153846,66,319.872178463836,26.963958656908027,358.226422590453,94.7664185170884,339,60,Nenhuma,0.3022538125514984
253,19.46153846153846,73,446.01872591468555,209.03986303057803,567.3170455518698,352.1566126670632,506,280,Nenhuma,0.3022538125514984
253,19.46153846153846,77,31.88595151858081,87.99331785970688,86.06832921747659,188.2163267315666,58,138,Nenhuma,0.3022538125514984
254,19.53846153846154,1,371.5193931819015,32.5117759927232,417.15636874981266,132.66881524041946,394,82,Nenhuma,0.3205951750278473
254,19.53846153846154,7,467.16639494799983,138.16323928706538,544.1266698622206,298.80990234471744,505,218,Nenhuma,0.3205951750278473
254,19.53846153846154,19,329.81628193635197,185.7729289591843,471.1806622741312,356.53983444228584,400,271,Nenhuma,0.3205951750278473
254,19.53846153846154,46,444.06145258733807,85.83974766589918,495.5418441981271,195.42763350333647,469,140,Nenhuma,0.3205951750278473
254,19.53846153846154,55,108.25891534727543,49.0438265529489,169.83102159170562,177.66649521492442,139,113,Nenhuma,0.3205951750278473
254,19.53846153846154,56,31.66143055117831,86.3727434801402,85.9165267455577,233.32118248869094,58,159,Nenhuma,0.3205951750278473
254,19.53846153846154,57,410.7716501044595,44.292021000715025,473.18313422225117,191.04943399935638,441,117,Nenhuma,0.3205951750278473
254,19.53846153846154,64,167.14737897555582,12.986955461116608,204.74333868285356,110.08654669913162,185,61,Nenhuma,0.3205951750278473
254,19.53846153846154,66,317.977719296351,26.38075666293131,357.8451499505192,96.98371146723056,337,61,Nenhuma,0.3205951750278473
254,19.53846153846154,73,447.4152647836236,211.09393998387856,569.5485734410453,352.69940906326264,508,281,Nenhuma,0.3205951750278473
254,19.53846153846154,77,34.24058432993397,88.60553089363518,84.40500882281081,181.04834114340358,59,134,Nenhuma,0.3205951750278473
255,19.615384615384617,1,369.4123753117002,33.474049633223316,415.01480077995,132.77158682607103,392,83,Nenhuma,0.2772173583507538
255,19.615384615384617,7,478.84229618947643,141.76065330208417,555.5402810832607,297.7820229038482,517,219,Nenhuma,0.2772173583507538
255,19.615384615384617,19,328.30202630794577,184.59218119733123,467.73405460495013,356.2045175832841,398,270,Nenhuma,0.2772173583507538
255,19.615384615384617,46,442.9279311554238,85.2915333838958,494.4350450646715,194.9387901064332,468,140,Nenhuma,0.2772173583507538
255,19.615384615384617,55,107.19298510251966,49.01920648007692,168.6705773897519,176.60616879530144,137,112,Nenhuma,0.2772173583507538
255,19.615384615384617,56,32.619883511758005,87.41468100942812,86.52005551348404,233.89430104934814,59,160,Nenhuma,0.2772173583507538
255,19.615384615384617,57,414.74338058609584,46.561724325409074,477.73386219620517,197.73660857483708,446,122,Nenhuma,0.2772173583507538
255,19.615384615384617,64,167.22141438105857,12.987721702547333,204.60270599753503,110.41848918752083,185,61,Nenhuma,0.2772173583507538
255,19.615384615384617,66,314.60660984560946,24.85542342655024,357.05619781277795,99.77525018677872,335,62,Nenhuma,0.2772173583507538
255,19.615384615384617,72,29.56738764979054,68.99110907853449,55.4461308014996,116.97791216049113,42,92,Nenhuma,0.2772173583507538
255,19.615384615384617,73,448.03572855062316,213.851623596271,571.2127955738521,354.23746131426776,509,284,Nenhuma,0.2772173583507538
255,19.615384615384617,77,34.976618241661,88.86764279263227,85.37658847000796,181.68701076046824,60,135,Nenhuma,0.2772173583507538
256,19.692307692307693,1,366.2472441331453,31.163644072613295,413.40378618049857,134.1527158729678,389,82,Nenhuma,0.2535158693790436
256,19.692307692307693,7,492.814867772957,146.235009673992,566.6279832990381,291.132318932994,529,218,Nenhuma,0.2535158693790436
256,19.692307692307693,19,326.91744800033797,181.6031987968839,465.80658907672154,356.07344760904186,396,268,Nenhuma,0.2535158693790436
256,19.692307692307693,46,441.7944103559364,84.74331910189242,493.32824529878894,194.4499467095299,467,139,Nenhuma,0.2535158693790436
256,19.692307692307693,54,313.58086532598276,24.95901673444819,357.5526379843937,116.7760568418422,335,70,Nenhuma,0.2535158693790436
256,19.692307692307693,55,105.99352710852276,48.34724027769589,167.72363406457038,176.198805171775,136,112,Nenhuma,0.2535158693790436
256,19.692307692307693,56,32.92149300464696,87.15566135337907,87.47562616604594,234.75676784837515,60,160,Nenhuma,0.2535158693790436
256,19.692307692307693,57,418.850257078526,47.441315305081574,481.0977472687878,198.38253270616332,449,122,Nenhuma,0.2535158693790436
256,19.692307692307693,64,166.9785264184359,12.988783914087172,204.1793489530852,110.50593272609925,185,61,Nenhuma,0.2535158693790436
256,19.692307692307693,66,316.9790681564479,25.54466880552185,358.1759651811051,98.92015917922336,337,62,Nenhuma,0.2535158693790436
256,19.692307692307693,67,148.26211585516432,21.970958158933463,175.8394018156669,92.96945488102799,162,57,Nenhuma,0.2535158693790436
256,19.692307692307693,72,29.568972205155905,68.98115710152229,55.41151343621016,116.90082018724189,42,92,Nenhuma,0.2535158693790436
256,19.692307692307693,73,452.24581289897014,218.85899087710266,573.3868595527122,354.8096720679695,512,286,Nenhuma,0.2535158693790436
256,19.692307692307693,77,35.171610440854906,88.86124403462765,85.57707206068162,181.6907248053165,60,135,Nenhuma,0.2535158693790436
257,19.76923076923077,1,364.24217266182393,30.31414254619088,411.76636051400766,134.01295152587733,388,82,Nenhuma,0.2969748377799988
257,19.76923076923077,7,509.89122358517864,151.042180062291,574.8232514465112,271.89095403857124,542,211,Nenhuma,0.2969748377799988
257,19.76923076923077,19,329.55060284341374,176.62326132833246,469.64531511841005,355.3737413593344,399,265,Nenhuma,0.2969748377799988
257,19.76923076923077,46,440.660890188876,84.19510481988905,492.2214449004795,193.96110331262668,466,139,Nenhuma,0.2969748377799988
257,19.76923076923077,54,311.7623428114124,23.946986624386795,356.08796397638173,117.15919931718062,333,70,Nenhuma,0.2969748377799988
257,19.76923076923077,55,105.66018511445199,49.41625346982337,167.27928205631753,176.70735796607045,136,113,Nenhuma,0.2969748377799988
257,19.76923076923077,56,34.99174019058774,87.05676025822866,89.16007839619019,231.12694308432185,62,159,Nenhuma,0.2969748377799988
257,19.76923076923077,57,421.4709580788923,49.00322277626985,484.24727164875316,202.20363062851527,452,125,Nenhuma,0.2969748377799988
257,19.76923076923077,64,166.95604394572177,12.989948231405364,203.9612236585097,110.50001213432655,185,61,Nenhuma,0.2969748377799988
257,19.76923076923077,66,316.8431623775164,25.17341448562503,357.7380918071722,98.53088306030712,337,61,Nenhuma,0.2969748377799988
257,19.76923076923077,67,148.08376749301442,22.077351697716132,175.64517254419806,93.03505304577453,161,57,Nenhuma,0.2969748377799988
257,19.76923076923077,72,29.57055676882154,68.97120512451008,55.37689606262043,116.82372821399265,42,92,Nenhuma,0.2969748377799988
257,19.76923076923077,73,458.98093164529604,221.37469548787757,578.678288820991,355.0150072133142,518,288,Nenhuma,0.2969748377799988
257,19.76923076923077,77,32.67015166918794,88.16150177847598,89.16815830126873,192.48624476489107,60,140,Nenhuma,0.2969748377799988
258,19.846153846153847,1,363.5157162426661,29.997563788579228,410.58755766939555,132.6486697650301,387,81,Nenhuma,0.3385060727596283
258,19.846153846153847,7,524.2887693465606,161.08207000760058,584.6113422409729,267.5429962116186,554,214,Nenhuma,0.3385060727596283
258,19.846153846153847,19,330.77082264155484,170.88935235427627,472.8125682623482,355.1051874234512,401,262,Nenhuma,0.3385060727596283
258,19.846153846153847,54,309.03673654818414,22.832043820234723,353.29852138773776,115.91012987502975,331,69,Nenhuma,0.3385060727596283
258,19.846153846153847,55,106.02569814188269,50.484151886806224,167.31720318719255,176.90168038857618,136,113,Nenhuma,0.3385060727596283
258,19.846153846153847,56,35.28529354672335,87.05499654202505,89.45831604273317,231.137089011517,62,159,Nenhuma,0.3385060727596283
258,19.846153846153847,57,422.2306591047286,50.207702947223424,486.73261459842576,210.53259734344107,454,130,Nenhuma,0.3385060727596283
258,19.846153846153847,64,167.2925678072454,12.991069124557932,204.20470969575265,110.46210633546542,185,61,Nenhuma,0.3385060727596283
258,19.846153846153847,66,313.99017229427045,24.37993105000585,357.08423205495814,102.29128170409417,335,63,Nenhuma,0.3385060727596283
258,19.846153846153847,67,147.90541911066077,22.1837452364988,175.45094329293295,93.10065121052111,161,57,Nenhuma,0.3385060727596283
258,19.846153846153847,72,29.57214134078745,68.96125314749789,55.342278680730445,116.74663624074343,42,92,Nenhuma,0.3385060727596283
258,19.846153846153847,73,462.0919327576047,222.92005693165498,582.0924849291649,355.7530723475023,522,289,Nenhuma,0.3385060727596283
258,19.846153846153847,77,31.483397740217843,87.3572497874801,91.95111500760518,199.32586790795654,61,143,Nenhuma,0.3385060727596283
259,19.923076923076923,1,362.77794239031726,29.890800956938932,409.4323302071865,131.47134111753616,386,80,Nenhuma,0.26778876781463623
259,19.923076923076923,7,530.281470744076,170.60148036486984,589.9916209082645,271.318188601105,560,220,Nenhuma,0.26778876781463623
259,19.923076923076923,19,330.56019070160016,166.16580688523612,473.3733357409908,355.00378347285255,401,260,Nenhuma,0.26778876781463623
259,19.923076923076923,54,306.31113020644347,21.71710101608265,350.5090788776063,114.6610604328789,328,68,Nenhuma,0.26778876781463623
259,19.923076923076923,55,105.9314597099752,50.220380484461884,168.26052842484896,178.30067235179214,137,114,Nenhuma,0.26778876781463623
259,19.923076923076923,56,35.578846885795386,87.05323282582144,89.7565537063397,231.14723493871207,62,159,Nenhuma,0.26778876781463623
259,19.923076923076923,57,422.5405990498693,50.645145436260165,487.479416389861,213.66140682507108,455,132,Nenhuma,0.26778876781463623
259,19.923076923076923,64,167.5501959428501,12.992095274941555,204.18193226606678,110.41589398133749,185,61,Nenhuma,0.26778876781463623
259,19.923076923076923,66,314.7290805644095,24.084347101353288,356.94873053316843,101.12951188735782,335,62,Nenhuma,0.26778876781463623
259,19.923076923076923,67,148.9105453519081,21.188582353474033,176.64856799499657,93.87812888191957,162,57,Nenhuma,0.26778876781463623
259,19.923076923076923,73,467.08677459925826,224.10636329426936,589.5775782541466,356.68475005295966,528,290,Nenhuma,0.26778876781463623
259,19.923076923076923,77,29.592908718949353,81.27359293435738,95.72006608189847,204.44941085143432,62,142,Nenhuma,0.26778876781463623
260,20.0,1,362.5276811332819,29.86323467330694,408.4425586329914,129.71206734344048,385,79,Nenhuma,0.25263285636901855
260,20.0,7,539.2997419956614,176.9563460301196,595.2270582644887,271.28780886871283,567,224,Nenhuma,0.25263285636901855
260,20.0,19,326.66535792336276,158.61233148421212,470.88651686704503,354.9675293812316,398,256,Nenhuma,0.25263285636901855
260,20.0,54,303.5855237861903,20.60215821193058,347.71963644598736,113.41199099072804,325,67,Nenhuma,0.25263285636901855
260,20.0,55,106.7342815263332,50.77512915813283,169.11357106716804,178.8212616486481,137,114,Nenhuma,0.25263285636901855
260,20.0,56,31.45426281748806,72.62304850398122,91.9960306724325,231.8703788603258,61,152,Nenhuma,0.25263285636901855
260,20.0,57,422.513180237322,50.761721714717936,486.92461061942777,214.05219681549434,454,132,Nenhuma,0.25263285636901855
260,20.0,64,167.72740082952004,12.99301628818175,204.1043658374638,110.37009612837521,185,61,Nenhuma,0.25263285636901855
260,20.0,66,313.74914520302394,23.320581874729044,358.16874937099533,105.84405547816829,335,64,Nenhuma,0.25263285636901855
260,20.0,67,149.68720396839666,21.738462412946056,176.8130892988035,94.0047097337519,163,57,Nenhuma,0.25263285636901855
260,20.0,73,473.05502344797793,224.4928164425076,597.5843521836392,357.0185013957838,535,290,Nenhuma,0.25263285636901855
260,20.0,77,28.920720654864226,73.23904106684091,93.97182997884002,194.46537640698926,61,133,Nenhuma,0.25263285636901855
261,20.076923076923077,1,363.23462894651584,29.86517638012296,408.0721306499141,127.73438783485526,385,78,Nenhuma,0.25589311122894287
261,20.076923076923077,7,559.5901203638042,183.89528650730455,618.2076391065477,282.91077667248953,588,233,Nenhuma,0.25589311122894287
261,20.076923076923077,19,329.57374737688787,155.1262863867458,473.7863056792119,354.95615010291385,401,255,Nenhuma,0.25589311122894287
261,20.076923076923077,54,330.36247887027423,47.410087356224835,367.892375293111,126.19585197217845,349,86,Nenhuma,0.25589311122894287
261,20.076923076923077,55,108.30488797273138,51.64133225893865,170.17583610280866,179.01201916305604,139,115,Nenhuma,0.25589311122894287
261,20.076923076923077,56,33.156284096852396,70.40467797163413,90.77311743835679,217.53791796371704,61,143,Nenhuma,0.25589311122894287
261,20.076923076923077,57,420.862437470031,53.32228165178995,483.50396277465694,212.05911893849233,452,132,Nenhuma,0.25589311122894287
261,20.076923076923077,64,167.4886674491039,12.99383602250338,203.73083350342617,110.32768316362149,185,61,Nenhuma,0.25589311122894287
261,20.076923076923077,66,316.59584516746634,23.036948403053543,357.95704645468976,100.59617014688074,337,61,Nenhuma,0.25589311122894287
261,20.076923076923077,67,149.75726135816038,21.26635301041228,177.07504779208907,95.37708104069691,163,58,Nenhuma,0.25589311122894287
261,20.076923076923077,73,472.485825763187,224.5843607083803,598.6406904976466,357.1285294572198,535,290,Nenhuma,0.25589311122894287
261,20.076923076923077,77,27.753451617356646,69.94343399056805,90.18534320920276,186.88129190274378,58,128,Nenhuma,0.25589311122894287
262,20.153846153846153,1,364.08677492429825,29.876890675086827,408.13923556262773,127.01894106314194,386,78,Nenhuma,0.2693110406398773
262,20.153846153846153,7,571.5245385127008,189.4059360001072,630.3312645998188,289.1383412301328,600,239,Nenhuma,0.2693110406398773
262,20.153846153846153,19,328.2244521685721,151.3003687605571,472.22694151580276,354.95511552075453,400,253,Nenhuma,0.2693110406398773
262,20.153846153846153,54,330.45543845524236,48.959309552528616,367.2901102389238,126.28568642778623,348,87,Nenhuma,0.2693110406398773
262,20.153846153846153,55,109.04694447329109,51.2998807449822,170.44063661457585,178.4137290329266,139,114,Nenhuma,0.2693110406398773
262,20.153846153846153,56,30.846439642650793,69.63715992702421,86.50382263461165,210.00871800936713,58,139,Nenhuma,0.2693110406398773
262,20.153846153846153,57,419.0324625683104,55.572779856013895,481.0075861981916,211.68529606011776,450,133,Nenhuma,0.2693110406398773
262,20.153846153846153,64,167.43715037579426,12.99456269244525,203.55755845712173,110.28945008092899,185,61,Nenhuma,0.2693110406398773
262,20.153846153846153,66,312.8208986648156,22.936863076290102,353.508058205173,99.69270061310172,333,61,Nenhuma,0.2693110406398773
262,20.153846153846153,67,149.98059096246448,21.746348937444886,176.97432714933328,95.88040217571938,163,58,Nenhuma,0.2693110406398773
262,20.153846153846153,73,471.01558306120097,224.57084404484138,598.1936850688504,357.15566348748234,534,290,Nenhuma,0.2693110406398773
262,20.153846153846153,77,27.119584926216866,68.22294716892313,90.77195025698592,187.44682021892868,58,127,Nenhuma,0.2693110406398773
263,20.23076923076923,1,365.46133287649155,29.222826565773133,407.866275482604,123.44482402107015,386,76,Nenhuma,0.2576003074645996
263,20.23076923076923,7,575.0044264800329,197.27981708517703,634.5696281479685,298.0825449295325,604,247,Nenhuma,0.2576003074645996
263,20.23076923076923,19,326.8774665205513,147.98881600610656,471.10308617679726,355.60219967614927,398,251,Nenhuma,0.2576003074645996
263,20.23076923076923,54,330.5483972894559,50.5085317488324,366.68784593549105,126.37552088339403,348,88,Nenhuma,0.2576003074645996
263,20.23076923076923,55,109.31362075878384,50.50108848026508,169.89005616907144,176.1966001633511,139,113,Nenhuma,0.2576003074645996
263,20.23076923076923,56,29.357098497380715,78.85280547941669,84.939653714155,216.10989511474787,57,147,Nenhuma,0.2576003074645996
263,20.23076923076923,57,415.5752447874798,57.687662814745906,479.29532862430614,217.92639246083849,447,137,Nenhuma,0.2576003074645996
263,20.23076923076923,64,166.97190391156903,12.995205455407223,203.28740431000483,110.9145556864247,185,61,Nenhuma,0.2576003074645996
263,20.23076923076923,66,311.74514422360346,22.906175802230194,351.55212254059086,98.68843072108524,331,60,Nenhuma,0.2576003074645996
263,20.23076923076923,67,150.5324888249756,21.2714773441809,177.1272890197304,95.4023834029033,163,58,Nenhuma,0.2576003074645996
263,20.23076923076923,73,471.3378566472353,226.51626150471697,593.7407269259567,356.4888420088281,532,291,Nenhuma,0.2576003074645996
263,20.23076923076923,77,26.485718344049744,66.50246034727819,91.35855719579641,188.01234853511352,58,127,Nenhuma,0.2576003074645996
264,20.307692307692307,1,366.46377840989754,29.66100953889979,407.3834437203198,121.46570714269704,386,75,Nenhuma,0.25276145339012146
264,20.307692307692307,7,584.94234673574,203.81310649559433,642.7258390274285,301.59602277006775,613,252,Nenhuma,0.25276145339012146
264,20.307692307692307,19,325.03869112648556,145.52372425467854,467.43113774070855,354.56617360134146,396,250,Nenhuma,0.25276145339012146
264,20.307692307692307,54,330.641355372915,52.05775394513618,366.08558238281285,126.46535533900183,348,89,Nenhuma,0.25276145339012146
264,20.307692307692307,55,109.1708643220946,50.85683389360284,169.92113158267563,177.34863790879467,139,114,Nenhuma,0.25276145339012146
264,20.307692307692307,56,29.15251741503693,86.26524759908,80.6936845479887,209.65220426217428,54,147,Nenhuma,0.25276145339012146
264,20.307692307692307,57,413.24895329377455,58.448060296138834,478.894487997186,224.7049806372613,446,141,Nenhuma,0.25276145339012146
264,20.307692307692307,64,166.81320729875117,12.99575098316334,203.17672445493866,111.13436879317251,184,62,Nenhuma,0.25276145339012146
264,20.307692307692307,66,311.2540781516013,22.712749590802794,351.26161968774517,98.87825027148972,331,60,Nenhuma,0.25276145339012146
264,20.307692307692307,67,150.137475973009,21.089817741943378,176.4674607375595,94.5500206156168,163,57,Nenhuma,0.25276145339012146
264,20.307692307692307,73,455.87486951218114,226.53419605454206,579.457417053585,356.8934984897043,517,291,Nenhuma,0.25276145339012146
264,20.307692307692307,77,25.851851870855278,64.78197352563325,91.94516402563426,188.5778768512984,58,126,Nenhuma,0.25276145339012146
265,20.384615384615383,1,366.7052601364927,30.506880435760046,407.40858487509985,122.80611736433715,387,76,Nenhuma,0.27592989802360535
265,20.384615384615383,7,594.8803510957586,210.3463959060116,650.8819658025767,305.10950061060294,622,257,Nenhuma,0.27592989802360535
265,20.384615384615383,19,323.7792537286423,142.74466938407227,464.5687023425019,353.5145939667756,394,248,Nenhuma,0.27592989802360535
265,20.384615384615383,55,110.85579756886192,51.647379588999215,171.49528731665924,177.1210064279395,141,114,Nenhuma,0.27592989802360535
265,20.384615384615383,56,23.7241824090973,89.77288871440203,81.70656196394118,228.8991883289981,52,159,Nenhuma,0.27592989802360535
265,20.384615384615383,57,411.256650437259,59.338452718214754,474.5494238190843,218.20001927717186,442,138,Nenhuma,0.27592989802360535
265,20.384615384615383,64,166.77062128850318,12.996248734600563,203.12799415192103,111.19964023684793,184,62,Nenhuma,0.27592989802360535
265,20.384615384615383,66,310.76301584584485,22.519323379375393,350.9711130686537,99.06806982189418,330,60,Nenhuma,0.27592989802360535
265,20.384615384615383,67,149.03541684400906,21.021351341430318,175.1779703657306,93.55608780663586,162,57,Nenhuma,0.27592989802360535
265,20.384615384615383,73,448.5926178496071,227.17009189157704,573.108026292296,357.0361566333604,510,292,Nenhuma,0.27592989802360535
265,20.384615384615383,86,556.9677910769814,213.8422239187201,638.3078869397121,356.77877690018425,597,285,Nenhuma,0.27592989802360535
266,20.46153846153846,1,366.03923071846236,30.818935541590065,407.5510789633832,125.99560618421933,386,78,Nenhuma,0.27529388666152954
266,20.46153846153846,7,604.8184395600887,216.8796853164289,659.0380084734135,308.6229784511381,631,262,Nenhuma,0.27529388666152954
266,20.46153846153846,19,326.6353127806862,140.48761637008147,467.25572329386364,353.76171039769156,396,247,Nenhuma,0.27529388666152954
266,20.46153846153846,54,332.161499137017,48.44182174279241,375.07961629730835,140.11372769392648,353,94,Nenhuma,0.27529388666152954
266,20.46153846153846,55,110.01431518217527,51.278701759770264,170.25063628479904,175.70767727893636,140,113,Nenhuma,0.27529388666152954
266,20.46153846153846,56,24.830095379784545,90.94035337915241,86.85393010997325,237.0824237016329,55,164,Nenhuma,0.27529388666152954
266,20.46153846153846,57,412.37692904065574,60.77800772036694,476.5125289894737,221.75501134494635,444,141,Nenhuma,0.27529388666152954
266,20.46153846153846,64,166.66664337955365,12.337894495381569,203.20820617316537,111.20735620208015,184,61,Nenhuma,0.27529388666152954
266,20.46153846153846,66,317.30771788434754,22.89369003481017,354.6346244002942,93.14461166729112,335,58,Nenhuma,0.27529388666152954
266,20.46153846153846,67,147.72707949148088,21.661146654151267,174.2589801283653,95.17198036131872,160,58,Nenhuma,0.27529388666152954
266,20.46153846153846,73,431.5477647556676,228.03484859150052,556.5428754620716,357.08110698172067,494,292,Nenhuma,0.27529388666152954
266,20.46153846153846,86,559.9726231343934,218.81380230536945,638.5716702619238,356.93359171900477,599,287,Nenhuma,0.27529388666152954
267,20.53846153846154,1,367.083183537029,31.59384080325576,407.66730652201477,125.22241939216401,387,78,Nenhuma,0.2635330259799957
267,20.53846153846154,19,327.2471643551875,139.72732424713956,466.18766073210014,353.86332197973127,396,246,Nenhuma,0.2635330259799957
267,20.53846153846154,54,332.7804284919699,49.11123625408893,375.18487540143747,140.56636339201268,353,94,Nenhuma,0.2635330259799957
267,20.53846153846154,55,109.66261190059487,51.13354972435283,169.80498175477754,175.1789478364871,139,113,Nenhuma,0.2635330259799957
267,20.53846153846154,56,24.57813552065595,91.35769202861296,88.37875696574817,239.6507947011487,56,165,Nenhuma,0.2635330259799957
267,20.53846153846154,57,412.1200014937876,62.04924022389946,469.04242381037153,201.8599589909246,440,131,Nenhuma,0.2635330259799957
267,20.53846153846154,64,166.27492652056068,12.089443453855345,202.94286648647972,111.19594971367164,184,61,Nenhuma,0.2635330259799957
267,20.53846153846154,66,318.26236589936224,22.92830051253994,355.2220158518135,92.21470641568405,336,57,Nenhuma,0.2635330259799957
267,20.53846153846154,67,147.04821115069484,21.89947755177819,173.46090327299243,94.4550436332489,160,58,Nenhuma,0.2635330259799957
267,20.53846153846154,73,422.7060232106366,228.98691574685043,548.3111579671493,357.0898072365205,485,293,Nenhuma,0.2635330259799957
267,20.53846153846154,86,562.9774551802387,223.78538069201878,638.8354535957023,357.08840653782534,600,290,Nenhuma,0.2635330259799957
267,20.53846153846154,87,411.042984244841,62.61641021487147,471.5426017908683,164.16097071340215,441,113,Nenhuma,0.2635330259799957
267,20.53846153846154,88,27.67178025258413,73.01590060058103,61.40951838051163,115.78622525885497,44,94,Nenhuma,0.2635330259799957
268,20.615384615384617,1,367.7116715668549,33.22576784656453,406.88236250825435,122.94250246966104,387,78,Nenhuma,0.26741084456443787
268,20.615384615384617,19,324.5068192479903,136.94548545543432,459.6202698060841,351.95431304342014,392,244,Nenhuma,0.26741084456443787
268,20.615384615384617,54,332.9953249573972,49.95949195997778,375.63838438440393,141.9295754703494,354,95,Nenhuma,0.26741084456443787
268,20.615384615384617,55,108.77935202842063,54.39265656161911,167.73185162611009,176.3151022312617,138,115,Nenhuma,0.26741084456443787
268,20.615384615384617,56,24.952730362173575,90.82064493513505,89.83877018611366,239.2690049235501,57,165,Nenhuma,0.26741084456443787
268,20.615384615384617,57,415.886447662304,64.55719255529753,469.2929174094845,194.5000502937707,442,129,Nenhuma,0.26741084456443787
268,20.615384615384617,64,165.94634564795564,12.656056760359263,202.37281406016734,111.17775340987926,184,61,Nenhuma,0.26741084456443787
268,20.615384615384617,66,318.5801416110677,22.810411446101995,355.34959745875267,91.74146594204971,336,57,Nenhuma,0.26741084456443787
268,20.615384615384617,67,145.7750037073907,21.988391723258786,172.86524632028,95.50203037795819,159,58,Nenhuma,0.26741084456443787
268,20.615384615384617,73,414.3795058459148,229.3058416778676,545.2190237924069,357.08575173520836,479,293,Nenhuma,0.26741084456443787
268,20.615384615384617,77,13.094113339313203,89.66362847004605,84.38636472179641,228.24842299312803,48,158,Nenhuma,0.26741084456443787
268,20.615384615384617,86,565.9822872145172,228.7569590786681,639.0992369410475,357.2432213566458,602,293,Nenhuma,0.26741084456443787
268,20.615384615384617,87,411.9482447615275,63.65005138679752,471.3076143259947,163.28078200732605,441,113,Nenhuma,0.26741084456443787
268,20.615384615384617,88,27.284453607614136,74.56722977713486,61.11605796682004,117.54727311991911,44,96,Nenhuma,0.26741084456443787
269,20.692307692307693,1,368.0227289394289,33.833511244424805,406.56186617079203,121.43175959423331,387,77,Nenhuma,0.26909923553466797
269,20.692307692307693,19,329.0845114706567,135.32977194909557,459.94233091132116,349.26919325804727,394,242,Nenhuma,0.26909923553466797
269,20.692307692307693,54,332.31814879240676,48.64963141159837,377.5203808021538,147.67951649426644,354,98,Nenhuma,0.26909923553466797
269,20.692307692307693,55,107.96526852535499,54.94696143059583,166.7659308404343,176.75161357337677,137,115,Nenhuma,0.26909923553466797
269,20.692307692307693,56,26.49134984636267,91.88400902858662,84.4357931852952,220.68602078077868,55,156,Nenhuma,0.26909923553466797
269,20.692307692307693,57,416.6671854085661,66.03280748348482,469.075819766667,192.1402856679395,442,129,Nenhuma,0.26909923553466797
269,20.692307692307693,64,165.94133044498727,12.875086749765835,202.04797250333422,110.49738869553735,183,61,Nenhuma,0.26909923553466797
269,20.692307692307693,66,316.55645413870536,22.14452299106204,355.14789714221683,95.01252258639272,335,58,Nenhuma,0.26909923553466797
269,20.692307692307693,67,145.38271660860923,22.056946698129103,172.5115726618598,95.67565222388819,158,58,Nenhuma,0.26909923553466797
269,20.692307692307693,73,417.3574682083891,230.05518200310723,546.2773300386032,357.0780929628154,481,293,Nenhuma,0.26909923553466797
269,20.692307692307693,77,11.59725115338211,90.38492535415561,84.28869314294047,231.6896736909502,47,161,Nenhuma,0.26909923553466797
269,20.692307692307693,87,412.85350527736665,64.68369255872358,471.07262686196856,162.40059330124996,441,113,Nenhuma,0.26909923553466797
269,20.692307692307693,88,27.174561040807223,75.06040865187774,60.969327706523686,118.09976552199609,44,96,Nenhuma,0.26909923553466797
270,20.76923076923077,1,369.3864079685978,34.044076960884226,407.9254971331621,121.58155863841829,388,77,Nenhuma,0.3056223392486572
270,20.76923076923077,19,338.07325616689315,132.8562884175363,460.72828271220123,337.1059554108223,399,234,Nenhuma,0.3056223392486572
270,20.76923076923077,54,332.41821510051443,48.453998258391515,378.4267258201688,150.45732896909269,355,99,Nenhuma,0.3056223392486572
270,20.76923076923077,55,107.59572728441887,54.4722233408158,166.48801071813088,176.25072503397143,137,115,Nenhuma,0.3056223392486572
270,20.76923076923077,56,23.25143731047575,90.83779401765604,87.55114276409735,231.92411959790888,55,161,Nenhuma,0.3056223392486572
270,20.76923076923077,57,417.55092718069534,67.18060039800415,467.6349261781503,185.15744693721814,442,126,Nenhuma,0.3056223392486572
270,20.76923076923077,64,165.94532755459664,12.958666044736084,201.93338151674968,110.22936576768541,183,61,Nenhuma,0.3056223392486572
270,20.76923076923077,66,315.0483138321343,22.65421767971749,352.899876667022,94.99069338186531,333,58,Nenhuma,0.3056223392486572
270,20.76923076923077,67,144.99042965878036,22.12550167299942,172.15789885448703,95.84927406981818,158,58,Nenhuma,0.3056223392486572
270,20.76923076923077,73,414.1469965166363,230.9014818862063,542.3398596742193,357.207650288428,478,294,Nenhuma,0.3056223392486572
270,20.76923076923077,77,10.100389674188506,91.10622223826518,84.19102085734704,235.13092438877237,47,163,Nenhuma,0.3056223392486572
270,20.76923076923077,87,413.75876579235836,65.71733373064961,470.8376393987898,161.52040459517383,442,113,Nenhuma,0.3056223392486572
270,20.76923076923077,88,28.180725272638384,76.62159272614299,62.72733538149227,121.10122017068778,45,98,Nenhuma,0.3056223392486572
271,20.846153846153847,1,369.74879324192307,33.44163255369612,407.90937075982487,119.65168644309679,388,76,Nenhuma,0.26060715317726135
271,20.846153846153847,19,338.62297591562765,130.04561792045865,459.2734278008673,331.78151296555825,398,230,Nenhuma,0.26060715317726135
271,20.846153846153847,54,332.57680412622,48.36672337101599,378.63334708832946,151.469757820508,355,99,Nenhuma,0.26060715317726135
271,20.846153846153847,55,107.42512932941862,55.6047048796959,165.7710198743183,176.06366154658295,136,115,Nenhuma,0.26060715317726135
271,20.846153846153847,56,21.711949049786263,89.22586531321583,89.68179721813462,236.8697484643697,55,163,Nenhuma,0.26060715317726135
271,20.846153846153847,57,417.3181803628334,68.20241790239368,466.1546320469543,181.237200942192,441,124,Nenhuma,0.26060715317726135
271,20.846153846153847,64,166.32997524045376,12.989904528150007,202.18183000798282,110.12223188198962,184,61,Nenhuma,0.26060715317726135
271,20.846153846153847,66,313.66120142677005,23.512012694186218,350.90389983546345,95.6473808887306,332,59,Nenhuma,0.26060715317726135
271,20.846153846153847,67,144.59814285790404,22.194056647869736,171.80422489816164,96.02289591574817,158,59,Nenhuma,0.26060715317726135
271,20.846153846153847,73,407.6463880444394,235.0863231721521,530.434623528961,357.072456013875,469,296,Nenhuma,0.26060715317726135
271,20.846153846153847,77,8.603528901732389,91.82751912237474,84.09334786501613,238.57217508659454,46,165,Nenhuma,0.26060715317726135
271,20.846153846153847,88,28.985355721564307,77.14077685504432,63.566728832500374,122.11415925798546,46,99,Nenhuma,0.26060715317726135
272,20.923076923076923,1,371.00749252659267,35.89160075323996,408.1379138477965,118.96054268690679,389,77,Nenhuma,0.274707555770874
272,20.923076923076923,19,338.45656974682237,129.76453755131263,457.75027718838805,329.8826824884441,398,229,Nenhuma,0.274707555770874
272,20.923076923076923,34,121.94528754324165,23.07745182501633,155.08459883403685,73.07250378555477,138,48,Nenhuma,0.274707555770874
272,20.923076923076923,54,332.3809673905608,48.3118737609632,378.9446684151397,153.7358020908574,355,101,Nenhuma,0.274707555770874
272,20.923076923076923,55,107.47214847310042,56.015537837566576,164.7453572564893,173.9978447275394,136,115,Nenhuma,0.274707555770874
272,20.923076923076923,56,19.043448996507493,85.98113430595109,90.01567620390948,238.77006375627158,54,162,Nenhuma,0.274707555770874
272,20.923076923076923,57,415.86612503622405,68.49564314583756,464.1647175477431,179.91822077507618,440,124,Nenhuma,0.274707555770874
272,20.923076923076923,64,166.50374631497272,13.001214140989319,202.25789055312407,110.07707352615607,184,61,Nenhuma,0.274707555770874
272,20.923076923076923,66,313.331424788944,23.515070644924613,350.59194964761065,95.68643629699244,331,59,Nenhuma,0.274707555770874
272,20.923076923076923,67,144.63186103151344,23.798901841499656,176.63388467767794,109.28653566670334,160,66,Nenhuma,0.274707555770874
272,20.923076923076923,73,392.1100043341678,239.5365998354607,513.0005381721533,357.0538611446293,452,298,Nenhuma,0.274707555770874
272,20.923076923076923,88,29.088574654230932,77.29133359349106,64.03716927863445,123.10591226777642,46,100,Nenhuma,0.274707555770874
273,21.0,1,369.7943930650249,36.11233409817256,407.87981732115884,120.77753104951597,388,78,Nenhuma,0.2810215651988983
273,21.0,19,338.4903111225205,129.76178678896957,457.059598930091,329.2536899641782,397,229,Nenhuma,0.2810215651988983
273,21.0,34,123.34019057351091,22.66846836582491,154.31366677108232,72.43796341087227,138,47,Nenhuma,0.2810215651988983
273,21.0,54,332.16393558054375,48.27560646958693,378.5407837006577,154.55565555646237,355,101,Nenhuma,0.2810215651988983
273,21.0,55,106.94171660008243,56.81949996089227,164.26412935191132,174.56835357408272,135,115,Nenhuma,0.2810215651988983
273,21.0,56,18.38828389034989,85.98014973793279,90.07034477276224,240.29390034624635,54,163,Nenhuma,0.2810215651988983
273,21.0,57,414.94768254736334,67.17493751683686,463.15283324617263,178.82477153248306,439,122,Nenhuma,0.2810215651988983
273,21.0,64,166.59410236340332,13.004955884594452,202.26962067807733,110.05613057313634,184,61,Nenhuma,0.2810215651988983
273,21.0,66,313.0016485295115,23.518128595663008,350.27999908136417,95.72549170525429,331,59,Nenhuma,0.2810215651988983
273,21.0,67,146.92691829751172,25.300472733319168,177.97881127513122,109.59883618905587,162,67,Nenhuma,0.2810215651988983
273,21.0,73,396.04102094877055,243.07623983688106,513.5487172821503,357.72434333472717,454,300,Nenhuma,0.2810215651988983
273,21.0,88,27.867493759471248,76.64524036742691,63.42362300488158,123.4232962073066,45,100,Nenhuma,0.2810215651988983
274,21.076923076923077,1,368.3891163151231,34.18442514137677,408.7609154456876,124.10531366963238,388,79,Nenhuma,0.3032601773738861
274,21.076923076923077,19,349.30653970512003,128.525938447434,463.8920953423311,321.8003409407427,406,225,Nenhuma,0.3032601773738861
274,21.076923076923077,34,123.74609468711743,21.869568385673205,154.79922192342093,74.29187786304865,139,48,Nenhuma,0.3032601773738861
274,21.076923076923077,54,332.14679175014425,48.693424647164214,379.09809690473963,156.29099955576567,355,102,Nenhuma,0.3032601773738861
274,21.076923076923077,55,106.85385557715857,56.43433050055232,164.6660602940596,174.78836293882893,135,115,Nenhuma,0.3032601773738861
274,21.076923076923077,56,17.733103600699565,85.9791651699145,90.12502852510771,241.81773693622108,53,163,Nenhuma,0.3032601773738861
274,21.076923076923077,57,409.7048003440547,68.69488546259602,452.0777058637905,162.19683043569398,430,115,Nenhuma,0.3032601773738861
274,21.076923076923077,64,166.6500798171188,13.005859978312635,202.25823391074158,110.04491519053056,184,61,Nenhuma,0.3032601773738861
274,21.076923076923077,66,309.0887363449287,23.926085704921604,345.3993754532972,95.11802291795489,327,59,Nenhuma,0.3032601773738861
274,21.076923076923077,67,146.80936570289478,25.62916704123706,178.2249467319783,110.91518755715904,162,68,Nenhuma,0.3032601773738861
274,21.076923076923077,73,394.9727991442478,249.70541612892276,506.47412583146433,357.96193701843043,450,303,Nenhuma,0.3032601773738861
274,21.076923076923077,88,28.32201952819876,76.37696339183655,64.24204930193721,124.16034192757246,46,100,Nenhuma,0.3032601773738861
275,21.153846153846153,1,365.2179520734457,36.71556592877213,405.24052916954633,124.04195983047899,385,80,Nenhuma,0.3601865768432617
275,21.153846153846153,19,352.2221619571275,128.16575194098795,465.62698169850995,319.0755831348374,408,223,Nenhuma,0.3601865768432617
275,21.153846153846153,34,124.49209703452573,21.607452639444606,154.3778000680208,73.68131701785654,139,47,Nenhuma,0.3601865768432617
275,21.153846153846153,54,332.1296536082131,49.111242824741495,379.6554044203531,158.026343555069,355,103,Nenhuma,0.3601865768432617
275,21.153846153846153,55,106.83299471339905,54.94758971726451,166.15293190470874,175.54057965379127,136,115,Nenhuma,0.3601865768432617
275,21.153846153846153,56,17.07790812755654,85.9781806018962,90.17972746094588,243.34157352619582,53,164,Nenhuma,0.3601865768432617
275,21.153846153846153,57,406.24112258723267,69.17878112602064,442.72159602615693,146.51522852139175,424,107,Nenhuma,0.3601865768432617
275,21.153846153846153,64,166.6907368093946,13.005736604504705,202.23941370858165,110.0378199891215,184,61,Nenhuma,0.3601865768432617
275,21.153846153846153,66,309.26878363720823,25.36532343644339,344.4261678513795,95.02872523385497,326,60,Nenhuma,0.3601865768432617
275,21.153846153846153,67,146.6918145251388,25.957861349154953,178.47108077196438,112.2315389252622,162,69,Nenhuma,0.3601865768432617
275,21.153846153846153,73,392.04615703563803,256.16328853547225,497.9831879059784,358.0405949432301,445,307,Nenhuma,0.3601865768432617
275,21.153846153846153,88,27.06294331952946,75.59799332907185,63.99076577757629,124.39952563918774,45,99,Nenhuma,0.3601865768432617
276,21.23076923076923,1,364.8221822366289,37.12414275783281,404.6599874419413,124.0479458086565,384,80,Nenhuma,0.31134340167045593
276,21.23076923076923,19,351.36005740203643,127.43855203610778,466.1064382664893,320.174445284379,408,223,Nenhuma,0.31134340167045593
276,21.23076923076923,34,124.49649327751679,22.238805616051888,154.4949568308738,75.53361500685261,139,48,Nenhuma,0.31134340167045593
276,21.23076923076923,54,332.1125211547504,49.52906100231878,380.2127062474982,159.7616875543723,356,104,Nenhuma,0.31134340167045593
276,21.23076923076923,55,106.44027523406652,53.72169765136768,167.11024266532928,176.4848444356562,136,115,Nenhuma,0.31134340167045593
276,21.23076923076923,57,400.75257736484554,70.77145496049836,435.22679502141085,139.5120490836914,417,105,Nenhuma,0.31134340167045593
276,21.23076923076923,64,166.72361010503417,13.005274550898093,202.21905945393414,110.03264436737187,184,61,Nenhuma,0.31134340167045593
276,21.23076923076923,66,307.126525502016,24.513515704982254,343.6320882138203,97.68108875072753,325,61,Nenhuma,0.31134340167045593
276,21.23076923076923,67,146.57426476424382,26.286555657072846,178.71721339508954,113.54789029336536,162,69,Nenhuma,0.31134340167045593
276,21.23076923076923,73,390.05194274140933,259.72879366725533,493.590555808582,358.0603642513746,441,308,Nenhuma,0.31134340167045593
276,21.23076923076923,88,28.36959458782364,75.28652299854306,65.36585768027709,125.10864374042507,46,100,Nenhuma,0.31134340167045593
277,21.307692307692307,1,364.42641119377265,37.532719586893485,404.07944692037574,124.053931786834,384,80,Nenhuma,0.2909776568412781
277,21.307692307692307,19,356.40165012438206,126.56627094991498,470.1251482465966,319.33500065759426,413,222,Nenhuma,0.2909776568412781
277,21.307692307692307,34,122.90556151730226,21.838090312415098,152.81109163504453,74.92705057996724,137,48,Nenhuma,0.2909776568412781
277,21.307692307692307,55,105.14325381530415,52.59508259865646,166.66291473388384,176.84434730067738,135,114,Nenhuma,0.2909776568412781
277,21.307692307692307,56,13.932734202535556,91.40234201799235,83.9658323155187,239.73313368321647,48,165,Nenhuma,0.2909776568412781
277,21.307692307692307,57,410.0754035163211,65.94147645269152,441.06451818408704,127.94226279885463,425,96,Nenhuma,0.2909776568412781
277,21.307692307692307,64,167.1298872142448,13.004731966402957,202.4821870340691,110.02850110496617,184,61,Nenhuma,0.2909776568412781
277,21.307692307692307,66,306.20417084209384,23.554018624201767,342.8626602623101,97.9835067203411,324,60,Nenhuma,0.2909776568412781
277,21.307692307692307,73,383.0263096401299,265.6875347145259,482.88362672402775,358.0612754275765,432,311,Nenhuma,0.2909776568412781
277,21.307692307692307,88,28.793038065710373,75.15849972287478,67.26706718206192,127.9594701453925,48,101,Nenhuma,0.2909776568412781
278,21.384615384615383,1,364.03063894487696,37.94129641595416,403.49890760484953,124.0599177650115,383,81,Nenhuma,0.34140661358833313
278,21.384615384615383,19,359.4959025193878,125.64363411644185,472.345170197255,319.1053244184017,415,222,Nenhuma,0.34140661358833313
278,21.384615384615383,34,122.14144365190872,21.719201982804606,152.32544628329222,75.39767426269012,137,48,Nenhuma,0.34140661358833313
278,21.384615384615383,55,104.38913834421305,51.50942758061726,166.76016594644415,176.97898138197502,135,114,Nenhuma,0.34140661358833313
278,21.384615384615383,56,13.168997630858861,91.85570291038124,83.44597326873978,240.69963485583082,48,166,Nenhuma,0.34140661358833313
278,21.384615384615383,57,412.4387726120022,65.19170997166671,442.0314209211995,124.01763465996115,427,94,Nenhuma,0.34140661358833313
278,21.384615384615383,64,167.3222611765441,13.004202102224767,202.54514804863535,110.02501291324194,184,61,Nenhuma,0.34140661358833313
278,21.384615384615383,66,307.32934252735936,24.486209358095138,342.453999122334,96.12826367912693,324,60,Nenhuma,0.34140661358833313
278,21.384615384615383,73,376.23421162158036,270.4384715381118,474.07232362273857,358.054051197126,425,314,Nenhuma,0.34140661358833313
278,21.384615384615383,88,29.351730960364662,75.10599267319554,66.29779893404384,126.45861240546972,47,100,Nenhuma,0.34140661358833313
279,21.46153846153846,1,364.1340267889813,31.80963497543474,402.81675922192807,112.43929184946484,383,72,Nenhuma,0.291389137506485
279,21.46153846153846,19,363.0929371756895,122.70921422000686,473.93892453284946,315.7821076394227,418,219,Nenhuma,0.291389137506485
279,21.46153846153846,34,121.87413814850099,21.698224849237967,152.13817760392254,75.59805461571588,137,48,Nenhuma,0.291389137506485
279,21.46153846153846,55,104.6060039466348,50.444674782783316,167.61881213884152,176.370830849989,136,113,Nenhuma,0.291389137506485
279,21.46153846153846,56,12.4052555335632,92.30906380277013,82.92611974757983,241.66613602844518,47,166,Nenhuma,0.291389137506485
279,21.46153846153846,57,411.83005979705507,64.97406366041176,441.4680857423157,123.83127517872919,426,94,Nenhuma,0.291389137506485
279,21.46153846153846,64,167.53173880074647,13.003715514183781,202.43194058231347,109.3611114258566,184,61,Nenhuma,0.291389137506485
279,21.46153846153846,66,307.0468257293091,24.18323140054543,341.76923375447075,95.39123171883918,324,59,Nenhuma,0.291389137506485
279,21.46153846153846,73,360.4857130329306,277.52236496597465,456.2010632716803,358.0461884861644,408,317,Nenhuma,0.291389137506485
279,21.46153846153846,77,12.231869621354605,87.41974390573232,59.122235173909274,176.6874375443175,35,132,Nenhuma,0.291389137506485
279,21.46153846153846,88,29.073305941127053,75.07635990041358,66.3643093125009,127.76075493685124,47,101,Nenhuma,0.291389137506485
280,21.53846153846154,1,370.2200173961197,30.464365625490252,408.5202562022966,110.38745389095112,389,70,Nenhuma,0.35637161135673523
280,21.53846153846154,19,367.3328364002531,120.3393191457529,474.83824944099854,311.2868984885291,421,215,Nenhuma,0.35637161135673523
280,21.53846153846154,34,121.79225569309563,21.714332428008532,152.06528108381082,75.69677457598739,136,48,Nenhuma,0.35637161135673523
280,21.53846153846154,55,104.82545408606808,51.361565383544814,167.82407968885286,176.7925869804514,136,114,Nenhuma,0.35637161135673523
280,21.53846153846154,56,11.641507910648556,92.76242469515901,82.40627175203888,242.63263720105957,47,167,Nenhuma,0.35637161135673523
280,21.53846153846154,57,411.4396171151157,64.9136460886228,441.5009950765263,124.6509531008177,426,94,Nenhuma,0.35637161135673523
280,21.53846153846154,64,167.25288491019506,13.003261566923626,202.0833973974512,109.10901088812624,184,61,Nenhuma,0.35637161135673523
280,21.53846153846154,66,307.66968939433383,24.73363744196461,341.4963733086792,94.45517874694701,324,59,Nenhuma,0.35637161135673523
280,21.53846153846154,73,363.3282142874671,281.19471111682736,456.5430209832758,358.03747810215475,409,319,Nenhuma,0.35637161135673523
280,21.53846153846154,77,11.769029824532772,87.4947671624879,57.4453311686492,174.45119392986481,34,130,Nenhuma,0.35637161135673523
280,21.53846153846154,88,29.264305613096052,75.06262526254197,65.43048605052451,126.92912158459191,47,100,Nenhuma,0.35637161135673523
281,21.615384615384617,1,372.01055727644336,30.038238003214175,409.0848500641449,107.0317519742923,390,68,Nenhuma,0.25773924589157104
281,21.615384615384617,19,367.4642248104264,118.18780365590035,473.83379916085835,309.6771241079606,420,213,Nenhuma,0.25773924589157104
281,21.615384615384617,34,122.05376999927185,21.74134802913682,152.42359313446593,75.75308222363344,137,48,Nenhuma,0.25773924589157104
281,21.615384615384617,55,104.99663293356267,51.06268623634885,168.48317921495797,176.95187378922947,136,114,Nenhuma,0.25773924589157104
281,21.615384615384617,57,411.3980127495762,64.20506235552364,440.04440532715415,120.21182727158065,425,92,Nenhuma,0.25773924589157104
281,21.615384615384617,64,167.1418374297114,13.002871741360437,201.95816502951928,109.01596262383373,184,61,Nenhuma,0.25773924589157104
281,21.615384615384617,66,307.97341523319625,24.939267478545148,341.3803235418722,94.10528488611972,324,59,Nenhuma,0.25773924589157104
281,21.615384615384617,73,361.61136983611993,284.3742742979289,452.80447965229035,358.03141211493477,407,321,Nenhuma,0.25773924589157104
281,21.615384615384617,77,8.986463207357392,87.05748452512987,53.525500401707035,172.92079858348302,31,129,Nenhuma,0.25773924589157104
281,21.615384615384617,88,28.907977186945196,75.05231837501134,64.8126072562388,127.21918212415571,46,101,Nenhuma,0.25773924589157104
281,21.615384615384617,97,322.9052397802194,74.80975571160604,382.30744451263723,257.87414662491886,352,166,Nenhuma,0.25773924589157104
282,21.692307692307693,1,372.49605957931163,29.897874048154243,409.4403976923728,105.85760122844275,390,67,Nenhuma,0.2649875283241272
282,21.692307692307693,19,367.45244934977217,116.1239226927824,472.7327380105452,307.83075333821284,420,211,Nenhuma,0.2649875283241272
282,21.692307692307693,34,122.14097320588102,21.769722765912775,152.5851639926538,75.79050566498479,137,48,Nenhuma,0.2649875283241272
282,21.692307692307693,55,106.31759445783072,52.93068110806112,168.7971786952896,176.35143007013176,137,114,Nenhuma,0.2649875283241272
282,21.692307692307693,57,411.6260028025869,64.6811272234179,439.3153745735048,118.18906995760833,425,91,Nenhuma,0.2649875283241272
282,21.692307692307693,64,166.71678740084164,13.002530588788645,201.63414376898456,108.9833387082584,184,60,Nenhuma,0.2649875283241272
282,21.692307692307693,66,307.867760177656,25.012281587215334,341.595335395093,95.31346346190497,324,60,Nenhuma,0.2649875283241272
282,21.692307692307693,73,356.8050904304038,285.97920674822615,447.11836664347277,357.3221233213832,401,321,Nenhuma,0.2649875283241272
282,21.692307692307693,77,8.155756053092226,87.06144053299369,51.583530888101976,170.78247048224853,29,128,Nenhuma,0.2649875283241272
282,21.692307692307693,88,29.662101138887664,75.04553034620803,64.9880375027808,126.6506311324141,47,100,Nenhuma,0.2649875283241272
282,21.692307692307693,97,314.2016180692224,76.9431025110975,373.602532515036,257.51293148532073,343,167,Nenhuma,0.2649875283241272
283,21.76923076923077,1,371.84749417801584,29.859914822172463,409.01628539796593,106.16221154126697,390,68,Nenhuma,0.2728956639766693
283,21.76923076923077,19,370.6284617589703,113.43117041625102,471.6668977606153,299.2752741863168,421,206,Nenhuma,0.2728956639766693
283,21.76923076923077,34,122.54643520204102,21.79632083837487,152.94536345575293,75.81863687576312,137,48,Nenhuma,0.2728956639766693
283,21.76923076923077,55,105.00135406455516,49.66525715711929,168.74652757378564,175.45502448223155,136,112,Nenhuma,0.2728956639766693
283,21.76923076923077,57,410.6358994659204,64.85270372456799,438.0389827954417,116.97526018880491,424,90,Nenhuma,0.2728956639766693
283,21.76923076923077,64,166.52794453588513,13.002229814475662,201.54384031247412,108.97352095315904,184,60,Nenhuma,0.2728956639766693
283,21.76923076923077,66,307.83093917825835,25.03639214564099,339.72183168432514,90.48684873277675,323,57,Nenhuma,0.2728956639766693
283,21.76923076923077,73,345.8682858030992,286.36281704149303,438.110817204408,357.77784466215167,391,322,Nenhuma,0.2728956639766693
283,21.76923076923077,77,7.3250484824003514,87.06539654085748,49.64156179092363,168.64414238101403,28,127,Nenhuma,0.2728956639766693
283,21.76923076923077,88,30.572092313825117,75.03953714480672,65.74159248288629,126.40431645465083,48,100,Nenhuma,0.2728956639766693
283,21.76923076923077,97,308.67540764495243,80.65755142739792,367.62971331100033,257.5098686868505,338,169,Nenhuma,0.2728956639766693
284,21.846153846153847,1,372.3200697244963,29.567651844375774,409.03909517515285,104.945941832471,390,67,Nenhuma,0.25348547101020813
284,21.846153846153847,19,373.95400403637694,109.82003803904247,471.0192772567401,290.1026339130952,422,199,Nenhuma,0.25348547101020813
284,21.846153846153847,34,122.33270684284992,21.159234760782805,152.7948723677456,75.18043098326469,137,48,Nenhuma,0.25348547101020813
284,21.846153846153847,55,104.92756273279315,52.39632527719523,166.9998384055976,174.46747153744576,135,113,Nenhuma,0.25348547101020813
284,21.846153846153847,56,7.626000351229649,84.57665800341377,81.36927755854484,239.4088696788995,44,161,Nenhuma,0.25348547101020813
284,21.846153846153847,57,410.33380646932216,64.9171614708386,436.90246498735814,114.6004268112228,423,89,Nenhuma,0.25348547101020813
284,21.846153846153847,64,166.71527528367355,13.00196456528019,201.9182416496294,108.97213829688279,184,60,Nenhuma,0.25348547101020813
284,21.846153846153847,66,309.71016781621813,34.58046907932237,339.20468421142124,94.75008067208506,324,64,Nenhuma,0.25348547101020813
284,21.846153846153847,73,331.71578540269945,284.3186292896306,428.55059773222644,357.9359914189205,380,321,Nenhuma,0.25348547101020813
284,21.846153846153847,77,6.494340495281769,87.0693525487213,47.69959311017199,166.50581427977954,27,126,Nenhuma,0.25348547101020813
284,21.846153846153847,88,30.151179896862786,75.03466231516438,65.45934808955946,126.95089423143347,47,100,Nenhuma,0.25348547101020813
284,21.846153846153847,97,293.939853363416,81.15952055694251,342.32955300187086,224.95338978404263,318,153,Nenhuma,0.25348547101020813
285,21.923076923076923,1,372.792649456346,29.275388866579085,409.06190076697055,103.72967212367502,390,66,Nenhuma,0.25048723816871643
285,21.923076923076923,19,375.8874925595866,108.57028031745828,469.96262231772073,284.14680746586424,422,196,Nenhuma,0.25048723816871643
285,21.923076923076923,34,121.88729949182456,20.93158284024387,153.7684406165741,77.59479482129149,137,49,Nenhuma,0.25048723816871643
285,21.923076923076923,55,106.27967108704335,52.79919103427323,168.28460798437388,173.4246490293289,137,113,Nenhuma,0.25048723816871643
285,21.923076923076923,56,6.673707268554537,85.44031314516765,80.55266185672421,239.2533630366823,43,162,Nenhuma,0.25048723816871643
285,21.923076923076923,57,410.25252041344646,64.94599112780504,436.5318105035454,113.24278692282331,423,89,Nenhuma,0.25048723816871643
285,21.923076923076923,64,166.73865235343612,13.001730870417617,202.11193011505225,108.97371044875426,184,60,Nenhuma,0.25048723816871643
285,21.923076923076923,66,308.0170151710858,28.313271216359688,340.0549858001642,93.54548239521986,324,60,Nenhuma,0.25048723816871643
285,21.923076923076923,73,323.24465109082564,282.8399649456091,422.9118351085615,357.99135901697247,373,320,Nenhuma,0.25048723816871643
285,21.923076923076923,88,29.209155522874166,75.03080051176961,64.15277816087584,127.14196127889609,46,101,Nenhuma,0.25048723816871643
285,21.923076923076923,97,282.59854990019494,80.44398978330884,326.6346649472128,209.13582392251033,304,144,Nenhuma,0.25048723816871643
286,22.0,1,370.1655096534644,29.85582629953202,408.4512297223221,108.08032197203471,389,68,Nenhuma,0.2566220462322235
286,22.0,19,373.74008238788775,106.8504053181578,467.60108748859176,284.1371527766147,420,195,Nenhuma,0.2566220462322235
286,22.0,34,121.74280148587621,20.854176727081327,154.1120156840832,78.49829929095671,137,49,Nenhuma,0.2566220462322235
286,22.0,55,106.40509611493212,52.844420345357456,168.2390728164002,173.13811730282248,137,112,Nenhuma,0.2566220462322235
286,22.0,56,5.871862873563664,85.20439375356565,80.03032780731124,239.59561963550632,42,162,Nenhuma,0.2566220462322235
286,22.0,57,410.8354240666799,64.9595472377941,435.8327843606002,110.10483121186444,423,87,Nenhuma,0.2566220462322235
286,22.0,64,166.97757405983117,13.001525098808173,202.6187191816031,109.63741653610909,184,61,Nenhuma,0.2566220462322235
286,22.0,66,307.75803964859523,28.55177207225688,339.61248614400955,93.41195373143675,323,60,Nenhuma,0.2566220462322235
286,22.0,73,311.88658831351853,280.2005180372944,415.5361298412592,358.0103366872256,363,319,Nenhuma,0.2566220462322235
286,22.0,88,28.22550701690114,74.37018535719,62.95058688069667,127.19701066521091,45,100,Nenhuma,0.2566220462322235
286,22.0,97,273.003900822,80.21678832964997,311.98201954961104,192.14831278151522,292,136,Nenhuma,0.2566220462322235
287,22.076923076923077,1,369.6762717193447,29.889879496766696,407.87412647209055,107.15442957184948,388,68,Nenhuma,0.26337844133377075
287,22.076923076923077,19,373.0542880962117,104.9526871953521,467.25200338336504,284.9092886977365,420,194,Nenhuma,0.26337844133377075
287,22.076923076923077,34,122.03363831328932,20.83836231574254,152.59878113703888,75.59437358873981,137,48,Nenhuma,0.26337844133377075
287,22.076923076923077,55,106.53051996924152,52.889649656441684,168.1935388220059,172.85158557631607,137,112,Nenhuma,0.26337844133377075
287,22.076923076923077,56,5.530592524161172,91.21628654975899,73.15240059090397,234.5408259542465,39,162,Nenhuma,0.26337844133377075
287,22.076923076923077,57,411.2411283504512,64.89294963823889,434.653540790369,107.17458963583118,422,86,Nenhuma,0.26337844133377075
287,22.076923076923077,64,167.43875946853615,13.001351225504301,203.09837430802511,109.88819350505847,185,61,Nenhuma,0.26337844133377075
287,22.076923076923077,66,307.49905949973567,28.790272928154074,339.1699911142239,93.27842506765364,323,61,Nenhuma,0.26337844133377075
287,22.076923076923077,73,305.3800827230946,277.8513069159227,412.2396388986377,358.0161504267437,358,317,Nenhuma,0.26337844133377075
287,22.076923076923077,88,27.57732989921422,74.11811504624492,62.113330670599424,127.8578647304834,44,100,Nenhuma,0.26337844133377075
287,22.076923076923077,97,266.50572979830264,79.34641385544353,304.2417337869396,185.4895438120032,285,132,Nenhuma,0.26337844133377075
288,22.153846153846153,1,365.040145586885,30.573909664514574,407.4572975670152,115.51495521425979,386,73,Nenhuma,0.261019229888916
288,22.153846153846153,19,370.37557848114915,102.32846205989638,466.1806558751379,289.2866852596761,418,195,Nenhuma,0.261019229888916
288,22.153846153846153,34,120.9786166735083,20.851556846022778,152.5081085112612,77.12800292770153,136,48,Nenhuma,0.261019229888916
288,22.153846153846153,55,106.65594264997158,52.93487896752591,168.148006001191,172.56505384980966,137,112,Nenhuma,0.261019229888916
288,22.153846153846153,56,5.743675915399528,89.79890559783024,72.57184408064379,233.40551323645445,39,161,Nenhuma,0.261019229888916
288,22.153846153846153,57,412.5794559094141,64.13481454305077,435.7877289201039,104.87671976802277,424,84,Nenhuma,0.261019229888916
288,22.153846153846153,64,167.3499051349935,13.001192790550249,202.88171485188536,109.98174841839821,185,61,Nenhuma,0.261019229888916
288,22.153846153846153,66,307.24007472450717,29.028773784051268,338.7275007108073,93.14489640387055,322,61,Nenhuma,0.261019229888916
288,22.153846153846153,67,146.0920138270457,26.09085128011415,171.1191651389897,90.84484935715489,158,58,Nenhuma,0.261019229888916
288,22.153846153846153,73,295.31749590390353,271.66637531932946,407.9276820935751,357.35997388043194,351,314,Nenhuma,0.261019229888916
288,22.153846153846153,88,28.652066692292344,74.02289150750524,61.78308010383227,126.13871739748294,45,100,Nenhuma,0.261019229888916
288,22.153846153846153,97,247.82297130084928,82.82554762066702,285.18898582725063,184.6914747757595,266,133,Nenhuma,0.261019229888916
289,22.23076923076923,1,362.3552001990776,30.818780307010883,407.6912169185679,121.06682726870869,385,75,Nenhuma,0.3003387451171875
289,22.23076923076923,19,370.453363158833,100.74792636011249,464.66606966677824,288.38927686193927,417,194,Nenhuma,0.3003387451171875
289,22.23076923076923,34,120.78422670435391,20.597088104009057,152.43443617141918,77.08930249901368,136,48,Nenhuma,0.3003387451171875
289,22.23076923076923,56,6.291034268745385,89.99842754059677,71.9019702810227,233.02960341784592,39,161,Nenhuma,0.3003387451171875
289,22.23076923076923,57,412.642709669911,63.9911908826675,436.093267249397,104.16708844671732,424,84,Nenhuma,0.3003387451171875
289,22.23076923076923,64,167.26164781981015,13.00105188154447,202.84919370212015,110.01488956789616,185,61,Nenhuma,0.3003387451171875
289,22.23076923076923,67,146.0698069307865,26.183205694878538,170.72059539251265,89.96341543758878,158,58,Nenhuma,0.3003387451171875
289,22.23076923076923,73,287.8098635732104,268.687039660714,402.58138305136504,357.11329186478423,345,312,Nenhuma,0.3003387451171875
289,22.23076923076923,88,28.89125358553102,73.98863627911139,61.185918365688735,125.44811367915182,45,99,Nenhuma,0.3003387451171875
289,22.23076923076923,97,234.51774224151177,84.63533242199443,272.27198020973924,184.1669639095764,253,134,Nenhuma,0.3003387451171875
289,22.23076923076923,100,93.72100224821048,44.062600635884216,154.8181875154196,127.805242466138,124,85,Nenhuma,0.3003387451171875
290,22.307692307692307,1,361.09984972753466,30.918689836798542,407.9939762599708,123.89710915744311,384,77,Nenhuma,0.25398483872413635
290,22.307692307692307,19,374.1188599846853,100.22922098571556,467.65554265483814,288.79274202051704,420,194,Nenhuma,0.25398483872413635
290,22.307692307692307,34,120.58983738037158,20.342619361995336,152.36076318640508,77.05060207032585,136,48,Nenhuma,0.25398483872413635
290,22.307692307692307,56,7.868060706856383,95.39818712313647,70.34390539992195,232.90209683422196,39,164,Nenhuma,0.25398483872413635
290,22.307692307692307,57,413.19209256618547,63.94818862388766,437.06239707790417,103.98789114069587,425,83,Nenhuma,0.25398483872413635
290,22.307692307692307,64,167.0366955222613,13.000927659205729,202.36488365280604,109.36489649358013,184,61,Nenhuma,0.25398483872413635
290,22.307692307692307,67,146.04760006959054,26.275560109642925,170.32202561097236,89.08198151802267,158,57,Nenhuma,0.25398483872413635
290,22.307692307692307,73,280.19664563529113,264.2795599409326,398.58367547644616,357.0180794762466,339,310,Nenhuma,0.25398483872413635
290,22.307692307692307,88,28.556285375313088,73.31444619728792,61.395007042573475,126.5112216293055,44,99,Nenhuma,0.25398483872413635
290,22.307692307692307,97,216.22779485505737,85.18215814674657,258.65469339291155,195.12696510225692,237,140,Nenhuma,0.25398483872413635
290,22.307692307692307,100,92.5096489370218,44.7902650562404,153.45089995454194,128.31917538058542,122,86,Nenhuma,0.25398483872413635
291,22.384615384615383,1,361.38729807964137,30.960193026914737,407.3589173185065,121.13583074962071,384,76,Nenhuma,0.2621517479419708
291,22.384615384615383,19,377.02186086068247,99.44824984270367,469.88818800990407,288.3578534492699,423,193,Nenhuma,0.2621517479419708
291,22.384615384615383,34,120.39544870156129,20.088150619981615,152.28708955621892,77.011901641638,136,48,Nenhuma,0.2621517479419708
291,22.384615384615383,56,9.03722149065809,98.09807258019865,69.94023007327004,232.87113946236352,39,165,Nenhuma,0.2621517479419708
291,22.384615384615383,57,413.2248212896259,63.938932780046926,437.56002280065763,104.01224405662495,425,83,Nenhuma,0.2621517479419708
291,22.384615384615383,64,167.06006782092933,13.000813833624001,202.0707648530838,108.45489074026307,184,60,Nenhuma,0.2621517479419708
291,22.384615384615383,67,146.02539324345776,26.36791452440731,169.92345579436883,88.20054759845657,157,57,Nenhuma,0.2621517479419708
291,22.384615384615383,73,277.60088440407964,267.7245697713305,390.66048919497746,356.9830973993247,334,312,Nenhuma,0.2621517479419708
291,22.384615384615383,88,29.972956931376206,73.0664581135308,62.54601738600144,126.24962552945323,46,99,Nenhuma,0.2621517479419708
291,22.384615384615383,97,198.38566188630153,87.37906606085944,243.88635177218524,202.68094287900936,221,145,Nenhuma,0.2621517479419708
291,22.384615384615383,100,92.56100811893529,43.297431921621836,154.89347701071023,128.09841141438386,123,85,Nenhuma,0.2621517479419708
292,22.46153846153846,1,361.03800287263925,30.97830084284849,408.27059927403604,122.60875335102904,384,76,Nenhuma,0.27160489559173584
292,22.46153846153846,19,378.79626116225194,99.22137433474661,470.67537063989295,288.2555834343383,424,193,Nenhuma,0.27160489559173584
292,22.46153846153846,34,120.18363179013167,20.861185304835878,150.9847185458001,75.23484958323027,135,48,Nenhuma,0.27160489559173584
292,22.46153846153846,56,9.335383966439142,94.32727304520618,71.31983938703297,232.8711140527028,40,163,Nenhuma,0.27160489559173584
292,22.46153846153846,57,413.09224544288895,63.94098766892832,437.8779225511397,104.10054409581565,425,84,Nenhuma,0.27160489559173584
292,22.46153846153846,64,167.19708151811042,13.000712758021244,201.16893096571243,105.45907002490443,184,59,Nenhuma,0.27160489559173584
292,22.46153846153846,66,308.89160634168707,26.20132516096905,340.76272357288457,91.08142330789396,324,58,Nenhuma,0.27160489559173584
292,22.46153846153846,73,276.98052397113236,270.46107254146045,385.91578334259015,356.9730462346061,331,313,Nenhuma,0.27160489559173584
292,22.46153846153846,88,30.285947236580995,72.31838845836208,61.92246618793013,124.16636998567569,46,98,Nenhuma,0.27160489559173584
292,22.46153846153846,97,185.75181783877878,90.8346213059508,234.02225019124955,210.34795599971113,209,150,Nenhuma,0.27160489559173584
292,22.46153846153846,100,95.74716001122006,42.38811336038271,158.25146283021797,127.38494888513614,126,84,Nenhuma,0.27160489559173584
293,22.53846153846154,1,361.581694051024,31.635771212663293,408.60419013228676,121.84082484617363,385,76,Nenhuma,0.2533565163612366
293,22.53846153846154,19,381.3166856091883,99.19980907298641,472.3616632506084,288.2740394072924,426,193,Nenhuma,0.2533565163612366
293,22.53846153846154,34,120.00315002568568,20.909953109624386,150.93176268318715,75.0105278628004,135,47,Nenhuma,0.2533565163612366
293,22.53846153846154,56,9.736199062995055,93.60073165702687,71.55150236963463,232.8772999036579,40,163,Nenhuma,0.2533565163612366
293,22.53846153846154,57,413.02823148712605,63.94637455743282,438.6829377449618,104.8800822913557,425,84,Nenhuma,0.2533565163612366
293,22.53846153846154,64,168.15077143448372,13.000612985798178,200.5998776462851,100.31236292248042,184,56,Nenhuma,0.2533565163612366
293,22.53846153846154,66,308.86175701304313,26.118135628574336,340.64343178518885,90.81779120643648,324,58,Nenhuma,0.2533565163612366
293,22.53846153846154,73,277.2064136081865,273.4888902571207,382.20671623446566,356.9717109079217,329,315,Nenhuma,0.2533565163612366
293,22.53846153846154,88,29.18572278536316,72.03879227383831,60.23911513226322,122.69704651920243,44,97,Nenhuma,0.2533565163612366
293,22.53846153846154,97,172.94324455749967,92.26898802916085,220.4723060220788,209.94664078672727,196,151,Nenhuma,0.2533565163612366
293,22.53846153846154,100,100.92582777838737,44.88513930909937,162.97241025419663,129.2408960676267,131,87,Nenhuma,0.2533565163612366
293,22.53846153846154,102,132.35686298511644,93.40493027715151,275.35233618354584,309.18301526372966,203,201,Nenhuma,0.2533565163612366
294,22.615384615384617,1,360.35138039943166,31.89107153686878,408.88725155393314,124.13837131498316,384,78,Nenhuma,0.2729507386684418
294,22.615384615384617,19,383.26040754623045,98.59030801178149,473.2640479950934,287.01336463614086,428,192,Nenhuma,0.2729507386684418
294,22.615384615384617,34,119.86919592086272,20.924408658064095,150.98682619395393,74.93614613511791,135,47,Nenhuma,0.2729507386684418
294,22.615384615384617,56,10.641538869237042,96.62086970608134,70.91851453955623,232.88958180619989,40,164,Nenhuma,0.2729507386684418
294,22.615384615384617,57,413.3729770808125,63.95161622870208,439.9424636554551,105.87995244206306,426,84,Nenhuma,0.2729507386684418
294,22.615384615384617,64,167.87065065437847,13.00051596537783,201.0292179557926,101.82960308029568,184,57,Nenhuma,0.2729507386684418
294,22.615384615384617,66,308.831905443579,26.034946096179624,340.5241422383133,90.55415910497901,324,58,Nenhuma,0.2729507386684418
294,22.615384615384617,73,277.1745283739358,275.95263689581645,380.12539644961964,357.6431875268227,328,316,Nenhuma,0.2729507386684418
294,22.615384615384617,88,27.801808771126947,71.94273725085186,59.24807400699477,122.82023095154958,43,97,Nenhuma,0.2729507386684418
294,22.615384615384617,97,160.1346719880493,93.7033547523709,206.9223611410793,209.5453255737434,183,151,Nenhuma,0.2729507386684418
294,22.615384615384617,100,99.3044612910528,43.014525513908595,161.19080732281452,127.13335346767072,130,85,Nenhuma,0.2729507386684418
294,22.615384615384617,102,126.62125600547031,98.24573896608929,270.26618446290945,318.66796275342995,198,208,Nenhuma,0.2729507386684418
295,22.692307692307693,1,360.20099966200763,33.28674071497682,409.34599476797086,125.63268774688558,384,79,Nenhuma,0.26916947960853577
295,22.692307692307693,19,385.1211934961034,96.43192111869895,473.72572215247516,282.6205367754573,429,189,Nenhuma,0.26916947960853577
295,22.692307692307693,34,119.76621509826393,20.934140710064,151.0725532305695,74.9152459615367,135,47,Nenhuma,0.26916947960853577
295,22.692307692307693,56,10.768884326477608,95.74154603685228,70.92288607218664,232.9041049415577,40,164,Nenhuma,0.26916947960853577
295,22.692307692307693,57,413.85456908910703,63.87037102913756,439.8414810218226,104.87771721998911,426,84,Nenhuma,0.26916947960853577
295,22.692307692307693,64,167.3742592871904,13.00046329386901,202.2449919770413,106.37622576187113,184,59,Nenhuma,0.26916947960853577
295,22.692307692307693,66,308.80205163329464,25.95175656378491,340.4048549322579,90.29052700352153,324,58,Nenhuma,0.26916947960853577
295,22.692307692307693,73,277.747716976358,278.18325770766177,378.5316954143015,357.89141779926337,328,318,Nenhuma,0.26916947960853577
295,22.692307692307693,88,30.089747842333377,71.91379933138076,62.053599361484146,124.1972923768941,46,98,Nenhuma,0.26916947960853577
295,22.692307692307693,97,147.32610013042765,95.13772147558096,193.372415548251,209.14401036075952,170,152,Nenhuma,0.26916947960853577
295,22.692307692307693,100,97.84218819240277,43.00680553362362,160.65103936986674,128.40504509515745,129,85,Nenhuma,0.26916947960853577
295,22.692307692307693,102,120.14265117176912,107.58691262202386,261.71930208189303,327.8649717836797,190,217,Nenhuma,0.26916947960853577
295,22.692307692307693,103,411.4148605787228,64.78776187994893,440.5851394212771,132.75618926704877,426,98,Nenhuma,0.26916947960853577
296,22.76923076923077,1,364.19700219985805,34.47775119414817,411.3819883746486,122.90411334372777,387,78,Nenhuma,0.2648095488548279
296,22.76923076923077,19,389.9760423144094,96.33479819213859,476.2996244525381,276.36893542189813,433,186,Nenhuma,0.2648095488548279
296,22.76923076923077,34,120.06705889286238,20.94231671984938,151.44098762950094,74.9145070428437,135,47,Nenhuma,0.2648095488548279
296,22.76923076923077,56,10.986151334538903,94.07263998640181,71.43260034027438,232.9149294527849,41,163,Nenhuma,0.2648095488548279
296,22.76923076923077,57,414.336184584068,63.78912582957304,439.7404749015237,103.87548199791513,427,83,Nenhuma,0.2648095488548279
296,22.76923076923077,64,166.80018442836558,13.00042398337078,202.43350279681928,108.72703884307738,184,60,Nenhuma,0.2648095488548279
296,22.76923076923077,73,280.2771012194479,282.34378965964413,376.73662057305364,357.98194628677294,328,320,Nenhuma,0.2648095488548279
296,22.76923076923077,88,31.703327625373205,71.9086171926503,63.66663762300267,124.71719363300528,47,98,Nenhuma,0.2648095488548279
296,22.76923076923077,100,100.38809614975054,45.02127113243569,166.74839892337803,134.92037803072853,133,89,Nenhuma,0.2648095488548279
296,22.76923076923077,102,112.60731863651047,115.76904158420734,248.89104382178,329.7897280698403,180,222,Nenhuma,0.2648095488548279
296,22.76923076923077,103,411.658400217782,65.02735335971268,441.1097858819208,133.7038176863573,426,99,Nenhuma,0.2648095488548279
297,22.846153846153847,1,363.51484830700673,34.926917301126174,411.0806694628426,123.13803618193234,387,79,Nenhuma,0.2583737373352051
297,22.846153846153847,19,396.7947577725773,93.68185629854165,480.90050998766327,269.39451229492033,438,181,Nenhuma,0.2583737373352051
297,22.846153846153847,34,119.98967018280794,20.849962799006455,151.33028219139405,74.76477172467952,135,47,Nenhuma,0.2583737373352051
297,22.846153846153847,56,10.783454654668159,92.77282192289213,71.26126228192814,232.92436447873723,41,162,Nenhuma,0.2583737373352051
297,22.846153846153847,57,414.81782356569533,63.70788063000852,439.6394452945584,102.87324677584118,427,83,Nenhuma,0.2583737373352051
297,22.846153846153847,64,166.60757981053777,13.000378209925941,202.47476330358498,109.638281076289,184,61,Nenhuma,0.2583737373352051
297,22.846153846153847,66,307.8756344858861,24.15003954316996,339.28476247394366,89.06414307449606,323,56,Nenhuma,0.2583737373352051
297,22.846153846153847,67,144.82223145067397,25.033956846523296,171.1322615013241,91.83944061653821,157,58,Nenhuma,0.2583737373352051
297,22.846153846153847,73,286.0978972723646,290.6633081611934,373.72940557169255,358.01268598131435,329,324,Nenhuma,0.2583737373352051
297,22.846153846153847,88,31.48518587935823,71.25734906880218,63.804952619302014,124.9174297795987,47,98,Nenhuma,0.2583737373352051
297,22.846153846153847,100,99.62192563860634,45.107973016787604,167.40319732928225,136.0066438680014,133,90,Nenhuma,0.2583737373352051
297,22.846153846153847,102,92.52641357260883,120.69913801762824,224.24026296537284,330.3734239765609,158,225,Nenhuma,0.2583737373352051
297,22.846153846153847,103,411.93841396329964,65.08576726004506,441.80881406789405,134.74130283041634,426,99,Nenhuma,0.2583737373352051
298,22.923076923076923,1,360.20420264537967,33.75926955247053,408.7303668753261,125.19484243182046,384,79,Nenhuma,0.2663584351539612
298,22.923076923076923,19,399.66003492939416,92.08487132397708,482.1273249420049,266.24232315261713,440,179,Nenhuma,0.2663584351539612
298,22.923076923076923,34,119.91228151422497,20.75760887816353,151.2195767118157,74.61503640651532,135,47,Nenhuma,0.2663584351539612
298,22.923076923076923,56,12.106269971428997,90.95576453520617,73.10458890233151,232.93301721898524,42,161,Nenhuma,0.2663584351539612
298,22.923076923076923,64,166.66696084417154,13.655896473778775,202.35699498948017,109.97964035132748,184,61,Nenhuma,0.2663584351539612
298,22.923076923076923,66,307.0088508461513,24.662708877603393,339.9461402193976,93.7285485012752,323,59,Nenhuma,0.2663584351539612
298,22.923076923076923,67,144.76509277913297,24.988383533892026,171.81090028258825,92.56527976624835,158,58,Nenhuma,0.2663584351539612
298,22.923076923076923,73,287.289140711331,292.2141531647106,374.15874657525944,358.0198003394649,330,325,Nenhuma,0.2663584351539612
298,22.923076923076923,77,16.9473946555251,89.9931594897651,71.87744831800786,191.86812518819198,44,140,Nenhuma,0.2663584351539612
298,22.923076923076923,88,31.34407087975795,71.01543959717284,63.89950347490385,124.99203167413995,47,98,Nenhuma,0.2663584351539612
298,22.923076923076923,100,98.6517542955693,44.46784563795309,166.9214778513161,135.0563941996059,132,89,Nenhuma,0.2663584351539612
298,22.923076923076923,102,83.00406692524523,121.64365963504017,211.57500025585927,330.0333536835134,147,225,Nenhuma,0.2663584351539612
298,22.923076923076923,103,410.65587270403137,57.2675084157128,444.11855162675795,135.78615346459927,427,96,Nenhuma,0.2663584351539612
299,23.0,1,361.104492703193,32.666770173441854,407.67966848343315,121.38768470781255,384,77,Nenhuma,0.3245903551578522
299,23.0,19,404.91448710433633,89.54308275751015,487.60907899984505,265.8505703564928,446,177,Nenhuma,0.3245903551578522
299,23.0,34,119.83489288711347,20.665254957320606,151.10887119076585,74.46530108835114,135,47,Nenhuma,0.3245903551578522
299,23.0,55,109.65137281577557,57.928648469810014,173.2343225028144,183.772136248678,141,120,Nenhuma,0.3245903551578522
299,23.0,56,11.46376358010696,89.6112657414013,72.32331062565818,232.28314340485295,41,160,Nenhuma,0.3245903551578522
299,23.0,64,166.33091759059394,13.906272607631685,202.01263965344222,110.09774873717186,184,62,Nenhuma,0.3245903551578522
299,23.0,66,308.0975358844351,24.179593962639146,340.0776604457657,91.37781463143658,324,57,Nenhuma,0.3245903551578522
299,23.0,67,144.6984015889591,24.92246375391708,171.75643514609635,92.52969793323891,158,58,Nenhuma,0.3245903551578522
299,23.0,73,289.1368572358209,296.1331279411486,373.6826189787567,358.7107217880179,331,327,Nenhuma,0.3245903551578522
299,23.0,77,17.414406722947593,90.15912210944785,72.78607533985287,192.85304238762896,45,141,Nenhuma,0.3245903551578522
299,23.0,88,31.854576618700406,70.93105450285692,64.66682007399609,125.67413716090473,48,98,Nenhuma,0.3245903551578522
299,23.0,100,108.0324233831334,52.81828006511703,168.83269250849835,133.3208215789815,138,93,Nenhuma,0.3245903551578522
299,23.0,102,75.7365688659525,123.82663577879094,201.1725723194192,329.4874740540816,138,226,Nenhuma,0.3245903551578522
299,23.0,103,410.4238641298382,55.226171917775716,444.703019186714,136.14448778201984,427,95,Nenhuma,0.3245903551578522
300,23.076923076923077,1,361.32057783317043,32.89511201811353,406.7710358045556,120.5236320712637,384,76,Nenhuma,0.25738322734832764
300,23.076923076923077,19,405.67239149016365,87.98918527709628,487.37393929010824,265.12817449738816,446,176,Nenhuma,0.25738322734832764
300,23.076923076923077,54,338.20823855867593,49.07853686023289,370.9129461116989,123.58333308442822,354,86,Nenhuma,0.25738322734832764
300,23.076923076923077,55,111.97725026238442,57.40761598145432,173.84975847992928,180.7506780964266,142,119,Nenhuma,0.25738322734832764
300,23.076923076923077,56,11.051674079752086,89.1067341395966,71.53257270454245,232.04018174822596,41,160,Nenhuma,0.25738322734832764
300,23.076923076923077,64,166.19524670009545,13.998272134603084,201.89202141249484,110.13111355401522,184,62,Nenhuma,0.25738322734832764
300,23.076923076923077,66,309.06383045673033,23.99760386495703,339.60988841578836,88.45284687486674,324,56,Nenhuma,0.25738322734832764
300,23.076923076923077,67,145.33151052894155,25.744471764666677,172.29611686114404,91.3338902780468,158,58,Nenhuma,0.25738322734832764
300,23.076923076923077,73,289.7931176835106,300.20981875564013,371.0320572528748,358.2588726788184,330,329,Nenhuma,0.25738322734832764
300,23.076923076923077,77,17.88141845460455,90.3250847291306,73.69470269746341,193.83795958706594,45,142,Nenhuma,0.25738322734832764
300,23.076923076923077,88,31.931844006674222,70.9062156568545,65.06233155533683,126.584762371452,48,98,Nenhuma,0.25738322734832764
300,23.076923076923077,100,112.09562380421272,56.06127033443085,170.4574491592261,133.26651613469832,141,94,Nenhuma,0.25738322734832764
300,23.076923076923077,102,72.0910901069907,124.46583340103642,195.565568218309,328.8813228653632,133,226,Nenhuma,0.25738322734832764
300,23.076923076923077,103,410.9617878649157,55.834646611381736,444.9310301594674,136.24771759383202,427,96,Nenhuma,0.25738322734832764
301,23.153846153846153,1,359.320252333983,32.31459962887295,406.53874607179546,124.84856881330515,382,78,Nenhuma,0.26639875769615173
301,23.153846153846153,19,405.7956663536922,84.81504017458774,487.9325298303554,264.95148612425953,446,174,Nenhuma,0.26639875769615173
301,23.153846153846153,54,338.46831294966495,49.05984670602973,370.519495982635,122.07650836446982,354,85,Nenhuma,0.26639875769615173
301,23.153846153846153,55,113.5440683825928,57.219419143502066,173.973114131962,178.35137523458246,143,117,Nenhuma,0.26639875769615173
301,23.153846153846153,56,11.857854111560243,94.85685555074066,70.27373235876523,233.2721602266182,41,164,Nenhuma,0.26639875769615173
301,23.153846153846153,64,165.48694647419845,14.029742152032277,201.18827626457602,109.47391875992159,183,61,Nenhuma,0.26639875769615173
301,23.153846153846153,66,309.2081207805087,23.267265763881248,339.66004724566886,87.35474096064391,324,55,Nenhuma,0.26639875769615173
301,23.153846153846153,67,144.24268776822655,25.24387345837669,171.5931990927393,91.05650424114947,157,58,Nenhuma,0.26639875769615173
301,23.153846153846153,73,291.3895918793859,302.21871925179033,371.82858306236324,358.09183247745653,331,330,Nenhuma,0.26639875769615173
301,23.153846153846153,77,18.348429850495965,90.49104734881332,74.60333039083949,194.82287678650295,46,142,Nenhuma,0.26639875769615173
301,23.153846153846153,88,31.92032705720623,70.90356940992284,63.281997374466215,123.66691430416915,47,97,Nenhuma,0.26639875769615173
301,23.153846153846153,100,113.81911192979862,57.140710273893475,171.3000803356669,133.23249584669594,142,95,Nenhuma,0.26639875769615173
301,23.153846153846153,102,69.76688645322122,125.89037025357408,191.09512878456638,327.68265653724205,130,226,Nenhuma,0.26639875769615173
301,23.153846153846153,103,412.05026784740676,52.16295207043037,446.1098460187503,132.9211056803721,429,92,Nenhuma,0.26639875769615173
302,23.23076923076923,1,356.6170852802726,31.453487323739417,405.840234378488,129.02372108005707,381,80,Nenhuma,0.2610316574573517
302,23.23076923076923,19,403.5825430614116,82.36148985219184,484.9985863284942,263.6417764697791,444,173,Nenhuma,0.2610316574573517
302,23.23076923076923,54,338.72838140314576,49.041156551826575,370.12605179107936,120.56968364451141,354,84,Nenhuma,0.2610316574573517
302,23.23076923076923,55,112.9802888447448,57.14003001051073,172.47550046823736,176.78211533588228,142,116,Nenhuma,0.2610316574573517
302,23.23076923076923,56,11.355874364280034,89.71762778973243,71.94903093938976,233.75081127295522,41,161,Nenhuma,0.2610316574573517
302,23.23076923076923,64,165.91132733851052,14.03812305507973,201.55676799621202,109.21509860113198,183,61,Nenhuma,0.2610316574573517
302,23.23076923076923,66,309.9209457480352,23.00679890716015,340.3509737255123,86.30057128952403,325,54,Nenhuma,0.2610316574573517
302,23.23076923076923,67,143.80471073609093,25.0711512250124,171.41367437449904,90.9622968429138,157,58,Nenhuma,0.2610316574573517
302,23.23076923076923,73,291.50658127146374,304.6728119560095,368.4423264997732,358.1117127372641,329,331,Nenhuma,0.2610316574573517
302,23.23076923076923,88,31.308973778822896,71.58377714807582,63.16402751249848,125.19272905737276,47,98,Nenhuma,0.2610316574573517
302,23.23076923076923,100,114.237825980522,57.4766422074059,170.33783490123545,131.84609817095708,142,94,Nenhuma,0.2610316574573517
302,23.23076923076923,102,65.25901418657801,126.28106438944914,185.6998090127923,326.9526728775187,125,226,Nenhuma,0.2610316574573517
302,23.23076923076923,103,415.9131945818899,50.17043845378254,449.7042017450505,128.33491839551112,432,89,Nenhuma,0.2610316574573517
303,23.307692307692307,1,354.82066051310744,31.12066654667759,405.05540188990625,131.91005880304576,379,81,Nenhuma,0.25643467903137207
303,23.307692307692307,19,400.70743686977386,79.52050704720362,480.50119529988996,261.90396737903075,440,170,Nenhuma,0.25643467903137207
303,23.307692307692307,54,338.9884439191183,49.02246639762342,369.73261353703185,119.06285892455301,354,84,Nenhuma,0.25643467903137207
303,23.307692307692307,55,112.7925662375406,57.102739342995285,171.8633278192941,176.1983729976913,142,116,Nenhuma,0.25643467903137207
303,23.307692307692307,56,11.49959970784123,89.15278792582144,74.1919307289211,237.83971011164954,42,163,Nenhuma,0.25643467903137207
303,23.307692307692307,64,166.0640709068557,14.03823716275194,201.71069184765028,109.11202751252921,183,61,Nenhuma,0.25643467903137207
303,23.307692307692307,66,309.1355126707385,22.919511370153746,339.6615410175108,86.59230166635163,324,54,Nenhuma,0.25643467903137207
303,23.307692307692307,67,143.33155045398547,25.007902260636186,171.00095057870266,90.93308043897561,157,57,Nenhuma,0.25643467903137207
303,23.307692307692307,73,291.62362637496875,307.12690466022866,365.05601422575603,358.13159299707166,328,332,Nenhuma,0.25643467903137207
303,23.307692307692307,88,31.202986921087742,71.17483893748759,63.65992282577426,125.7463379352871,47,98,Nenhuma,0.25643467903137207
303,23.307692307692307,100,114.10986011868668,57.538352368375925,170.14093694017583,132.00194725472983,142,94,Nenhuma,0.25643467903137207
303,23.307692307692307,102,61.302316207365664,127.64159801074403,181.85494794958126,329.1389143379252,121,228,Nenhuma,0.25643467903137207
303,23.307692307692307,103,416.50113539587085,48.47009802394826,450.7749335538052,127.75135219424945,433,88,Nenhuma,0.25643467903137207
304,23.384615384615383,1,354.67502471531174,31.637836110301677,404.8663154666056,133.65565022987272,379,82,Nenhuma,0.3366490304470062
304,23.384615384615383,19,403.988133248946,76.5378180103835,484.2163896877015,261.3177789314254,444,168,Nenhuma,0.3366490304470062
304,23.384615384615383,55,112.74431320087264,57.08263065280386,171.59524471006256,175.98834277730623,142,116,Nenhuma,0.3366490304470062
304,23.384615384615383,56,11.158869571915048,88.29545127180698,74.15153716022299,238.75851903272252,42,163,Nenhuma,0.3366490304470062
304,23.384615384615383,64,165.80687865646433,13.374493075480927,202.08808964735428,109.73002889946584,183,61,Nenhuma,0.3366490304470062
304,23.384615384615383,66,309.9350614936114,22.89538233357516,340.3007502783014,86.0546729301805,325,54,Nenhuma,0.3366490304470062
304,23.384615384615383,67,143.1591297621109,24.98593972439609,170.8493729514165,91.5901368895305,157,58,Nenhuma,0.3366490304470062
304,23.384615384615383,73,291.7407271899008,309.58099736444785,361.6696462403117,358.1514732568793,326,333,Nenhuma,0.3366490304470062
304,23.384615384615383,88,30.955082943184514,71.02252783077628,65.36122468855297,128.5737813502014,48,99,Nenhuma,0.3366490304470062
304,23.384615384615383,100,114.12150802804564,57.51930400296899,170.60558473697478,132.72615146808195,142,95,Nenhuma,0.3366490304470062
304,23.384615384615383,102,53.95828808659142,128.05139111444123,176.83373116068293,335.76104927790334,115,231,Nenhuma,0.3366490304470062
304,23.384615384615383,103,417.08907617722076,46.76975759411398,451.8456653951911,127.16778599298776,434,86,Nenhuma,0.3366490304470062
305,23.46153846153846,1,354.03927401570604,31.846056000316366,404.1215455315903,134.94302498327636,379,83,Nenhuma,0.31744185090065
305,23.46153846153846,19,406.7631871607087,75.47801425211931,485.9960948156252,259.19151254635375,446,167,Nenhuma,0.31744185090065
305,23.46153846153846,55,112.3546008933967,57.06968403036427,171.18882040010678,175.91875990376403,141,116,Nenhuma,0.31744185090065
305,23.46153846153846,56,10.891145190201826,87.97558070734127,74.26364372686103,241.05388669921334,42,164,Nenhuma,0.31744185090065
305,23.46153846153846,64,165.67043389368524,13.12355958058653,202.27230945787204,109.95873929840664,183,61,Nenhuma,0.31744185090065
305,23.46153846153846,66,309.80035400034313,22.23067424108028,340.3150730089816,85.87019905175043,325,54,Nenhuma,0.31744185090065
305,23.46153846153846,67,142.8902820901598,24.97938919324418,170.34807295308818,91.84136740270463,156,58,Nenhuma,0.31744185090065
305,23.46153846153846,88,30.811287699416926,70.96742373285981,66.05058228218574,129.6391698708119,48,100,Nenhuma,0.31744185090065
305,23.46153846153846,100,113.72867753053404,57.474699831624974,170.4346625490042,132.986638032094,142,95,Nenhuma,0.31744185090065
305,23.46153846153846,102,51.250526477830505,128.78692830682957,173.97565718351737,339.4280781817945,112,234,Nenhuma,0.31744185090065
305,23.46153846153846,103,417.6770169259396,45.069417164279706,452.91639726920795,126.58421979172607,435,85,Nenhuma,0.31744185090065
305,23.46153846153846,106,315.6572358334495,311.0159616940974,388.17605313931017,358.99999999999994,351,335,Nenhuma,0.31744185090065
306,23.53846153846154,1,354.76971472122887,32.5780963084863,403.54511759195015,134.10060555369105,379,83,Nenhuma,0.2658390998840332
306,23.53846153846154,19,409.1117066606425,72.51897199041277,485.294987624665,249.87024630830172,447,161,Nenhuma,0.2658390998840332
306,23.53846153846154,55,112.51212039122659,57.17876278775571,171.18676236838544,175.70691554579162,141,116,Nenhuma,0.2658390998840332
306,23.53846153846154,56,10.724381283956003,87.61449284153876,74.53605788698593,241.7523106064292,42,164,Nenhuma,0.2658390998840332
306,23.53846153846154,64,165.96061772050786,13.028648826179527,202.66080666351584,110.03997671289994,184,61,Nenhuma,0.2658390998840332
306,23.53846153846154,66,311.7633954418483,21.99047022540337,342.9348349718342,87.13955657631946,327,54,Nenhuma,0.2658390998840332
306,23.53846153846154,67,142.76124655205743,24.978689300180406,170.19726546001766,92.59826788515595,156,58,Nenhuma,0.2658390998840332
306,23.53846153846154,77,16.78690293211996,88.23010564550579,66.44855201338291,182.2990299032404,41,135,Nenhuma,0.2658390998840332
306,23.53846153846154,88,30.795683079122664,70.8592817385473,66.38685775162742,130.11708558718465,48,100,Nenhuma,0.2658390998840332
306,23.53846153846154,100,111.3220469127032,55.42139252225698,168.55941483974013,131.7409019020174,139,93,Nenhuma,0.2658390998840332
306,23.53846153846154,102,43.635737595047985,129.6347651332701,166.8578993434308,345.24615161175257,105,237,Nenhuma,0.2658390998840332
306,23.53846153846154,106,318.1271197086975,312.5797506921027,388.33827724094516,359.0,353,335,Nenhuma,0.2658390998840332
307,23.615384615384617,1,355.49755695995236,32.86416135231236,402.92604427337,132.40895690048706,379,82,Nenhuma,0.32605060935020447
307,23.615384615384617,19,410.02184850215707,70.82144941735113,484.8907746512025,245.74811038491907,447,158,Nenhuma,0.32605060935020447
307,23.615384615384617,55,112.66963796672694,57.287841545147145,171.18470625899369,175.49507118781924,141,116,Nenhuma,0.32605060935020447
307,23.615384615384617,56,9.127157271501048,83.21100530196327,73.64878750320565,244.41234798490763,41,163,Nenhuma,0.32605060935020447
307,23.615384615384617,64,166.45269118630088,13.652983553856707,203.08672492850323,110.06477732714023,184,61,Nenhuma,0.32605060935020447
307,23.615384615384617,66,312.64638316665594,22.564388740084013,343.7656628235256,87.62754546530084,328,55,Nenhuma,0.32605060935020447
307,23.615384615384617,67,142.68831349911335,24.979861213605076,170.17706300218157,93.54158623300873,156,59,Nenhuma,0.32605060935020447
307,23.615384615384617,77,15.15158468478172,87.33640772867417,66.56402014630827,188.52010452447195,40,137,Nenhuma,0.32605060935020447
307,23.615384615384617,88,30.780079611979605,70.75113974423478,66.7231320679179,130.5950013035574,48,100,Nenhuma,0.32605060935020447
307,23.615384615384617,100,110.53457847350882,55.29211482497922,167.7000149442277,131.2687063675683,139,93,Nenhuma,0.32605060935020447
307,23.615384615384617,102,40.30434067320707,129.88956306058643,163.660260942532,349.2755244112069,101,239,Nenhuma,0.32605060935020447
307,23.615384615384617,106,319.38139393377077,313.2497705288815,388.57913893610214,359.00000000000006,353,336,Nenhuma,0.32605060935020447
308,23.692307692307693,1,355.3517478118121,33.63206940727429,402.49266934701785,133.70728784930733,378,83,Nenhuma,0.2796497344970703
308,23.692307692307693,19,410.4655035400206,70.26917263461742,481.8825866038968,237.65140115247254,446,153,Nenhuma,0.2796497344970703
308,23.692307692307693,55,102.77716426895873,46.87334424645488,168.49102270385225,178.43834472887121,135,112,Nenhuma,0.2796497344970703
308,23.692307692307693,56,8.725991875919078,82.4583890259086,73.90473354574438,245.30076483342407,41,163,Nenhuma,0.2796497344970703
308,23.692307692307693,64,166.20791372066435,13.230333935033379,203.0171525555922,110.06818436719243,184,61,Nenhuma,0.2796497344970703
308,23.692307692307693,66,315.4713655570188,29.39509374309984,343.5519275451451,87.16432485002308,329,58,Nenhuma,0.2796497344970703
308,23.692307692307693,67,142.48799258647375,24.946576330922973,170.0539120592833,93.70057381772565,156,59,Nenhuma,0.2796497344970703
308,23.692307692307693,77,14.510082734074011,77.98204595173598,66.78988143310605,184.44712994221283,40,131,Nenhuma,0.2796497344970703
308,23.692307692307693,88,30.76447729798775,70.64299774992224,67.05940523105717,131.07291701993012,48,100,Nenhuma,0.2796497344970703
308,23.692307692307693,100,104.39039109490213,47.90666206137729,167.202886477132,131.08829461104176,135,89,Nenhuma,0.2796497344970703
308,23.692307692307693,102,34.578319995605824,132.52235058714135,157.54942557123815,351.96398277616527,96,242,Nenhuma,0.2796497344970703
308,23.692307692307693,106,319.3344400853814,313.12131246600813,388.85755015197185,359.00000000000006,354,336,Nenhuma,0.2796497344970703
309,23.76923076923077,1,355.48099678792335,33.260823006564166,401.51705754364036,131.54429051337297,378,82,Nenhuma,0.27120324969291687
309,23.76923076923077,19,412.3666523654798,69.48850294096633,482.9710117334212,234.0850076834646,447,151,Nenhuma,0.27120324969291687
309,23.76923076923077,34,135.83054250318344,24.900675914748618,182.22619079064404,110.28161000737019,159,67,Nenhuma,0.27120324969291687
309,23.76923076923077,55,103.31537708112783,47.93266030520243,168.6901227483765,178.18994978506927,136,113,Nenhuma,0.27120324969291687
309,23.76923076923077,56,8.32482366007622,81.70577274985394,74.16068240854399,246.18918168194054,41,163,Nenhuma,0.27120324969291687
309,23.76923076923077,64,167.14742532951468,13.070906638163507,203.93282212952923,110.06480134198306,185,61,Nenhuma,0.27120324969291687
309,23.76923076923077,66,313.69327049782396,25.1462990228718,345.59694517055397,91.8464399974466,329,58,Nenhuma,0.27120324969291687
309,23.76923076923077,67,142.40181233783267,25.755209854293675,171.19687482059462,98.61681510045761,156,62,Nenhuma,0.27120324969291687
309,23.76923076923077,77,16.092531450006696,83.40360630927671,63.75539939240458,182.22290689787843,39,132,Nenhuma,0.27120324969291687
309,23.76923076923077,100,103.43736537780258,45.85957761252281,167.01907961978628,129.7425100435048,135,87,Nenhuma,0.27120324969291687
309,23.76923076923077,102,33.15623136629884,134.77790655075347,154.87703818518872,352.8166071003085,94,243,Nenhuma,0.27120324969291687
309,23.76923076923077,106,319.3996034102566,313.16884344088226,388.98852208893373,359.0,354,336,Nenhuma,0.27120324969291687
310,23.846153846153847,1,356.13515128485386,32.45070706187912,401.2398345535144,129.35693944067506,378,80,Nenhuma,0.29796600341796875
310,23.846153846153847,19,412.43177321847594,69.94303416532955,482.5847060238089,233.58597329031903,447,151,Nenhuma,0.29796600341796875
310,23.846153846153847,34,137.83941270326758,25.055961202470456,181.97647502641533,111.03153399292958,159,68,Nenhuma,0.29796600341796875
310,23.846153846153847,55,103.97964909895663,47.709141768839515,169.00050823608962,177.43557116510118,136,112,Nenhuma,0.29796600341796875
310,23.846153846153847,56,7.9236526239724725,80.95315647379927,74.4166340916045,247.077598530457,41,164,Nenhuma,0.29796600341796875
310,23.846153846153847,64,167.61947953699843,13.011462901008535,204.15935654193748,110.05894574011418,185,61,Nenhuma,0.29796600341796875
310,23.846153846153847,66,313.4220563167208,23.151734732523174,347.26074254722397,95.2676617791486,330,59,Nenhuma,0.29796600341796875
310,23.846153846153847,67,142.19355885300956,25.8076063593102,171.22212387379517,99.25994472975978,156,62,Nenhuma,0.29796600341796875
310,23.846153846153847,77,16.472360566989213,86.36404925861825,62.10606410729717,181.9946674944531,39,134,Nenhuma,0.29796600341796875
310,23.846153846153847,100,104.36801516809857,46.36687996598922,166.9516791936008,129.2021357668752,135,87,Nenhuma,0.29796600341796875
310,23.846153846153847,102,31.370140032270413,136.22463061511172,152.2742893664563,352.9706108121922,91,244,Nenhuma,0.29796600341796875
310,23.846153846153847,103,407.97576795622064,63.619535516719225,439.620974200399,137.30406433357712,423,100,Nenhuma,0.29796600341796875
310,23.846153846153847,106,317.9566787770825,313.1722624311044,387.68146331018426,359.0,352,336,Nenhuma,0.29796600341796875
311,23.923076923076923,1,357.120049610061,32.80796243191161,401.093120766074,127.85448698610176,379,80,Nenhuma,0.26069533824920654
311,23.923076923076923,19,413.1896664811644,69.50148842897171,483.6557248431884,232.85652377688382,448,151,Nenhuma,0.26069533824920654
311,23.923076923076923,34,138.90676758434984,25.107220249447792,181.46743774283496,111.18546506386828,160,68,Nenhuma,0.26069533824920654
311,23.923076923076923,55,102.32837235032753,45.681541796041316,167.76956085979367,175.8354878420215,135,110,Nenhuma,0.26069533824920654
311,23.923076923076923,64,167.48635625594721,12.990404241146209,203.88649751829303,110.05267155440771,185,61,Nenhuma,0.26069533824920654
311,23.923076923076923,66,315.5013674385271,22.978347706809195,346.9806250138974,90.29498060819196,331,56,Nenhuma,0.26069533824920654
311,23.923076923076923,67,141.9853050180059,25.860002864326724,171.24737327717628,99.90307435906195,156,62,Nenhuma,0.26069533824920654
311,23.923076923076923,77,16.191979320189034,86.10589789856249,61.92934542986852,182.59244566333143,39,134,Nenhuma,0.26069533824920654
311,23.923076923076923,100,102.65298726339354,43.95980306201175,166.38519035327104,128.34230151828055,134,86,Nenhuma,0.26069533824920654
311,23.923076923076923,102,30.97889897487287,137.36061193078734,150.7547275370127,352.22023380664433,90,244,Nenhuma,0.26069533824920654
311,23.923076923076923,103,406.8694857818976,64.74886850893245,437.87569914611635,137.21568440137997,422,100,Nenhuma,0.26069533824920654
311,23.923076923076923,106,317.5251510181775,313.8429245084319,386.4085670633816,359.0,351,336,Nenhuma,0.26069533824920654
312,24.0,1,357.42420407597405,31.60929329450498,401.79962529866896,128.61713763078677,379,80,Nenhuma,0.25815558433532715
312,24.0,19,411.3899172557754,69.39314065451855,480.728237556193,230.69731642335938,446,150,Nenhuma,0.25815558433532715
312,24.0,34,138.9705431284717,25.119268316026798,180.8870166732539,112.43814127358391,159,68,Nenhuma,0.25815558433532715
312,24.0,54,334.708860511996,48.99920805670272,367.3211375153858,123.89948324538545,351,86,Nenhuma,0.25815558433532715
312,24.0,55,100.87698717053566,42.972879629616685,168.81369081388777,177.85336240734034,134,110,Nenhuma,0.25815558433532715
312,24.0,64,167.46946630416278,12.983939007340247,203.73831754060367,110.04672083260368,185,61,Nenhuma,0.25815558433532715
312,24.0,66,315.902479058911,22.77102941101412,347.5669382771296,90.48585767761608,331,56,Nenhuma,0.25815558433532715
312,24.0,67,141.77705083282171,25.912399369343248,171.27262303073795,100.5462039883641,156,63,Nenhuma,0.25815558433532715
312,24.0,77,14.695584389382667,88.00292816233812,59.949151690155865,182.81570255492034,37,135,Nenhuma,0.25815558433532715
312,24.0,100,101.01742941100282,41.11644718297658,166.5219818721951,128.02588739836966,133,84,Nenhuma,0.25815558433532715
312,24.0,102,30.12466877863441,137.71877450946036,149.30238358992975,351.7970778060519,89,244,Nenhuma,0.25815558433532715
312,24.0,103,404.72993864181564,63.72993653230242,436.4628505274794,139.24409250562607,420,101,Nenhuma,0.25815558433532715
312,24.0,106,314.86221192300087,314.0713542529538,383.646490644866,359.0,349,336,Nenhuma,0.25815558433532715
313,24.076923076923077,1,357.3282862870469,31.167664276951683,402.2814381237189,130.2134402795251,379,80,Nenhuma,0.25064677000045776
313,24.076923076923077,19,411.69776689671477,68.06923972541323,478.59300079162216,223.97950180651264,445,146,Nenhuma,0.25064677000045776
313,24.076923076923077,34,139.4900561354706,25.118176796806175,180.7305740165308,112.87368900913384,160,68,Nenhuma,0.25064677000045776
313,24.076923076923077,54,334.4663366073061,48.991303989210365,367.0217194050899,123.76167375023783,350,86,Nenhuma,0.25064677000045776
313,24.076923076923077,55,101.69497525616671,51.687668318520565,166.57113836726353,178.6168723902565,134,115,Nenhuma,0.25064677000045776
313,24.076923076923077,64,167.21177224904864,12.982905411024134,203.26472632114877,110.04131299126384,185,61,Nenhuma,0.25064677000045776
313,24.076923076923077,66,316.30359659705596,22.563711115219043,348.15324562260076,90.67673474704017,332,56,Nenhuma,0.25064677000045776
313,24.076923076923077,77,12.515994356301935,81.37202792060916,61.49265832788022,184.2434121294366,37,132,Nenhuma,0.25064677000045776
313,24.076923076923077,100,103.15877817999701,52.37196854871692,161.230595407831,127.91316759048229,132,90,Nenhuma,0.25064677000045776
313,24.076923076923077,102,31.162181062482546,137.78865541826767,149.720204065291,351.52405952479035,90,244,Nenhuma,0.25064677000045776
313,24.076923076923077,103,403.31146500099345,64.01894876831858,434.658094783552,139.30078137739798,418,101,Nenhuma,0.25064677000045776
313,24.076923076923077,106,311.1628666376887,313.460151079017,381.312501214081,358.99999999999994,346,336,Nenhuma,0.25064677000045776
314,24.153846153846153,1,357.1156270528131,31.659093973105193,401.9981946262587,131.47135053182848,379,81,Nenhuma,0.25735577940940857
314,24.153846153846153,19,416.5186914111698,68.98727436420398,481.1726339565587,218.90597450013706,448,143,Nenhuma,0.25735577940940857
314,24.153846153846153,34,139.99380048503613,25.110896157433693,180.92679577765264,113.61992314365429,160,69,Nenhuma,0.25735577940940857
314,24.153846153846153,54,334.22381212550124,48.98339992171802,366.7223018719092,123.62386425509021,350,86,Nenhuma,0.25735577940940857
314,24.153846153846153,55,101.90776997659961,57.234748917135825,165.18511487279525,178.91651839468375,133,118,Nenhuma,0.25735577940940857
314,24.153846153846153,64,167.27347816502612,12.983793820504793,202.92001617692227,109.3762272030389,185,61,Nenhuma,0.25735577940940857
314,24.153846153846153,66,316.70472005296193,22.356392819423967,348.7395470503108,90.86761181646429,332,56,Nenhuma,0.25735577940940857
314,24.153846153846153,77,11.886904250152643,80.90397318344884,61.251468170126316,184.11671223276676,36,132,Nenhuma,0.25735577940940857
314,24.153846153846153,100,102.93438629363294,52.63038186761093,160.61017273711025,127.65637704357488,131,90,Nenhuma,0.25735577940940857
314,24.153846153846153,102,31.995149466382784,138.41530908073054,149.754274280703,351.32032385011223,90,244,Nenhuma,0.25735577940940857
314,24.153846153846153,103,402.47554797036474,64.1140602337789,433.6527589983284,139.95470886958987,418,102,Nenhuma,0.25735577940940857
314,24.153846153846153,106,308.2699308138248,313.2251405604621,379.35538539178043,359.0,343,336,Nenhuma,0.25735577940940857
315,24.23076923076923,1,357.0267298110116,31.853692289510747,401.9081328720318,132.5999317318667,379,82,Nenhuma,0.2510090470314026
315,24.23076923076923,19,418.57398907300933,69.37638097034201,481.7940449518551,216.51933228568262,450,142,Nenhuma,0.2510090470314026
315,24.23076923076923,34,140.31557920850477,25.10207773817816,180.80359004752617,113.85188698282633,160,69,Nenhuma,0.2510090470314026
315,24.23076923076923,54,333.9812870665813,48.97549585422567,366.42288491584344,123.48605475994259,350,86,Nenhuma,0.2510090470314026
315,24.23076923076923,55,101.50617095666482,57.770393508144736,164.581819372934,179.0648715470994,133,118,Nenhuma,0.2510090470314026
315,24.23076923076923,64,167.71593945618667,12.985350973168316,203.02912303951274,109.12236641787152,185,61,Nenhuma,0.2510090470314026
315,24.23076923076923,67,136.39503756764003,25.083091541599096,170.10996946445132,112.182406226273,153,68,Nenhuma,0.2510090470314026
315,24.23076923076923,77,9.764000331097574,80.09722821702147,63.71457079971513,194.53376138907527,36,137,Nenhuma,0.2510090470314026
315,24.23076923076923,100,102.70999460584179,52.888795186504936,159.98974986781658,127.39958649666748,131,90,Nenhuma,0.2510090470314026
315,24.23076923076923,102,33.08775855275885,139.25740868397355,149.93808078905107,351.1514436150162,91,245,Nenhuma,0.2510090470314026
315,24.23076923076923,103,402.1780288470786,64.13778300760839,433.3183400778485,140.84106315432098,417,102,Nenhuma,0.2510090470314026
315,24.23076923076923,106,305.84614571185205,312.4604436113009,378.69677625761557,359.0,342,335,Nenhuma,0.2510090470314026
316,24.307692307692307,1,357.51920224898134,31.930720860834434,402.0143611982297,132.36003284046524,379,82,Nenhuma,0.288520872592926
316,24.307692307692307,19,417.6717095389349,66.1625112502879,481.57585367150057,215.10917419154939,449,140,Nenhuma,0.288520872592926
316,24.307692307692307,34,139.50881288623955,25.092508559620796,179.672075685074,114.5261711328705,159,69,Nenhuma,0.288520872592926
316,24.307692307692307,55,98.6759089773714,40.71749320280851,170.2842173349298,179.83360527245236,134,110,Nenhuma,0.288520872592926
316,24.307692307692307,64,167.56549940506326,12.986935203923046,202.72263934765542,109.0276873211665,185,61,Nenhuma,0.288520872592926
316,24.307692307692307,67,135.78449564679443,25.056699624959087,170.0586530749499,113.60078832710772,152,69,Nenhuma,0.288520872592926
316,24.307692307692307,77,10.984524079122487,77.90687350594189,65.14460310437423,192.7294488015446,38,135,Nenhuma,0.288520872592926
316,24.307692307692307,100,102.48560311662357,53.14720850539894,159.36932679995,127.14279594976009,130,90,Nenhuma,0.288520872592926
316,24.307692307692307,102,39.20558037376038,156.73138145132063,148.52347482956495,351.6691811232895,93,254,Nenhuma,0.288520872592926
316,24.307692307692307,103,401.9189246655534,62.157864517430276,432.73876987355453,139.1761537401452,417,100,Nenhuma,0.288520872592926
316,24.307692307692307,106,305.09554047977224,312.1703040968398,379.031351380251,359.0,342,335,Nenhuma,0.288520872592926
317,24.384615384615383,1,357.49996578976305,31.962365662953808,401.6153983501143,132.25034295984196,379,82,Nenhuma,0.2535933256149292
317,24.384615384615383,19,417.39917231009485,64.35742101092501,481.4004905430822,214.69641767552503,449,139,Nenhuma,0.2535933256149292
317,24.384615384615383,34,138.80219093672892,25.08358324769005,178.26972736973534,114.08577653043545,158,69,Nenhuma,0.2535933256149292
317,24.384615384615383,55,98.91948055157243,37.18035590421515,171.7898691247908,180.01806604386132,135,108,Nenhuma,0.2535933256149292
317,24.384615384615383,56,9.344368819526618,76.94821709521023,68.78650029664183,228.03539694033242,39,152,Nenhuma,0.2535933256149292
317,24.384615384615383,64,167.53879747772558,12.988420668893156,202.57376211435442,108.99363201920427,185,60,Nenhuma,0.2535933256149292
317,24.384615384615383,67,134.6213684378488,25.007265181043884,168.90151734359165,115.00459541936408,151,70,Nenhuma,0.2535933256149292
317,24.384615384615383,77,10.471235169515055,77.11978156563978,65.41352815219318,193.60122179956952,37,135,Nenhuma,0.2535933256149292
317,24.384615384615383,100,106.08994721279083,39.56080997301457,147.72159211231272,94.63576594072326,126,67,Nenhuma,0.2535933256149292
317,24.384615384615383,102,44.53295735272956,164.05105575369217,150.86425863434616,351.7426549444125,97,257,Nenhuma,0.2535933256149292
317,24.384615384615383,103,401.91180978478116,62.05507840606734,431.82704122598085,137.85966976433832,416,99,Nenhuma,0.2535933256149292
317,24.384615384615383,106,304.0144753278916,312.05882609095227,378.71654195316125,359.0,341,335,Nenhuma,0.2535933256149292
318,24.46153846153846,1,357.20924369726947,31.975845420382946,401.7552772132464,134.1720994060042,379,83,Nenhuma,0.2612822651863098
318,24.46153846153846,19,415.3172526666047,61.72960911859971,479.94279896350264,214.65712407226758,447,138,Nenhuma,0.2612822651863098
318,24.46153846153846,34,139.00676655671094,25.0744949392408,177.83309909333522,113.85460050095821,158,69,Nenhuma,0.2612822651863098
318,24.46153846153846,55,98.67044885831744,41.6464966931899,169.52430913777295,180.08235841467888,134,110,Nenhuma,0.2612822651863098
318,24.46153846153846,56,7.1498530791356245,76.80546172832791,72.24646533696118,247.4798269976582,39,162,Nenhuma,0.2612822651863098
318,24.46153846153846,64,167.55660867284942,12.989769691895155,202.48827325701797,108.9825656548135,185,60,Nenhuma,0.2612822651863098
318,24.46153846153846,67,134.4405237086186,24.992834236332527,168.46645053548792,115.48561780444342,151,70,Nenhuma,0.2612822651863098
318,24.46153846153846,77,9.95794978671875,76.33268962533768,65.682449673201,194.47299479759442,37,135,Nenhuma,0.2612822651863098
318,24.46153846153846,100,106.20310642138926,38.41357134361448,146.03275305670192,91.10463606585253,126,64,Nenhuma,0.2612822651863098
318,24.46153846153846,102,43.64249507004487,167.66451258680996,148.76832550991304,353.2284014530808,96,260,Nenhuma,0.2612822651863098
318,24.46153846153846,103,402.54269144077523,62.680409498540236,431.5755412915425,137.34277855332013,417,100,Nenhuma,0.2612822651863098
318,24.46153846153846,106,303.48110029483,312.01663968188643,378.7985764885193,358.99999999999994,341,335,Nenhuma,0.2612822651863098
319,24.53846153846154,1,357.4610241735579,31.327776980799378,401.4533651600954,132.922079977791,379,82,Nenhuma,0.2550469934940338
319,24.53846153846154,19,416.60335048904454,60.12918283545699,482.59783475780756,214.73493214905662,449,137,Nenhuma,0.2550469934940338
319,24.53846153846154,34,139.991848543966,25.719417404307386,178.01724596168816,113.06390193036549,159,69,Nenhuma,0.2550469934940338
319,24.53846153846154,55,98.50990921581011,41.52237715773424,169.36851000923872,180.09627208499,133,110,Nenhuma,0.2550469934940338
319,24.53846153846154,56,8.236139285903505,79.27418916387762,72.75870902186435,252.1003752642369,40,165,Nenhuma,0.2550469934940338
319,24.53846153846154,64,167.4856545844978,12.329706872774786,202.5330191454158,108.98009264741194,185,60,Nenhuma,0.2550469934940338
319,24.53846153846154,67,138.74706386397105,25.636247970642216,169.13219508346828,107.86181082251068,153,66,Nenhuma,0.2550469934940338
319,24.53846153846154,77,9.444667930733573,75.54559768503556,65.95136766739772,195.3447677956193,37,135,Nenhuma,0.2550469934940338
319,24.53846153846154,88,31.964798545309304,72.91935117845382,60.24784902283933,118.41682372184168,46,95,Nenhuma,0.2550469934940338
319,24.53846153846154,100,106.31626590826733,37.266332714214386,144.3439137228115,87.5735061909818,125,62,Nenhuma,0.2550469934940338
319,24.53846153846154,102,54.16233075585459,176.64565033653264,154.08768016675714,351.7483237367255,104,264,Nenhuma,0.2550469934940338
319,24.53846153846154,103,402.3110148970062,61.582390776272455,431.33793515104645,137.14292128682402,416,99,Nenhuma,0.2550469934940338
319,24.53846153846154,106,302.33331083972445,311.3394434438661,379.18585292961046,359.0,340,335,Nenhuma,0.2550469934940338
320,24.615384615384617,1,357.6425160458539,31.079746930150527,401.2618333745738,132.4197786109281,379,81,Nenhuma,0.2975198030471802
320,24.615384615384617,19,417.46073478507896,58.91588068544395,484.53150719073415,214.19372593006227,450,136,Nenhuma,0.2975198030471802
320,24.615384615384617,34,140.39687555036562,25.961934787713993,178.0110976670841,112.70984150124954,159,69,Nenhuma,0.2975198030471802
320,24.615384615384617,55,98.3873964834011,42.81615116082071,168.73352809019525,180.09575483308492,133,111,Nenhuma,0.2975198030471802
320,24.615384615384617,56,7.884758967520078,78.9928181730804,73.1068990264423,253.69385075602085,40,166,Nenhuma,0.2975198030471802
320,24.615384615384617,64,167.49168500267987,12.082394363287776,202.51678880931857,108.98060607632729,185,60,Nenhuma,0.2975198030471802
320,24.615384615384617,67,128.81012539285302,24.543356181954408,156.80665231242529,99.3615276066454,142,61,Nenhuma,0.2975198030471802
320,24.615384615384617,77,10.894877966291471,90.5888437557289,68.4642711909209,212.51720696119287,39,151,Nenhuma,0.2975198030471802
320,24.615384615384617,88,31.347931705425104,73.00354939890083,62.23096901059187,121.91670812656086,46,97,Nenhuma,0.2975198030471802
320,24.615384615384617,100,106.42942567342502,36.11909408481429,142.65507411064146,84.04237631611107,124,60,Nenhuma,0.2975198030471802
320,24.615384615384617,102,55.814391211866514,179.5685191402324,156.26758157367266,355.0701184961923,106,267,Nenhuma,0.2975198030471802
320,24.615384615384617,103,401.40256362869235,56.55485697414317,431.44778054743784,136.4065226936363,416,96,Nenhuma,0.2975198030471802
320,24.615384615384617,106,301.432142271805,311.0860178340283,379.199638273342,359.00000000000006,340,335,Nenhuma,0.2975198030471802
321,24.692307692307693,1,358.59325228948444,31.648981750378233,401.63336773779815,131.55922231617004,380,81,Nenhuma,0.280588835477829
321,24.692307692307693,19,416.0165442872227,57.84983170948712,483.6931956289957,214.07045582334402,449,135,Nenhuma,0.280588835477829
321,24.692307692307693,34,141.59225028928412,26.705880906730165,178.89936200094263,113.85706185709836,160,70,Nenhuma,0.280588835477829
321,24.692307692307693,55,97.80954504869582,43.346877433077,167.72701095109818,179.43020609864652,132,111,Nenhuma,0.280588835477829
321,24.692307692307693,56,7.533382737639492,78.71144718228317,73.4550849425174,255.2873262478048,40,166,Nenhuma,0.280588835477829
321,24.692307692307693,64,167.62595660913968,12.651874974712669,202.37842306318822,108.9822068917819,185,60,Nenhuma,0.280588835477829
321,24.692307692307693,67,127.6032514637789,24.46034083728768,155.48328339479383,98.96753660973653,141,61,Nenhuma,0.280588835477829
321,24.692307692307693,77,5.620405854619079,87.6691423819995,69.48810389514678,220.9808925140373,37,154,Nenhuma,0.280588835477829
321,24.692307692307693,88,31.89892576117274,73.03242672853459,61.95138843516529,119.91251468666192,46,96,Nenhuma,0.280588835477829
321,24.692307692307693,100,118.10253438710939,24.632404572358354,154.37054580729762,74.37530042552288,136,49,Nenhuma,0.280588835477829
321,24.692307692307693,102,56.52620735973313,183.66021613160234,155.44442245635065,356.4801540272902,105,270,Nenhuma,0.280588835477829
321,24.692307692307693,103,399.86994949900617,50.79920134408904,431.4107197571616,136.77717389683107,415,93,Nenhuma,0.280588835477829
321,24.692307692307693,106,299.3392220938323,307.70084270158884,382.3337891779819,359.00000000000006,340,333,Nenhuma,0.280588835477829
322,24.76923076923077,1,358.8284918819581,31.869216265359547,401.9063062024434,131.8870302374999,380,81,Nenhuma,0.2859301269054413
322,24.76923076923077,19,410.52986962566416,56.83788451667235,477.0660975678394,212.7739141185131,443,134,Nenhuma,0.2859301269054413
322,24.76923076923077,34,142.15346756038002,26.980452187832775,179.08661506722828,114.26023459999399,160,70,Nenhuma,0.2859301269054413
322,24.76923076923077,55,97.56354847258359,43.575180251233135,167.39483223281002,179.17234906943656,132,111,Nenhuma,0.2859301269054413
322,24.76923076923077,56,7.18201059626174,78.43007619148594,73.80326677008969,256.8808017395887,40,167,Nenhuma,0.2859301269054413
322,24.76923076923077,64,167.69479531430594,12.871618295976788,202.30785815110403,108.98413628225387,185,60,Nenhuma,0.2859301269054413
322,24.76923076923077,67,126.3963769933735,24.377325492620955,154.15991501849368,98.57354561282764,140,61,Nenhuma,0.2859301269054413
322,24.76923076923077,77,2.9502917959110135,86.69384389893524,70.71944812901798,227.07687786433735,36,156,Nenhuma,0.2859301269054413
322,24.76923076923077,88,32.297438111945404,73.03652917473738,62.34999222623883,119.15754612823117,47,96,Nenhuma,0.2859301269054413
322,24.76923076923077,100,119.32214020862409,23.466563971595377,154.67921006368812,73.54347653341803,137,48,Nenhuma,0.2859301269054413
322,24.76923076923077,102,57.23802269728309,187.75191312297227,154.62126414934528,357.8901895583881,105,272,Nenhuma,0.2859301269054413
322,24.76923076923077,103,399.64962143962975,50.49924968654713,430.41218056256116,136.92127460194237,415,93,Nenhuma,0.2859301269054413
322,24.76923076923077,106,298.65124145979905,306.4430983045925,383.4300107358384,359.0,341,332,Nenhuma,0.2859301269054413
322,24.76923076923077,111,6.446663630103259,88.96688497171613,155.13203962117404,354.0,80,221,Nenhuma,0.2859301269054413
323,24.846153846153847,1,358.2591356898846,31.952625468710593,401.344339797453,132.0057592420373,379,81,Nenhuma,0.28555214405059814
323,24.846153846153847,19,408.0046963541463,53.20100774123746,475.64941746073515,212.35188521936732,441,132,Nenhuma,0.28555214405059814
323,24.846153846153847,34,142.5779434072293,27.075928088482826,178.9011195454069,113.72202928708877,160,70,Nenhuma,0.28555214405059814
323,24.846153846153847,55,97.4471720919579,43.682844629878645,167.31748047789466,179.0724646736113,132,111,Nenhuma,0.28555214405059814
323,24.846153846153847,64,167.15417377868246,12.293670119581904,202.18612261588953,109.6475157667145,184,60,Nenhuma,0.28555214405059814
323,24.846153846153847,67,125.58731082698893,24.90069189326679,148.97925438441092,85.1361407218628,137,55,Nenhuma,0.28555214405059814
323,24.846153846153847,77,1.1581459944347046,89.45992355011215,73.21094551314619,238.91240348450594,37,164,Nenhuma,0.28555214405059814
323,24.846153846153847,88,32.04693321206629,73.0341629822791,62.19779296173134,118.90567990156194,47,95,Nenhuma,0.28555214405059814
323,24.846153846153847,100,120.63380454137081,21.213727744975927,154.89856729172163,69.74365919350093,137,45,Nenhuma,0.28555214405059814
323,24.846153846153847,102,60.59501666739857,194.57027728647907,154.82609252337434,357.3131612389377,107,275,Nenhuma,0.28555214405059814
323,24.846153846153847,103,398.8912452949591,49.40689795702151,430.04948651831745,136.9407982285938,414,93,Nenhuma,0.28555214405059814
323,24.846153846153847,106,299.30534200628153,306.6109344109748,383.6379749275656,359.0,341,332,Nenhuma,0.28555214405059814
323,24.846153846153847,111,5.407420889547367,88.6012914243318,154.2978977866735,354.0,79,221,Nenhuma,0.28555214405059814
323,24.846153846153847,112,98.12312622447229,43.99999999999999,162.8602097931619,124.0166639823658,130,84,Nenhuma,0.28555214405059814
324,24.923076923076923,1,358.23405727125055,31.984385467451446,401.602071961235,132.04563830300714,379,82,Nenhuma,0.2637319266796112
324,24.923076923076923,19,405.01977614671796,53.1919003722838,471.28227295094695,207.65369969314582,438,130,Nenhuma,0.2637319266796112
324,24.923076923076923,34,143.46803414787578,27.102443855563955,179.37505170722233,113.48267113513506,161,70,Nenhuma,0.2637319266796112
324,24.923076923076923,55,97.23806430364992,43.08235048014957,167.47762571660434,179.03328500573065,132,111,Nenhuma,0.2637319266796112
324,24.923076923076923,64,167.33564377564562,12.077485237868132,202.41435728839613,109.89661933306853,184,60,Nenhuma,0.2637319266796112
324,24.923076923076923,67,125.08677498799247,24.97107046531065,148.32724505635113,83.07731800211543,136,54,Nenhuma,0.2637319266796112
324,24.923076923076923,77,0.17269471322915564,89.79759584558698,73.90092579928222,242.7257579962404,37,166,Nenhuma,0.2637319266796112
324,24.923076923076923,88,31.6450015661207,73.0302754036264,63.81254687877765,122.2427889433495,47,97,Nenhuma,0.2637319266796112
324,24.923076923076923,100,121.9454671884579,18.960891518356476,155.1179262054148,65.94384185358383,138,42,Nenhuma,0.2637319266796112
324,24.923076923076923,102,61.68369039783567,198.97539117376397,154.04828799610604,358.49479361530234,107,278,Nenhuma,0.2637319266796112
324,24.923076923076923,103,398.1328703971175,48.314546227495896,429.6867912272447,136.96032185524524,413,92,Nenhuma,0.2637319266796112
324,24.923076923076923,106,299.57103972683456,306.04727757221167,384.4097632422558,359.0,341,332,Nenhuma,0.2637319266796112
324,24.923076923076923,111,6.643330412104717,95.05332199237259,153.09232383305653,354.8780730073838,79,224,Nenhuma,0.2637319266796112
324,24.923076923076923,112,97.86620183641975,43.23889758927766,163.84722528443922,124.80877770058572,130,84,Nenhuma,0.2637319266796112
325,25.0,1,358.11506901626205,31.99630747297808,401.15137132225647,130.73453022718166,379,81,Nenhuma,0.2533971965312958
325,25.0,19,399.2688895679929,54.60396744342306,460.91384800290666,200.58718323932533,430,127,Nenhuma,0.2533971965312958
325,25.0,34,143.86627868534254,27.104068306736245,179.4516713700798,113.36652476767614,161,70,Nenhuma,0.2533971965312958
325,25.0,55,97.44283309188748,44.189220267866475,167.2757944022224,179.01761457267958,132,111,Nenhuma,0.2533971965312958
325,25.0,64,167.4386405518952,11.997925324111037,202.46975232187788,109.98933431856949,184,60,Nenhuma,0.2533971965312958
325,25.0,67,125.38036747370568,24.990026977939632,148.34998524706828,81.06522708261757,136,53,Nenhuma,0.2533971965312958
325,25.0,77,-3.925565957492033,92.27274892073798,79.36151904456449,267.7748172727753,37,180,Nenhuma,0.2533971965312958
325,25.0,88,32.19341341713191,73.02803510961726,63.69704980141488,121.47262534445612,47,97,Nenhuma,0.2533971965312958
325,25.0,100,123.25712814988538,16.708055291737026,155.33728680476753,62.144024513666736,139,39,Nenhuma,0.2533971965312958
325,25.0,102,62.772363641072616,203.38050506104884,153.2704839560379,359.6764259916669,108,281,Nenhuma,0.2533971965312958
325,25.0,103,397.37449674610485,47.22219449797028,429.3240946893429,136.9798454818967,413,92,Nenhuma,0.2533971965312958
325,25.0,106,298.03656383616493,305.8480625260745,383.1088032968646,359.0,340,332,Nenhuma,0.2533971965312958
325,25.0,111,6.790388110327456,95.3905894046053,153.52069690203982,354.2905194559774,80,224,Nenhuma,0.2533971965312958
325,25.0,112,97.79732600932157,44.45177025215438,164.16081945993324,126.51286781622403,130,85,Nenhuma,0.2533971965312958
326,25.076923076923077,1,357.9725345782599,32.66487179446874,400.416287590756,129.569171309639,379,81,Nenhuma,0.2896695137023926
326,25.076923076923077,19,397.9763303715257,53.17007104681106,456.94562611875256,196.0081441987354,427,124,Nenhuma,0.2896695137023926
326,25.076923076923077,34,143.85602188390433,27.09707140967364,179.60025126048933,113.96060536827599,161,70,Nenhuma,0.2896695137023926
326,25.076923076923077,55,97.63841604284275,45.29045741678077,167.1037935511311,179.01090006749348,132,112,Nenhuma,0.2896695137023926
326,25.076923076923077,64,167.4126002060936,11.970951414588093,202.55648509303933,110.02172375276771,184,60,Nenhuma,0.2896695137023926
326,25.076923076923077,67,124.86613730799775,24.99672615450226,148.38556802927513,81.1486307956657,136,53,Nenhuma,0.2896695137023926
326,25.076923076923077,77,-2.1411154292424257,94.16837723476418,79.1193775662845,265.5912811710524,38,179,Nenhuma,0.2896695137023926
326,25.076923076923077,88,30.964909462017527,73.02392521362276,65.75117854362593,127.1847791053444,48,100,Nenhuma,0.2896695137023926
326,25.076923076923077,102,63.861036397109416,207.7856189483337,152.4926804031699,360.8580583680315,108,284,Nenhuma,0.2896695137023926
326,25.076923076923077,106,300.7096349252028,307.74948783448076,382.6398594209126,359.00000000000006,341,333,Nenhuma,0.2896695137023926
326,25.076923076923077,111,6.650379164331483,96.58019735736079,152.73279278151307,354.33693474043946,79,225,Nenhuma,0.2896695137023926
326,25.076923076923077,112,98.64008723038788,44.88147968944016,163.3949706360135,124.94612520864166,131,84,Nenhuma,0.2896695137023926
327,25.153846153846153,1,358.15332902537773,32.91501738144065,400.5784993563926,129.1343831786595,379,81,Nenhuma,0.25776898860931396
327,25.153846153846153,19,397.7727224893419,52.69112708591959,454.6975432126296,193.09862388735777,426,122,Nenhuma,0.25776898860931396
327,25.153846153846153,34,143.74462491631607,26.42996865519528,179.7281433387244,114.16634386785553,161,70,Nenhuma,0.25776898860931396
327,25.153846153846153,55,97.43753835759463,46.37854472228361,166.6693784932894,179.0078073878311,132,112,Nenhuma,0.25776898860931396
327,25.153846153846153,64,167.37965892907036,11.96386597756208,202.61233156999722,110.03118323816328,184,60,Nenhuma,0.25776898860931396
327,25.153846153846153,67,123.5794212309324,24.312994942740083,148.8927558072233,83.98377913226537,136,54,Nenhuma,0.25776898860931396
327,25.153846153846153,77,-0.7916108176427556,94.91953507881782,79.69643388600579,264.405286110767,39,179,Nenhuma,0.25776898860931396
327,25.153846153846153,88,30.476301226748838,73.02260787595404,66.53786937554736,129.87721278653777,48,101,Nenhuma,0.25776898860931396
327,25.153846153846153,106,300.6879050689421,307.84287849991404,382.2303516825232,359.0,341,333,Nenhuma,0.25776898860931396
327,25.153846153846153,111,6.5103702354296615,97.76980531011628,151.94488864389214,354.38335002490146,79,226,Nenhuma,0.25776898860931396
327,25.153846153846153,112,99.40861297032566,45.73024933421789,162.64410247265297,123.64310422532239,131,84,Nenhuma,0.25776898860931396
328,25.23076923076923,1,358.8070299592729,34.336059045504854,400.7244570995795,128.31368087907134,379,81,Nenhuma,0.2557242512702942
328,25.23076923076923,19,398.14786097527684,52.55962510077748,453.56465697735763,191.4673124055695,425,122,Nenhuma,0.2557242512702942
328,25.23076923076923,34,144.2122285273809,26.828311812082283,179.89063617363107,114.22561753927445,162,70,Nenhuma,0.2557242512702942
328,25.23076923076923,55,97.14947793068579,47.45547358264827,166.0719818052827,179.00617286367083,131,113,Nenhuma,0.2557242512702942
328,25.23076923076923,64,167.72372741548358,11.964061940357205,202.93634247609168,110.03215234883834,185,60,Nenhuma,0.2557242512702942
328,25.23076923076923,67,123.39798253627153,24.734043774992735,148.8322864515204,83.68975166474678,136,54,Nenhuma,0.2557242512702942
328,25.23076923076923,77,0.0820720933877439,95.1905298635505,78.27781546601997,259.2730122195501,39,177,Nenhuma,0.2557242512702942
328,25.23076923076923,88,30.394872052936023,73.0203590645607,66.72541102487689,130.93387364975578,48,101,Nenhuma,0.2557242512702942
328,25.23076923076923,102,73.94924078104444,231.9255107793013,150.52514313040422,357.40750318037294,112,294,Nenhuma,0.2557242512702942
328,25.23076923076923,106,300.2118661287581,307.2235577747251,382.56461581383127,358.99999999999994,341,333,Nenhuma,0.2557242512702942
328,25.23076923076923,111,6.370361323621992,98.95941326287179,151.1569844891771,354.42976530936346,78,226,Nenhuma,0.2557242512702942
328,25.23076923076923,112,99.34533672565735,46.018039525224545,162.706399545313,123.87283374822536,131,84,Nenhuma,0.2557242512702942
329,25.307692307692307,1,358.64030848097997,34.19384704983242,401.19681009082353,129.3554547294204,379,81,Nenhuma,0.27240973711013794
329,25.307692307692307,19,404.70034057110263,51.20708438865876,449.55454256334355,158.7104324530309,427,104,Nenhuma,0.27240973711013794
329,25.307692307692307,34,143.9267945742053,26.317861799215834,179.7227937627634,114.22795171568937,161,70,Nenhuma,0.27240973711013794
329,25.307692307692307,55,97.28093895461156,49.18728971011643,165.6262840792685,179.00515121911968,131,114,Nenhuma,0.27240973711013794
329,25.307692307692307,64,167.9609717441917,11.966723521371456,202.95084701056675,109.37024556956521,185,60,Nenhuma,0.27240973711013794
329,25.307692307692307,67,122.51307416726804,24.902407513750752,149.05402519814422,85.64952902291176,135,55,Nenhuma,0.27240973711013794
329,25.307692307692307,77,1.2019613375328433,95.26964985359845,78.24956873741897,255.7834423454129,39,175,Nenhuma,0.27240973711013794
329,25.307692307692307,88,30.561185403632027,73.01800149763335,65.29649299412843,128.0860200187484,47,100,Nenhuma,0.27240973711013794
329,25.307692307692307,102,76.05847897956156,237.96803689097786,152.0822914813798,357.249456665819,114,297,Nenhuma,0.27240973711013794
329,25.307692307692307,106,300.54199359970653,307.65357418864863,382.1996085219736,359.0,341,333,Nenhuma,0.27240973711013794
329,25.307692307692307,112,96.04509131478832,47.47894570705582,165.31579555851295,132.87475226421563,130,90,Nenhuma,0.27240973711013794
330,25.384615384615383,1,358.5435550460161,33.47248061952795,402.0683519990654,131.06850728702022,380,82,Nenhuma,0.2615777552127838
330,25.384615384615383,19,404.2543579779284,50.80241540327383,444.73275311906707,146.1452674046539,424,98,Nenhuma,0.2615777552127838
330,25.384615384615383,34,143.55129505886427,26.12194909684876,179.24188934196874,114.21349920153699,161,70,Nenhuma,0.2615777552127838
330,25.384615384615383,55,97.10377470326407,49.16483142902079,165.70606329286323,179.00439371325348,131,114,Nenhuma,0.2615777552127838
330,25.384615384615383,64,168.04572757729449,11.970193733824274,202.9580221628213,109.11784763842928,185,60,Nenhuma,0.2615777552127838
330,25.384615384615383,67,122.15380876592326,24.964578222204093,149.87373432055972,87.70803155950172,136,56,Nenhuma,0.2615777552127838
330,25.384615384615383,77,3.08404138656541,90.6825819761914,82.6885808732795,254.32992583456274,42,172,Nenhuma,0.2615777552127838
330,25.384615384615383,88,30.38468509386104,73.01524080487127,64.29088915976608,126.23621054558389,47,99,Nenhuma,0.2615777552127838
330,25.384615384615383,102,69.84283687793001,241.14517764584056,148.69310358526423,357.21748549261054,109,299,Nenhuma,0.2615777552127838
330,25.384615384615383,106,295.33508540973287,311.1325324298458,374.1984191460948,358.99999999999994,334,335,Nenhuma,0.2615777552127838
330,25.384615384615383,112,97.60489557319679,47.99497725801557,163.5101571062675,128.89246791190754,130,88,Nenhuma,0.2615777552127838
331,25.46153846153846,1,358.6632358658577,33.85245901733185,402.23841303124243,131.71359024943294,380,82,Nenhuma,0.3328280746936798
331,25.46153846153846,19,401.4108736579165,49.2410891178513,440.95574826018446,141.17271777694992,421,95,Nenhuma,0.3328280746936798
331,25.46153846153846,34,143.27912115240312,26.704559936560933,178.50540039210819,114.19302752043424,160,70,Nenhuma,0.3328280746936798
331,25.46153846153846,55,97.26216205289964,49.14585045750651,166.1916771105978,179.0038343160938,131,114,Nenhuma,0.3328280746936798
331,25.46153846153846,64,168.1738091026767,12.635123913301427,202.86077919814002,109.02395380608935,185,60,Nenhuma,0.3328280746936798
331,25.46153846153846,67,122.07898575804664,24.988216654257833,150.16871853775834,87.84231600779279,136,56,Nenhuma,0.3328280746936798
331,25.46153846153846,77,3.9119377942738893,92.19821892148043,83.57545983418507,253.71360869616308,43,172,Nenhuma,0.3328280746936798
331,25.46153846153846,88,31.127673387615687,73.6792239824874,63.10272829547975,122.86205905929714,47,98,Nenhuma,0.3328280746936798
331,25.46153846153846,102,67.09511660954519,242.70194828869688,148.8718119446691,357.18945642304936,107,299,Nenhuma,0.3328280746936798
331,25.46153846153846,106,292.7179542351208,312.4770093396613,371.77914148311476,359.0,332,335,Nenhuma,0.3328280746936798
331,25.46153846153846,112,97.49436801642078,48.50286696000056,163.56135050110993,129.59886495634174,130,89,Nenhuma,0.3328280746936798
332,25.53846153846154,1,357.68732606968257,34.65341344896936,402.00183649943045,134.59482663311732,379,84,Nenhuma,0.26485398411750793
332,25.53846153846154,19,399.45447092822934,46.63279738901176,439.50626573414536,139.81842499089294,419,93,Nenhuma,0.26485398411750793
332,25.53846153846154,34,143.2253460726268,26.925181872278692,178.15590750856984,114.17102023263791,160,70,Nenhuma,0.26485398411750793
332,25.53846153846154,55,97.39328373597675,49.79154721174143,166.31823893781672,179.00336061359127,131,114,Nenhuma,0.26485398411750793
332,25.53846153846154,64,168.20769877590192,12.887358057591008,202.83459398206003,108.99047377675925,185,60,Nenhuma,0.26485398411750793
332,25.53846153846154,67,121.994552511218,24.997250483930713,150.3919812074202,87.90135897411923,136,56,Nenhuma,0.26485398411750793
332,25.53846153846154,77,3.835590394221825,93.4436517680087,83.62756214690113,253.35581428270046,43,173,Nenhuma,0.26485398411750793
332,25.53846153846154,88,31.762503990666268,73.92782895945801,63.66347649697539,122.2536514834302,47,98,Nenhuma,0.26485398411750793
332,25.53846153846154,102,66.59153450650525,244.40675831469173,150.5775103114762,357.1631300083202,108,300,Nenhuma,0.26485398411750793
332,25.53846153846154,106,293.96544617481766,313.6249948430517,372.8452761056251,358.99999999999994,333,336,Nenhuma,0.26485398411750793
332,25.53846153846154,112,98.01404512018837,48.208199776406346,162.98521011464254,127.68083133696506,130,87,Nenhuma,0.26485398411750793
333,25.615384615384617,1,356.1553429127913,33.64098425755903,400.4553507279274,134.36336467315823,378,84,Nenhuma,0.26082104444503784
333,25.615384615384617,19,398.693797435927,45.79660315939376,438.53764817841477,138.16199810206425,418,91,Nenhuma,0.26082104444503784
333,25.615384615384617,34,142.76088273088533,27.005398156069518,177.795354414587,114.8120565070654,160,70,Nenhuma,0.26082104444503784
333,25.615384615384617,55,97.2247382439933,50.02486183171153,165.93203328235973,178.33900958806913,131,114,Nenhuma,0.26082104444503784
333,25.615384615384617,64,168.10464741614075,12.317961625684617,202.93717833939843,108.97987000769794,185,60,Nenhuma,0.26082104444503784
333,25.615384615384617,67,122.03383633157719,25.000517952207062,150.4447711391047,87.2680143937084,136,56,Nenhuma,0.26082104444503784
333,25.615384615384617,77,3.9983607464230744,93.90986362176827,84.73958669785165,253.79225853648572,44,173,Nenhuma,0.26082104444503784
333,25.615384615384617,88,34.27004996797622,74.01314119186917,68.31340217745279,124.06073489999456,51,99,Nenhuma,0.26082104444503784
333,25.615384615384617,102,65.71324234691008,245.48726582380596,151.9096746174954,357.1389873197537,108,301,Nenhuma,0.26082104444503784
333,25.615384615384617,106,292.0629867486752,314.028804799961,372.30349774838044,359.00000000000006,332,336,Nenhuma,0.26082104444503784
333,25.615384615384617,112,99.15883048182647,48.880731018116045,162.51084790697988,125.95518591582129,130,87,Nenhuma,0.26082104444503784
334,25.692307692307693,1,356.30997568262273,33.24554086227525,399.12328983723484,130.31992999372508,377,81,Nenhuma,0.2607607841491699
334,25.692307692307693,19,396.23978159808416,47.641341298342276,435.69294067398897,137.85357157027013,415,92,Nenhuma,0.2607607841491699
334,25.692307692307693,34,142.2211356587124,27.03241727337266,177.35763681466037,115.70209857177198,159,71,Nenhuma,0.2607607841491699
334,25.692307692307693,55,97.09505974235451,50.10116781229815,165.8635249253308,178.08992835230407,131,114,Nenhuma,0.2607607841491699
334,25.692307692307693,64,167.78024691876496,12.102959694543244,202.59821813885446,108.97763675977757,185,60,Nenhuma,0.2607607841491699
334,25.692307692307693,67,121.57894729964397,25.001576374817787,150.30872863195805,87.69696059367709,135,56,Nenhuma,0.2607607841491699
334,25.692307692307693,77,3.5341541377556425,96.04858537519344,84.34268474680309,254.545478977951,43,175,Nenhuma,0.2607607841491699
334,25.692307692307693,88,32.56190178932853,74.04168583817537,66.6821853013127,124.05907147336468,49,99,Nenhuma,0.2607607841491699
334,25.692307692307693,102,64.9736050479367,245.6942055126794,153.51128138714296,357.11899322854373,109,301,Nenhuma,0.2607607841491699
334,25.692307692307693,106,293.16544942589934,314.8313501228256,373.73503029261366,359.0,333,336,Nenhuma,0.2607607841491699
334,25.692307692307693,112,98.29945303107934,48.42604608522082,162.2485550561558,126.02485102817697,130,87,Nenhuma,0.2607607841491699
335,25.76923076923077,1,355.7816280353885,33.0893892620862,397.8810211648701,128.74255170758647,376,80,Nenhuma,0.2902054786682129
335,25.76923076923077,19,394.2691400714775,44.88878789753161,434.5505283970956,136.60397192944512,414,90,Nenhuma,0.2902054786682129
335,25.76923076923077,34,142.19228763726733,27.039477671302997,177.01200866270642,115.37037226974448,159,71,Nenhuma,0.2902054786682129
335,25.76923076923077,55,96.98614005336961,50.119393754640285,165.9088570293926,177.99958808601764,131,114,Nenhuma,0.2902054786682129
335,25.76923076923077,64,167.6803306577376,12.022361175137071,202.44496727714946,108.97853046323652,185,60,Nenhuma,0.2902054786682129
335,25.76923076923077,67,121.76763928357562,25.001836331180165,150.58620123112343,87.86202397519304,136,56,Nenhuma,0.2902054786682129
335,25.76923076923077,77,3.152903798653739,96.84977783511543,85.68319949407565,257.39973516790565,44,177,Nenhuma,0.2902054786682129
335,25.76923076923077,88,31.104576398084347,74.04750634767898,64.8210329315036,123.38992165257997,47,98,Nenhuma,0.2902054786682129
335,25.76923076923077,102,63.84452639809188,246.30191552745308,154.2779225859836,357.1028583688986,109,301,Nenhuma,0.2902054786682129
335,25.76923076923077,106,293.00375338398266,315.33115044883687,372.6618527512084,359.0,332,337,Nenhuma,0.2902054786682129
335,25.76923076923077,112,97.93937985179406,48.25076893022234,162.20466223398932,126.04661263798079,130,87,Nenhuma,0.2902054786682129
336,25.846153846153847,1,356.40884965096154,32.36475409489235,397.9499125448028,126.83219939540568,377,79,Nenhuma,0.26473140716552734
336,25.846153846153847,19,392.78753277074657,43.95014665042556,433.6858985230797,136.28894949708447,413,90,Nenhuma,0.26473140716552734
336,25.846153846153847,34,142.11921435925427,27.038765270451705,176.94163538774882,115.88832842578572,159,71,Nenhuma,0.26473140716552734
336,25.846153846153847,55,96.8907065892063,50.11672572506699,165.99061665029907,177.96918693527803,131,114,Nenhuma,0.26473140716552734
336,25.846153846153847,64,167.66463112880805,11.993366880864933,202.3655490094598,108.98041069433057,185,60,Nenhuma,0.26473140716552734
336,25.846153846153847,67,122.00179342265463,25.001790995294677,151.21766089908917,88.58831219622672,136,56,Nenhuma,0.26473140716552734
336,25.846153846153847,77,2.70031004330756,97.79045755484032,85.16410544236697,257.10660466434575,43,177,Nenhuma,0.26473140716552734
336,25.846153846153847,88,29.83875032038302,74.71203437004904,65.47964822745672,127.1332947255583,47,100,Nenhuma,0.26473140716552734
336,25.846153846153847,102,62.92833705709542,245.70814132188517,155.7448068235674,357.08884614840633,109,301,Nenhuma,0.26473140716552734
336,25.846153846153847,106,292.8420598803492,315.83095077484813,371.58867267152,359.0,332,337,Nenhuma,0.26473140716552734
336,25.846153846153847,112,97.524051461944,48.172476452310384,162.4736605465751,126.71601955998858,129,87,Nenhuma,0.26473140716552734
337,25.923076923076923,1,356.37487728227967,32.095379845091834,397.59816793861603,126.13192912541578,376,79,Nenhuma,0.2515636682510376
337,25.923076923076923,19,392.4877773654746,43.64948597824421,433.9429568472038,136.32963448036173,413,89,Nenhuma,0.2515636682510376
337,25.923076923076923,34,141.86606116452137,26.377758058861296,176.48351507887696,115.41466982569193,159,70,Nenhuma,0.2515636682510376
337,25.923076923076923,55,96.78297423028859,49.44452657178235,166.76517979164095,178.62388078285414,131,114,Nenhuma,0.2515636682510376
337,25.923076923076923,64,167.57786274842113,11.984013227416042,202.41784049586465,109.64317529404764,184,60,Nenhuma,0.2515636682510376
337,25.923076923076923,67,121.95428424907156,25.001658672693345,151.61244572400776,89.52144607798317,136,57,Nenhuma,0.2515636682510376
337,25.923076923076923,77,1.692468687032239,97.46750689212647,83.12964456607315,254.27487309122975,42,175,Nenhuma,0.2515636682510376
337,25.923076923076923,88,29.799782885108822,74.95342619996192,65.94445673292248,128.49933850064403,47,101,Nenhuma,0.2515636682510376
337,25.923076923076923,102,61.819258099586094,244.71521670863177,157.05825433923297,357.0777102464977,109,300,Nenhuma,0.2515636682510376
337,25.923076923076923,106,292.68036891499895,316.3307511008594,370.5154900535483,359.0,331,337,Nenhuma,0.2515636682510376
337,25.923076923076923,112,97.40044603537946,47.47113036081503,163.21056771926322,126.96235265559898,130,87,Nenhuma,0.2515636682510376
338,26.0,1,356.55548481732365,31.998265074835807,397.2904484913912,124.55724863190665,376,78,Nenhuma,0.2582015097141266
338,26.0,19,392.1226593356806,42.90668387274087,434.4201734787574,135.80466717307144,413,89,Nenhuma,0.2582015097141266
338,26.0,34,141.8460161901065,26.124689497148594,176.2353826457939,115.22286470375245,159,70,Nenhuma,0.2582015097141266
338,26.0,55,96.5699530200801,49.84578323013149,166.57560105607416,178.87167367094253,131,114,Nenhuma,0.2582015097141266
338,26.0,64,167.67377008932985,12.640817199339999,202.31046501808015,109.89345449425448,184,61,Nenhuma,0.2582015097141266
338,26.0,67,121.94110679520372,25.001503928620295,151.77370916181638,89.87422045777576,136,57,Nenhuma,0.2582015097141266
338,26.0,77,1.2420500475003138,96.65692880032266,82.4071328391443,252.4720582516802,41,174,Nenhuma,0.2582015097141266
338,26.0,88,28.832882678397706,75.04131987071904,65.12658744327669,129.0155485173717,46,102,Nenhuma,0.2582015097141266
338,26.0,102,59.42259219673449,242.92305533060843,157.5257027692936,357.06831782144525,108,299,Nenhuma,0.2582015097141266
338,26.0,112,97.52055399847515,47.85912407297094,162.666685722843,126.38880875797967,130,87,Nenhuma,0.2582015097141266
339,26.076923076923077,1,355.38226848689624,31.966196960733036,397.09804715449536,127.32888662374941,376,79,Nenhuma,0.26233774423599243
339,26.076923076923077,19,390.15976938029655,41.328479401667536,433.1818709997208,135.05411242581823,411,88,Nenhuma,0.26233774423599243
339,26.076923076923077,34,141.9086265392943,26.029383129506996,176.0754563798668,115.14131862970056,158,70,Nenhuma,0.26233774423599243
339,26.076923076923077,55,96.61588195900276,50.65500426304497,166.3819454624724,178.96561905905475,131,114,Nenhuma,0.26233774423599243
339,26.076923076923077,64,167.7268015558384,12.89143234496806,202.25477912654458,109.98658413652859,184,61,Nenhuma,0.26233774423599243
339,26.076923076923077,67,121.69319114859901,25.001340927113134,151.43629973842764,89.34745970298218,136,57,Nenhuma,0.26233774423599243
339,26.076923076923077,77,0.7194147200806924,96.9990680286787,82.48749119402612,253.74646939353613,41,175,Nenhuma,0.26233774423599243
339,26.076923076923077,88,28.500812737190998,75.06866649380555,64.76897215694026,129.19312946689485,46,102,Nenhuma,0.26233774423599243
339,26.076923076923077,102,59.94632274097215,244.54214603104884,156.75490769002585,357.1801123984994,108,300,Nenhuma,0.26233774423599243
339,26.076923076923077,112,99.28795329991871,48.66644004040404,162.73503597549973,124.8325642288639,131,86,Nenhuma,0.26233774423599243
340,26.153846153846153,1,354.65483177298745,31.956778312013874,397.33462558399316,130.3286969304975,375,81,Nenhuma,0.25046467781066895
340,26.153846153846153,19,392.04060100948067,40.77898826648133,436.20769659279006,134.87041483375486,414,87,Nenhuma,0.25046467781066895
340,26.153846153846153,34,141.9963206382249,25.994802699070796,175.955774037687,115.10332790535841,158,70,Nenhuma,0.25046467781066895
340,26.153846153846153,55,96.59611947593518,50.954524626433354,166.35203849086727,178.9999554592925,131,114,Nenhuma,0.25046467781066895
340,26.153846153846153,64,167.38333115600383,12.984219540922204,201.93757960988424,110.01911608766065,184,61,Nenhuma,0.25046467781066895
340,26.153846153846153,67,121.79464106046088,25.001179386778468,151.12591719093595,88.48056863624464,136,56,Nenhuma,0.25046467781066895
340,26.153846153846153,77,-0.9640205680823186,97.77536750356967,83.34678936199138,260.1356679468292,41,178,Nenhuma,0.25046467781066895
340,26.153846153846153,88,28.41503082454111,75.07318868286228,64.5977258774745,129.2405514514605,46,102,Nenhuma,0.25046467781066895
340,26.153846153846153,102,53.955980370677985,238.16113397277275,157.4167184013585,357.06208398627336,105,297,Nenhuma,0.25046467781066895
340,26.153846153846153,112,100.12632445913576,49.63407886781178,162.5914469954609,124.24316635656442,131,86,Nenhuma,0.25046467781066895
341,26.23076923076923,1,354.81041259986824,32.60892268479898,396.3565214550842,128.86408863898595,375,80,Nenhuma,0.2575666010379791
341,26.23076923076923,19,391.63888219851475,40.61189721542383,435.87128252335884,133.56310548156836,413,87,Nenhuma,0.2575666010379791
341,26.23076923076923,34,141.29543687553718,25.323701028073252,174.010396613374,111.78437525519263,157,68,Nenhuma,0.2575666010379791
341,26.23076923076923,55,96.24554261947537,49.7345590775963,166.68959074870259,179.0115569880772,131,114,Nenhuma,0.2575666010379791
341,26.23076923076923,64,167.242236983764,13.016818300345484,201.8314629338725,110.02876091801008,184,61,Nenhuma,0.2575666010379791
341,26.23076923076923,67,121.59452008843732,25.001032707256062,150.59858017703982,87.48777431753247,136,56,Nenhuma,0.2575666010379791
341,26.23076923076923,77,-2.0517955961142604,96.75492461663691,83.47648494363081,262.50897647356976,40,179,Nenhuma,0.2575666010379791
341,26.23076923076923,88,28.981185627266214,75.06958263951566,63.94233570799945,127.27093498904175,46,101,Nenhuma,0.2575666010379791
341,26.23076923076923,102,53.834696189572234,238.8979572402682,156.7305436262325,357.14853322153635,105,298,Nenhuma,0.2575666010379791
341,26.23076923076923,112,99.81341166021532,48.63888335926464,162.4839635483192,123.35904117303733,131,85,Nenhuma,0.2575666010379791
342,26.307692307692307,1,355.52873449186325,33.53101889319289,395.34497706544437,126.29403497087505,375,79,Nenhuma,0.32530468702316284
342,26.307692307692307,19,391.79417863685086,41.258232317648144,436.85050295225574,134.5045650713607,414,87,Nenhuma,0.32530468702316284
342,26.307692307692307,34,141.3931777423069,25.07031033928196,174.91469327587265,114.52184415512095,158,69,Nenhuma,0.32530468702316284
342,26.307692307692307,55,95.64891766450793,47.293460743046595,167.28600453465916,179.01475837070467,131,113,Nenhuma,0.32530468702316284
342,26.307692307692307,64,167.5577640811183,13.026648880471264,202.08768694881581,110.02994031543835,184,61,Nenhuma,0.32530468702316284
342,26.307692307692307,67,121.36027219705379,24.335422614514453,150.57432575118602,87.11738787510777,135,55,Nenhuma,0.32530468702316284
342,26.307692307692307,77,-1.5674185452731209,96.99738409219604,80.67351211258486,256.85527727835984,39,176,Nenhuma,0.32530468702316284
342,26.307692307692307,88,29.187641886879447,74.39465191099927,63.71359829232513,125.82441857935422,46,100,Nenhuma,0.32530468702316284
342,26.307692307692307,102,53.71341765867965,239.63478050776365,156.04436320089334,357.2349824567993,104,298,Nenhuma,0.32530468702316284
342,26.307692307692307,112,100.03465700921407,48.791640346229606,162.3766489282691,123.12004503318136,131,85,Nenhuma,0.32530468702316284
343,26.384615384615383,1,355.53993243323725,32.535660158468566,393.9069777708435,122.64526107755029,374,77,Nenhuma,0.34809044003486633
343,26.384615384615383,19,381.4060527115585,39.52865567006179,430.41424052208134,134.91973076485914,405,87,Nenhuma,0.34809044003486633
343,26.384615384615383,34,141.62878697110676,25.634189217632823,175.0509575460108,115.5227034622598,158,70,Nenhuma,0.34809044003486633
343,26.384615384615383,55,95.43845756910991,45.06023261038344,168.15601586267542,179.01493367775356,131,112,Nenhuma,0.34809044003486633
343,26.384615384615383,64,167.69361251009477,13.02804175403557,202.17153607784547,110.02815991834954,184,61,Nenhuma,0.34809044003486633
343,26.384615384615383,67,121.65237021425156,24.08881229016457,150.19885821488515,85.00020394919073,135,54,Nenhuma,0.34809044003486633
343,26.384615384615383,77,-1.9457869531715488,97.23546299683014,80.58553706888108,257.65758372976643,39,177,Nenhuma,0.34809044003486633
343,26.384615384615383,88,28.864559258979924,74.80723168019296,64.03603439205015,127.28035415310745,46,101,Nenhuma,0.34809044003486633
343,26.384615384615383,102,53.59214477800022,240.3716037752591,155.358177125341,357.3214316920622,104,298,Nenhuma,0.34809044003486633
343,26.384615384615383,111,4.605054345214086,92.14072712869219,156.29627282379812,355.9950411791759,80,224,Nenhuma,0.34809044003486633
343,26.384615384615383,112,100.25590245216333,48.94439733319457,162.26933421426853,122.88104889332537,131,85,Nenhuma,0.34809044003486633
344,26.46153846153846,1,354.58803537420147,30.821382427512006,393.01048970201055,121.99027726181886,373,76,Nenhuma,0.2584832012653351
344,26.46153846153846,19,375.49771177918177,38.249154424344134,427.4943919345969,135.12369495218965,401,86,Nenhuma,0.2584832012653351
344,26.46153846153846,34,141.90003843795967,25.856911867265772,174.93299272402464,115.24649407838919,158,70,Nenhuma,0.2584832012653351
344,26.46153846153846,55,95.11898068275968,44.21692913414185,168.07647572352352,179.01399086884356,131,111,Nenhuma,0.2584832012653351
344,26.46153846153846,64,167.75898415430814,13.026471116121023,202.19049137991124,110.02550457339854,184,61,Nenhuma,0.2584832012653351
344,26.46153846153846,67,121.98821467118452,23.998770600006516,149.8500040221198,82.86402708389858,135,53,Nenhuma,0.2584832012653351
344,26.46153846153846,77,-2.3241557807047357,97.47354190146423,80.49756244481208,258.4598901811731,39,177,Nenhuma,0.2584832012653351
344,26.46153846153846,88,29.139246878343243,74.95870708319356,64.42351983122033,127.81694286809652,46,101,Nenhuma,0.2584832012653351
344,26.46153846153846,111,3.67768375308691,91.33567643623422,157.28709902443097,356.028892654899,80,223,Nenhuma,0.2584832012653351
344,26.46153846153846,112,97.5262904514822,44.75385261930478,162.86403386063887,122.9470607612756,130,83,Nenhuma,0.2584832012653351
345,26.53846153846154,1,354.30055829415363,30.594802776047814,392.53363772427855,121.31768350163888,373,75,Nenhuma,0.2546946704387665
345,26.53846153846154,19,371.5431196197686,37.793719442186564,425.586648181304,134.59721061185925,398,86,Nenhuma,0.2546946704387665
345,26.53846153846154,34,142.54447701167976,26.60435883401462,175.01431741129167,115.1332398893098,158,70,Nenhuma,0.2546946704387665
345,26.53846153846154,55,94.90724520845424,43.25495894035403,168.13658332480998,179.01264146169586,131,111,Nenhuma,0.2546946704387665
345,26.53846153846154,56,51.90748809080947,165.32976678597896,139.30078731349522,355.5547817342585,95,260,Nenhuma,0.2546946704387665
345,26.53846153846154,64,167.79600244520725,13.024009913068284,202.1857516027476,110.02274593450333,184,61,Nenhuma,0.2546946704387665
345,26.53846153846154,67,122.81710556380438,23.96955516854931,150.37995416747538,82.09114365889639,136,53,Nenhuma,0.2546946704387665
345,26.53846153846154,77,0.32028812976172105,91.20085609026796,72.56841760261315,231.17960003561592,36,161,Nenhuma,0.2546946704387665
345,26.53846153846154,88,28.7210472591344,75.01361524356417,65.10112577404487,129.98848346294284,46,102,Nenhuma,0.2546946704387665
345,26.53846153846154,111,3.6143375408103964,90.39352468153763,158.03145851845105,354.7228611675598,80,222,Nenhuma,0.2546946704387665
345,26.53846153846154,112,97.00526546512518,43.47490839306195,163.081977467587,122.91472976223957,130,83,Nenhuma,0.2546946704387665
346,26.615384615384617,1,354.01307430405325,30.368223124583622,392.0567926565991,120.6450897414589,373,75,Nenhuma,0.3655960261821747
346,26.615384615384617,19,368.74778017590677,37.655309670125376,424.9822510435869,135.11065299930664,396,86,Nenhuma,0.3655960261821747
346,26.615384615384617,34,142.75073223092974,26.88715231575474,175.08705710124755,115.74726412424135,158,71,Nenhuma,0.3655960261821747
346,26.615384615384617,55,95.04986318457603,43.56212624116988,167.938773748605,179.0113138273258,131,111,Nenhuma,0.3655960261821747
346,26.615384615384617,56,54.10698327489662,168.991297443841,141.75572269792627,359.7674229093926,97,264,Nenhuma,0.3655960261821747
346,26.615384615384617,64,167.9212550413398,13.021426183605406,202.07277504578715,109.35929180135847,184,61,Nenhuma,0.3655960261821747
346,26.615384615384617,67,123.8976110190855,23.9621332167087,150.47507464287952,79.8169508644956,137,51,Nenhuma,0.3655960261821747
346,26.615384615384617,77,2.0632916560068324,93.107705116811,67.75664150769987,218.95355643431617,34,156,Nenhuma,0.3655960261821747
346,26.615384615384617,88,29.022010308937343,75.03221475504535,64.89973364772453,129.50039743375132,46,102,Nenhuma,0.3655960261821747
346,26.615384615384617,111,3.995894321259499,92.02514158547311,157.90771676879865,353.5648111961332,80,222,Nenhuma,0.3655960261821747
346,26.615384615384617,112,96.84117136050273,43.064598286946435,163.10256241599328,122.72643470985734,129,82,Nenhuma,0.3655960261821747
347,26.692307692307693,1,353.7255834039003,30.14164347311943,391.57995449897226,119.97249598127893,372,75,Nenhuma,0.25387635827064514
347,26.692307692307693,19,367.27362984443744,37.63101175260584,425.314899821875,135.34485501965233,396,86,Nenhuma,0.25387635827064514
347,26.692307692307693,34,142.51917903830196,26.99074702120518,174.76415198326075,115.97270655762767,158,71,Nenhuma,0.25387635827064514
347,26.692307692307693,55,95.30841630862366,44.35798215284457,167.66219913720414,179.01001358108448,131,111,Nenhuma,0.25387635827064514
347,26.692307692307693,56,56.306471963123904,172.65282810170308,144.21066457821718,363.9800640845268,100,268,Nenhuma,0.25387635827064514
347,26.692307692307693,64,167.96950382874093,13.018886622670571,202.0291318970751,109.10752850038375,184,61,Nenhuma,0.25387635827064514
347,26.692307692307693,67,123.99525465321811,23.96362869428,150.81941695632133,80.36001817987196,137,52,Nenhuma,0.25387635827064514
347,26.692307692307693,77,6.192107673703205,92.99237815751208,65.52674892963765,203.2047877608133,35,148,Nenhuma,0.25387635827064514
347,26.692307692307693,88,26.748771020236354,75.03561004963943,67.21419615715996,137.84467901918816,46,106,Nenhuma,0.25387635827064514
347,26.692307692307693,111,3.933130223920884,92.65436484604388,158.06511761181105,352.46479347154514,80,222,Nenhuma,0.25387635827064514
347,26.692307692307693,112,97.97152266350922,41.372922267742595,155.0122911363274,110.50272603329383,126,75,Nenhuma,0.25387635827064514
348,26.76923076923077,19,365.7825084054688,37.649160824252405,425.1994843752584,135.47153536772583,395,86,Nenhuma,0.2947807013988495
348,26.76923076923077,34,142.36569074425893,26.366511010184524,174.70851851142174,116.05132118117606,158,71,Nenhuma,0.2947807013988495
348,26.76923076923077,55,95.06249585729874,44.67637054995353,167.24427892334614,179.00882716287734,131,111,Nenhuma,0.2947807013988495
348,26.76923076923077,56,48.33071349979135,120.47093453036044,158.42846103596912,357.60591833603894,103,239,Nenhuma,0.2947807013988495
348,26.76923076923077,64,167.88743711028494,12.35440341552873,202.11285289105194,109.0147135889712,185,60,Nenhuma,0.2947807013988495
348,26.76923076923077,67,124.68225659173952,23.966104246516547,150.95726330964104,79.2390292996616,137,51,Nenhuma,0.2947807013988495
348,26.76923076923077,77,7.108777441638274,92.86123476024952,63.850442668112485,198.25671496406986,35,145,Nenhuma,0.2947807013988495
348,26.76923076923077,88,28.2314400857431,75.03790481887512,65.12367787779091,132.16453608524716,46,103,Nenhuma,0.2947807013988495
348,26.76923076923077,111,4.012779864176736,93.55619317055962,159.34595817557025,353.38872919057735,81,223,Nenhuma,0.2947807013988495
348,26.76923076923077,112,98.17941090629205,40.952449871561704,154.57889619159363,110.45733796901084,126,75,Nenhuma,0.2947807013988495
349,26.846153846153847,19,364.3724486568401,37.68042343601836,424.81619066844064,135.5524202591941,394,86,Nenhuma,0.2661898732185364
349,26.846153846153847,34,141.9746489898556,26.12840699040251,174.3647473134657,116.07470460455067,158,71,Nenhuma,0.2661898732185364
349,26.846153846153847,55,95.50385151987285,45.46751640598734,167.21544363419525,179.00779872113281,131,112,Nenhuma,0.2661898732185364
349,26.846153846153847,56,55.32216444878406,134.46408439360897,162.23582034405695,358.3324232212384,108,246,Nenhuma,0.2661898732185364
349,26.846153846153847,64,167.96594469671308,12.76455536674159,202.034888029344,108.9821644881411,185,60,Nenhuma,0.2661898732185364
349,26.846153846153847,67,125.31875704478955,23.970177490879706,151.29823503876747,78.84965331053714,138,51,Nenhuma,0.2661898732185364
349,26.846153846153847,77,8.025460745548237,92.73009136298695,62.17412287061243,193.3086421673264,35,143,Nenhuma,0.2661898732185364
349,26.846153846153847,88,29.666007552566487,75.03215510639227,64.76368556229731,129.566440099111,47,102,Nenhuma,0.2661898732185364
349,26.846153846153847,111,4.212174857088684,93.68024240835115,159.38323079380004,353.2414023233772,81,223,Nenhuma,0.2661898732185364
349,26.846153846153847,112,99.54315862319305,40.139772758011496,153.13111065711513,107.05300388278502,126,73,Nenhuma,0.2661898732185364
349,26.846153846153847,114,-2.870993794806438,93.78434845759877,71.48576874642147,256.37161381860216,34,175,Nenhuma,0.2661898732185364
350,26.923076923076923,19,364.12469538475864,37.05379344736553,425.8324918104099,135.61188790293153,394,86,Nenhuma,0.26244455575942993
350,26.923076923076923,34,142.22444605640493,26.037771983883033,174.49832500302915,115.4182893268071,158,70,Nenhuma,0.26244455575942993
350,26.923076923076923,55,96.2941957774162,49.082274862756606,166.58590485131683,179.6682241631593,131,114,Nenhuma,0.26244455575942993
350,26.923076923076923,56,59.015197339858695,137.8487865442387,165.31062358152943,356.39987069273513,112,247,Nenhuma,0.26244455575942993
350,26.923076923076923,64,167.99539104099813,12.921662206539459,202.00555961174268,108.97256787335414,185,60,Nenhuma,0.26244455575942993
350,26.923076923076923,67,125.84427351174784,23.97377903971334,151.12360157791292,77.39138090634067,138,50,Nenhuma,0.26244455575942993
350,26.923076923076923,77,8.942157585433105,92.59894796572439,60.497789537137464,188.360569370583,34,140,Nenhuma,0.26244455575942993
350,26.923076923076923,88,30.41093266632559,74.35847916787498,64.41310922856864,127.26094971088266,47,100,Nenhuma,0.26244455575942993
350,26.923076923076923,111,4.4115699668730315,93.80429164614267,159.42050329515743,353.09407545617705,81,223,Nenhuma,0.26244455575942993
350,26.923076923076923,112,101.39838618215376,39.86541113282238,153.32244630951908,105.85578322993223,127,72,Nenhuma,0.26244455575942993
350,26.923076923076923,114,-3.360597836701629,94.06687154799131,68.54182132016835,251.81087157667116,32,172,Nenhuma,0.26244455575942993
350,26.923076923076923,115,29.91976383235304,74.7906325072228,67.51454394192034,152.1158116627343,48,113,Nenhuma,0.26244455575942993
351,27.0,19,363.65814534965335,37.49470262027676,426.03925572467614,135.6580815019656,394,86,Nenhuma,0.2722757160663605
351,27.0,34,142.30065972673071,26.004124886919755,174.57361102156244,115.16329618396483,158,70,Nenhuma,0.2722757160663605
351,27.0,55,96.01907176592519,49.787202003972,166.2584608754934,179.9171894160605,131,114,Nenhuma,0.2722757160663605
351,27.0,56,57.92866870452831,137.14827515693258,163.41516516778125,352.9280095455407,110,245,Nenhuma,0.2722757160663605
351,27.0,64,167.90553096840824,12.318635238729165,202.09539034543855,108.97132010943307,185,60,Nenhuma,0.2722757160663605
351,27.0,67,126.15986819211932,23.93048005639928,151.10142917857505,76.63315810288891,138,50,Nenhuma,0.2722757160663605
351,27.0,88,31.44876321691834,74.10985678511493,64.18806346207742,125.06817720774693,47,99,Nenhuma,0.2722757160663605
351,27.0,111,4.610965193529779,93.9283408839342,159.45777567964242,352.94674858897685,82,223,Nenhuma,0.2722757160663605
351,27.0,112,102.52897765949024,39.11068177028816,152.9525320710018,104.1267694595702,127,71,Nenhuma,0.2722757160663605
351,27.0,114,-2.4810161424830284,94.87034369675649,67.49821340200779,248.76795925014494,32,171,Nenhuma,0.2722757160663605
351,27.0,115,29.567393894217087,75.123662586362,67.38269445969314,152.90240976554531,48,114,Nenhuma,0.2722757160663605
352,27.076923076923077,19,362.6341515834321,37.68318240716807,425.75384590391786,135.70009869204054,394,86,Nenhuma,0.2539273202419281
352,27.076923076923077,34,142.3107875679777,25.33125707787314,174.62385910091305,114.4039810540616,158,69,Nenhuma,0.2539273202419281
352,27.076923076923077,55,95.54666796266588,44.72772780855455,167.83729734107555,179.34261412050205,131,112,Nenhuma,0.2539273202419281
352,27.076923076923077,56,56.157716764525006,134.91320563235288,161.2175683440122,349.55861483174715,108,242,Nenhuma,0.2539273202419281
352,27.076923076923077,64,167.50280758181475,12.091864568586402,201.83828747534378,108.97283912217146,184,60,Nenhuma,0.2539273202419281
352,27.076923076923077,67,127.00904735143577,24.77222338858719,150.8998107328356,75.17908555730963,138,49,Nenhuma,0.2539273202419281
352,27.076923076923077,88,31.83452846856438,74.69344459247611,64.09970870736538,124.93227382054056,47,99,Nenhuma,0.2539273202419281
352,27.076923076923077,112,100.65595977410436,38.85645325035716,157.82005955585043,114.36804853999692,129,76,Nenhuma,0.2539273202419281
352,27.076923076923077,114,-2.375674024423539,92.92662607107174,67.49441341818255,247.09668615202827,32,170,Nenhuma,0.2539273202419281
352,27.076923076923077,115,29.215023956560326,75.45669266550121,67.25084497698676,153.68900786835633,48,114,Nenhuma,0.2539273202419281
353,27.153846153846153,19,361.69621039896134,37.76976612698361,425.6306519343976,135.7358046805159,393,86,Nenhuma,0.25113528966903687
353,27.153846153846153,34,142.2019702373091,25.07920953248871,174.75786832098942,114.11737066370605,158,69,Nenhuma,0.25113528966903687
353,27.153846153846153,55,98.60324579991186,56.57291793104859,165.19309167182098,179.12739276030374,131,117,Nenhuma,0.25113528966903687
353,27.153846153846153,56,55.134306280142276,133.42872178849,159.91679481323777,347.57007861825514,107,240,Nenhuma,0.25113528966903687
353,27.153846153846153,64,167.33343104530337,12.00801515269,201.75826676408147,108.97535165906487,184,60,Nenhuma,0.25113528966903687
353,27.153846153846153,67,126.768624492159,24.94925696351964,150.6081785021745,75.49690686200896,138,50,Nenhuma,0.25113528966903687
353,27.153846153846153,77,6.630679072325496,94.91564798174272,62.3138114723033,194.3515116548474,34,144,Nenhuma,0.25113528966903687
353,27.153846153846153,88,31.972660750370263,74.90759703325186,64.06411324531997,124.89255297005528,48,99,Nenhuma,0.25113528966903687
353,27.153846153846153,112,104.19772292066381,37.494917006912516,150.27487693976485,98.99391356992965,127,68,Nenhuma,0.25113528966903687
353,27.153846153846153,114,-0.08096430024572498,93.66734632134151,70.96236907918812,250.1194736034146,35,171,Nenhuma,0.25113528966903687
353,27.153846153846153,115,28.862654019382767,75.7897227446404,67.11899549380118,154.47560597116734,47,115,Nenhuma,0.25113528966903687
354,27.23076923076923,19,360.9666914885469,37.81565400378315,425.3877434704139,135.10603035973514,393,86,Nenhuma,0.28520065546035767
354,27.23076923076923,34,142.1758235046085,24.96456743223245,174.73953855091582,114.03436415516632,158,69,Nenhuma,0.28520065546035767
354,27.23076923076923,55,98.83898740399067,55.825558869282766,166.48778153689958,180.40876379965766,132,118,Nenhuma,0.28520065546035767
354,27.23076923076923,56,53.78930748372644,131.5711331298273,158.26205258023205,343.47198079852774,106,237,Nenhuma,0.28520065546035767
354,27.23076923076923,64,167.2554925913813,11.978941727649392,201.74477065165786,108.9780069690423,184,60,Nenhuma,0.28520065546035767
354,27.23076923076923,67,127.06410646172152,25.023974547458696,150.540410160682,74.80031364708344,138,49,Nenhuma,0.28520065546035767
354,27.23076923076923,77,4.798775494140234,93.67762984118436,60.626794260074746,191.22574790731113,32,142,Nenhuma,0.28520065546035767
354,27.23076923076923,88,32.30661035889019,74.31657690849538,64.43025098273651,124.21862486786382,48,99,Nenhuma,0.28520065546035767
354,27.23076923076923,112,104.47005461259197,36.889481050038555,149.77659439816574,97.36006340041632,127,67,Nenhuma,0.28520065546035767
354,27.23076923076923,114,-1.6874693251157993,92.55227177133642,68.4604928751999,247.7953324883355,33,170,Nenhuma,0.28520065546035767
355,27.307692307692307,19,361.15451949855816,37.84535505858657,426.2469920010135,134.88540141156412,393,86,Nenhuma,0.25258246064186096
355,27.307692307692307,34,142.1496781039195,24.849925331976188,174.72120744883063,113.9513576466266,158,69,Nenhuma,0.25258246064186096
355,27.307692307692307,55,98.91756664973033,58.879363662394276,166.2735851962023,182.18227235850816,132,120,Nenhuma,0.25258246064186096
355,27.307692307692307,56,51.86820244821895,131.56329892418023,156.93264478235994,343.2183408927431,104,237,Nenhuma,0.25258246064186096
355,27.307692307692307,64,167.21396616002045,11.970599009602196,201.75522550229968,108.98050772835332,184,60,Nenhuma,0.25258246064186096
355,27.307692307692307,67,127.35959648010726,25.09869213139775,150.47263377036631,74.10372043215791,138,49,Nenhuma,0.25258246064186096
355,27.307692307692307,77,4.347026429203439,93.89508073831257,59.13710974130897,187.48655167386164,31,140,Nenhuma,0.25258246064186096
355,27.307692307692307,88,32.40107700430688,74.09545363148224,64.58907509483441,123.97747688871308,48,99,Nenhuma,0.25258246064186096
355,27.307692307692307,112,106.88312747758043,36.8676193794175,145.49050118816467,88.61348363118037,126,62,Nenhuma,0.25258246064186096
355,27.307692307692307,114,-2.894264675001942,92.82517543484356,67.49133854641082,249.7169025517121,32,171,Nenhuma,0.25258246064186096
356,27.384615384615383,19,361.41854242314605,37.866515366066395,427.1139030599724,134.81913201824267,394,86,Nenhuma,0.3559204041957855
356,27.384615384615383,34,142.1235340352421,24.735283231719926,174.7028750147338,113.86835113808687,158,69,Nenhuma,0.3559204041957855
356,27.384615384615383,55,105.99327622441567,44.626466632803464,161.80824809143016,144.7639656318084,133,94,Nenhuma,0.3559204041957855
356,27.384615384615383,56,49.432185983407074,134.240711207907,154.75761962380045,343.1168879166943,102,238,Nenhuma,0.3559204041957855
356,27.384615384615383,64,167.18750712744054,11.969900474808071,201.7733710840992,108.98277163345064,184,60,Nenhuma,0.3559204041957855
356,27.384615384615383,67,127.65509454731621,25.173409715336806,150.4048493312274,73.4071272172324,139,49,Nenhuma,0.3559204041957855
356,27.384615384615383,77,2.2856776093584408,93.2891633708648,59.85114597310553,191.05670124299314,31,142,Nenhuma,0.3559204041957855
356,27.384615384615383,88,32.98419663729088,74.68016713124962,65.42319037437656,125.23051017238753,49,99,Nenhuma,0.3559204041957855
356,27.384615384615383,112,107.40154690065305,36.33278265067225,144.54687293270206,86.11915480203837,125,61,Nenhuma,0.3559204041957855
356,27.384615384615383,114,-3.3492446386279155,92.77765506703929,66.8647048401275,249.28677074425678,31,171,Nenhuma,0.3559204041957855
357,27.46153846153846,19,361.37253803062754,38.54525918028358,427.6486491050818,135.47175196147333,394,87,Nenhuma,0.26287972927093506
357,27.46153846153846,55,111.51354237214703,49.77901186302023,158.74312169021997,131.4557164992577,135,90,Nenhuma,0.26287972927093506
357,27.46153846153846,56,47.73918846263531,137.28086070104388,153.30755028075993,343.0730677005033,100,240,Nenhuma,0.26287972927093506
357,27.46153846153846,64,166.78988739171945,11.971848070020798,201.51046963822043,108.9847906321733,184,60,Nenhuma,0.26287972927093506
357,27.46153846153846,77,6.720564640011421,93.07794824736602,67.57575377593311,192.33387727459524,37,142,Nenhuma,0.26287972927093506
357,27.46153846153846,88,33.425702243148265,74.89940762681677,65.50098658846538,125.04463057698851,49,99,Nenhuma,0.26287972927093506
357,27.46153846153846,112,107.91996322282779,35.797945921927,143.60324777813736,83.62482597289636,125,59,Nenhuma,0.26287972927093506
357,27.46153846153846,114,-3.8042246133975723,92.73013469923502,66.23807114498786,248.85663893680146,31,170,Nenhuma,0.26287972927093506
358,27.53846153846154,19,361.9783324972608,38.80804069506921,428.6029648747651,135.7310558143783,395,87,Nenhuma,0.2597675621509552
358,27.53846153846154,55,112.8883673199656,54.48050262994226,156.61423654684302,126.75149407347644,134,90,Nenhuma,0.2597675621509552
358,27.53846153846154,56,45.21285215491895,139.10066979662986,152.6196518057217,345.05272009016073,98,242,Nenhuma,0.2597675621509552
358,27.53846153846154,64,166.88287931887956,11.97455341533815,201.83207212301545,109.64717216936701,184,60,Nenhuma,0.2597675621509552
358,27.53846153846154,77,7.079216645191114,93.00066703993693,66.53321501393665,186.92079173508353,36,139,Nenhuma,0.2597675621509552
358,27.53846153846154,88,35.725898022152094,74.9815395086956,69.36501391396337,126.97312324233319,52,100,Nenhuma,0.2597675621509552
358,27.53846153846154,112,108.43837644410465,35.263109193181755,142.65962572447052,81.13049714375435,125,58,Nenhuma,0.2597675621509552
358,27.53846153846154,114,-4.259204599310927,92.68261433143076,65.61143746099194,248.4265071293461,30,170,Nenhuma,0.2597675621509552
359,27.615384615384617,19,361.3770096977149,38.911001346348286,428.5128589812898,135.83846179438706,394,87,Nenhuma,0.41961464285850525
359,27.615384615384617,55,103.8694033126071,52.856556081773874,172.11380218841066,167.47720544667703,137,110,Nenhuma,0.41961464285850525
359,27.615384615384617,56,43.20198691875503,140.43857396983617,152.09551116676062,345.78420843162996,97,243,Nenhuma,0.41961464285850525
359,27.615384615384617,64,167.20423168098554,11.977199398734797,202.33029478092595,109.89705000086498,184,60,Nenhuma,0.41961464285850525
359,27.615384615384617,77,5.891615176320226,92.97596084785084,65.38253224127584,184.95697682739257,35,138,Nenhuma,0.41961464285850525
359,27.615384615384617,88,35.14739987899756,75.01082166069742,68.28826804002782,126.3802242726994,51,100,Nenhuma,0.41961464285850525
360,27.692307692307693,19,362.6323324695868,38.290947894894465,430.3385340165984,135.88662312288164,396,87,Nenhuma,0.2984376549720764
360,27.692307692307693,55,100.17467596065578,46.15823195005996,177.69004142606582,179.26781597800456,138,112,Nenhuma,0.2984376549720764
360,27.692307692307693,56,38.08167915045172,133.63134879520277,153.60774087969168,346.7106650967374,95,240,Nenhuma,0.2984376549720764
360,27.692307692307693,64,167.40563620903936,11.979768585724784,202.44217685217916,109.33043176802603,184,60,Nenhuma,0.2984376549720764
360,27.692307692307693,67,141.66951168888147,25.977277904054546,171.77917501038527,91.07947146637967,156,58,Nenhuma,0.2984376549720764
360,27.692307692307693,77,5.203205714516113,92.96967910718752,64.54950506670907,182.97167845742524,34,137,Nenhuma,0.2984376549720764
360,27.692307692307693,88,35.59551176509619,75.01969348231827,69.1317310987866,127.46825898626447,52,101,Nenhuma,0.2984376549720764
361,27.76923076923077,19,362.7112677401511,38.060032581104736,430.787175751683,135.91073084611796,396,86,Nenhuma,0.25758612155914307
361,27.76923076923077,55,104.34041899421771,50.74139593637412,179.72365303180203,182.81173687760676,142,116,Nenhuma,0.25758612155914307
361,27.76923076923077,56,36.37499045916136,135.01526827234704,153.98268162610995,345.7400609090423,95,240,Nenhuma,0.25758612155914307
361,27.76923076923077,64,167.4523883762153,11.98220912718974,202.51329936876715,109.11295616580477,184,60,Nenhuma,0.25758612155914307
361,27.76923076923077,67,142.99512102610288,26.649027818424116,172.66828380375,90.84743481242332,157,58,Nenhuma,0.25758612155914307
361,27.76923076923077,77,5.016332241813057,93.64790305292601,64.18252100723645,181.6564968971187,34,137,Nenhuma,0.25758612155914307
361,27.76923076923077,88,35.8342035632902,75.02169295613633,69.35290703475287,127.87188837325026,52,101,Nenhuma,0.25758612155914307
362,27.846153846153847,19,362.5162984478991,38.63691194698343,430.5385783039923,135.9254819192032,396,87,Nenhuma,0.27911174297332764
362,27.846153846153847,55,107.12172347390629,53.46237107637539,180.20985077491167,183.99678829034548,143,118,Nenhuma,0.27911174297332764
362,27.846153846153847,56,38.50654413199088,137.5613109803135,157.31883524218705,345.3413167163691,97,241,Nenhuma,0.27911174297332764
362,27.846153846153847,64,167.06362240022173,11.984316132370203,202.28316397036562,109.03116690568905,184,60,Nenhuma,0.27911174297332764
362,27.846153846153847,67,143.3485831663583,26.28998159019067,173.02831438519007,90.66246039949905,158,58,Nenhuma,0.27911174297332764
362,27.846153846153847,77,4.444332062090826,93.21803120695077,64.55920563591359,181.263350516918,34,137,Nenhuma,0.27911174297332764
362,27.846153846153847,88,35.52360451783609,75.02078451618807,69.15121499278635,128.67645449144837,52,101,Nenhuma,0.27911174297332764
362,27.846153846153847,118,116.44719893178727,54.91913227261959,171.02798602113168,131.22940028787508,143,93,Nenhuma,0.27911174297332764
363,27.923076923076923,19,362.6443589108748,38.86020022642168,430.9182104481286,135.93626857844347,396,87,Nenhuma,0.28163278102874756
363,27.923076923076923,55,110.34553683053423,54.54277080844771,181.4168920081861,184.27510283475567,145,119,Nenhuma,0.28163278102874756
363,27.923076923076923,56,39.642128243019094,138.5317336692591,160.93030306921503,345.1800549526127,100,241,Nenhuma,0.28163278102874756
363,27.923076923076923,64,166.96183697069608,11.986164412024614,202.15013654513493,109.00119617555612,184,60,Nenhuma,0.28163278102874756
363,27.923076923076923,67,143.83912230273987,26.1458103724118,173.35725586481777,89.91423514585958,158,58,Nenhuma,0.28163278102874756
363,27.923076923076923,77,6.261781666113045,92.38981708230241,69.40260046705649,182.5300443126182,37,137,Nenhuma,0.28163278102874756
363,27.923076923076923,88,36.41229584747354,75.01914344945278,69.35102868659024,127.66655030445014,52,101,Nenhuma,0.28163278102874756
363,27.923076923076923,114,8.063168626840586,90.09097084082778,75.85575968395932,235.41953707196438,41,162,Nenhuma,0.28163278102874756
363,27.923076923076923,118,117.98254937052987,56.153443281792036,172.67380714983676,132.62200161842446,145,94,Nenhuma,0.28163278102874756
364,28.0,19,363.34937552407996,38.94582085943646,431.73983621843826,135.94451157666862,397,87,Nenhuma,0.26089146733283997
364,28.0,55,113.60678180479827,54.95358366865247,183.03091127130784,184.8785491116958,148,119,Nenhuma,0.26089146733283997
364,28.0,56,38.90317732370985,132.92390656693328,166.7575813024206,347.10226130714796,102,240,Nenhuma,0.26089146733283997
364,28.0,64,167.21190894606977,11.987797319402738,202.4733624551633,108.99095016651262,184,60,Nenhuma,0.26089146733283997
364,28.0,67,143.95441167523956,26.08558161062864,173.44897588312548,89.59113224423415,158,57,Nenhuma,0.26089146733283997
364,28.0,77,-0.29111024174054734,92.75223779460077,65.77822448555875,188.35371858769105,32,140,Nenhuma,0.26089146733283997
364,28.0,88,36.39088741685579,75.01686794523022,69.09906101784742,127.92782002730482,52,101,Nenhuma,0.26089146733283997
364,28.0,114,8.9595811157062,89.84475711054507,76.23894913067811,234.073076133609,42,161,Nenhuma,0.26089146733283997
364,28.0,118,120.19699277809909,55.69341535344391,175.80335766858192,133.78496513917537,148,94,Nenhuma,0.26089146733283997
365,28.076923076923077,19,363.4682369474126,38.31729747364153,432.2037808127135,135.95131947275482,397,87,Nenhuma,0.265389621257782
365,28.076923076923077,55,115.59059325881123,55.10153412644975,183.49935249743675,184.97666014434998,149,120,Nenhuma,0.265389621257782
365,28.076923076923077,56,38.61968526217534,130.1904544334986,170.21998845195094,347.8108869144871,104,239,Nenhuma,0.265389621257782
365,28.076923076923077,64,167.0034292846679,11.989240386686816,202.23814900159195,108.98813632910641,184,60,Nenhuma,0.265389621257782
365,28.076923076923077,67,146.49510228004934,26.05928922471615,175.45471753277297,89.44189224662989,160,57,Nenhuma,0.265389621257782
365,28.076923076923077,77,-4.249956249715051,93.53957561665888,67.25129462357133,198.9956712163737,31,146,Nenhuma,0.265389621257782
365,28.076923076923077,88,36.30361584420426,75.01506484356523,69.06319564886564,128.68001646251196,52,101,Nenhuma,0.265389621257782
365,28.076923076923077,114,9.855993743158038,89.59854338026237,76.62213843881068,232.7266151952536,43,161,Nenhuma,0.265389621257782
365,28.076923076923077,118,121.92457397648381,56.67448664786721,177.34223607717914,134.50102974246778,149,95,Nenhuma,0.265389621257782
365,28.076923076923077,120,92.22054507101734,39.0,133.96802008208385,116.19413949869167,113,77,Nenhuma,0.265389621257782
366,28.153846153846153,19,363.3614716594893,38.74123491199863,431.87176544941155,135.95693869044953,397,87,Nenhuma,0.27022919058799744
366,28.153846153846153,55,117.10126122820441,55.14659045307016,183.4923009247609,184.87734181857653,150,120,Nenhuma,0.27022919058799744
366,28.153846153846153,56,38.64271117044838,128.50185721561618,172.6912833804949,348.07031615464655,105,238,Nenhuma,0.27022919058799744
366,28.153846153846153,64,166.8282097660022,11.329559090695085,202.24532014991027,108.98804744188872,184,60,Nenhuma,0.27022919058799744
366,28.153846153846153,67,146.12697163718406,27.35263276642431,174.20206240824143,88.05518526280198,160,57,Nenhuma,0.27022919058799744
366,28.153846153846153,77,-6.764670447230383,93.20629240414206,70.7309643640113,210.0289837114309,31,151,Nenhuma,0.27022919058799744
366,28.153846153846153,88,35.545722160981214,75.01349671413952,68.44434200002328,129.6148020835243,51,102,Nenhuma,0.27022919058799744
366,28.153846153846153,114,10.752406509196106,89.35232964997967,77.00532760835702,231.3801542568982,43,160,Nenhuma,0.27022919058799744
366,28.153846153846153,118,123.65215517336254,57.655557942290514,178.8811144872823,135.2170943457602,151,96,Nenhuma,0.27022919058799744
366,28.153846153846153,120,91.02187649672997,39.0,132.88904812749547,115.79514907583388,111,77,Nenhuma,0.27022919058799744
366,28.153846153846153,121,309.66457606204983,23.559110706254092,334.35182064722164,84.77955535312705,322,54,Nenhuma,0.27022919058799744
367,28.23076923076923,19,363.6811856210476,38.90494615330382,432.0469402896267,135.96221173518012,397,87,Nenhuma,0.28003573417663574
367,28.23076923076923,55,119.06308063434723,55.152157079360094,183.9671663703487,184.71261040582505,151,119,Nenhuma,0.28003573417663574
367,28.23076923076923,56,40.7357559567543,127.22805840177904,175.43574473007803,346.8453387864259,108,237,Nenhuma,0.28003573417663574
367,28.23076923076923,64,166.9824862865634,11.741402382404594,202.0287617911736,108.32971577689818,184,60,Nenhuma,0.28003573417663574
367,28.23076923076923,67,145.97119364890509,27.84793284165914,173.5900984331135,86.82361589297423,159,57,Nenhuma,0.28003573417663574
367,28.23076923076923,77,-4.03464796681309,93.69882454808838,74.65453525057612,215.0158416335949,35,154,Nenhuma,0.28003573417663574
367,28.23076923076923,88,35.123145247432234,75.01208109254814,67.01875579099338,128.00239184295071,51,101,Nenhuma,0.28003573417663574
367,28.23076923076923,118,121.81010185393856,54.482427038093384,180.58524831157027,137.78495153364364,151,96,Nenhuma,0.28003573417663574
367,28.23076923076923,120,90.14692742270694,39.0,131.70511199524887,114.08027640079214,110,76,Nenhuma,0.28003573417663574
367,28.23076923076923,121,310.1390775523385,23.278900224079063,335.44361758337595,85.79188184683815,322,54,Nenhuma,0.28003573417663574
368,28.307692307692307,19,363.81002686570673,38.96725708013931,432.10533936230723,135.96673707038323,397,87,Nenhuma,0.2557225227355957
368,28.307692307692307,55,120.43811774704888,55.143403621299385,184.0889945018671,184.53510945945362,152,119,Nenhuma,0.2557225227355957
368,28.307692307692307,56,42.9042232046305,126.11721349502373,178.3469881684116,347.0192520374677,110,236,Nenhuma,0.2557225227355957
368,28.307692307692307,64,166.93500602993316,11.23850865108934,202.05432606461025,108.08051525657189,184,59,Nenhuma,0.2557225227355957
368,28.307692307692307,67,146.06958332637208,28.69143221333947,173.7869941672212,87.01978134195015,159,57,Nenhuma,0.2557225227355957
368,28.307692307692307,77,-2.2931148653004314,93.9016645552177,76.94576022463326,219.52687119896976,37,156,Nenhuma,0.2557225227355957
368,28.307692307692307,88,36.6738407413748,74.34542158203948,68.06082711241532,126.69801031354827,52,100,Nenhuma,0.2557225227355957
368,28.307692307692307,114,15.96924982737142,94.54612204336794,62.015142406982925,187.30329423829255,38,140,Nenhuma,0.2557225227355957
368,28.307692307692307,118,122.90187534637406,54.773180780098755,182.19421746364984,138.80873465025374,152,96,Nenhuma,0.2557225227355957
368,28.307692307692307,120,89.83199947079856,39.0,131.4556536689334,112.71115974650817,110,75,Nenhuma,0.2557225227355957
368,28.307692307692307,121,311.45277212482813,23.16088662019178,336.808866433103,85.36422215945504,324,54,Nenhuma,0.2557225227355957
369,28.384615384615383,19,363.0044297382351,38.32943192680066,431.6578839023166,135.97068296412795,397,87,Nenhuma,0.26675593852996826
369,28.384615384615383,55,121.24511903578225,55.130191932224605,183.76242937229222,184.36468976822056,152,119,Nenhuma,0.26675593852996826
369,28.384615384615383,56,44.77295645879744,125.72734536942392,180.31015673586413,347.7338535442431,112,236,Nenhuma,0.26675593852996826
369,28.384615384615383,64,166.9227327096156,11.051959404876705,202.05988020477392,107.99059703984977,184,59,Nenhuma,0.26675593852996826
369,28.384615384615383,67,145.83694679348397,28.329348809924223,174.05945321780862,87.0840402409981,159,57,Nenhuma,0.26675593852996826
369,28.384615384615383,77,-5.3337018461065355,93.34508363170582,82.21921324247127,237.78181240690705,38,165,Nenhuma,0.26675593852996826
369,28.384615384615383,88,37.52534911264246,74.7615921828655,68.16830664570139,125.5471276162194,52,100,Nenhuma,0.26675593852996826
369,28.384615384615383,114,17.4071596177629,94.84106773538986,60.68314209789304,182.01831023316106,39,138,Nenhuma,0.26675593852996826
369,28.384615384615383,118,123.99364886024885,55.06393452210413,183.80318659429008,139.83251776686384,153,97,Nenhuma,0.26675593852996826
369,28.384615384615383,120,89.29475322087308,39.00000000000001,131.20840229786103,111.51554472890408,110,75,Nenhuma,0.26675593852996826
369,28.384615384615383,121,311.6830720282944,23.102222783351685,337.45515265810155,85.90164357161453,324,54,Nenhuma,0.26675593852996826
370,28.46153846153846,19,361.7842278602996,38.08982551110795,430.428204579911,135.97401589062173,396,87,Nenhuma,0.25794145464897156
370,28.46153846153846,55,122.17936266031026,55.11630935379286,183.57683549001686,184.20815850265188,152,119,Nenhuma,0.25794145464897156
370,28.46153846153846,56,47.97299205968022,126.26842666410707,181.11588011474586,345.37311041624446,114,235,Nenhuma,0.25794145464897156
370,28.46153846153846,64,167.02571534892832,10.984881524411207,201.95588607579054,107.3000359436984,184,59,Nenhuma,0.25794145464897156
370,28.46153846153846,67,145.5080253895641,28.185520796510872,174.34427802725187,87.76162348457598,159,57,Nenhuma,0.25794145464897156
370,28.46153846153846,77,-4.11840127706683,93.13277863712511,84.30770986252028,244.1537586727565,40,168,Nenhuma,0.25794145464897156
370,28.46153846153846,88,37.50002598548538,74.92039137320765,67.86754246440395,125.11809882032883,52,100,Nenhuma,0.25794145464897156
370,28.46153846153846,114,17.155762479873523,94.12462837142007,63.53664288797041,184.09308986636785,40,139,Nenhuma,0.25794145464897156
370,28.46153846153846,118,124.00718250236835,55.04999759898771,181.76776759610823,137.54359223198986,152,96,Nenhuma,0.25794145464897156
370,28.46153846153846,120,87.67044915497128,39.69463986669977,129.86962568196822,110.39870728107692,108,75,Nenhuma,0.25794145464897156
370,28.46153846153846,121,311.35597362385454,23.073534817901756,337.3368548186469,86.07516783643608,324,54,Nenhuma,0.25794145464897156
371,28.53846153846154,19,360.9950805910048,38.001705332409145,429.6350578964966,135.97705619871175,395,86,Nenhuma,0.26682546734809875
371,28.53846153846154,55,122.28707461543327,54.44707883175137,183.67207362873523,185.3793300472675,152,119,Nenhuma,0.26682546734809875
371,28.53846153846154,56,51.041822046402444,125.18981489031258,182.78506200128996,343.79896237633784,116,234,Nenhuma,0.26682546734809875
371,28.53846153846154,64,166.95739703275473,10.963432877274968,202.02530090418534,107.70624456026516,184,59,Nenhuma,0.26682546734809875
371,28.53846153846154,67,146.92144954808316,28.123923231274,176.14968808633145,89.32561715258521,161,58,Nenhuma,0.26682546734809875
371,28.53846153846154,77,-4.872551276578854,93.11516575639486,85.71065661835786,247.81857799061396,40,170,Nenhuma,0.26682546734809875
371,28.53846153846154,88,37.365189787626605,74.3108184476567,67.86788133638717,124.29924614000024,52,99,Nenhuma,0.26682546734809875
371,28.53846153846154,114,17.793892781340997,94.07660646624723,65.39318097492342,183.53858877444398,41,138,Nenhuma,0.26682546734809875
371,28.53846153846154,118,124.946470955474,55.30477769024833,182.97163932852655,138.17625662495934,153,96,Nenhuma,0.26682546734809875
371,28.53846153846154,120,86.90632167065026,39.94326331171917,130.35137780465408,110.70126148463586,108,75,Nenhuma,0.26682546734809875
371,28.53846153846154,121,311.1714738567845,23.056742969123,337.3082767322232,86.12156566865326,324,54,Nenhuma,0.26682546734809875
372,28.615384615384617,19,360.34467762233214,37.97162254924577,429.04154001498296,135.97976315035666,394,86,Nenhuma,0.2681055963039398
372,28.615384615384617,55,123.0516350150794,54.187156824258935,183.57160089318376,185.1096046732701,153,119,Nenhuma,0.2681055963039398
372,28.615384615384617,56,53.20196272751491,123.48997901734954,183.63571088699555,341.88904772860457,118,232,Nenhuma,0.2681055963039398
372,28.615384615384617,64,166.93656839310904,10.958614939126484,202.04766890428888,107.86401180468386,184,59,Nenhuma,0.2681055963039398
372,28.615384615384617,67,147.53929653217926,28.09514794244352,176.70367333239386,89.90834137985497,162,59,Nenhuma,0.2681055963039398
372,28.615384615384617,77,0.6791892379326754,93.02526475527756,88.59807353991026,247.42011898823458,44,170,Nenhuma,0.2681055963039398
372,28.615384615384617,88,36.334975999421786,74.08450395651043,68.1698119083647,126.00267557059678,52,100,Nenhuma,0.2681055963039398
372,28.615384615384617,114,17.172190241371307,94.0554694812638,66.13724241453777,184.19853376886385,41,139,Nenhuma,0.2681055963039398
372,28.615384615384617,118,124.92387453679612,55.11228592938788,181.09176580873077,135.76433256867563,153,95,Nenhuma,0.2681055963039398
372,28.615384615384617,120,84.8543000571435,40.027188323484815,130.3307655705601,112.18449836296259,107,76,Nenhuma,0.2681055963039398
372,28.615384615384617,121,311.1718820980412,23.725653711835182,337.1929840912416,86.12459911260073,324,54,Nenhuma,0.2681055963039398
373,28.692307692307693,19,359.72247560582036,37.9634595536412,428.55283653143,135.98215127031122,394,86,Nenhuma,0.2673938572406769
373,28.692307692307693,55,123.04206035489557,54.08323136751173,183.1060300453845,185.58685830617347,153,119,Nenhuma,0.2673938572406769
373,28.692307692307693,56,55.37799269318221,122.21697804702633,183.81488506989024,339.19583023017213,119,230,Nenhuma,0.2673938572406769
373,28.692307692307693,64,166.93327565849185,10.960012280926911,202.0526395918858,107.92754636641848,184,59,Nenhuma,0.2673938572406769
373,28.692307692307693,67,145.57827182204892,26.767820992792046,175.11983668628963,88.80598917001487,160,57,Nenhuma,0.2673938572406769
373,28.692307692307693,77,2.40791571344608,93.00088804811705,87.75503886545758,246.9983508786954,45,169,Nenhuma,0.2673938572406769
373,28.692307692307693,88,35.21905473963249,74.00244296428865,67.04751685650092,125.32788220058285,51,99,Nenhuma,0.2673938572406769
373,28.692307692307693,114,18.314710761492815,94.14091690137505,65.71165450911109,181.39696799792085,42,137,Nenhuma,0.2673938572406769
373,28.692307692307693,118,125.32430396110352,55.09863840831655,180.51756026841176,134.63973239781936,152,94,Nenhuma,0.2673938572406769
373,28.692307692307693,120,84.47937851827356,40.05285175536016,130.6797101868919,112.06240915359254,107,76,Nenhuma,0.2673938572406769
373,28.692307692307693,121,311.4851546890803,23.96835912484876,337.4844143090095,86.11313621777019,324,55,Nenhuma,0.2673938572406769
374,28.76923076923077,19,359.0692191397243,37.30300692284873,428.8087990158202,136.644583592776,393,86,Nenhuma,0.2976613938808441
374,28.76923076923077,55,123.05994684712677,54.69706522238597,182.1896699466012,185.71076555041145,152,120,Nenhuma,0.2976613938808441
374,28.76923076923077,56,59.59592213782486,120.44613233419712,186.3350202951397,337.5312050863542,122,228,Nenhuma,0.2976613938808441
374,28.76923076923077,64,166.9362754209557,10.963412695131538,202.05124000554827,107.95441229952475,184,59,Nenhuma,0.2976613938808441
374,28.76923076923077,67,144.1731165675122,26.912378943928537,173.7974834345636,89.02503951119402,158,57,Nenhuma,0.2976613938808441
374,28.76923076923077,77,4.145045383459731,92.99223886572203,87.61954174337869,247.4462273757111,45,170,Nenhuma,0.2976613938808441
374,28.76923076923077,88,33.664344293946726,73.9745551271974,65.73719482971217,125.73199288864302,49,99,Nenhuma,0.2976613938808441
374,28.76923076923077,114,19.457234457633437,94.2263643214863,65.2860634276653,178.5954022269779,42,136,Nenhuma,0.2976613938808441
374,28.76923076923077,118,123.72013735834985,55.09093887408577,181.36573501081529,138.94956252419345,152,97,Nenhuma,0.2976613938808441
374,28.76923076923077,120,83.38768658643761,40.727242715561715,131.17136091867218,114.02915633220482,107,77,Nenhuma,0.2976613938808441
374,28.76923076923077,121,311.31312153460146,23.376393168970576,337.1824461631281,84.7520054265188,324,54,Nenhuma,0.2976613938808441
375,28.846153846153847,19,357.6277745410013,37.05736156723584,427.49411441151364,136.23733293030227,392,86,Nenhuma,0.26956871151924133
375,28.846153846153847,55,123.61712402292572,55.587919551619464,181.22984152703103,184.38375614127364,152,119,Nenhuma,0.26956871151924133
375,28.846153846153847,56,62.02192548798181,118.4925811236117,187.66157473615553,336.92920706194445,124,227,Nenhuma,0.26956871151924133
375,28.846153846153847,64,166.55600651746673,10.967232826428294,201.77230527046612,108.62750762347827,184,59,Nenhuma,0.26956871151924133
375,28.846153846153847,67,143.9874500094914,26.96817329375959,173.5651164366084,89.0982967704742,158,58,Nenhuma,0.26956871151924133
375,28.846153846153847,77,5.058446152239618,92.34369256490187,87.28589539465091,248.17321800916977,46,170,Nenhuma,0.26956871151924133
375,28.846153846153847,88,32.91682647740305,73.96668231544396,65.41933810629834,126.54615756568941,49,100,Nenhuma,0.26956871151924133
375,28.846153846153847,114,20.599761329793168,94.31181174159755,64.86046917020039,175.7938364560349,42,135,Nenhuma,0.26956871151924133
375,28.846153846153847,118,124.15454530976952,55.24652165567023,182.12503775364098,139.57779682205228,153,97,Nenhuma,0.26956871151924133
375,28.846153846153847,120,84.64863638449395,42.29973153983118,133.05615242766737,116.08380362691844,108,79,Nenhuma,0.26956871151924133
375,28.846153846153847,121,312.1408019347516,23.822375498990866,337.50201044756284,84.23876066180605,324,54,Nenhuma,0.26956871151924133
376,28.923076923076923,19,357.20940567862067,36.969243085456725,427.5459359082806,136.73965793761016,392,86,Nenhuma,0.3328351676464081
376,28.923076923076923,55,123.94670626087407,55.923081247882045,180.6938618874509,183.82051572998674,152,119,Nenhuma,0.3328351676464081
376,28.923076923076923,56,65.69759415561929,116.47462697922654,189.9004918579804,336.72882875311564,127,226,Nenhuma,0.3328351676464081
376,28.923076923076923,64,166.45107217266604,10.97075769983526,201.6301109212821,108.88237067975419,184,59,Nenhuma,0.3328351676464081
376,28.923076923076923,67,143.41071014527537,26.331488516612396,173.30149726954477,89.11634431911148,158,57,Nenhuma,0.3328351676464081
376,28.923076923076923,77,7.581862771016816,94.03299139986123,88.17876632526027,249.00803296482692,47,171,Nenhuma,0.3328351676464081
376,28.923076923076923,88,32.66357758810459,74.6223967405023,65.28484257273956,127.51138747127406,48,101,Nenhuma,0.3328351676464081
376,28.923076923076923,118,125.70367293019945,55.86469005704086,179.85605899979345,134.63079929096634,152,95,Nenhuma,0.3328351676464081
376,28.923076923076923,120,84.20332308012411,42.66258783088499,132.6824959585113,116.55582796667782,108,79,Nenhuma,0.3328351676464081
376,28.923076923076923,121,312.43926327832753,23.950162366293018,337.7109300386898,84.15323031053653,325,54,Nenhuma,0.3328351676464081
377,29.0,19,357.6085713431526,36.283069294573075,428.3541940041536,136.92894446586553,392,86,Nenhuma,0.2741968333721161
377,29.0,55,123.67501028550767,55.380277664033045,180.18825498759034,183.57131714702263,151,119,Nenhuma,0.2741968333721161
377,29.0,56,68.68403092894722,115.0935067629676,192.32401508780748,337.33693614576293,130,226,Nenhuma,0.2741968333721161
377,29.0,64,166.4473815252959,10.974098435124844,201.54367109901077,108.9778031095857,183,59,Nenhuma,0.2741968333721161
377,29.0,67,143.185752166784,26.091142806247138,173.19167648616758,89.11512460182966,158,57,Nenhuma,0.2741968333721161
377,29.0,77,8.863544624361033,94.6926095386837,88.17903471909409,249.22611453374367,48,171,Nenhuma,0.2741968333721161
377,29.0,88,32.14158308189719,74.87494077060225,65.0204100602746,128.53556639518297,48,101,Nenhuma,0.2741968333721161
377,29.0,118,123.66262919100119,55.32798248243853,181.11842861833307,139.75009943726909,152,97,Nenhuma,0.2741968333721161
377,29.0,120,84.51740113130062,47.6993420889158,130.71485143523648,116.22376294758625,107,81,Nenhuma,0.2741968333721161
377,29.0,121,312.7328143532007,23.223553610904492,338.1961706953444,84.01404015131747,325,53,Nenhuma,0.2741968333721161
378,29.076923076923077,19,358.2074142981556,36.02851029254488,428.89671845231493,136.99869065912463,393,86,Nenhuma,0.33415529131889343
378,29.076923076923077,55,124.81109442589597,54.50960435865938,179.38815004685011,178.16845877900255,152,116,Nenhuma,0.33415529131889343
378,29.076923076923077,56,71.79958803498975,112.64229252157526,195.07475465240685,337.5914156938103,133,225,Nenhuma,0.33415529131889343
378,29.076923076923077,64,166.47923442324685,10.977119624849081,201.4817975888525,109.01189372448785,183,59,Nenhuma,0.33415529131889343
378,29.076923076923077,67,143.36116642391232,26.658895153083446,172.87404888667254,88.44953972243613,158,57,Nenhuma,0.33415529131889343
378,29.076923076923077,77,9.907361284105711,95.59520162731161,87.57735572761817,248.5661835578315,48,172,Nenhuma,0.33415529131889343
378,29.076923076923077,88,31.38639817272568,74.97005058010714,64.83894494233628,130.2285273837409,48,102,Nenhuma,0.33415529131889343
378,29.076923076923077,118,123.92988975354808,55.156912343918385,180.61874258913247,138.82846754530348,152,96,Nenhuma,0.33415529131889343
378,29.076923076923077,120,84.23097740086527,48.5850339680733,130.08894501953822,116.60583955297207,107,82,Nenhuma,0.33415529131889343
378,29.076923076923077,121,313.02729859081734,23.247708879423296,338.44198742860004,83.92200127924032,325,53,Nenhuma,0.33415529131889343
379,29.153846153846153,19,359.09839541382155,36.597155753228094,429.1192107552906,137.02265143395076,394,86,Nenhuma,0.34256330132484436
379,29.153846153846153,55,125.14107071625331,54.51701063451394,179.7374634090796,178.22504931586326,152,116,Nenhuma,0.34256330132484436
379,29.153846153846153,56,81.2595529329015,109.13281201840648,204.09980380174608,336.3952345271537,142,222,Nenhuma,0.34256330132484436
379,29.153846153846153,64,166.521547817853,10.979803683634628,201.43209674699372,109.02262555399409,183,60,Nenhuma,0.34256330132484436
379,29.153846153846153,67,143.12980233048654,26.216499135131354,173.03703108294317,88.84954523319333,158,57,Nenhuma,0.34256330132484436
379,29.153846153846153,77,11.53383046084329,95.93553241669716,88.69221233742621,248.22262004807928,50,172,Nenhuma,0.34256330132484436
379,29.153846153846153,88,30.98933812628862,74.35494912518926,65.54570931434154,132.16413812210416,48,103,Nenhuma,0.34256330132484436
379,29.153846153846153,118,123.04424394221877,55.08327405186633,180.71139710940224,141.07300270253415,151,98,Nenhuma,0.34256330132484436
379,29.153846153846153,120,83.94455398238071,49.470725847230796,129.46303829188915,116.9879161583579,106,83,Nenhuma,0.34256330132484436
379,29.153846153846153,121,313.32178283383786,23.2718641479421,338.6878041564518,83.82996240716318,326,53,Nenhuma,0.34256330132484436
380,29.23076923076923,19,360.2789769274904,36.82130534931666,429.69749368643727,137.0290531843434,394,86,Nenhuma,0.30166757106781006
380,29.23076923076923,55,125.47104794907783,54.524416910368494,180.08677582884192,178.281639852724,152,116,Nenhuma,0.30166757106781006
380,29.23076923076923,56,86.07304139547037,105.22397657952578,208.15063696180243,334.6451625908501,147,219,Nenhuma,0.30166757106781006
380,29.23076923076923,64,166.5649648668417,10.982177125920721,201.38952244243058,109.02463633522606,183,60,Nenhuma,0.30166757106781006
380,29.23076923076923,67,143.04335538274037,26.05289821931033,173.09089367095106,88.9949916435047,158,57,Nenhuma,0.30166757106781006
380,29.23076923076923,77,12.604286211496152,95.39970195976917,89.9297699527414,248.01986089992891,51,171,Nenhuma,0.30166757106781006
380,29.23076923076923,88,30.819468332067856,74.11810906102801,66.49298622344573,134.1830323217572,48,104,Nenhuma,0.30166757106781006
380,29.23076923076923,118,122.86532971057048,55.05337707967678,180.57563731244474,141.90117271705066,151,98,Nenhuma,0.30166757106781006
380,29.23076923076923,120,81.87598308489801,48.31849519546362,130.19095691752176,117.91484774723602,106,83,Nenhuma,0.30166757106781006
380,29.23076923076923,121,313.61626708226225,23.296019416460904,338.9336208788998,83.73792353508603,326,53,Nenhuma,0.30166757106781006
381,29.307692307692307,19,361.1407090684205,37.570499320307086,429.50632411595365,137.02915397187613,395,87,Nenhuma,0.29642680287361145
381,29.307692307692307,34,122.92073969587878,23.99145922542742,142.28253950809156,71.16351156860115,132,47,Nenhuma,0.29642680287361145
381,29.307692307692307,55,125.80102612436951,54.53182318622305,180.43608730613704,178.33823038958474,153,116,Nenhuma,0.29642680287361145
381,29.307692307692307,56,91.25778318135598,101.17180402672741,210.73046366897978,330.06734270681375,150,215,Nenhuma,0.29642680287361145
381,29.307692307692307,64,166.88862455212868,10.98427394924569,201.72968491674513,109.02353578021153,184,60,Nenhuma,0.29642680287361145
381,29.307692307692307,67,143.14386291256469,25.993028022503292,172.96941649222103,88.38745774553324,158,57,Nenhuma,0.29642680287361145
381,29.307692307692307,77,13.461125883557315,95.1885146184777,91.21033219694567,247.88108761685703,52,171,Nenhuma,0.29642680287361145
381,29.307692307692307,88,30.20261910976823,73.38394295062443,66.7861502466705,134.95337363680503,48,104,Nenhuma,0.29642680287361145
381,29.307692307692307,118,122.83847479557662,55.03906919212971,179.80669386810402,141.54072148173657,151,98,Nenhuma,0.29642680287361145
381,29.307692307692307,120,83.38716645388956,48.312320237510896,131.0559598592699,115.38638649736674,107,81,Nenhuma,0.29642680287361145
382,29.384615384615383,19,360.27590269337435,37.194519428219564,428.6385632729358,137.02695325927058,394,87,Nenhuma,0.26307329535484314
382,29.384615384615383,34,122.67642969081925,23.994367582733485,142.91853315648075,70.78237991688596,132,47,Nenhuma,0.26307329535484314
382,29.384615384615383,56,97.65821587036883,95.09163094288247,214.2996110679079,321.76594678844504,155,208,Nenhuma,0.26307329535484314
382,29.384615384615383,64,167.10821808938982,10.98612600475218,201.76322532997744,108.36110722025927,184,59,Nenhuma,0.26307329535484314
382,29.384615384615383,67,145.44186150008,27.29580438681711,174.6226716911243,89.47292336115017,160,58,Nenhuma,0.26307329535484314
382,29.384615384615383,77,13.258185592291063,96.416886307738,90.19814750216534,247.1127152187785,51,171,Nenhuma,0.26307329535484314
382,29.384615384615383,88,29.49818460278789,73.09776729521059,68.02027495832797,137.8071128368947,48,105,Nenhuma,0.26307329535484314
382,29.384615384615383,118,123.31820998264207,55.031120819169324,176.37332986593597,136.11340661781625,149,95,Nenhuma,0.26307329535484314
382,29.384615384615383,120,82.77831140613604,48.29191211854131,131.17589781558334,115.16029443692912,106,81,Nenhuma,0.26307329535484314
382,29.384615384615383,125,74.32820629371605,47.99999999999999,138.19466654638757,155.4408892937459,106,101,Nenhuma,0.26307329535484314
383,29.46153846153846,19,360.02105873484703,37.05363019287575,428.2429572219693,137.02439800990464,394,87,Nenhuma,0.25355103611946106
383,29.46153846153846,34,121.73449822808603,23.991758682280548,142.98190645352176,71.29125785170051,132,47,Nenhuma,0.25355103611946106
383,29.46153846153846,56,103.74589249012972,92.2061872193046,216.37733928919022,312.7122174020719,160,202,Nenhuma,0.25355103611946106
383,29.46153846153846,64,167.17847236235917,10.987826735303948,201.7884310007027,108.10938410656192,184,59,Nenhuma,0.25355103611946106
383,29.46153846153846,67,146.82350207773854,27.787790541987373,175.37995035492673,89.87856578132096,161,58,Nenhuma,0.25355103611946106
383,29.46153846153846,77,12.58497267104132,95.55802176539721,89.67932997014853,246.10011354494668,51,170,Nenhuma,0.25355103611946106
383,29.46153846153846,88,29.096115246933703,72.98991346361026,69.27268609545708,140.8053880383676,49,106,Nenhuma,0.25355103611946106
383,29.46153846153846,114,17.470998787279616,94.00961207220081,67.58883039251772,180.73329795802363,42,137,Nenhuma,0.25355103611946106
383,29.46153846153846,118,122.5228206572634,55.02489903924653,172.63552978120615,132.63603888965537,147,93,Nenhuma,0.25355103611946106
383,29.46153846153846,120,82.90276128239326,47.60009843246087,132.22795876377558,115.0759277708986,107,81,Nenhuma,0.25355103611946106
383,29.46153846153846,125,75.42633393559909,48.0,137.52550853526748,152.6460000763844,106,100,Nenhuma,0.25355103611946106
384,29.53846153846154,19,360.45766259946413,36.34172154137748,428.88620220440737,137.02174806011175,394,86,Nenhuma,0.27354300022125244
384,29.53846153846154,34,121.32885597169016,23.992298105137966,143.91070093411457,72.98681341922867,132,48,Nenhuma,0.27354300022125244
384,29.53846153846154,56,111.70997023065956,89.22620384945526,221.21369919607776,304.03453731017424,166,196,Nenhuma,0.27354300022125244
384,29.53846153846154,64,167.39374179652015,10.989280476699442,201.60782547184428,106.6925772566538,184,58,Nenhuma,0.27354300022125244
384,29.53846153846154,67,147.18474207877554,27.91129123298776,175.77448577682568,90.07334698514866,161,58,Nenhuma,0.27354300022125244
384,29.53846153846154,77,9.898621387059144,95.2276633025942,87.25443679672969,247.00007758588464,48,171,Nenhuma,0.27354300022125244
384,29.53846153846154,88,28.206908599225212,72.31517309966563,69.23253910665869,141.95947783762637,48,107,Nenhuma,0.27354300022125244
384,29.53846153846154,114,17.810937471484397,94.02038681357882,67.50103327394478,180.00364295532694,42,137,Nenhuma,0.27354300022125244
384,29.53846153846154,118,122.11383669525631,55.69780654996376,170.7269206370013,132.05606787166988,146,93,Nenhuma,0.27354300022125244
384,29.53846153846154,120,82.72133788243588,47.32711217554211,132.8634932812428,115.70597533737325,107,81,Nenhuma,0.27354300022125244
384,29.53846153846154,125,75.8389442234323,47.25009163522193,137.23028065312417,151.06161950901128,106,99,Nenhuma,0.27354300022125244
385,29.615384615384617,19,360.22822025256505,36.075307334213335,428.87061471178527,137.0193585231782,394,86,Nenhuma,0.27816134691238403
385,29.615384615384617,34,120.8133097430046,23.993383919794407,143.97372706071263,73.61626249969184,132,48,Nenhuma,0.27816134691238403
385,29.615384615384617,56,121.55966361048749,86.8838920800697,231.91536529544013,302.2581390440064,176,194,Nenhuma,0.27816134691238403
385,29.615384615384617,64,169.4476138436488,11.65596518081152,199.56542530446052,93.52014362688992,184,52,Nenhuma,0.27816134691238403
385,29.615384615384617,67,145.90273026346554,28.00768168356271,173.3590811488763,86.94235691489695,159,57,Nenhuma,0.27816134691238403
385,29.615384615384617,77,7.892288585337283,94.44184154245129,85.3281095914225,247.30826302402272,46,170,Nenhuma,0.27816134691238403
385,29.615384615384617,88,28.29895640117107,72.05167832847627,69.4166258721709,142.37823619998673,48,107,Nenhuma,0.27816134691238403
385,29.615384615384617,114,18.1508775366823,94.03116155495682,67.41323477437872,179.2739879526302,42,136,Nenhuma,0.27816134691238403
385,29.615384615384617,118,121.51522874153173,56.61202473114553,171.18108817107324,135.8994388681118,146,96,Nenhuma,0.27816134691238403
385,29.615384615384617,120,82.652344379341,47.62364240643548,132.66377094770274,115.82411321136452,107,81,Nenhuma,0.27816134691238403
385,29.615384615384617,125,76.33761568791408,47.035124022630505,136.99706215055969,149.60904177650957,106,98,Nenhuma,0.27816134691238403
386,29.692307692307693,19,359.75799589143406,35.978962057311286,428.5909914338715,137.01712577442945,394,86,Nenhuma,0.2983012795448303
386,29.692307692307693,34,120.17259299743625,23.994548478525747,143.81013825977942,73.85866755049808,131,48,Nenhuma,0.2983012795448303
386,29.692307692307693,56,126.18609925198075,85.44006500914044,235.92551549284047,300.37914029716063,181,192,Nenhuma,0.2983012795448303
386,29.692307692307693,64,170.59933994627167,11.916685724184887,199.12139894705402,87.0077817532563,184,49,Nenhuma,0.2983012795448303
386,29.692307692307693,67,145.39232758045893,28.03970535095597,173.08665219455042,86.93392369269004,159,57,Nenhuma,0.2983012795448303
386,29.692307692307693,77,6.5541047921209525,93.48398936423861,83.84625679459404,247.39211020591262,45,170,Nenhuma,0.2983012795448303
386,29.692307692307693,88,28.17720759841834,71.3103931634792,69.65583692257167,142.50183625412438,48,106,Nenhuma,0.2983012795448303
386,29.692307692307693,114,18.49081898287333,94.04193629633482,67.32543489381953,178.5443329499335,42,136,Nenhuma,0.2983012795448303
386,29.692307692307693,118,122.7516057679649,56.28284510207386,172.54037363326134,136.64375730319276,147,96,Nenhuma,0.2983012795448303
386,29.692307692307693,120,82.58335110149866,47.92017263732885,132.46404838891016,115.94225108535579,107,81,Nenhuma,0.2983012795448303
386,29.692307692307693,125,76.83628714350758,46.82015641003908,136.7638436568835,148.15646404400783,106,97,Nenhuma,0.2983012795448303
387,29.76923076923077,19,359.3645430091084,36.60717017996761,428.04423546273426,137.01511955209912,393,86,Nenhuma,0.27924031019210815
387,29.76923076923077,34,121.09863021756078,23.99549603957712,144.6829839035691,72.58275320581403,132,48,Nenhuma,0.27924031019210815
387,29.76923076923077,56,130.6349176359286,83.00601115777516,240.3460087774451,299.7958669184267,185,191,Nenhuma,0.27924031019210815
387,29.76923076923077,64,171.7650339272346,12.705714021599917,199.5984722941849,84.2073073644395,185,48,Nenhuma,0.27924031019210815
387,29.76923076923077,67,145.29982546728192,28.049895322454383,173.58201905957182,87.59990127952736,159,57,Nenhuma,0.27924031019210815
387,29.76923076923077,77,6.516141668232116,93.77783113652767,82.81744373293355,246.73643637567176,44,170,Nenhuma,0.27924031019210815
387,29.76923076923077,88,28.18269681210461,71.02872153681105,69.70202334745628,142.51569719516078,48,106,Nenhuma,0.27924031019210815
387,29.76923076923077,118,124.12055015578848,56.1478343660977,173.512197559848,136.2670424136192,148,96,Nenhuma,0.27924031019210815
387,29.76923076923077,120,84.87428347618639,49.72766745484753,133.4810669003852,115.1619351138992,109,82,Nenhuma,0.27924031019210815
387,29.76923076923077,125,77.3349585902128,46.60518879744766,136.53062517209557,146.70388631150612,106,96,Nenhuma,0.27924031019210815
388,29.846153846153847,19,359.527313621775,36.85012668895802,428.1931687488647,137.01327387052777,393,86,Nenhuma,0.28934401273727417
388,29.846153846153847,34,121.20595559689875,23.309963861030294,145.28468751196115,72.11330657652456,133,47,Nenhuma,0.28934401273727417
388,29.846153846153847,56,131.25205116639782,79.53645507919673,240.75385328529066,301.0021638504017,186,190,Nenhuma,0.28934401273727417
388,29.846153846153847,64,172.47131955682727,12.96849890080324,200.14138780554057,82.64876281904088,186,47,Nenhuma,0.28934401273727417
388,29.846153846153847,67,145.1874689448862,28.05030356261631,173.83777373012921,87.84941731040729,159,57,Nenhuma,0.28934401273727417
388,29.846153846153847,77,4.959167385290144,93.2354882330873,80.68568465382711,247.1149466906347,42,170,Nenhuma,0.28934401273727417
388,29.846153846153847,88,28.606386333346684,70.92768198046097,69.95224628504394,142.48629828823272,49,106,Nenhuma,0.28934401273727417
388,29.846153846153847,118,124.95376173968205,56.0899348698918,172.92127769117113,134.13110480585917,148,95,Nenhuma,0.28934401273727417
388,29.846153846153847,120,84.31382869740006,49.35894773080247,133.12843957938657,114.36186653680903,108,81,Nenhuma,0.28934401273727417
389,29.923076923076923,19,359.8360760736307,36.94319517599612,428.6713857676561,137.01169402623108,394,86,Nenhuma,0.32901984453201294
389,29.923076923076923,34,120.89545959832893,23.06450038596269,145.18728873601358,71.27668008518336,133,47,Nenhuma,0.32901984453201294
389,29.923076923076923,55,125.09594038094887,55.96381578923228,174.22948871887291,168.27713450563314,149,112,Nenhuma,0.32901984453201294
389,29.923076923076923,56,141.45965298815102,78.31047193115154,245.0873759637466,291.6972622713136,193,185,Nenhuma,0.32901984453201294
389,29.923076923076923,64,171.76524470289627,12.357620985694702,200.57034257213604,84.28589881700495,186,48,Nenhuma,0.32901984453201294
389,29.923076923076923,67,145.2093135510607,28.046611804067958,173.86250263221623,87.2834514301305,159,57,Nenhuma,0.32901984453201294
389,29.923076923076923,77,5.45972027332715,93.69210915335417,80.12990865610566,247.23694149469827,42,170,Nenhuma,0.32901984453201294
389,29.923076923076923,88,29.00036470385266,70.89721109474763,69.82339074942863,141.79296886540547,49,106,Nenhuma,0.32901984453201294
389,29.923076923076923,118,125.0481309942796,56.18851678844035,172.851776068427,133.96322342000008,148,95,Nenhuma,0.32901984453201294
389,29.923076923076923,120,84.46592385502302,49.71896599019827,132.9611582118476,114.2964617218198,108,82,Nenhuma,0.32901984453201294
390,30.0,19,359.8939982591229,36.978845878577616,428.9158061141617,137.01031223482767,394,86,Nenhuma,0.3070167005062103
390,30.0,34,120.66467336450799,22.978750554194836,145.27795383723972,70.97889593856931,132,46,Nenhuma,0.3070167005062103
390,30.0,55,125.02482287547116,56.01848872247576,175.45784187542313,172.21056707004053,150,114,Nenhuma,0.3070167005062103
390,30.0,56,149.64694164405518,73.29294322406555,248.77416794067122,279.5181900840748,199,176,Nenhuma,0.3070167005062103
390,30.0,64,168.08997294607966,11.466324475961983,202.78897845975547,99.07687366510002,185,55,Nenhuma,0.3070167005062103
390,30.0,67,145.00662075704082,27.376663097854006,174.07480914383467,87.07008156292912,159,57,Nenhuma,0.3070167005062103
390,30.0,77,5.6301918708989405,92.55215269791798,79.9717535210146,247.26052036838564,42,169,Nenhuma,0.3070167005062103
390,30.0,88,29.361669704449103,70.89429612876923,69.56667853000687,140.84018132968515,49,105,Nenhuma,0.3070167005062103
390,30.0,118,125.1424999375227,56.28709870698891,172.78227475703738,133.795342034141,148,95,Nenhuma,0.3070167005062103
390,30.0,120,84.4978340135942,49.22833670499975,134.16608835843687,114.83727479590857,109,82,Nenhuma,0.3070167005062103
391,30.076923076923077,19,359.86139569143654,36.99247075202701,429.06474300128934,137.00909293754904,394,87,Nenhuma,0.28435057401657104
391,30.076923076923077,34,120.58648799294613,22.952433922271663,145.31500573945866,70.88315650879714,132,46,Nenhuma,0.28435057401657104
391,30.076923076923077,55,124.15513712571274,56.038898506525975,175.99512348618194,177.31864750350024,150,116,Nenhuma,0.28435057401657104
391,30.076923076923077,56,155.13531231701708,70.8689785038012,249.32146897440361,267.07175421519327,202,168,Nenhuma,0.28435057401657104
391,30.076923076923077,64,166.77699512519547,11.775866994179403,202.97507024802076,104.25444676357199,184,58,Nenhuma,0.28435057401657104
391,30.076923076923077,67,144.73891402479705,27.12502036260077,174.34047648131477,87.65415224899598,159,57,Nenhuma,0.28435057401657104
391,30.076923076923077,77,6.734630985877416,93.43983784908619,79.55531662272882,246.59392897185728,43,170,Nenhuma,0.28435057401657104
391,30.076923076923077,88,29.90489085125922,70.90119838905875,69.72267071884096,140.45163806703326,49,105,Nenhuma,0.28435057401657104
391,30.076923076923077,118,125.22570891710599,56.05752971361869,174.468451271488,136.49693811349283,149,96,Nenhuma,0.28435057401657104
391,30.076923076923077,120,83.93010546457195,49.835970831718384,133.64920598550663,114.94793333613305,108,82,Nenhuma,0.28435057401657104
392,30.153846153846153,19,359.7118444153557,37.65862075663023,428.5981415016788,137.00801610677166,394,87,Nenhuma,0.2733202576637268
392,30.153846153846153,34,120.65960278622116,22.947587405427683,145.90612226891892,71.53084100703317,133,47,Nenhuma,0.2733202576637268
392,30.153846153846153,55,123.28308819161818,56.04397006832724,176.090545634094,181.18566962150678,149,118,Nenhuma,0.2733202576637268
392,30.153846153846153,56,157.86031532439318,67.38559611326886,249.74028689569585,257.92488829914294,203,162,Nenhuma,0.2733202576637268
392,30.153846153846153,64,167.0899460759267,11.911370925692914,203.44919484967068,105.1437194344399,185,58,Nenhuma,0.2733202576637268
392,30.153846153846153,67,144.80103237959383,27.089695624056276,174.41368511657805,87.63981567478066,159,57,Nenhuma,0.2733202576637268
392,30.153846153846153,77,7.065351866336734,93.78639634296555,79.51588761344155,248.3039118450946,43,171,Nenhuma,0.2733202576637268
392,30.153846153846153,88,31.194306015097297,71.56871145820934,70.67286984721761,140.94602684628103,50,106,Nenhuma,0.2733202576637268
392,30.153846153846153,118,125.97115223434592,56.03960886006674,173.32083241970514,132.82555057779095,149,94,Nenhuma,0.2733202576637268
392,30.153846153846153,120,84.42844036590323,50.71323698062946,133.42749928022462,114.32072883477332,108,82,Nenhuma,0.2733202576637268
393,30.23076923076923,19,359.9971704042622,37.90987261417074,428.7435959525293,137.007028863139,394,87,Nenhuma,0.25244832038879395
393,30.23076923076923,34,120.50700211651687,23.613511687824936,145.64788568092243,71.78078963343691,133,47,Nenhuma,0.25244832038879395
393,30.23076923076923,55,123.37154248769858,56.04254447113258,176.3576178098989,182.6610180397643,149,119,Nenhuma,0.25244832038879395
393,30.23076923076923,56,159.6323941176431,65.55762835641059,249.44695932081922,250.76016110386058,204,158,Nenhuma,0.25244832038879395
393,30.23076923076923,64,167.10488444711405,11.966855496536887,203.10493676477148,104.15138255455616,185,58,Nenhuma,0.25244832038879395
393,30.23076923076923,67,144.86315044804698,27.05437088551178,174.48689403818491,87.62547910056534,159,57,Nenhuma,0.25244832038879395
393,30.23076923076923,77,9.934617337930227,93.91831142530744,81.37752895635842,246.95883777736947,45,170,Nenhuma,0.25244832038879395
393,30.23076923076923,88,31.965747225270977,72.48577021341126,71.40496861546093,142.43580844599927,51,107,Nenhuma,0.25244832038879395
393,30.23076923076923,118,126.14273327450785,56.09547444274795,173.29100735479142,132.55493930961188,149,94,Nenhuma,0.25244832038879395
393,30.23076923076923,120,84.72243197242791,51.69714555212157,133.2370371322186,114.08649672823387,108,82,Nenhuma,0.25244832038879395
394,30.307692307692307,19,359.8987809552759,38.001260742946656,429.0062689091315,137.66847481065747,394,87,Nenhuma,0.3315673768520355
394,30.307692307692307,34,120.46880777075233,23.608838153564847,145.54398936627678,71.65038524896028,133,47,Nenhuma,0.3315673768520355
394,30.307692307692307,55,123.90397306964117,56.03868128128224,176.6243459286032,183.19678593641058,150,119,Nenhuma,0.3315673768520355
394,30.307692307692307,56,159.65997488376962,64.33240803357911,249.61629207414478,250.43990748755976,204,157,Nenhuma,0.3315673768520355
394,30.307692307692307,64,167.4810221144934,12.642148090851947,203.2519767012499,104.37204131612415,185,58,Nenhuma,0.3315673768520355
394,30.307692307692307,67,144.92526823015652,27.019046146967284,174.56010324613544,87.61114252635004,159,57,Nenhuma,0.3315673768520355
394,30.307692307692307,77,11.160289561408511,91.98415691333423,83.2969395033686,247.08676640365428,47,169,Nenhuma,0.3315673768520355
394,30.307692307692307,88,33.26509635239197,72.83447539406646,71.97617002548907,142.32815522125236,52,107,Nenhuma,0.3315673768520355
394,30.307692307692307,118,126.31431394860218,56.15134002542916,173.2611826559453,132.28432804143281,149,94,Nenhuma,0.3315673768520355
394,30.307692307692307,120,84.93965320177237,52.137442734739885,133.05059405636905,114.00752272306178,108,83,Nenhuma,0.3315673768520355
395,30.384615384615383,19,359.2969651148022,37.37210540178837,429.01024732117634,137.915826414125,394,87,Nenhuma,0.2595078647136688
395,30.384615384615383,34,120.4306132239335,23.604164619304758,145.44009325268541,71.51998086448364,132,47,Nenhuma,0.2595078647136688
395,30.384615384615383,55,124.61699276326779,56.034465166823814,176.87758020347437,183.3660950061987,150,119,Nenhuma,0.2595078647136688
395,30.384615384615383,56,158.31665167658616,62.629898958133964,251.48445316319098,258.5597550868679,204,160,Nenhuma,0.2595078647136688
395,30.384615384615383,64,167.75222834895206,12.244165579274238,203.1789056831527,103.11480376263951,185,57,Nenhuma,0.2595078647136688
395,30.384615384615383,77,11.02118737434386,91.2620966096378,81.97862590867715,245.81141300958313,46,168,Nenhuma,0.2595078647136688
395,30.384615384615383,88,35.17225867481605,73.62614225859696,72.74547786443856,142.2652647223892,53,107,Nenhuma,0.2595078647136688
395,30.384615384615383,118,126.48589425662891,56.207205608110364,173.23135832316677,132.01371677325375,149,94,Nenhuma,0.2595078647136688
395,30.384615384615383,120,85.26225212576418,52.1213639660793,132.74216461482786,112.40512402579088,109,82,Nenhuma,0.2595078647136688
396,30.46153846153846,19,359.1701028631335,37.13164686524476,428.91181505822726,137.34753030982387,394,87,Nenhuma,0.26764944195747375
396,30.46153846153846,34,120.19808609732648,23.089154059929808,146.61283842758607,73.61178762995901,133,48,Nenhuma,0.26764944195747375
396,30.46153846153846,55,125.17961268222024,55.373104453609585,177.34003709909348,184.05497762446552,151,119,Nenhuma,0.26764944195747375
396,30.46153846153846,56,161.31921737157285,60.26670906773808,254.00707935873336,255.18288752904704,207,157,Nenhuma,0.26764944195747375
396,30.46153846153846,64,168.40782713079562,12.74749975196098,202.59616617153205,99.97446031574904,185,56,Nenhuma,0.26764944195747375
396,30.46153846153846,77,11.655946739471062,90.99573813217421,80.76869851890514,243.9930363969815,46,167,Nenhuma,0.26764944195747375
396,30.46153846153846,88,35.507401912902296,73.77178335720497,73.21665471798532,142.66075137203865,54,108,Nenhuma,0.26764944195747375
396,30.46153846153846,120,83.79068870013406,52.15878360469611,132.84224149758484,114.11410929902186,108,83,Nenhuma,0.26764944195747375
397,30.53846153846154,19,358.861247517615,37.03977183163468,429.13784072991217,137.78842478894452,393,87,Nenhuma,0.26772838830947876
397,30.53846153846154,34,120.2856575010577,23.681600743298333,146.6433141787092,73.9071401204033,133,48,Nenhuma,0.26772838830947876
397,30.53846153846154,55,125.06988605213382,55.12106444190249,177.1787718761097,184.2888732906772,151,119,Nenhuma,0.26772838830947876
397,30.53846153846154,56,172.37267344419308,57.198409956559644,248.59471392618306,216.05885725568783,210,136,Nenhuma,0.26772838830947876
397,30.53846153846154,64,168.37705926022124,12.938865566735522,202.65077402849647,100.74523342127009,185,56,Nenhuma,0.26772838830947876
397,30.53846153846154,77,13.359209198727363,90.9061981103802,80.82559525438742,242.63858278579016,47,166,Nenhuma,0.26772838830947876
397,30.53846153846154,88,41.89334037813093,73.20245128735758,72.67898505646464,128.20520719197992,57,100,Nenhuma,0.26772838830947876
397,30.53846153846154,120,83.66012411922965,51.50860586949359,132.50763893386733,112.70713826898304,108,82,Nenhuma,0.26772838830947876
398,30.615384615384617,19,358.4215983269163,37.00576454270466,428.8901639610281,137.95302296005133,393,87,Nenhuma,0.2805192470550537
398,30.615384615384617,34,120.29396293675204,23.895535112070768,146.67795812433928,74.01099527689158,133,48,Nenhuma,0.2805192470550537
398,30.615384615384617,55,125.31469124480034,55.682118793469954,176.82282057279923,183.6918413368798,151,119,Nenhuma,0.2805192470550537
398,30.615384615384617,56,176.47044154744162,54.936329247534886,249.66224083225006,206.71977716883322,213,130,Nenhuma,0.2805192470550537
398,30.615384615384617,64,168.0724647362823,13.007089083648644,202.96206454175748,102.9996789318883,185,58,Nenhuma,0.2805192470550537
398,30.615384615384617,77,14.657165862537973,90.88308470230506,80.84479163888963,242.13455618704324,47,166,Nenhuma,0.2805192470550537
398,30.615384615384617,88,42.912523075473956,73.2724009425639,72.99989405563691,127.02847266033393,57,100,Nenhuma,0.2805192470550537
398,30.615384615384617,120,83.73755501978502,51.74036160334531,132.25594561526,112.52636014011182,107,82,Nenhuma,0.2805192470550537
399,30.692307692307693,19,358.5411366774076,37.653255421637745,428.51387953733064,137.35300094471185,393,87,Nenhuma,0.27976173162460327
399,30.692307692307693,34,120.13226490505397,23.97514460541927,146.8561068911673,74.70563581096741,133,49,Nenhuma,0.27976173162460327
399,30.692307692307693,55,125.49836507883327,55.23804571116585,177.2504896602469,184.09399014705144,151,119,Nenhuma,0.27976173162460327
399,30.692307692307693,56,179.4578637077137,52.855842292472815,252.42869298246643,204.64300328185095,215,128,Nenhuma,0.27976173162460327
399,30.692307692307693,64,167.33706714194022,12.376495675752764,203.04401060892917,104.49074749058605,185,58,Nenhuma,0.27976173162460327
399,30.692307692307693,77,16.047434196959315,90.88374161680892,80.59755248146257,240.6295771552985,48,165,Nenhuma,0.27976173162460327
399,30.692307692307693,88,43.93169438788822,73.34235059777023,73.32081443973794,125.85173812868793,58,99,Nenhuma,0.27976173162460327
399,30.692307692307693,120,83.59115311906619,49.63395864584122,131.5835920513772,108.92692144174772,107,79,Nenhuma,0.27976173162460327
400,30.76923076923077,19,357.8124501634074,37.23644975753274,428.48828090572727,137.78527394776216,393,87,Nenhuma,0.2814632058143616
400,30.76923076923077,34,120.59452689788783,24.00401702581327,147.0566738106453,74.30585056717365,133,49,Nenhuma,0.2814632058143616
400,30.76923076923077,55,125.70546586250484,55.72810036262591,177.2688477692905,184.22579426299683,151,119,Nenhuma,0.2814632058143616
400,30.76923076923077,56,182.60032414376943,50.838713404502585,255.21515836191676,204.1232213520734,218,127,Nenhuma,0.2814632058143616
400,30.76923076923077,64,166.95087648886667,12.132327487235393,203.1777749325085,105.69501516088465,185,58,Nenhuma,0.2814632058143616
400,30.76923076923077,77,17.50858562333056,90.89323166133067,80.87721506236478,239.40997098674984,49,165,Nenhuma,0.2814632058143616
400,30.76923076923077,88,44.95085431537373,73.41230025297658,73.64174620876773,124.67500359704194,59,99,Nenhuma,0.2814632058143616
400,30.76923076923077,120,83.68359073354003,49.607667990571784,131.24576378273525,108.36884941111957,107,78,Nenhuma,0.2814632058143616
401,30.846153846153847,19,357.71237273682783,37.07977673289266,428.31269125511204,137.28669759713776,393,87,Nenhuma,0.2508287727832794
401,30.846153846153847,34,120.60568315506886,24.039743320574036,147.11322295050357,74.42790945878222,133,49,Nenhuma,0.2508287727832794
401,30.846153846153847,55,125.41683867327386,55.915741280487026,176.97690509847973,184.2535101338182,151,120,Nenhuma,0.2508287727832794
401,30.846153846153847,56,186.24763257812413,50.87804194570688,257.5594399440782,204.18190297923437,221,127,Nenhuma,0.2508287727832794
401,30.846153846153847,64,166.49380022623498,12.038209773478073,203.53811700887792,108.09169229098711,185,60,Nenhuma,0.2508287727832794
401,30.846153846153847,77,20.99849330727269,88.90985138272016,85.99640542021109,240.96469253644642,53,164,Nenhuma,0.2508287727832794
401,30.846153846153847,120,83.77602983557212,49.58137733530235,130.90793402653503,107.81077738049142,107,78,Nenhuma,0.2508287727832794
401,30.846153846153847,121,314.8815826213592,23.00390037857371,340.1616134971082,81.99905368543324,327,52,Nenhuma,0.2508287727832794
402,30.923076923076923,19,354.44313076167055,37.68171410191234,423.55174127289837,137.09542672322695,388,87,Nenhuma,0.3575097918510437
402,30.923076923076923,34,120.61683945314513,24.075469615334804,147.16977204946664,74.5499683503908,133,49,Nenhuma,0.3575097918510437
402,30.923076923076923,55,126.16448050946211,55.985695647856055,177.32245995047202,183.58500889652223,151,119,Nenhuma,0.3575097918510437
402,30.923076923076923,56,189.94198184416294,50.990555923621145,259.8795158309136,203.77591917461922,224,127,Nenhuma,0.3575097918510437
402,30.923076923076923,64,165.97973651924093,12.002934693662361,203.36747863474957,109.63506380846607,184,60,Nenhuma,0.3575097918510437
402,30.923076923076923,77,22.22133153161861,87.5236277660241,87.94272718128201,241.55372162700837,55,164,Nenhuma,0.3575097918510437
402,30.923076923076923,120,83.86847042516247,49.555086680032915,130.5701027827766,107.25270534986326,107,78,Nenhuma,0.3575097918510437
402,30.923076923076923,121,314.1677995955051,22.307692872224248,340.2032901933409,81.9738113294428,327,52,Nenhuma,0.3575097918510437
403,31.0,19,357.33073793616,37.2462894418192,426.92963695890256,137.02356018446056,392,87,Nenhuma,0.417108952999115
403,31.0,34,120.62799579211662,24.11119591009557,147.2263211075345,74.67202724199936,133,49,Nenhuma,0.417108952999115
403,31.0,55,126.64387127448549,56.01048662842807,177.9136661861384,183.9751686967091,152,119,Nenhuma,0.417108952999115
403,31.0,56,194.30441402394172,49.764885943723485,263.5587410784913,203.15804899830488,228,126,Nenhuma,0.417108952999115
403,31.0,64,166.23090357173905,11.9903830448567,203.50280447968998,110.20028314156269,184,61,Nenhuma,0.417108952999115
403,31.0,77,24.028873169294698,87.00964892113338,89.91074712583287,241.1316995005971,56,164,Nenhuma,0.417108952999115
403,31.0,121,312.864864645361,21.412724938237144,339.95564310008575,83.29374674203397,326,52,Nenhuma,0.417108952999115
404,31.076923076923077,19,358.0810614505185,37.08196173648232,427.8963900137083,136.997588127552,392,87,Nenhuma,0.49699950218200684
404,31.076923076923077,55,126.99967871005322,55.35858495474112,178.61218020805705,184.10967048874244,152,119,Nenhuma,0.49699950218200684
404,31.076923076923077,56,198.37046698313915,48.70802630434734,266.251600826459,199.7421431841728,232,124,Nenhuma,0.49699950218200684
404,31.076923076923077,64,166.42509026865105,11.986702278922927,203.46196561889403,110.38259299451599,184,61,Nenhuma,0.49699950218200684
404,31.076923076923077,77,25.031362129970184,86.83361446860326,90.93696670533055,240.9775724142489,57,163,Nenhuma,0.49699950218200684
404,31.076923076923077,121,311.59507772130917,20.42480423784072,339.3321658133723,83.78865927216755,325,52,Nenhuma,0.49699950218200684
405,31.153846153846153,19,358.5341965711164,37.020195989290215,428.1008221598734,136.32827913052392,393,86,Nenhuma,0.5075121521949768
405,31.153846153846153,55,127.12347345011146,55.111069026255876,178.87539829330285,184.14800804534175,152,119,Nenhuma,0.5075121521949768
405,31.153846153846153,56,202.56463821276665,47.716059814837024,269.013076099457,194.6103988991408,235,121,Nenhuma,0.5075121521949768
405,31.153846153846153,64,166.69248348134133,12.640348301218609,203.25552595923514,110.41893443284425,184,61,Nenhuma,0.5075121521949768
405,31.153846153846153,77,25.210718521028824,86.78570383162426,90.79145734796091,240.26729367664856,58,163,Nenhuma,0.5075121521949768
405,31.153846153846153,121,310.9678837883335,20.70746578348319,339.2350111562203,84.63154615230441,325,52,Nenhuma,0.5075121521949768
406,31.23076923076923,19,358.46182489407005,36.33524006429183,428.4236116307381,136.0767659935317,393,86,Nenhuma,0.3028016984462738
406,31.23076923076923,55,126.66868910256213,54.359528613773094,178.80326505702837,184.15021770572997,152,119,Nenhuma,0.3028016984462738
406,31.23076923076923,56,204.41893200669,46.74502720510918,270.79900836491345,192.21887652662124,237,119,Nenhuma,0.3028016984462738
406,31.23076923076923,64,166.75886288186598,12.234284574388028,203.21391954812978,110.40024522283167,184,61,Nenhuma,0.3028016984462738
406,31.23076923076923,77,28.696118950189533,87.44632125490583,90.54624414964667,229.43373260136522,59,158,Nenhuma,0.3028016984462738
406,31.23076923076923,121,310.16778471937215,20.827911109040578,339.1129756768331,85.60766898499821,324,53,Nenhuma,0.3028016984462738
407,31.307692307692307,19,358.39000206140037,34.75919173771526,429.24860303348567,135.98615137085915,393,85,Nenhuma,0.26052042841911316
407,31.307692307692307,55,126.86434542291137,54.73568051374572,179.05279055346546,184.14057466731924,152,119,Nenhuma,0.26052042841911316
407,31.307692307692307,56,203.08576652681413,45.77322241483439,267.84446740446214,188.80161042076628,235,117,Nenhuma,0.26052042841911316
407,31.307692307692307,64,166.75130280675208,11.423473618107039,203.23177161022295,110.36783417382975,184,60,Nenhuma,0.26052042841911316
407,31.307692307692307,77,26.189117087723304,84.32034483594424,92.81962951581775,237.55156810454895,59,160,Nenhuma,0.26052042841911316
407,31.307692307692307,120,90.0877182171927,49.01597234553862,142.16619603681931,116.5272899799221,116,82,Nenhuma,0.26052042841911316
407,31.307692307692307,121,306.952169251199,20.881254536521475,336.74407782271516,87.9385665734822,321,54,Nenhuma,0.26052042841911316
408,31.384615384615383,19,358.00703655082543,32.85624381141903,429.9129734480679,135.95594878296203,393,84,Nenhuma,0.3761371970176697
408,31.384615384615383,55,126.88196896945426,54.88381725309404,179.19288415758683,184.12653391038614,153,119,Nenhuma,0.3761371970176697
408,31.384615384615383,56,201.90586722119983,44.80196538385603,265.17991283266423,187.03210441682307,233,115,Nenhuma,0.3761371970176697
408,31.384615384615383,64,166.82307118330908,11.115650101337067,203.1646769861579,110.33224513425046,184,60,Nenhuma,0.3761371970176697
408,31.384615384615383,77,25.334757530085483,83.24152337828173,92.96011126796165,239.04054619848915,59,161,Nenhuma,0.3761371970176697
408,31.384615384615383,120,90.55000334106742,48.95680137263133,142.99439589168395,116.94232835272004,116,82,Nenhuma,0.3761371970176697
408,31.384615384615383,121,305.340725505145,20.906360747454265,334.3037232906921,86.21652224592492,319,53,Nenhuma,0.3761371970176697
409,31.46153846153846,19,353.7720098256037,33.45233472139649,423.1234002898279,135.29384310880786,388,84,Nenhuma,0.33322620391845703
409,31.46153846153846,55,126.73965857164494,54.94255270957591,179.38339330621366,184.11262614690423,153,119,Nenhuma,0.33322620391845703
409,31.46153846153846,56,200.87193516372042,43.8262687976958,263.3015732685488,186.52383141529745,232,115,Nenhuma,0.33322620391845703
409,31.46153846153846,64,167.02134477539107,11.001500494987077,202.96889189376103,109.63989029953078,184,60,Nenhuma,0.33322620391845703
409,31.46153846153846,77,24.8364819402437,82.84698842157087,92.44432754831887,238.9859215614402,58,160,Nenhuma,0.33322620391845703
409,31.46153846153846,120,91.01228771229567,48.897630399724044,143.82259649919507,117.35736672551798,117,83,Nenhuma,0.33322620391845703
409,31.46153846153846,121,303.7036931042969,20.924450101716893,332.4166645630523,85.50986272413297,318,53,Nenhuma,0.33322620391845703
410,31.53846153846154,19,353.4198541343039,33.70217061447389,421.2080130963039,135.0438053446547,387,84,Nenhuma,0.25275740027427673
410,31.53846153846154,34,122.39115548311646,23.044352086353136,144.65212060069356,63.408125981801255,133,43,Nenhuma,0.25275740027427673
410,31.53846153846154,55,126.37705740000943,54.306466539450085,179.7534790325569,184.09976021766568,153,119,Nenhuma,0.25275740027427673
410,31.53846153846154,56,200.38202927474947,42.17873887114858,263.26431650790585,187.79778753937632,231,114,Nenhuma,0.25275740027427673
410,31.53846153846154,64,167.14923337324117,10.96244974236378,202.84259840187423,109.35481856333959,184,60,Nenhuma,0.25275740027427673
410,31.53846153846154,77,24.45744993451337,81.40945910082749,93.03177981960249,240.28265919947378,58,160,Nenhuma,0.25275740027427673
410,31.53846153846154,120,91.47457133087742,48.838459426816755,144.65079785935265,117.77240509831593,118,83,Nenhuma,0.25275740027427673
410,31.53846153846154,121,302.85493402682994,20.81039428821981,331.7009625746418,85.6950097665603,317,53,Nenhuma,0.25275740027427673
411,31.615384615384617,19,354.1997234237246,34.469088593010426,420.2762110650184,134.95595859055828,387,84,Nenhuma,0.4014107584953308
411,31.615384615384617,34,122.5667454290527,22.98667816055244,144.45310176465827,62.67072008039882,133,42,Nenhuma,0.4014107584953308
411,31.615384615384617,55,124.32607274854033,54.72733592769772,177.84448927562664,184.74742692808155,151,119,Nenhuma,0.4014107584953308
411,31.615384615384617,56,199.68103774485448,41.61022801493006,263.0229955895121,189.0272970380504,231,115,Nenhuma,0.4014107584953308
411,31.615384615384617,64,167.1418779186114,10.292616623137484,202.8510787642049,109.23241458428134,184,59,Nenhuma,0.4014107584953308
411,31.615384615384617,77,23.88391092989933,80.23330444712667,91.68716276404744,238.16033419638853,57,159,Nenhuma,0.4014107584953308
411,31.615384615384617,121,302.00617476772953,20.69633847472273,330.98526076786476,85.88015680898764,316,53,Nenhuma,0.4014107584953308
412,31.692307692307693,19,353.8707326131032,33.44299174888719,419.2685699783804,134.92966783669968,386,84,Nenhuma,0.4514756500720978
412,31.692307692307693,34,122.74233998587812,22.929004234751744,144.25407831773379,61.9333141789964,133,42,Nenhuma,0.4514756500720978
412,31.692307692307693,55,122.97129612781589,54.89063134106311,176.37301203580967,184.98651924375858,149,119,Nenhuma,0.4514756500720978
412,31.692307692307693,56,198.0981377527792,40.7852807866643,261.51836445992154,189.5894176928153,229,115,Nenhuma,0.4514756500720978
412,31.692307692307693,64,167.08881114965124,10.043709788694137,202.90500168624183,109.83258150260286,184,59,Nenhuma,0.4514756500720978
412,31.692307692307693,77,23.823828293026786,80.47104061998235,90.30620650107636,236.02444973064675,57,158,Nenhuma,0.4514756500720978
412,31.692307692307693,121,301.15741532699565,20.582282661225648,330.26955914272116,86.06530385141495,315,53,Nenhuma,0.4514756500720978
412,31.692307692307693,130,403.6889320732037,52.966167597550374,430.3110679267963,136.0,417,94,Nenhuma,0.4514756500720978
413,31.76923076923077,19,355.8146858856717,33.72378612677766,420.8113449449907,135.58367791318122,388,84,Nenhuma,0.2596838176250458
413,31.76923076923077,34,121.61342599373147,22.096065912328122,143.6041000421194,60.13185128368382,132,41,Nenhuma,0.2596838176250458
413,31.76923076923077,55,120.87788349309055,54.29450796637104,174.7680472329451,185.0688731431749,147,119,Nenhuma,0.2596838176250458
413,31.76923076923077,56,196.37092222349787,39.20036381002369,259.36855861512834,188.56197619671627,227,113,Nenhuma,0.2596838176250458
413,31.76923076923077,64,167.0293595461068,9.955237927828342,202.96516804583155,110.0501229154203,184,60,Nenhuma,0.2596838176250458
413,31.76923076923077,77,23.652047111735847,79.93131733556953,89.90102621437634,235.22125764394468,56,157,Nenhuma,0.2596838176250458
413,31.76923076923077,130,403.2271292953733,49.867281613890306,430.77287070462677,136.0,417,92,Nenhuma,0.2596838176250458
414,31.846153846153847,19,355.7928841300359,34.498919753222566,418.9008651597309,135.17814853717118,387,84,Nenhuma,0.3775539994239807
414,31.846153846153847,34,121.70510008844147,21.94777280130741,143.28380427190675,59.27006977798972,132,40,Nenhuma,0.3775539994239807
414,31.846153846153847,55,119.00812218193275,54.07066952743193,173.285962357756,185.09224927946434,146,119,Nenhuma,0.3775539994239807
414,31.846153846153847,56,193.95050337369736,37.326678954430164,256.30919401631746,187.5847976763785,225,112,Nenhuma,0.3775539994239807
414,31.846153846153847,64,167.48511490709134,10.585646765319296,203.16750314088299,110.12098175858966,185,60,Nenhuma,0.3775539994239807
414,31.846153846153847,77,23.879089844491496,81.73460439237408,89.4411340810639,234.9338521014193,56,158,Nenhuma,0.3775539994239807
414,31.846153846153847,130,403.218569096056,49.60041573601004,430.781430903944,136.0,417,92,Nenhuma,0.3775539994239807
415,31.923076923076923,19,355.7129460516631,34.801516928062746,417.60933119198626,135.0267800907992,386,84,Nenhuma,0.26587018370628357
415,31.923076923076923,34,121.79678448320287,21.799479690286695,142.9634982016427,58.408288272295614,132,40,Nenhuma,0.26587018370628357
415,31.923076923076923,55,115.69727196439231,53.98919772997304,170.7464765441993,185.09349983735166,143,119,Nenhuma,0.26587018370628357
415,31.923076923076923,56,190.48887451757696,36.665807885920174,252.4041580186338,189.25859567907585,221,112,Nenhuma,0.26587018370628357
415,31.923076923076923,64,167.39349746604725,10.832010257284786,202.84981962746298,110.13574587977601,185,60,Nenhuma,0.26587018370628357
415,31.923076923076923,77,23.241954501041498,82.44348687323387,88.64611628790266,234.84264222355844,55,158,Nenhuma,0.26587018370628357
415,31.923076923076923,118,134.03363391617216,25.161319653536097,179.9092352269571,106.10281438790331,156,65,Nenhuma,0.26587018370628357
415,31.923076923076923,130,403.186821701826,51.70640383188111,430.1055411727721,136.0,416,93,Nenhuma,0.26587018370628357
416,32.0,19,355.8714849662334,34.25534286005421,417.62737462429396,135.6363144017551,386,84,Nenhuma,0.32412010431289673
416,32.0,34,121.88847917801566,21.651186579265982,142.6431818313272,57.54650676660151,132,39,Nenhuma,0.32412010431289673
416,32.0,55,114.39218126190151,54.621651617472594,169.88169130644815,185.08713999167858,142,119,Nenhuma,0.32412010431289673
416,32.0,56,189.91765246118482,35.803341483230085,250.8553642707863,189.94317511395366,220,112,Nenhuma,0.32412010431289673
416,32.0,64,166.73777788065183,10.927808010003353,202.02891032341577,110.13103736928275,184,60,Nenhuma,0.32412010431289673
416,32.0,77,23.07112620126673,82.72226612541752,88.27072340005233,234.16003337697524,55,158,Nenhuma,0.32412010431289673
416,32.0,118,134.37749832815342,24.579811348868247,178.51097642777344,106.28522039799265,156,65,Nenhuma,0.32412010431289673
416,32.0,130,403.0551228203497,51.36644569562173,430.0824059512751,136.0,416,93,Nenhuma,0.32412010431289673
417,32.07692307692308,19,360.0210835565835,34.052825620787054,422.7888332743037,135.8672615118907,391,84,Nenhuma,0.34989553689956665
417,32.07692307692308,55,113.15473827159042,54.203762229860644,169.7017647293884,185.07835897239516,141,119,Nenhuma,0.34989553689956665
417,32.07692307692308,56,189.74500574969255,34.864323713439106,249.58916674250997,190.25215206437315,219,112,Nenhuma,0.34989553689956665
417,32.07692307692308,64,166.90409617135504,10.965575468680782,201.96544341996855,110.11999428373598,184,60,Nenhuma,0.34989553689956665
417,32.07692307692308,77,22.664921033362752,82.83713653369406,87.80348779881788,233.9183400453961,55,158,Nenhuma,0.34989553689956665
417,32.07692307692308,118,134.1389481445275,24.398903782757678,177.03385357320678,105.72840380214373,155,65,Nenhuma,0.34989553689956665
417,32.07692307692308,130,402.9234239396544,51.026487559362344,430.05927072899715,136.0,416,93,Nenhuma,0.34989553689956665
417,32.07692307692308,131,40.58160098048674,72.24918474524492,84.18774867680722,126.0926720126944,62,99,Nenhuma,0.34989553689956665
418,32.15384615384615,19,355.59909705342506,32.66172751225159,417.5877608116347,135.29674583791436,386,83,Nenhuma,0.25071677565574646
418,32.15384615384615,55,112.22957270316454,54.0475785339043,169.49465803252212,184.41043180338087,140,119,Nenhuma,0.25071677565574646
418,32.15384615384615,56,188.4736338171703,31.92566047358926,247.71765334384742,189.75365282486123,218,110,Nenhuma,0.25071677565574646
418,32.15384615384615,64,166.92707761423665,10.320753057554654,201.98688064838865,110.1075355366394,184,60,Nenhuma,0.25071677565574646
418,32.15384615384615,67,139.27029819110197,26.000751553111407,170.78558242319974,87.00117203212639,155,56,Nenhuma,0.25071677565574646
418,32.15384615384615,77,22.769932136594377,83.55087920297788,88.03299487832227,234.50600693772512,55,159,Nenhuma,0.25071677565574646
418,32.15384615384615,118,134.22736512334362,23.19880854586345,177.21830551787014,104.71108273405451,155,63,Nenhuma,0.25071677565574646
418,32.15384615384615,130,403.55798043057905,55.359922452318536,429.42128310624014,136.0,416,95,Nenhuma,0.25071677565574646
418,32.15384615384615,131,39.968827064792215,71.98821099203838,84.35499522139799,127.00418853892457,62,99,Nenhuma,0.25071677565574646
419,32.23076923076923,19,352.3679666189858,32.79817307905264,413.2231036288394,135.08116725991553,382,83,Nenhuma,0.366289347410202
419,32.23076923076923,55,111.22613852401997,54.65216618219323,168.81320183044005,184.15273245186,140,119,Nenhuma,0.366289347410202
419,32.23076923076923,56,187.00650575079047,29.543026344382923,245.4066937252909,188.9425463662487,216,109,Nenhuma,0.366289347410202
419,32.23076923076923,64,167.19753504570332,12.054200097757281,201.73743917273154,110.75445972553794,184,61,Nenhuma,0.366289347410202
419,32.23076923076923,67,138.99943111094714,25.293736420791014,172.28880769798965,89.76686706188377,155,57,Nenhuma,0.366289347410202
419,32.23076923076923,77,23.193778615825565,84.4873924226437,88.39913600677974,234.0780940330349,55,159,Nenhuma,0.366289347410202
419,32.23076923076923,118,134.31578291838068,21.998713308969222,177.40275664631253,103.6937616659653,155,62,Nenhuma,0.366289347410202
419,32.23076923076923,130,403.54581304229714,55.698292935489405,429.30059206698405,136.0,416,95,Nenhuma,0.366289347410202
419,32.23076923076923,131,38.69282029898735,71.19874622498405,84.73211568953181,128.6963505773887,61,99,Nenhuma,0.366289347410202
420,32.30769230769231,19,351.3051202540048,31.53973335785711,410.7660272960502,133.68114255435634,381,82,Nenhuma,0.2901279926300049
420,32.30769230769231,55,110.06793873698685,54.22032977083923,168.73720749947375,184.71653556556714,139,119,Nenhuma,0.2901279926300049
420,32.30769230769231,56,186.40966924815044,27.373387098511472,243.2918204312659,185.39348885532985,214,106,Nenhuma,0.2901279926300049
420,32.30769230769231,64,167.63804289651893,12.717612464324155,201.30941500075647,109.00556482164453,184,60,Nenhuma,0.2901279926300049
420,32.30769230769231,67,138.79800063404895,25.064164361080948,172.22622300856722,90.00670132198641,155,57,Nenhuma,0.2901279926300049
420,32.30769230769231,77,23.278788404353996,84.1780605196497,89.27640751039846,233.92830358787648,56,159,Nenhuma,0.2901279926300049
420,32.30769230769231,118,134.40420152963867,20.798618072074994,177.58720695853398,102.67644059787608,155,61,Nenhuma,0.2901279926300049
420,32.30769230769231,130,403.5336456551958,56.036663418660275,429.1799010265475,136.0,416,96,Nenhuma,0.2901279926300049
420,32.30769230769231,131,37.51573591450234,70.93356273510673,84.89810068929086,130.6310824843497,61,100,Nenhuma,0.2901279926300049
421,32.38461538461539,19,348.541144321303,33.054555893517566,406.9744348813954,135.13769347380506,377,84,Nenhuma,0.2809216380119324
421,32.38461538461539,55,109.49035436218176,54.058915486360064,168.90690974453554,184.92700511023895,139,119,Nenhuma,0.2809216380119324
421,32.38461538461539,56,185.98839063404554,24.6264464092159,242.07366860197604,183.41333131688168,214,104,Nenhuma,0.2809216380119324
421,32.38461538461539,64,168.6806518648418,13.63039260275972,201.61086454860987,107.66893441629256,185,60,Nenhuma,0.2809216380119324
421,32.38461538461539,67,138.49015701341355,24.980098035283078,172.44211751349354,91.4084556399952,155,58,Nenhuma,0.2809216380119324
421,32.38461538461539,77,23.113811370483,84.06125395172246,89.79713124294088,233.8827691630437,56,158,Nenhuma,0.2809216380119324
421,32.38461538461539,121,303.38758335914247,20.964167021861606,332.14960697637355,86.04296393582027,317,53,Nenhuma,0.2809216380119324
421,32.38461538461539,130,403.521478269275,56.375033901831145,429.05920998493036,136.0,416,96,Nenhuma,0.2809216380119324
421,32.38461538461539,131,37.56646401582536,70.85350745714983,85.15079482862382,131.29836229274892,61,101,Nenhuma,0.2809216380119324
422,32.46153846153846,19,346.71662495774183,30.335194999413382,405.7309306402792,136.3548881350505,376,83,Nenhuma,0.2545967102050781
422,32.46153846153846,55,107.98505275137744,53.34002923792849,168.33887956982204,185.00401620717386,138,119,Nenhuma,0.2545967102050781
422,32.46153846153846,56,185.9057573730002,23.645178086951304,239.61854940587406,178.1070271263295,212,100,Nenhuma,0.2545967102050781
422,32.46153846153846,64,168.38620944437622,12.622261452533323,201.0673339915832,105.83307841067594,184,59,Nenhuma,0.2545967102050781
422,32.46153846153846,67,138.5582254583697,25.609554148341658,172.34726731905627,91.93102850005536,155,58,Nenhuma,0.2545967102050781
422,32.46153846153846,77,22.99825382787111,84.01727284964804,90.03944094171653,233.21386007903428,56,158,Nenhuma,0.2545967102050781
422,32.46153846153846,121,303.32246056471024,20.98272879537577,332.42727632025105,87.43973249741276,317,54,Nenhuma,0.2545967102050781
422,32.46153846153846,131,37.81784617567874,70.84225352252234,85.69868494214717,132.15756481725174,61,101,Nenhuma,0.2545967102050781
423,32.53846153846154,19,344.5783203926311,29.324458884151078,402.8740952162328,136.80943270034768,373,83,Nenhuma,0.27440863847732544
423,32.53846153846154,55,106.7522200769987,51.75373382344391,168.1827347883193,185.03002810713764,137,118,Nenhuma,0.27440863847732544
423,32.53846153846154,56,184.798579440454,24.015760056526787,237.1660377650527,176.1391059240001,210,100,Nenhuma,0.27440863847732544
423,32.53846153846154,64,168.16276521354996,12.242335109402255,200.9795755845716,105.83057181395606,184,59,Nenhuma,0.27440863847732544
423,32.53846153846154,67,138.35321433466046,25.579155806980495,172.36577925352802,92.33703935472303,155,58,Nenhuma,0.27440863847732544
423,32.53846153846154,77,22.243297332793247,82.67486030423007,90.17105718348301,232.9720364246347,56,157,Nenhuma,0.27440863847732544
423,32.53846153846154,121,301.4810738170787,20.327796718021645,331.02403336597854,87.21789444604433,316,53,Nenhuma,0.27440863847732544
423,32.53846153846154,131,38.06520329355115,70.85176105130154,85.76067299087299,132.43304574612006,61,101,Nenhuma,0.27440863847732544
424,32.61538461538461,19,344.04057722512886,28.94924837215141,399.6100417984006,133.71677630829373,371,81,Nenhuma,0.25658518075942993
424,32.61538461538461,34,118.43577521535164,20.992358890921412,144.5599796923077,66.76658326557182,131,43,Nenhuma,0.25658518075942993
424,32.61538461538461,55,106.65615467201961,51.15910738710615,169.11889907128685,185.6934613601237,137,118,Nenhuma,0.25658518075942993
424,32.61538461538461,56,183.5100465746097,24.211492267634625,235.1970842261452,175.47138822533128,209,99,Nenhuma,0.25658518075942993
424,32.61538461538461,64,167.22327537750027,12.098023860247707,199.81232138891914,105.84141113683576,183,58,Nenhuma,0.25658518075942993
424,32.61538461538461,67,139.01101793811324,26.678601985654794,174.99959028536608,99.1713826570123,157,62,Nenhuma,0.25658518075942993
424,32.61538461538461,77,21.19036971815722,82.17377498641108,89.66404242244343,232.89174591826773,55,157,Nenhuma,0.25658518075942993
424,32.61538461538461,121,303.8884410907574,21.400079071354135,332.67924144801157,87.12700911758918,318,54,Nenhuma,0.25658518075942993
424,32.61538461538461,131,38.00966832816091,71.53040856985477,85.27312309436147,133.15099649558022,61,102,Nenhuma,0.25658518075942993
425,32.69230769230769,19,343.6431469627378,28.82759425718033,394.68682409973144,125.88242934769352,369,77,Nenhuma,0.2600478529930115
425,32.69230769230769,34,119.27267337410515,21.561230694134245,144.85877120510915,66.42887396801592,132,43,Nenhuma,0.2600478529930115
425,32.69230769230769,55,106.60735071892097,50.28737190828943,170.85441343553956,187.2553394355032,138,118,Nenhuma,0.2600478529930115
425,32.69230769230769,56,179.9369513068343,24.333277149806918,231.64643174245737,174.62048810298066,205,99,Nenhuma,0.2600478529930115
425,32.69230769230769,64,172.00171713211756,12.04203160329589,193.58294595655664,70.69130328044511,182,41,Nenhuma,0.2600478529930115
425,32.69230769230769,67,140.3338414184277,26.920639905206656,175.04298871947972,98.13580096749496,157,62,Nenhuma,0.2600478529930115
425,32.69230769230769,77,20.66906432724786,83.31161305617938,88.93204026605935,232.87248372297262,54,158,Nenhuma,0.2600478529930115
425,32.69230769230769,121,305.27239518846443,21.813849919240262,333.543336377741,87.08491777105405,319,54,Nenhuma,0.2600478529930115
425,32.69230769230769,131,38.00056223774367,71.798754802269,84.4134335771526,132.71965216272463,61,102,Nenhuma,0.2600478529930115
426,32.76923076923077,19,343.0573463465254,29.489669302833185,392.73413138807865,122.91811493511659,367,76,Nenhuma,0.3055131733417511
426,32.76923076923077,34,119.39614231235586,21.822480036526752,144.61188317283867,65.6072621428138,132,43,Nenhuma,0.3055131733417511
426,32.76923076923077,55,107.20376794254959,50.62083220469907,172.89893856228326,189.80348380259412,140,120,Nenhuma,0.3055131733417511
426,32.76923076923077,56,174.74786871507865,23.760300767319038,226.93684059780944,171.70498248885275,200,97,Nenhuma,0.3055131733417511
426,32.76923076923077,64,172.57815828569156,12.05936649706657,192.57555787481024,66.40494461274662,182,39,Nenhuma,0.3055131733417511
426,32.76923076923077,67,141.49562360939325,27.667781518877582,173.73938724960905,93.74328052240071,157,60,Nenhuma,0.3055131733417511
426,32.76923076923077,77,20.803815925190918,83.75010265429756,88.98980402348471,232.2132244255751,54,157,Nenhuma,0.3055131733417511
426,32.76923076923077,121,305.34894728118115,21.899791405988864,333.62921528596473,87.19237531818715,319,54,Nenhuma,0.3055131733417511
426,32.76923076923077,131,38.106658729008124,71.90657223520843,83.97912854549213,132.5115559718172,61,102,Nenhuma,0.3055131733417511
427,32.84615384615385,19,343.5315536033304,29.061611800387112,393.49292796597666,121.2192546701182,368,75,Nenhuma,0.30987033247947693
427,32.84615384615385,34,119.22457003224213,20.61934266602663,145.39369655071022,65.92981037759765,132,43,Nenhuma,0.30987033247947693
427,32.84615384615385,55,108.12833974739476,50.76175527475401,174.3226155131503,190.11502009501322,141,120,Nenhuma,0.30987033247947693
427,32.84615384615385,56,172.9161213744345,22.254659131904532,225.1699363552162,167.33866260888476,199,94,Nenhuma,0.30987033247947693
427,32.84615384615385,64,173.15458399837289,12.07670139083725,191.56818523395648,62.11858594504813,182,37,Nenhuma,0.30987033247947693
427,32.84615384615385,67,141.58444260848722,27.84072626525704,173.91493498077702,94.0921672282343,157,60,Nenhuma,0.30987033247947693
427,32.84615384615385,77,20.177106759025506,84.58016270242011,88.36949808778313,232.63906312806012,54,158,Nenhuma,0.30987033247947693
427,32.84615384615385,121,305.4254993714142,21.985732892737467,333.715094196672,87.29983286532024,319,54,Nenhuma,0.30987033247947693
427,32.84615384615385,131,38.09481790469829,71.95015369554042,83.21069835703094,131.7387286287654,60,101,Nenhuma,0.30987033247947693
428,32.92307692307692,19,343.1750616066428,27.56995139285693,394.3926413244726,120.64946492145233,368,74,Nenhuma,0.3155724108219147
428,32.92307692307692,34,119.10300512280764,20.483269139703864,145.46781506148136,66.13142909725134,132,43,Nenhuma,0.3155724108219147
428,32.92307692307692,55,106.67983871200487,48.86096054869492,174.72913862156014,190.21357663599747,140,119,Nenhuma,0.3155724108219147
428,32.92307692307692,56,171.27009842617997,20.39652759060573,223.61116163249147,163.1057559122458,197,91,Nenhuma,0.3155724108219147
428,32.92307692307692,64,173.73099427016155,12.094036284607931,190.56082803399536,57.83222727734964,182,34,Nenhuma,0.3155724108219147
428,32.92307692307692,67,141.67325929201948,28.013671011636497,174.09048502750665,94.44105393406792,157,61,Nenhuma,0.3155724108219147
428,32.92307692307692,77,17.012837093488606,87.54223668385181,83.11811615537394,232.80870426508136,50,160,Nenhuma,0.3155724108219147
428,32.92307692307692,121,305.50205145916374,22.07167437948607,333.800973109863,87.40729041245335,319,54,Nenhuma,0.3155724108219147
428,32.92307692307692,130,398.1623807854018,47.26580537818759,426.9881507559641,136.0,412,91,Nenhuma,0.3155724108219147
428,32.92307692307692,131,37.04472694395126,71.9689959297603,83.97348266598419,134.74282497484427,60,103,Nenhuma,0.3155724108219147
429,33.0,19,342.5223151506455,29.036398522499255,395.3198220509585,123.14995014899365,368,76,Nenhuma,0.25852322578430176
429,33.0,34,120.05866844006557,20.082569115228154,144.06579888828543,60.74392546112901,132,40,Nenhuma,0.25852322578430176
429,33.0,55,105.89862890626085,48.149365531578866,175.12409770192005,190.23476473313778,140,119,Nenhuma,0.25852322578430176
429,33.0,56,168.6740957721514,18.411412264286625,220.46742615380887,158.9401326174413,194,88,Nenhuma,0.25852322578430176
429,33.0,67,138.93042335907205,27.178409408829594,174.52485755104018,101.76560560822142,156,64,Nenhuma,0.25852322578430176
429,33.0,77,18.004545406905947,82.64713061702344,86.31096674512219,232.88168902272906,52,157,Nenhuma,0.25852322578430176
429,33.0,130,398.7413538077547,46.90944921393606,427.4193090161519,136.0,413,91,Nenhuma,0.25852322578430176
429,33.0,131,36.865370115530474,71.97671998485484,84.70079391841386,136.49085087294898,60,104,Nenhuma,0.25852322578430176
430,33.07692307692308,19,341.7911505340656,28.81100592750336,394.2925076188323,122.4022172037986,368,75,Nenhuma,0.29087674617767334
430,33.07692307692308,34,120.36584156745643,19.976848420818467,142.94882352073446,57.345571210673924,131,38,Nenhuma,0.29087674617767334
430,33.07692307692308,55,109.78462075837183,51.16688857524336,176.99608925958051,189.57052510292903,143,120,Nenhuma,0.29087674617767334
430,33.07692307692308,56,165.4495378336459,15.041052057715177,217.68484471049905,158.1637498068173,191,86,Nenhuma,0.29087674617767334
430,33.07692307692308,67,138.69273001159155,27.24789798453805,174.76290902156381,102.83029378276092,156,65,Nenhuma,0.29087674617767334
430,33.07692307692308,77,16.210443453723258,86.08726092505134,82.45643924953583,233.5667807966368,49,159,Nenhuma,0.29087674617767334
430,33.07692307692308,130,399.8585870776942,53.32199021217465,426.68385620841826,136.0,413,94,Nenhuma,0.29087674617767334
430,33.07692307692308,131,35.802977047709504,71.98112696436226,85.33764705889672,139.73831565128543,60,105,Nenhuma,0.29087674617767334
431,33.15384615384615,19,341.05996851586605,28.585613332507464,393.26521058832566,121.65448425860355,367,75,Nenhuma,0.28853872418403625
431,33.15384615384615,34,120.424171906448,19.823127702242783,142.73308409882398,56.73698132674369,131,38,Nenhuma,0.28853872418403625
431,33.15384615384615,55,114.05324072410971,53.676107848417786,179.6023381414206,189.95851433795733,146,121,Nenhuma,0.28853872418403625
431,33.15384615384615,56,163.7111212836739,14.505949830834808,215.34345636061076,157.9485392927822,189,86,Nenhuma,0.28853872418403625
431,33.15384615384615,67,138.45502591230473,27.317386560246504,175.00097124389376,103.8949819573004,156,65,Nenhuma,0.28853872418403625
431,33.15384615384615,77,18.354740951161205,84.10579943442956,85.46678683481856,233.17449246831893,51,158,Nenhuma,0.28853872418403625
431,33.15384615384615,130,400.24891118200185,54.50214074282073,427.14708812979933,136.0,413,95,Nenhuma,0.28853872418403625
431,33.15384615384615,131,35.60832917404565,71.98365153512844,85.37292892189356,140.9639632887787,60,106,Nenhuma,0.28853872418403625
432,33.23076923076923,19,340.328769096047,28.36022073751157,392.2379309594387,120.90675131340849,366,74,Nenhuma,0.4221523106098175
432,33.23076923076923,34,120.4825123573942,19.6694069836671,142.51733456495882,56.12839144281345,131,37,Nenhuma,0.4221523106098175
432,33.23076923076923,55,116.86086618395777,53.95123639389918,182.0036409440954,190.7559336129658,149,122,Nenhuma,0.4221523106098175
432,33.23076923076923,56,162.6573023099927,13.702318046570383,213.69264387103908,157.29756516988462,188,85,Nenhuma,0.4221523106098175
432,33.23076923076923,67,138.2173110612116,27.38687513595496,175.23904421803007,104.95967013183989,156,66,Nenhuma,0.4221523106098175
432,33.23076923076923,77,19.151890700798546,82.04668180376987,87.27322509320406,233.0305126745114,53,157,Nenhuma,0.4221523106098175
432,33.23076923076923,130,400.1605931929436,54.76235245773686,426.97289636935164,136.0,413,95,Nenhuma,0.4221523106098175
432,33.23076923076923,131,35.732210997791775,71.98578108960822,85.19410428274134,141.40014591923574,60,106,Nenhuma,0.4221523106098175
433,33.30769230769231,19,343.5623300320481,30.689769156523653,396.334139586229,121.80066491196271,369,76,Nenhuma,0.31622594594955444
433,33.30769230769231,34,120.54086292029507,19.515686265091414,142.301574919139,55.519801558883216,131,37,Nenhuma,0.31622594594955444
433,33.30769230769231,55,118.67440827441695,54.04775327702566,182.75450059768275,190.38176762112502,150,122,Nenhuma,0.31622594594955444
433,33.30769230769231,56,162.5066873830002,13.453959573724887,212.98089400810073,157.1311486186769,187,85,Nenhuma,0.31622594594955444
433,33.30769230769231,77,18.94572886494442,79.29900056137289,88.47746365157121,232.9791130232369,53,156,Nenhuma,0.31622594594955444
433,33.30769230769231,130,400.30979961920514,55.00484634042806,427.4477090534365,136.0,413,95,Nenhuma,0.31622594594955444
433,33.30769230769231,131,35.68607895657587,71.98754794740705,84.57675067919311,141.52430197823705,60,106,Nenhuma,0.31622594594955444
434,33.38461538461539,19,341.8681409037067,29.524675837836845,399.2293216237729,126.62410719267169,370,78,Nenhuma,0.2777286171913147
434,33.38461538461539,55,119.96941743131904,54.07673203381492,183.03262933048555,189.56412521697564,151,121,Nenhuma,0.2777286171913147
434,33.38461538461539,56,162.87575169251087,14.073243216747514,212.4328919971499,156.47670572847557,187,85,Nenhuma,0.2777286171913147
434,33.38461538461539,77,16.703191785259918,84.81389240240446,83.24490729930275,233.61746165889008,49,159,Nenhuma,0.2777286171913147
434,33.38461538461539,130,400.27035497215155,55.26311747357277,427.3217428355112,136.0,413,95,Nenhuma,0.2777286171913147
434,33.38461538461539,131,35.662848737522225,71.98902979927604,84.35057919516899,142.18273586098837,60,107,Nenhuma,0.2777286171913147
434,33.38461538461539,132,312.4435581717603,28.206874885127142,403.9358171728582,123.77650124017512,358,75,Nenhuma,0.2777286171913147
435,33.46153846153846,19,341.52300401389095,29.42336582568857,398.9455514587467,126.63041301636181,370,78,Nenhuma,0.2892669439315796
435,33.46153846153846,55,122.74697118853811,54.74347326714626,184.762517082317,188.58219455558293,153,121,Nenhuma,0.2892669439315796
435,33.46153846153846,56,163.31895792903103,14.355366085702144,211.40094115573834,153.64022861018245,187,83,Nenhuma,0.2892669439315796
435,33.46153846153846,77,18.85219481105453,82.30986144075868,86.86843141919624,233.86909309540843,52,158,Nenhuma,0.2892669439315796
435,33.46153846153846,130,400.23091036896506,55.52138860671748,427.19577657371883,136.0,413,95,Nenhuma,0.2892669439315796
435,33.46153846153846,131,36.23777450559855,72.64112146912589,83.68773855516602,141.75022497000202,59,107,Nenhuma,0.2892669439315796
435,33.46153846153846,132,312.53728510837885,27.927618165757934,403.92497335981096,123.26859848159484,358,75,Nenhuma,0.2892669439315796
436,33.53846153846154,19,341.17786956738485,29.322055813540295,398.66177885041105,126.63671884005194,369,77,Nenhuma,0.2532201409339905
436,33.53846153846154,55,125.82661557753158,54.32233745292076,187.3026344046723,187.5414974917241,156,120,Nenhuma,0.2532201409339905
436,33.53846153846154,56,165.03347252340893,15.173850005801768,209.60287061205054,143.9476632236393,187,79,Nenhuma,0.2532201409339905
436,33.53846153846154,77,19.832532525072736,82.04708990000056,88.0206466984093,233.30444748572887,53,157,Nenhuma,0.2532201409339905
436,33.53846153846154,118,107.16346069074245,44.56981928505171,138.5437854870952,102.83546494486484,122,73,Nenhuma,0.2532201409339905
436,33.53846153846154,130,394.5370894788645,53.40668768275551,423.9642218256491,136.0,409,94,Nenhuma,0.2532201409339905
436,33.53846153846154,131,36.78568063631004,72.8943432054464,83.77351277301946,142.197131089064,60,107,Nenhuma,0.2532201409339905
436,33.53846153846154,132,312.8255406555223,27.501657903487406,404.656506663065,123.30509127861905,358,75,Nenhuma,0.2532201409339905
437,33.61538461538461,19,340.8327375641883,29.22074580139202,398.37800379876575,126.64302466374207,369,77,Nenhuma,0.37646159529685974
437,33.61538461538461,55,128.50685558824148,54.15742594880156,190.63067618526102,189.14470687841668,159,121,Nenhuma,0.37646159529685974
437,33.61538461538461,56,165.83216428244856,14.847899490943668,208.9507370573702,139.03893202592275,187,76,Nenhuma,0.37646159529685974
437,33.61538461538461,77,19.469413762318794,81.95401084801208,87.87992457842255,233.08826543135118,53,157,Nenhuma,0.37646159529685974
437,33.61538461538461,118,105.81209010298289,45.5637169943935,136.56095226934232,102.65729992871178,121,74,Nenhuma,0.37646159529685974
437,33.61538461538461,130,394.00744467573116,53.42140789441,423.42937332988146,136.0,408,94,Nenhuma,0.37646159529685974
437,33.61538461538461,131,37.163712135755915,72.98819361831139,83.64140802819166,142.33869610443662,60,107,Nenhuma,0.37646159529685974
437,33.61538461538461,132,313.113796201663,27.075697641216877,405.3880399673219,123.34158407564324,359,75,Nenhuma,0.37646159529685974
438,33.69230769230769,19,349.1312588811539,33.42124537618673,410.0917319268484,137.53541378026853,379,85,Nenhuma,0.28040680289268494
438,33.69230769230769,55,129.0168042997138,54.750671039878696,190.96575670563783,189.08514035750875,159,121,Nenhuma,0.28040680289268494
438,33.69230769230769,56,164.7329156411532,14.072854652839027,206.771719701371,136.72280147345074,185,75,Nenhuma,0.28040680289268494
438,33.69230769230769,77,19.034372277651507,81.26538979077282,88.11843353269774,233.00842086664642,53,157,Nenhuma,0.28040680289268494
438,33.69230769230769,118,104.46071498113103,46.5576147037353,134.57812358568177,102.47913491255869,119,74,Nenhuma,0.28040680289268494
438,33.69230769230769,130,393.47779987990003,53.436128106064494,422.89452482681156,136.0,408,94,Nenhuma,0.28040680289268494
438,33.69230769230769,131,38.027502269320244,73.02128614558083,83.53235396637535,141.70688299334833,60,107,Nenhuma,0.28040680289268494
438,33.69230769230769,132,313.40205174680085,26.649737378946348,406.1195732725815,123.37807687266744,359,75,Nenhuma,0.28040680289268494
439,33.76923076923077,19,346.8714940025716,31.23508899548333,407.2856326907465,138.85013330331023,377,85,Nenhuma,0.2514044940471649
439,33.76923076923077,55,128.42180859175704,54.30915624710235,190.44071537122466,189.05803065887122,159,121,Nenhuma,0.2514044940471649
439,33.76923076923077,56,163.44237053904763,12.462329658862387,204.93539533926102,135.3189913374929,184,73,Nenhuma,0.2514044940471649
439,33.76923076923077,77,16.0886574684343,84.3086784234284,83.0755637546936,233.63988699510313,49,158,Nenhuma,0.2514044940471649
439,33.76923076923077,118,103.10933532518688,47.55151241307709,132.5952994361135,102.30096989640563,117,74,Nenhuma,0.2514044940471649
439,33.76923076923077,130,392.9481550913712,53.450848317718986,422.3596763164395,136.0,407,94,Nenhuma,0.2514044940471649
439,33.76923076923077,131,38.504776318852024,73.03086987657319,83.34663285652778,141.43613244373762,60,107,Nenhuma,0.2514044940471649
440,33.84615384615385,19,347.27020163662263,31.104561104948665,406.37725993774734,139.31446018700518,376,85,Nenhuma,0.29068028926849365
440,33.84615384615385,55,127.75031261951523,54.13781257236377,189.28072789247295,188.38400005632468,158,121,Nenhuma,0.29068028926849365
440,33.84615384615385,56,162.49158009019652,11.900650956438838,204.16163423214246,136.92690512791677,183,74,Nenhuma,0.29068028926849365
440,33.84615384615385,77,15.226020793908035,85.47501516971658,80.90014078797995,233.88268001644298,48,159,Nenhuma,0.29068028926849365
440,33.84615384615385,130,395.5940036918566,53.052010652060076,425.53946642626323,135.11171427787457,410,94,Nenhuma,0.29068028926849365
440,33.84615384615385,131,39.003024130800455,73.03191923057683,82.9582260737119,140.65300658381915,60,106,Nenhuma,0.29068028926849365
440,33.84615384615385,134,100.97822289775456,43.99999999999999,138.79856065833897,108.9417292335657,119,76,Nenhuma,0.29068028926849365
441,33.92307692307692,19,350.7691224766786,31.70240732853695,409.162478344887,138.8039441045687,379,85,Nenhuma,0.3240753412246704
441,33.92307692307692,55,126.95547439205694,54.069306294342795,187.97619511884375,188.1266804152909,157,121,Nenhuma,0.3240753412246704
441,33.92307692307692,56,162.4209080786895,11.719461658083674,203.67877621549263,136.93724143494453,183,74,Nenhuma,0.3240753412246704
441,33.92307692307692,77,17.808945715498453,83.2509965952146,84.51296908515432,233.3092614800696,51,158,Nenhuma,0.3240753412246704
441,33.92307692307692,130,395.393833706038,53.028156291212746,425.31781953482925,135.02885950984776,410,94,Nenhuma,0.3240753412246704
441,33.92307692307692,131,39.57729442498881,73.02973923828708,83.08649207863112,140.33675682428208,61,106,Nenhuma,0.3240753412246704
441,33.92307692307692,134,101.37140152615353,44.0,140.07660976558614,110.65356779062031,120,77,Nenhuma,0.3240753412246704
442,34.0,19,351.1256387224257,31.799021960406307,409.9220352220103,139.6475009608406,380,85,Nenhuma,0.3967762887477875
442,34.0,55,127.11551212010131,54.702904152190015,187.62719638904625,188.6922426461606,157,121,Nenhuma,0.3967762887477875
442,34.0,56,162.272262638955,11.682401674059875,202.38497950601334,134.36360378788038,182,73,Nenhuma,0.3967762887477875
442,34.0,77,16.484751168280873,85.7108233266121,81.5866552293206,233.753702457771,49,159,Nenhuma,0.3967762887477875
442,34.0,130,395.1936637588517,53.004301930365415,425.09617260476296,134.94600474182099,410,93,Nenhuma,0.3967762887477875
442,34.0,131,40.2375354960911,73.02684840962311,83.35002591592948,140.20544252660704,61,106,Nenhuma,0.3967762887477875
442,34.0,134,101.55258429382914,43.99999999999999,141.18438624348235,112.64142424876343,121,78,Nenhuma,0.3967762887477875
443,34.07692307692308,19,351.4821840803826,31.895636592275665,410.68156298692384,140.49105781711245,381,86,Nenhuma,0.26369327306747437
443,34.07692307692308,55,127.78465432963608,54.93900745301032,187.5014896825799,188.24452904010263,157,121,Nenhuma,0.26369327306747437
443,34.07692307692308,56,162.90263946627624,12.371099097261911,201.31243430985003,130.1271315641563,182,71,Nenhuma,0.26369327306747437
443,34.07692307692308,67,145.12059834444202,25.07721809246578,167.89068069705027,71.1436302220917,156,48,Nenhuma,0.26369327306747437
443,34.07692307692308,77,16.957871497240628,86.6488011178706,80.83505630009113,233.25998944916495,48,159,Nenhuma,0.26369327306747437
443,34.07692307692308,130,394.9934938502977,52.980447569518084,424.8745256360644,134.8631499737942,409,93,Nenhuma,0.26369327306747437
443,34.07692307692308,131,40.75165151908625,73.02390391957334,83.1788063945283,139.48444766189846,61,106,Nenhuma,0.26369327306747437
443,34.07692307692308,134,101.13975933028117,44.0,142.71646480183483,116.7872316539912,121,80,Nenhuma,0.26369327306747437
444,34.15384615384615,19,351.8387585505492,31.992251224145022,411.4410616396276,141.33461467338435,381,86,Nenhuma,0.31600940227508545
444,34.15384615384615,55,128.26927517837467,55.68605427852157,187.17818761358095,188.07476342606947,157,121,Nenhuma,0.31600940227508545
444,34.15384615384615,56,162.61529747085604,11.97658834809134,200.17876342648918,127.29589279240285,181,69,Nenhuma,0.31600940227508545
444,34.15384615384615,67,145.47814992219955,24.96597749198355,167.50708861201454,69.53164844396439,156,47,Nenhuma,0.31600940227508545
444,34.15384615384615,77,19.369397434013877,84.33019085878131,84.3299892269408,233.07481311498475,51,158,Nenhuma,0.31600940227508545
444,34.15384615384615,131,41.46859308851457,72.35702162527544,83.24668750920358,137.8749658737874,62,105,Nenhuma,0.31600940227508545
444,34.15384615384615,134,102.23121788165469,44.67384935893742,142.67484648851655,116.21016890900478,122,80,Nenhuma,0.31600940227508545
445,34.23076923076923,55,128.53377013681782,55.96133276489597,186.93372131889652,188.01194508875056,157,121,Nenhuma,0.26454252004623413
445,34.23076923076923,56,161.97378285556766,11.850669198392588,199.69975227753454,127.70926937109547,180,69,Nenhuma,0.26454252004623413
445,34.23076923076923,67,144.78647515853834,24.986262372353174,167.30423682931462,68.89783216652478,156,46,Nenhuma,0.26454252004623413
445,34.23076923076923,77,20.63366914958707,84.77909253086364,85.93365471335511,233.66628331205595,53,159,Nenhuma,0.26454252004623413
445,34.23076923076923,131,44.15241020152561,72.10540455756795,80.18209704990431,127.27741468044108,62,99,Nenhuma,0.26454252004623413
445,34.23076923076923,134,102.90194336445624,44.253117019213335,142.35206235647266,114.4958655333516,122,79,Nenhuma,0.26454252004623413
446,34.30769230769231,19,348.7231531157474,31.113464471248925,405.4743897121991,139.38492686255066,377,85,Nenhuma,0.3496626913547516
446,34.30769230769231,55,129.11914783984906,55.393915704430285,187.64708873991617,188.652905077085,158,122,Nenhuma,0.3496626913547516
446,34.30769230769231,56,164.78773115731022,11.149308593765923,199.88372598768962,117.88827244954702,182,64,Nenhuma,0.3496626913547516
446,34.30769230769231,67,145.0635973250595,24.89405277647464,166.87540906232582,67.4273854888677,155,46,Nenhuma,0.3496626913547516
446,34.30769230769231,77,23.934521923422768,85.60930570195477,87.68166019602978,228.60762362306474,55,157,Nenhuma,0.3496626913547516
446,34.30769230769231,130,398.13839002154606,56.72810294742667,429.2370532231974,136.84146447991844,413,96,Nenhuma,0.3496626913547516
446,34.30769230769231,131,41.89637923676992,72.01145218076974,81.5482517036882,133.11772893309336,61,102,Nenhuma,0.3496626913547516
446,34.30769230769231,134,103.97682147969456,43.41320932637143,142.72085431341065,113.11365065524618,123,78,Nenhuma,0.3496626913547516
447,34.38461538461539,19,348.7017516357638,31.72685796176286,403.33779416513323,139.28513982166112,376,85,Nenhuma,0.31832417845726013
447,34.38461538461539,55,129.71360118166706,55.17493998170647,188.16966283415184,188.89381542638645,158,122,Nenhuma,0.31832417845726013
447,34.38461538461539,56,165.04036324760636,10.219893732575585,201.58217047370186,121.21776659432327,183,65,Nenhuma,0.31832417845726013
447,34.38461538461539,67,145.34074564705824,24.80184318059611,166.4465551398595,65.95693881121062,155,45,Nenhuma,0.31832417845726013
447,34.38461538461539,77,24.384535135546088,85.92224520785014,89.13557194844172,230.03677188934643,56,157,Nenhuma,0.31832417845726013
447,34.38461538461539,130,397.1483635189926,57.00860427375539,429.3665688856186,136.28734063077243,413,96,Nenhuma,0.31832417845726013
447,34.38461538461539,131,42.92125118845961,71.97986025597234,80.25447426579984,129.01104591228716,61,100,Nenhuma,0.31832417845726013
447,34.38461538461539,134,102.93748491297812,43.77752274803562,142.23510293830861,115.26235288452098,122,79,Nenhuma,0.31832417845726013
448,34.46153846153846,19,348.7213947651732,31.92984933156287,401.94174263257815,139.25524580147726,375,85,Nenhuma,0.3435196876525879
448,34.46153846153846,55,130.24042930868816,55.74763410802419,188.0311701666942,188.3234754226144,159,122,Nenhuma,0.3435196876525879
448,34.46153846153846,56,164.45730659012,9.2408231173181,202.8350664407149,125.02744634453985,183,67,Nenhuma,0.3435196876525879
448,34.46153846153846,67,145.61792012453455,24.709633584717576,166.0176750619156,64.48649213355354,155,44,Nenhuma,0.3435196876525879
448,34.46153846153846,77,20.348756857459982,86.03175416025117,85.21780466117264,231.8949414534526,52,158,Nenhuma,0.3435196876525879
448,34.46153846153846,130,397.30202849188214,57.30685978575181,429.4149122087476,136.32611968704717,413,96,Nenhuma,0.3435196876525879
448,34.46153846153846,131,42.95778989619123,71.97319108962063,79.42005607149721,127.38227972845245,61,99,Nenhuma,0.3435196876525879
448,34.46153846153846,134,102.41465762396155,42.589903284288596,142.8320247134499,116.69629195341872,122,79,Nenhuma,0.3435196876525879
449,34.53846153846154,19,348.53590464881086,32.009278834502716,401.9188601846035,139.67493620352906,375,85,Nenhuma,0.32737478613853455
449,34.53846153846154,55,131.00276491133124,55.297980341479104,188.70380276936172,188.10515814549387,159,121,Nenhuma,0.32737478613853455
449,34.53846153846154,56,165.0122821688851,8.890397274567434,203.86579612574835,125.1989988396855,184,67,Nenhuma,0.32737478613853455
449,34.53846153846154,77,18.431457627085067,86.06684603421807,82.80217569695552,232.60144207895843,50,159,Nenhuma,0.32737478613853455
449,34.53846153846154,130,397.4556938830471,57.605115297748235,429.4632551136011,136.3648987433219,413,96,Nenhuma,0.32737478613853455
449,34.53846153846154,131,42.718347480179034,71.97319539567856,79.3748665327165,127.5131126695095,61,99,Nenhuma,0.32737478613853455
449,34.53846153846154,134,102.78377193609978,42.79521347590402,142.47252380991938,115.90335167958717,122,79,Nenhuma,0.32737478613853455
450,34.61538461538461,19,348.35043387493914,32.08870833744256,401.8959583941383,140.09462660558083,375,86,Nenhuma,0.3068937361240387
450,34.61538461538461,55,130.63295076238694,54.46401506448001,188.25751678290092,188.02398280525543,159,121,Nenhuma,0.3068937361240387
450,34.61538461538461,56,159.3175728173608,13.412662112758554,194.3191554941839,120.69738236792942,176,67,Nenhuma,0.3068937361240387
450,34.61538461538461,64,183.4319657768508,9.008331029005909,210.47409268860756,81.71601645304,196,45,Nenhuma,0.3068937361240387
450,34.61538461538461,77,17.9147826968602,86.07371782454462,81.67868261491627,232.87147124621052,49,159,Nenhuma,0.3068937361240387
450,34.61538461538461,130,397.60935969248743,57.90337080974466,429.51159760017924,136.4036777995966,413,97,Nenhuma,0.3068937361240387
450,34.61538461538461,131,42.213810360055014,71.97495445781077,79.78009026680624,128.93299129258918,60,100,Nenhuma,0.3068937361240387
450,34.61538461538461,134,100.78458090159018,42.88530007933732,143.7858983383654,122.83611604448001,122,82,Nenhuma,0.3068937361240387
451,34.69230769230769,19,343.42338541417956,32.86954546441058,398.1507999044812,138.39430097133652,370,85,Nenhuma,0.31618890166282654
451,34.69230769230769,55,129.80237084012728,54.14808064673976,187.42921860330395,188.6544309089602,158,121,Nenhuma,0.31618890166282654
451,34.69230769230769,56,158.58452379759754,13.444181717532324,193.06563715244198,119.14184874667905,175,66,Nenhuma,0.31618890166282654
451,34.69230769230769,64,185.55954391925593,9.555947379290025,211.84277315600707,80.82295188840484,198,45,Nenhuma,0.31618890166282654
451,34.69230769230769,77,18.17316239507872,85.40995196360029,81.48035385780092,232.97263238589983,49,159,Nenhuma,0.31618890166282654
451,34.69230769230769,131,42.95444638225142,71.31371521999975,78.34303598714128,124.16910286852064,60,97,Nenhuma,0.31618890166282654
451,34.69230769230769,134,100.71164292102868,43.556274018628805,142.96813756176655,122.18890259463453,121,82,Nenhuma,0.31618890166282654
452,34.76923076923077,19,342.88458055620237,33.01889779553861,397.637478555707,138.60264847949335,370,85,Nenhuma,0.3475674092769623
452,34.76923076923077,34,152.12291676563325,16.0020725802893,190.58744669747253,82.86399731267508,171,49,Nenhuma,0.3475674092769623
452,34.76923076923077,55,130.14732580428398,54.68862525322861,187.74949021697867,189.55245376116818,158,122,Nenhuma,0.3475674092769623
452,34.76923076923077,56,157.85143432653246,13.475701322306094,191.81215926200184,117.58631512542868,174,65,Nenhuma,0.3475674092769623
452,34.76923076923077,64,190.56000150594963,6.0201287954932425,217.1038315771871,80.41603185121946,203,43,Nenhuma,0.3475674092769623
452,34.76923076923077,77,18.612558778993463,85.81483837780003,81.085605229654,233.00898732268524,49,159,Nenhuma,0.3475674092769623
452,34.76923076923077,131,42.82024420306715,71.0611253382234,78.21599402269416,123.04949745210627,60,97,Nenhuma,0.3475674092769623
452,34.76923076923077,134,101.24955347225139,43.83784785209116,140.0802172030761,114.62259535942789,120,79,Nenhuma,0.3475674092769623
453,34.84615384615385,19,342.34577855493757,33.168250126666635,397.1241543502204,138.8109959876502,369,85,Nenhuma,0.2746872007846832
453,34.84615384615385,34,154.0124703003287,15.917573643206396,191.0773151923277,82.40304608525335,172,49,Nenhuma,0.2746872007846832
453,34.84615384615385,55,130.2913090659438,54.895642058792646,187.83974677489465,190.55051433770487,159,122,Nenhuma,0.2746872007846832
453,34.84615384615385,56,157.11830440416557,13.507220927079864,190.55872182286353,116.03078150417832,173,64,Nenhuma,0.2746872007846832
453,34.84615384615385,64,196.51954295691058,2.795885803144735,223.80286015877934,79.63378274411838,210,41,Nenhuma,0.2746872007846832
453,34.84615384615385,77,18.966876656993463,85.96621623850989,80.76945646414721,233.02062495527656,49,159,Nenhuma,0.2746872007846832
453,34.84615384615385,130,389.27810649432536,49.63613142605367,424.6780238236651,136.03376130092468,406,92,Nenhuma,0.2746872007846832
453,34.84615384615385,131,42.89912555521623,70.97605542102175,78.72903058437223,122.68616785007274,60,96,Nenhuma,0.2746872007846832
453,34.84615384615385,132,317.4811252344605,27.958969605388177,405.5815281089068,121.01550882581103,361,74,Nenhuma,0.2746872007846832
453,34.84615384615385,134,101.48651470390308,44.63360693796733,138.22421011049397,110.1939888204343,119,77,Nenhuma,0.2746872007846832
454,34.92307692307692,19,341.8069794103852,33.31760245779466,396.6108272880214,139.01934349580702,369,86,Nenhuma,0.2509748339653015
454,34.92307692307692,34,154.38840639543278,15.899971709779628,190.18958970243713,81.35657118992461,172,48,Nenhuma,0.2509748339653015
454,34.92307692307692,55,130.44196344991462,54.973585198816835,187.7600629238783,190.92258244234014,159,122,Nenhuma,0.2509748339653015
454,34.92307692307692,64,201.15421340760494,2.1562331250528928,228.52855874696337,79.94675400145447,214,41,Nenhuma,0.2509748339653015
454,34.92307692307692,67,113.50811888900768,21.03543872170629,138.16245725959934,67.86149345650075,125,44,Nenhuma,0.2509748339653015
454,34.92307692307692,77,19.270089456246943,86.0199796338645,80.49826950966221,233.02307717151027,49,159,Nenhuma,0.2509748339653015
454,34.92307692307692,130,388.67063283988637,49.707165633919786,424.30975885730777,136.00989695504666,406,92,Nenhuma,0.2509748339653015
454,34.92307692307692,131,42.95045813714971,70.95012485641051,78.89871723915945,121.91740443579943,60,96,Nenhuma,0.2509748339653015
454,34.92307692307692,132,314.9259920230162,27.265103968439163,403.167738224103,120.97098231818246,359,74,Nenhuma,0.2509748339653015
454,34.92307692307692,134,101.5424646158429,46.291296808973556,137.59688886532453,109.29566226472406,119,77,Nenhuma,0.2509748339653015
455,35.0,34,154.05391209934922,15.268018922879342,189.5201932926515,80.87565854044522,171,48,Nenhuma,0.25999215245246887
455,35.0,55,130.74822528803708,54.34319833603148,188.1222295917087,191.05512027415222,159,122,Nenhuma,0.25999215245246887
455,35.0,64,208.9489935873888,1.2796840334622885,233.89885786406776,65.46081573113109,221,33,Nenhuma,0.25999215245246887
455,35.0,67,112.04480316461344,20.8684785412697,137.69162912456773,66.57823459866015,124,43,Nenhuma,0.25999215245246887
455,35.0,77,18.876750234169677,86.03676274782589,79.59739695946841,233.02223751966307,49,159,Nenhuma,0.25999215245246887
455,35.0,130,389.3553463101901,49.086149627882605,425.2579541451969,136.00133155768756,407,92,Nenhuma,0.25999215245246887
455,35.0,131,40.59173811720923,71.62107253134597,82.01760217128421,131.12422153643706,61,101,Nenhuma,0.25999215245246887
455,35.0,132,314.5024937073496,26.389796973356397,403.481615369904,122.29438208930301,358,74,Nenhuma,0.25999215245246887
455,35.0,134,103.3597349297772,48.92241863590463,139.00785606147718,109.67258201872102,121,79,Nenhuma,0.25999215245246887
456,35.07692307692308,34,153.96795200555812,15.026447254562548,189.13315943667925,80.66392077131638,171,47,Nenhuma,0.27762284874916077
456,35.07692307692308,55,131.16507448397735,54.76206787818036,187.94286543064317,190.4386066336413,159,122,Nenhuma,0.27762284874916077
456,35.07692307692308,64,210.86777340906963,0.956166327969882,237.19283290441643,66.30605033368433,224,33,Nenhuma,0.27762284874916077
456,35.07692307692308,67,113.40406040928661,20.829422367036113,141.22204869041843,66.05334352744738,127,43,Nenhuma,0.27762284874916077
456,35.07692307692308,77,19.267406059801626,86.70067642244014,79.39432155250657,233.0203378027416,49,159,Nenhuma,0.27762284874916077
456,35.07692307692308,130,390.2380729767774,50.17374708062591,425.6753420126308,135.99828851510944,407,93,Nenhuma,0.27762284874916077
456,35.07692307692308,131,40.02850037636169,71.85341659734152,83.47513860088387,134.95581112889192,61,103,Nenhuma,0.27762284874916077
456,35.07692307692308,132,313.1372654138446,26.73235682748495,399.5143437668175,121.46039146672419,356,74,Nenhuma,0.27762284874916077
456,35.07692307692308,134,103.69809842908458,49.53924948830366,138.84631619055733,109.43746902367036,121,79,Nenhuma,0.27762284874916077
457,35.15384615384615,34,154.4849013214077,15.57741344914568,188.9773225369692,81.19294837159443,171,48,Nenhuma,0.2660720646381378
457,35.15384615384615,55,132.6078676006419,54.922865079530624,189.2168045771916,189.53370775773624,160,122,Nenhuma,0.2660720646381378
457,35.15384615384615,64,214.25671669969284,1.4993526262836951,240.80826239974195,66.56914245735199,227,34,Nenhuma,0.2660720646381378
457,35.15384615384615,67,113.51424865491451,20.828503363280934,139.87898059838693,63.894389908463,126,42,Nenhuma,0.2660720646381378
457,35.15384615384615,77,19.50711621278208,86.94777752546567,79.24371438940796,233.01814968394825,49,159,Nenhuma,0.2660720646381378
457,35.15384615384615,130,391.60500925883196,51.92863542274797,426.1565166980047,135.99738769186604,408,93,Nenhuma,0.2660720646381378
457,35.15384615384615,131,39.931230799683306,71.95019431518045,83.93915718709839,136.52014416421224,61,104,Nenhuma,0.2660720646381378
457,35.15384615384615,132,321.45660489209877,37.5765935924079,397.8539271624437,121.80599149333912,359,79,Nenhuma,0.2660720646381378
457,35.15384615384615,134,102.3480981865564,46.8128020161069,139.79295392361354,110.64843590007857,121,78,Nenhuma,0.2660720646381378
458,35.23076923076923,34,154.5130373387005,15.797730143042351,188.9961195119966,82.65715952108752,171,49,Nenhuma,0.30403873324394226
458,35.23076923076923,55,133.9708273545338,55.6453576414503,190.18411502193564,188.52571102572273,162,122,Nenhuma,0.30403873324394226
458,35.23076923076923,64,215.83592624710298,1.061440323193267,243.07383631186548,67.34804705994033,229,34,Nenhuma,0.30403873324394226
458,35.23076923076923,67,116.86649424236103,20.845185374313353,144.3315680691569,63.76635508977974,130,42,Nenhuma,0.30403873324394226
458,35.23076923076923,77,22.56545032706268,86.37333047847254,83.51338087032273,233.67789525821746,53,160,Nenhuma,0.30403873324394226
458,35.23076923076923,130,392.5626704673283,52.605217024791,426.5837586144474,135.99729453349198,409,94,Nenhuma,0.30403873324394226
458,35.23076923076923,131,42.607509419342314,71.98851536330105,81.40357296966428,128.1066408617682,62,100,Nenhuma,0.30403873324394226
458,35.23076923076923,132,318.31638739960795,29.84943397325528,400.1192992171553,121.94273710069072,359,75,Nenhuma,0.30403873324394226
458,35.23076923076923,134,101.89823604027507,46.32713065787976,140.85249265223842,112.88193468349743,121,79,Nenhuma,0.30403873324394226
459,35.30769230769231,34,154.50998056891103,15.886236413485307,188.94487150392766,83.83971562730413,171,49,Nenhuma,0.2680200934410095
459,35.30769230769231,55,133.73760811241627,55.25105897054301,190.60098875170772,189.47536573139138,162,122,Nenhuma,0.2680200934410095
459,35.30769230769231,64,217.74638997339494,0.9066436811593874,245.11476829670696,66.9993648605454,231,33,Nenhuma,0.2680200934410095
459,35.30769230769231,67,117.4303746729944,20.85907687210173,144.03971744550284,61.74258348425105,130,41,Nenhuma,0.2680200934410095
459,35.30769230769231,77,21.66945032181177,86.81197770141067,82.55252105476687,233.92407798104057,52,160,Nenhuma,0.2680200934410095
459,35.30769230769231,118,137.8970797139017,55.014480686014686,185.92236478028758,134.9577533422816,161,94,Nenhuma,0.2680200934410095
459,35.30769230769231,130,392.0952468804351,52.198040406842715,426.2519688956476,135.99745057276675,409,94,Nenhuma,0.2680200934410095
459,35.30769230769231,131,43.414296466364064,72.00250783411448,80.63900750278722,125.27662908920446,62,98,Nenhuma,0.2680200934410095
459,35.30769230769231,132,319.2581601756921,29.956818170006883,399.54717683155275,121.98757442267122,359,75,Nenhuma,0.2680200934410095
459,35.30769230769231,134,101.26531135878217,46.14754630113893,140.39570505757217,113.03915112419816,120,79,Nenhuma,0.2680200934410095
460,35.38461538461539,34,155.26750381700538,15.924412308781235,188.72682353512639,82.98511224060113,171,49,Nenhuma,0.3090386986732483
460,35.38461538461539,55,133.28937885713464,55.10160369510399,189.77178178891194,188.5111071271194,161,121,Nenhuma,0.3090386986732483
460,35.38461538461539,64,220.4886517217964,0.8612123324342988,248.3429711146439,67.53908446473085,234,34,Nenhuma,0.3090386986732483
460,35.38461538461539,67,116.37516222826082,20.624818283859472,142.67296064911102,61.026419496081374,129,40,Nenhuma,0.3090386986732483
460,35.38461538461539,77,20.867861567465354,86.9752395927517,81.30874596051818,233.35267804894167,51,160,Nenhuma,0.3090386986732483
460,35.38461538461539,118,136.86454858759387,55.213307136388714,187.53541353050056,136.70779080992537,162,95,Nenhuma,0.3090386986732483
460,35.38461538461539,130,391.9390069077042,54.68658509516106,424.7937002538335,134.67768053787657,408,94,Nenhuma,0.3090386986732483
460,35.38461538461539,131,42.683186731284344,72.68611588253114,80.70164245858464,127.01962975463942,61,99,Nenhuma,0.3090386986732483
460,35.38461538461539,132,321.81009714588214,33.981720911654335,397.80499036439886,122.00401457972178,359,77,Nenhuma,0.3090386986732483
460,35.38461538461539,134,101.23082680904335,46.215991905449464,140.45166666451422,113.26218183292883,120,79,Nenhuma,0.3090386986732483
461,35.46153846153846,34,156.16095988614506,15.943633875985839,188.59503938665796,81.95872965535534,172,48,Nenhuma,0.28184565901756287
461,35.46153846153846,55,132.9487414512788,55.042917669429215,188.93258508764546,187.48164024194924,160,121,Nenhuma,0.28184565901756287
461,35.46153846153846,64,223.19816663525253,0.8544610989810266,251.04100647395924,67.7537077658294,237,34,Nenhuma,0.28184565901756287
461,35.46153846153846,67,115.31997492107054,20.390559695617213,141.3061787151759,60.31025550791169,128,40,Nenhuma,0.28184565901756287
461,35.46153846153846,77,20.19642473249182,86.37026191582294,80.53736378661662,233.1327319978417,50,159,Nenhuma,0.28184565901756287
461,35.46153846153846,118,134.72617502847498,55.25116594312554,188.23170551073872,141.74359592020772,161,98,Nenhuma,0.28184565901756287
461,35.46153846153846,130,391.2586927793926,52.949842609815164,424.8665275496003,134.1724947419361,408,93,Nenhuma,0.28184565901756287
461,35.46153846153846,131,41.62997118714543,72.26416678098983,80.85317677809607,128.30396104416792,61,100,Nenhuma,0.28184565901756287
461,35.46153846153846,132,321.82868922735463,33.48525992707412,397.41589803659076,122.00887312906474,359,77,Nenhuma,0.28184565901756287
461,35.46153846153846,134,99.64296996441308,43.731707197795764,142.29108057155895,117.77141529848245,120,80,Nenhuma,0.28184565901756287
462,35.53846153846154,34,156.45191958422723,15.298650502658312,188.51228696391632,81.53669006521409,172,48,Nenhuma,0.28389084339141846
462,35.53846153846154,55,131.76403957117145,55.019882174648615,187.66186773896354,187.76200702516036,159,121,Nenhuma,0.28389084339141846
462,35.53846153846154,64,224.72137410963003,0.20486221500858193,252.7385948626055,67.84476117976197,238,34,Nenhuma,0.28389084339141846
462,35.53846153846154,67,114.26481275142355,20.156301107374954,139.93937164369748,59.59409151974201,127,39,Nenhuma,0.28389084339141846
462,35.53846153846154,77,22.115540599042376,85.4788341063576,84.02257160138747,234.36996266882116,53,159,Nenhuma,0.28389084339141846
462,35.53846153846154,118,133.73510361853818,55.25462718318984,187.92669041838002,142.51065578139736,160,98,Nenhuma,0.28389084339141846
462,35.53846153846154,130,391.44913180920963,52.98105165467662,425.12640812154956,133.99378899288104,408,93,Nenhuma,0.28389084339141846
462,35.53846153846154,131,39.84534369943055,72.10310380509107,82.29856274895764,133.38179792117387,61,102,Nenhuma,0.28389084339141846
462,35.53846153846154,132,322.2859423791006,33.95958504894529,396.8215953107924,122.01000043471382,359,77,Nenhuma,0.28389084339141846
462,35.53846153846154,134,100.56825666138259,43.18771566696319,141.4245420155048,114.9126170040324,120,79,Nenhuma,0.28389084339141846
463,35.61538461538461,34,156.9215337439353,15.711393789003196,188.05804332487736,80.70526748474214,172,48,Nenhuma,0.25011807680130005
463,35.61538461538461,55,130.5458983418184,55.0107167424853,185.96600145518573,187.21167379106572,158,121,Nenhuma,0.25011807680130005
463,35.61538461538461,64,226.58543808089897,0.6239995193069348,258.51197324847533,79.03573818625544,242,39,Nenhuma,0.25011807680130005
463,35.61538461538461,77,19.796190557946712,86.45680293980598,81.14952826005604,234.83415676685132,50,160,Nenhuma,0.25011807680130005
463,35.61538461538461,118,133.2168698062088,55.239145880573815,186.5281237381472,140.85945359600834,159,98,Nenhuma,0.25011807680130005
463,35.61538461538461,130,392.10418703299894,55.64696794400057,425.32089435856017,135.26109008770354,408,95,Nenhuma,0.25011807680130005
463,35.61538461538461,131,38.43621548679076,72.04216669458653,84.21878508021246,139.11290161454622,61,105,Nenhuma,0.25011807680130005
463,35.61538461538461,132,325.1214230783207,36.12246219534243,397.9350660683439,122.00955153491228,361,79,Nenhuma,0.25011807680130005
463,35.61538461538461,134,101.54020847470727,42.325490539395645,141.13304765193647,111.78380875144714,121,77,Nenhuma,0.25011807680130005
464,35.69230769230769,34,156.59835966442103,15.21561413897323,187.64481897322906,81.0240572890263,172,48,Nenhuma,0.26498788595199585
464,35.69230769230769,55,130.2697056090138,55.0067983472203,185.14275253257026,186.34697100954716,157,120,Nenhuma,0.26498788595199585
464,35.69230769230769,64,229.74203385895592,0.7734013529799029,263.17081768411504,83.74723944243877,246,42,Nenhuma,0.26498788595199585
464,35.69230769230769,77,19.109142494363663,87.49288959303587,79.83631734578196,235.00515689143842,49,161,Nenhuma,0.26498788595199585
464,35.69230769230769,118,132.70565775196064,55.21751043671547,185.52770171689272,139.50212834609061,159,97,Nenhuma,0.26498788595199585
464,35.69230769230769,130,392.3255649851357,56.65109238049697,425.4320363508127,135.74677078428823,408,96,Nenhuma,0.26498788595199585
464,35.69230769230769,131,37.71971058402423,72.01772655416343,84.51044255221592,141.3639056239101,61,106,Nenhuma,0.26498788595199585
464,35.69230769230769,132,326.1043207105661,37.58607229264581,397.75664372899985,122.00850561719676,361,79,Nenhuma,0.26498788595199585
464,35.69230769230769,134,102.66982446719922,42.01079569938804,141.5856258151151,110.59524153774419,122,76,Nenhuma,0.26498788595199585
465,35.76923076923077,34,156.6093122945001,15.687432552849799,187.31153366934444,81.13279063199789,171,48,Nenhuma,0.2931700050830841
465,35.76923076923077,55,129.86250407885018,55.668696492611744,184.4847875510613,186.02951436824208,157,120,Nenhuma,0.2931700050830841
465,35.76923076923077,64,232.6917609832466,0.8464570930079418,266.4256919067178,85.03472629031094,249,42,Nenhuma,0.2931700050830841
465,35.76923076923077,77,18.80758401736693,87.22007217061133,79.38970122366081,235.06262225311423,49,161,Nenhuma,0.2931700050830841
465,35.76923076923077,118,133.56668245512216,55.560878694601946,186.9028376912899,140.66552079183063,160,98,Nenhuma,0.2931700050830841
465,35.76923076923077,130,392.11525123012797,57.6779538902152,425.10493028265284,135.92741624964358,408,96,Nenhuma,0.2931700050830841
465,35.76923076923077,131,37.588134202535805,72.00749400969661,84.47018056621056,142.22922501702135,61,107,Nenhuma,0.2931700050830841
465,35.76923076923077,132,326.6794850747681,38.303152325218505,397.73520018031957,122.02279981526392,362,80,Nenhuma,0.2931700050830841
465,35.76923076923077,134,102.15146104356947,41.90393476111297,141.36099448184547,111.48076933692232,121,76,Nenhuma,0.2931700050830841
466,35.84615384615385,34,157.2600305421702,15.873330999187985,187.79478488225655,81.81791915149941,172,48,Nenhuma,0.4140298068523407
466,35.84615384615385,55,129.74408409996332,55.91620047877201,184.88361337028206,186.5851809341197,157,121,Nenhuma,0.4140298068523407
466,35.84615384615385,64,234.8008121843455,0.6791800144558664,269.1398364334594,86.37656841510704,251,43,Nenhuma,0.4140298068523407
466,35.84615384615385,77,18.347450166759113,87.77249925481597,78.26170037566006,234.41766340682824,48,161,Nenhuma,0.4140298068523407
466,35.84615384615385,118,134.42770529275688,55.90424695248842,188.27797553121385,141.82891323757062,161,98,Nenhuma,0.4140298068523407
466,35.84615384615385,130,392.0944045188413,58.712722961424646,424.9292686335925,135.99335508855566,408,97,Nenhuma,0.4140298068523407
466,35.84615384615385,131,37.683127320645916,72.00331889083702,84.30976679021839,142.52232271729304,60,107,Nenhuma,0.4140298068523407
466,35.84615384615385,132,327.25464835969444,39.0202323577912,397.71375771091476,122.03709401333109,362,80,Nenhuma,0.4140298068523407
466,35.84615384615385,134,102.15760064579455,41.62890873474856,141.508928922754,111.45736825394954,121,76,Nenhuma,0.4140298068523407
467,35.92307692307692,34,157.97003735993457,16.601774589875767,188.127270087966,82.7214906526525,173,49,Nenhuma,0.32593825459480286
467,35.92307692307692,55,129.48252478588847,56.00559368520001,185.2656380895549,187.46380338827944,157,121,Nenhuma,0.32593825459480286
467,35.92307692307692,64,236.90985643321739,0.511902935903791,271.8539879124279,87.71841053990315,254,44,Nenhuma,0.32593825459480286
467,35.92307692307692,77,17.681680417035608,88.6395447786222,77.01815270683014,234.1670298837013,47,161,Nenhuma,0.32593825459480286
467,35.92307692307692,118,135.2887262648648,56.247615210374896,189.6531152366646,142.9923056833106,162,99,Nenhuma,0.32593825459480286
467,35.92307692307692,130,392.5252165594378,59.747375740720685,425.0995313244209,136.0157693235137,408,97,Nenhuma,0.32593825459480286
467,35.92307692307692,131,37.766174884017175,72.00162457485833,84.20405570256233,143.23805612592332,60,107,Nenhuma,0.32593825459480286
467,35.92307692307692,132,318.94683477680815,34.82283011740477,395.8490554301079,123.72053526848487,357,79,Nenhuma,0.32593825459480286
467,35.92307692307692,134,102.16374027187453,41.353882708384155,141.6568633398076,111.43396717097676,121,76,Nenhuma,0.32593825459480286
468,36.0,34,158.0813829484109,16.223129100091498,188.3661951288887,83.70865014096373,173,49,Nenhuma,0.40769481658935547
468,36.0,55,129.73174363552596,56.03554254796977,185.7355598239235,186.4784612703038,157,121,Nenhuma,0.40769481658935547
468,36.0,64,239.01889372986233,0.3446258573517156,274.56814634362337,89.06025266469925,256,44,Nenhuma,0.40769481658935547
468,36.0,77,16.809941351047215,88.95855272054672,75.86751086687748,234.07006622919135,46,161,Nenhuma,0.40769481658935547
468,36.0,130,392.5187556091127,59.44127248624698,425.3351945833553,136.0219192563188,408,97,Nenhuma,0.40769481658935547
468,36.0,131,37.89026608374529,72.0009297718903,84.07372408961535,143.4767601423119,60,107,Nenhuma,0.40769481658935547
468,36.0,132,317.41105743494876,34.33165972223914,395.97904123202585,123.97244986743037,356,79,Nenhuma,0.40769481658935547
468,36.0,134,102.16987992180943,41.07885668201975,141.8047977330063,111.41056608800399,121,76,Nenhuma,0.40769481658935547
469,36.07692307692308,34,158.2655031340319,16.07862821183747,188.930339612163,85.37403777053358,173,50,Nenhuma,0.2518259882926941
469,36.07692307692308,55,129.30749586656933,56.706170371730664,185.78181065878704,186.1078420261838,157,121,Nenhuma,0.2518259882926941
469,36.07692307692308,56,158.02868439162432,15.990510605058304,188.82286113307768,113.890917750604,173,64,Nenhuma,0.2518259882926941
469,36.07692307692308,77,16.639626583457694,89.73194675994233,75.30692533940726,234.03230290290008,45,161,Nenhuma,0.2518259882926941
469,36.07692307692308,130,392.48474720636835,59.30895137597715,425.4558725478866,136.02250566418644,408,97,Nenhuma,0.2518259882926941
469,36.07692307692308,131,37.060567065519606,70.70184990582607,84.25425891824702,144.8273087354905,60,107,Nenhuma,0.2518259882926941
469,36.07692307692308,132,317.6583737929858,32.1747721823446,397.8712570274916,123.40082124862231,357,77,Nenhuma,0.2518259882926941
470,36.15384615384615,34,158.66722883138812,16.066401191131916,189.60633892452813,85.98638803481349,174,51,Nenhuma,0.26114633679389954
470,36.15384615384615,55,119.89212305099848,58.28241342406285,177.79152230368823,187.30377642510211,148,122,Nenhuma,0.26114633679389954
470,36.15384615384615,56,158.38667219339166,16.04345131991918,188.41830100861296,113.82288895100461,173,64,Nenhuma,0.26114633679389954
470,36.15384615384615,64,238.63345124892078,0.8903474043514592,271.9431606254435,83.96855032741156,255,42,Nenhuma,0.26114633679389954
470,36.15384615384615,77,16.3218875129722,90.01262423229167,74.71927865275073,234.0171279478784,45,162,Nenhuma,0.26114633679389954
470,36.15384615384615,130,392.56495461407485,59.90513965903136,425.40926871006104,136.0210051829759,408,97,Nenhuma,0.26114633679389954
470,36.15384615384615,131,37.91938289780953,70.2068301583468,83.79223765109171,142.74720443867812,60,106,Nenhuma,0.26114633679389954
470,36.15384615384615,132,325.19833796409944,36.595871486104386,400.31617940334974,122.52576567371432,362,79,Nenhuma,0.26114633679389954
471,36.23076923076923,34,159.068973434134,16.054174170426364,190.28231933150357,86.5987382990934,174,51,Nenhuma,0.3127720057964325
471,36.23076923076923,55,115.1994254807967,58.864937333338474,174.66959840524513,187.7567681255165,144,123,Nenhuma,0.3127720057964325
471,36.23076923076923,56,158.66551634301675,16.057851243221627,188.79763286358607,115.78686177034703,173,65,Nenhuma,0.3127720057964325
471,36.23076923076923,64,240.3959674608778,0.7894475099189222,274.0494527321573,84.72408947386597,257,42,Nenhuma,0.3127720057964325
471,36.23076923076923,67,104.12768710305497,40.61825147820222,135.74601371189794,91.35380613311534,119,65,Nenhuma,0.3127720057964325
471,36.23076923076923,77,16.654743524351098,90.10628941326935,74.74129257068105,233.34776257423567,45,161,Nenhuma,0.3127720057964325
471,36.23076923076923,130,392.4357728747533,59.44633042677227,425.5517827847462,136.01879096156586,408,97,Nenhuma,0.3127720057964325
471,36.23076923076923,131,38.5368685813076,70.01673882093375,83.3386548390715,141.21054325417595,60,105,Nenhuma,0.3127720057964325
471,36.23076923076923,132,326.1142991487205,34.28707979229617,402.644370733836,122.85045648910486,364,78,Nenhuma,0.3127720057964325
472,36.30769230769231,34,159.47073694226955,16.041947149720812,190.95828083308942,87.21108856337331,175,51,Nenhuma,0.5190725922584534
472,36.30769230769231,55,112.60097297003341,58.408342169947176,173.76046768615623,188.59017798265052,143,123,Nenhuma,0.5190725922584534
472,36.30769230769231,56,158.92643261961965,16.059133587573072,188.1422221346987,113.91903679649236,173,64,Nenhuma,0.5190725922584534
472,36.30769230769231,64,242.15847967529916,0.6885476154863852,276.1557488364068,85.47962862032037,259,43,Nenhuma,0.5190725922584534
472,36.30769230769231,67,102.98878358322442,41.90944586516231,134.96763486322914,93.2198089393436,118,67,Nenhuma,0.5190725922584534
472,36.30769230769231,77,16.678738904353942,90.12961086116634,74.88304969770962,233.75973237466178,45,161,Nenhuma,0.5190725922584534
472,36.30769230769231,130,392.7444783294218,59.26145847338647,425.91082048544337,136.01678122986687,409,97,Nenhuma,0.5190725922584534
472,36.30769230769231,131,38.462925631628664,69.95064992816617,82.81888017897282,140.59661758968895,60,105,Nenhuma,0.5190725922584534
472,36.30769230769231,132,327.09241691728477,34.11594378086323,403.4701926362296,122.9659872892963,365,78,Nenhuma,0.5190725922584534
473,36.38461538461539,55,112.51181669694128,57.56629341526029,174.61127009793333,188.2411380178936,143,122,Nenhuma,0.5129052996635437
473,36.38461538461539,56,159.36274203669706,16.053948536697327,188.23178859584328,113.20544612045396,173,64,Nenhuma,0.5129052996635437
473,36.38461538461539,64,243.92098789218485,0.5876477210538482,278.26204893819204,86.23516776677477,261,43,Nenhuma,0.5129052996635437
473,36.38461538461539,67,101.84985424291285,43.200640252122405,134.1892818350413,95.08581174557185,118,69,Nenhuma,0.5129052996635437
473,36.38461538461539,77,16.70824990800395,90.12844274397179,74.94019093176934,233.91580721914,45,162,Nenhuma,0.5129052996635437
473,36.38461538461539,130,392.3644883830227,58.517429969527726,425.8799656813317,136.01485373726217,409,97,Nenhuma,0.5129052996635437
473,36.38461538461539,131,38.47007749269616,69.9314318587276,82.59005821845648,140.34676880936513,60,105,Nenhuma,0.5129052996635437
473,36.38461538461539,132,326.82460204411507,32.730118970826005,404.3879169910214,123.66719856255824,365,78,Nenhuma,0.5129052996635437
474,36.46153846153846,55,111.4559408801337,56.57793301790531,174.74536753340627,188.10457236529015,143,122,Nenhuma,0.39193394780158997
474,36.46153846153846,56,159.47722561818858,15.38400135728704,188.32302347789175,112.95111763262747,173,64,Nenhuma,0.39193394780158997
474,36.46153846153846,67,100.71089908212029,44.4918346390825,133.4109546273345,96.95181455180011,117,70,Nenhuma,0.39193394780158997
474,36.46153846153846,77,16.738269321573682,90.11856633536281,74.96543897893909,233.97482596076435,45,162,Nenhuma,0.39193394780158997
474,36.46153846153846,130,392.34465219298465,56.909904378255916,426.403082197535,136.0131930051457,409,96,Nenhuma,0.39193394780158997
474,36.46153846153846,131,38.681643983214315,69.92969913037952,82.29862919980997,139.5783148541379,60,104,Nenhuma,0.39193394780158997
474,36.46153846153846,132,325.5414631484899,29.592316214699338,405.2296226821209,123.92912919699026,365,76,Nenhuma,0.39193394780158997
475,36.53846153846154,55,110.7178159291889,55.54156591902425,175.2248979308469,188.70968996257415,142,122,Nenhuma,0.3365454375743866
475,36.53846153846154,56,160.93680726358642,15.131666737532406,186.28471020373956,98.97287879389864,173,57,Nenhuma,0.3365454375743866
475,36.53846153846154,77,16.766453973601955,89.44494029219368,74.97777309302279,233.33509971012916,45,161,Nenhuma,0.3365454375743866
475,36.53846153846154,130,392.3770261239374,56.29996719547708,426.5596514928001,136.011805843005,409,96,Nenhuma,0.3365454375743866
475,36.53846153846154,131,39.48289493026879,69.93466086310866,81.47190811344086,136.62629005516132,60,103,Nenhuma,0.3365454375743866
475,36.53846153846154,132,325.99060546609,29.69887417020258,405.2316103358061,124.02509780131143,365,76,Nenhuma,0.3365454375743866
476,36.61538461538461,55,110.49956527038617,55.150177689637744,175.42410768528262,188.27970789651073,142,121,Nenhuma,0.4843025803565979
476,36.61538461538461,56,159.35041454026498,15.031944422048348,187.6577817659824,109.01181833330327,173,62,Nenhuma,0.4843025803565979
476,36.61538461538461,77,17.358292170665685,89.1842602425724,75.74125786261064,233.0939474420141,46,161,Nenhuma,0.4843025803565979
476,36.61538461538461,130,392.04854293401496,56.068423694053024,426.3007605161705,136.010453209967,409,96,Nenhuma,0.4843025803565979
476,36.61538461538461,131,40.6402274440039,69.94289633690585,80.31078778758496,132.13389542225823,60,101,Nenhuma,0.4843025803565979
476,36.61538461538461,132,327.11332712788175,30.415785367356136,404.9008888830962,123.40117952007594,366,76,Nenhuma,0.4843025803565979
477,36.69230769230769,55,110.01852806362089,55.66427795393459,175.98127706960008,189.42977298567808,142,122,Nenhuma,0.46886301040649414
477,36.69230769230769,56,158.88653528993785,14.999518078890333,188.04704344569654,112.12133673160481,173,63,Nenhuma,0.46886301040649414
477,36.69230769230769,77,17.14611846047898,89.08250294258927,75.81696149530879,233.66672343661622,46,161,Nenhuma,0.46886301040649414
477,36.69230769230769,130,392.0512122233742,56.64215672375663,426.07180772285415,136.00923194724254,409,96,Nenhuma,0.46886301040649414
477,36.69230769230769,131,40.839848149246386,69.95190587540306,79.43139823268288,129.7910911742481,60,99,Nenhuma,0.46886301040649414
477,36.69230769230769,132,326.4853528049106,29.386529077117814,404.476954648157,123.15675704992609,365,76,Nenhuma,0.46886301040649414
478,36.76923076923077,34,153.09863611166432,15.998601597749541,195.2973311806953,116.79301474202498,174,66,Nenhuma,0.252716064453125
478,36.76923076923077,55,110.10327360862308,55.86297541163856,177.30736770059016,190.52008463768155,143,123,Nenhuma,0.252716064453125
478,36.76923076923077,56,160.3038392835047,15.640507700872632,185.9575661338208,99.02355309530382,173,57,Nenhuma,0.252716064453125
478,36.76923076923077,77,16.615311201527856,89.70215804855432,74.98394363096928,233.88467661208006,45,161,Nenhuma,0.252716064453125
478,36.76923076923077,130,391.6710980234964,56.864537145531195,425.7048903958597,136.00810224515644,408,96,Nenhuma,0.252716064453125
478,36.76923076923077,131,40.79571181780781,69.95861611320908,79.2377512177822,128.98307373416768,60,99,Nenhuma,0.252716064453125
478,36.76923076923077,132,326.4085718004309,28.353799725587997,404.7919155980639,123.06353836816336,365,75,Nenhuma,0.252716064453125
479,36.84615384615385,34,152.81539516163838,15.988527515489004,196.04867769338492,119.26360355219256,174,67,Nenhuma,0.2560582756996155
479,36.84615384615385,55,110.13936067743953,55.940436555176646,178.52097266840065,190.92649251060124,144,123,Nenhuma,0.2560582756996155
479,36.84615384615385,56,159.47687014001966,15.203655299428256,187.93306202783313,108.4123164503576,173,61,Nenhuma,0.2560582756996155
479,36.84615384615385,77,16.737817265242732,89.27332473466569,75.01524080948022,233.30586513289566,45,161,Nenhuma,0.2560582756996155
479,36.84615384615385,130,391.50032451731636,56.94959244084041,425.59554323850153,136.00714490980275,408,96,Nenhuma,0.2560582756996155
479,36.84615384615385,131,39.711726963628976,69.96388112004826,78.88840257074071,130.07739040855,59,100,Nenhuma,0.2560582756996155
479,36.84615384615385,132,326.28427465648764,29.284717872346093,403.6745852257808,123.02718408110412,364,76,Nenhuma,0.2560582756996155
480,36.92307692307692,34,152.53224955821074,15.978453433228466,196.79992885947632,121.73419236236016,174,68,Nenhuma,0.2626815736293793
480,36.92307692307692,55,111.46126500438983,56.62940548128712,181.0140379485045,191.0707254321839,146,123,Nenhuma,0.2626815736293793
480,36.92307692307692,56,159.36774870986525,15.065629053192488,188.40052235668762,110.71596019254068,173,62,Nenhuma,0.2626815736293793
480,36.92307692307692,77,16.23134585931674,89.10824681029007,74.26907101263967,233.08763143578042,45,161,Nenhuma,0.2626815736293793
480,36.92307692307692,130,391.4120781974672,56.98206413638145,425.58186318933593,136.00630909120065,408,96,Nenhuma,0.2626815736293793
480,36.92307692307692,131,38.44866510497718,69.96783329491504,77.6366529536601,130.49798088783496,58,100,Nenhuma,0.2626815736293793
480,36.92307692307692,132,326.5136988250955,30.319943622875684,402.94448116754774,123.01259751972617,364,76,Nenhuma,0.2626815736293793
481,37.0,34,140.64972974588892,23.203636393889028,179.66974185347848,113.62639334032816,160,68,Nenhuma,0.2845066785812378
481,37.0,55,112.4545865702287,56.89158890253252,183.48833633944548,191.11441738204866,147,124,Nenhuma,0.2845066785812378
481,37.0,56,160.6255500623646,15.011571588899244,188.59347537032966,107.72143900137605,174,61,Nenhuma,0.2845066785812378
481,37.0,77,20.292258879707074,85.0772917612175,80.32652747232395,231.02374664119537,50,158,Nenhuma,0.2845066785812378
481,37.0,130,391.1515207600728,54.351885800238506,426.46888993025783,136.00556995192125,408,95,Nenhuma,0.2845066785812378
481,37.0,131,36.60926491635337,69.97177169928736,74.55192668756209,129.34743063899634,55,99,Nenhuma,0.2845066785812378
481,37.0,132,327.2425508502807,30.059208978894127,403.3359630934707,123.00671247161594,365,76,Nenhuma,0.2845066785812378
482,37.07692307692308,34,138.84443118117514,23.901676292574116,178.002830164078,111.6064652164495,158,67,Nenhuma,0.2736673653125763
482,37.07692307692308,55,113.45846984209476,56.988436810752916,185.79043331596284,191.1210848565868,149,124,Nenhuma,0.2736673653125763
482,37.07692307692308,56,160.40917395120366,14.992284719090655,188.04559283604598,107.20275577185615,174,61,Nenhuma,0.2736673653125763
482,37.07692307692308,67,104.48081542482004,23.33498905388523,142.3308259620157,88.01197147128843,123,55,Nenhuma,0.2736673653125763
482,37.07692307692308,77,19.43134188038106,84.88100699703206,80.38907410314057,231.56742168898444,49,158,Nenhuma,0.2736673653125763
482,37.07692307692308,130,391.0528252492718,53.37060261298691,426.8041199105664,136.00504118323425,408,94,Nenhuma,0.2736673653125763
482,37.07692307692308,131,34.714140382327344,69.97576599598867,71.9366036302998,129.6073445330116,53,99,Nenhuma,0.2736673653125763
482,37.07692307692308,132,327.37534921132846,29.96661116370727,402.9522461795872,123.00426964455143,365,76,Nenhuma,0.2736673653125763
483,37.15384615384615,34,137.80936665674045,24.387305276687087,177.39604215725464,113.05701999834945,157,68,Nenhuma,0.2699034810066223
483,37.15384615384615,55,113.580553941511,57.02217359948946,186.917481239432,191.1146463450031,150,124,Nenhuma,0.2699034810066223
483,37.15384615384615,56,161.629222292385,14.986296448757244,186.53860633493085,97.06392552573199,174,56,Nenhuma,0.2699034810066223
483,37.15384615384615,67,104.08957687703362,22.657776050330504,142.5569866780566,88.38584809320301,123,55,Nenhuma,0.2699034810066223
483,37.15384615384615,77,16.951112359845794,90.08892469036009,75.95318225239026,231.78512534268236,46,160,Nenhuma,0.2699034810066223
483,37.15384615384615,130,390.6520189753664,51.041012628780805,427.29745941782824,136.0044803513138,408,93,Nenhuma,0.2699034810066223
483,37.15384615384615,131,34.29092092567133,70.64468842892201,71.40999079924833,131.718101161427,52,101,Nenhuma,0.2699034810066223
483,37.15384615384615,132,328.24814499063075,28.61775537116459,403.94999267498804,123.00312860827258,366,75,Nenhuma,0.2699034810066223
484,37.23076923076923,34,136.77432980766355,24.872934260800058,176.78922647507352,114.5075747802494,156,69,Nenhuma,0.2917027473449707
484,37.23076923076923,55,116.37509730667536,56.371704090324315,189.86614027323168,190.443843099942,153,123,Nenhuma,0.2917027473449707
484,37.23076923076923,56,162.16084994720043,14.986645959857597,186.58692108969618,95.24242768268881,174,55,Nenhuma,0.2917027473449707
484,37.23076923076923,67,105.50668958823724,23.516195427357538,144.41079190822356,92.74456633039046,124,58,Nenhuma,0.2917027473449707
484,37.23076923076923,77,15.363573095620673,86.0852255279034,76.19855357186054,231.87862821180892,45,158,Nenhuma,0.2917027473449707
484,37.23076923076923,130,390.9054200228908,50.16635837693792,427.729084704587,136.00403106038564,409,93,Nenhuma,0.2917027473449707
484,37.23076923076923,131,34.962981833239404,72.21161271451916,71.09041871279763,132.51420163759636,53,102,Nenhuma,0.2917027473449707
484,37.23076923076923,132,330.9409434822837,28.1154681537125,405.2321875289252,122.34616360303954,368,75,Nenhuma,0.2917027473449707
485,37.30769230769231,34,135.73932063394437,25.35856324491303,176.18238311753464,115.95812956214937,155,70,Nenhuma,0.320061594247818
485,37.30769230769231,55,118.89059237176272,56.1238525414782,192.1427173166104,190.1838539386098,155,123,Nenhuma,0.320061594247818
485,37.30769230769231,56,163.57245102753348,14.987371552915711,186.05278785285623,87.16208017931424,174,51,Nenhuma,0.320061594247818
485,37.30769230769231,67,106.00312023289071,21.686585391039316,145.30267577091098,93.79966147259121,125,57,Nenhuma,0.320061594247818
485,37.30769230769231,77,16.065678964896914,87.24943849998877,76.32414451567338,231.91548489038288,46,159,Nenhuma,0.320061594247818
485,37.30769230769231,130,391.06033027556396,49.85013974587651,427.8389425720837,136.00358165603112,409,92,Nenhuma,0.320061594247818
485,37.30769230769231,131,36.812668238328314,73.4745404987494,72.77361192442496,133.49110421581247,54,103,Nenhuma,0.320061594247818
485,37.30769230769231,132,331.17179885514645,27.935218307235736,403.8627145094914,122.09503831291804,367,75,Nenhuma,0.320061594247818
485,37.30769230769231,144,315.3754344453046,24.0,343.6047243978165,84.0,329,54,Nenhuma,0.320061594247818
486,37.38461538461539,55,122.05524308851821,56.03070727189714,194.71082406207628,190.0822292306163,158,123,Nenhuma,0.25897911190986633
486,37.38461538461539,56,164.33245401980116,14.98957329402596,185.6109556625452,81.45916441881201,174,48,Nenhuma,0.25897911190986633
486,37.38461538461539,67,106.5089529557496,21.009040418086528,146.58826026313034,96.09748324381782,126,58,Nenhuma,0.25897911190986633
486,37.38461538461539,77,15.072535272700637,85.724465927921,75.6661072563809,231.93538590957502,45,158,Nenhuma,0.25897911190986633
486,37.38461538461539,130,391.7050012208056,49.09720399444547,428.6014134087344,136.00317223503657,410,92,Nenhuma,0.25897911190986633
486,37.38461538461539,131,38.62188809060973,75.26588431230165,73.65555214073845,133.8560706080637,56,104,Nenhuma,0.25897911190986633
486,37.38461538461539,132,330.3133416583241,28.53820558393121,399.6412304569335,121.34304103641611,364,74,Nenhuma,0.25897911190986633
486,37.38461538461539,144,316.59000857262606,23.236748814837487,345.41255166692633,84.0,331,53,Nenhuma,0.25897911190986633
487,37.46153846153846,55,124.64143168007402,55.33630856989714,196.87522870094162,190.04175451508777,160,122,Nenhuma,0.30257269740104675
487,37.46153846153846,56,164.4236417505294,14.99139366531093,185.61888453646344,79.63230205431864,175,47,Nenhuma,0.30257269740104675
487,37.46153846153846,67,106.86429970747828,20.76137943016476,147.56507366469623,98.24952444325382,127,59,Nenhuma,0.30257269740104675
487,37.46153846153846,77,14.410696968979835,85.15741906298493,75.05880110197234,231.94625632949007,44,158,Nenhuma,0.30257269740104675
487,37.46153846153846,130,391.72775460214297,48.830091261106816,428.45736743635547,136.0028253506928,410,92,Nenhuma,0.30257269740104675
487,37.46153846153846,131,39.57954453309091,77.26290525791548,73.74112030546414,133.98949731826667,56,105,Nenhuma,0.30257269740104675
487,37.46153846153846,132,331.1163585857578,28.77908020428712,398.2131830559006,121.72540961332862,364,75,Nenhuma,0.30257269740104675
487,37.46153846153846,144,316.7216468068834,23.725086497975706,346.2592537877115,85.46561556408308,331,54,Nenhuma,0.30257269740104675
488,37.53846153846154,55,123.29855540462154,55.73574302163726,195.32429966725414,190.02507675260657,159,122,Nenhuma,0.2640601694583893
488,37.53846153846154,56,164.2994334208713,14.992591322951654,185.7698866622555,79.10717743027227,175,47,Nenhuma,0.2640601694583893
488,37.53846153846154,67,106.52947916662819,21.32162031176719,146.50630802976002,98.43738103360579,126,59,Nenhuma,0.2640601694583893
488,37.53846153846154,77,14.381913289960039,84.9523231230739,75.2786049902243,232.61254256267256,44,158,Nenhuma,0.2640601694583893
488,37.53846153846154,130,391.8102876578102,48.74992594739236,428.3199405340013,136.00250648574263,410,92,Nenhuma,0.2640601694583893
488,37.53846153846154,131,45.71071320029428,79.32834035645747,80.82255804494609,134.03390113897618,63,106,Nenhuma,0.2640601694583893
488,37.53846153846154,132,333.0768279047485,28.875346788071134,398.00196542456194,121.87319380872486,365,75,Nenhuma,0.2640601694583893
488,37.53846153846154,144,316.9414815822005,24.611387967715974,347.74392926259907,88.08717716671865,332,56,Nenhuma,0.2640601694583893
489,37.61538461538461,34,113.52130245763709,42.0330746466796,143.64170276309937,105.09389248027446,128,73,Nenhuma,0.43690112233161926
489,37.61538461538461,55,128.13490920235256,55.89143050866541,198.55882791924935,190.01749996612972,163,122,Nenhuma,0.43690112233161926
489,37.61538461538461,56,163.62393928334248,14.993582034249734,185.75887976581117,79.70744724418134,174,47,Nenhuma,0.43690112233161926
489,37.61538461538461,67,106.2957901319991,20.79246956925695,147.00975357954914,99.32761601591275,126,60,Nenhuma,0.43690112233161926
489,37.61538461538461,77,14.26580337416766,85.54349560192928,74.82565872758833,232.20936490134557,44,158,Nenhuma,0.43690112233161926
489,37.61538461538461,130,391.5331194186615,48.739997263459266,427.9128487726044,136.00222014009472,409,92,Nenhuma,0.43690112233161926
489,37.61538461538461,131,47.36857774190375,80.73265712324498,83.33063722156675,133.36705298001203,65,107,Nenhuma,0.43690112233161926
489,37.61538461538461,132,335.65437324318094,29.577915729860088,397.40652700507536,121.27172972431114,366,75,Nenhuma,0.43690112233161926
489,37.61538461538461,144,317.3159516674874,24.76505052468967,348.4808836826425,88.9878205461249,332,56,Nenhuma,0.43690112233161926
490,37.69230769230769,34,111.76931245210747,43.14134660995181,141.7575149126593,102.6511266215601,126,72,Nenhuma,0.38346654176712036
490,37.69230769230769,55,130.229333481485,55.95208986504741,199.44070951214326,190.01366248421837,164,122,Nenhuma,0.38346654176712036
490,37.69230769230769,56,163.62746660526463,14.994387685357054,186.18615598684028,79.99803169353989,174,47,Nenhuma,0.38346654176712036
490,37.69230769230769,67,106.06207715601701,20.263318826746712,147.51322307069125,100.21785099821972,126,60,Nenhuma,0.38346654176712036
490,37.69230769230769,77,14.018031199426925,88.42396973636055,73.55129472033451,232.05614673169106,43,160,Nenhuma,0.38346654176712036
490,37.69230769230769,130,391.58104328110613,49.41203717691344,427.59879357778976,136.0019651875097,409,92,Nenhuma,0.38346654176712036
490,37.69230769230769,131,46.779762817983546,81.20509703110193,84.00566911031655,133.1202608112226,65,107,Nenhuma,0.38346654176712036
490,37.69230769230769,132,337.8749938414427,30.513576568140785,397.25863992162874,121.71199064150105,367,76,Nenhuma,0.38346654176712036
490,37.69230769230769,144,317.6904217268427,24.918713081663363,349.2178381286175,89.88846392553114,333,57,Nenhuma,0.38346654176712036
491,37.76923076923077,34,112.23624095976587,43.49381163699252,141.5627624946635,98.54994266507981,126,71,Nenhuma,0.32134631276130676
491,37.76923076923077,55,129.77342294959467,55.97613714538052,198.286560294355,190.011370129174,164,122,Nenhuma,0.32134631276130676
491,37.76923076923077,56,163.62745546869442,14.995122911408536,186.34151645945045,79.50090058151076,174,47,Nenhuma,0.32134631276130676
491,37.76923076923077,67,105.82834023868195,19.734168084236472,148.01671650318636,101.10808598052668,126,60,Nenhuma,0.32134631276130676
491,37.76923076923077,77,13.640873164662029,88.18884595906835,73.37140455993057,232.00017303951844,43,160,Nenhuma,0.32134631276130676
491,37.76923076923077,130,391.6226888213539,49.685591894482904,427.45286696427615,136.00172834709505,409,92,Nenhuma,0.32134631276130676
491,37.76923076923077,131,46.53529453036087,81.34260235577739,84.89656999676541,133.03157848978748,65,107,Nenhuma,0.32134631276130676
491,37.76923076923077,132,331.4682860991379,29.53557798543126,392.4755782769479,123.208486145995,361,76,Nenhuma,0.32134631276130676
491,37.76923076923077,144,318.06489176026645,25.072375638637055,349.95479260052406,90.7891073049374,334,57,Nenhuma,0.32134631276130676
492,37.84615384615385,34,112.04369413171291,44.24460346752714,141.41460471381563,97.18907602874899,126,70,Nenhuma,0.2533349394798279
492,37.84615384615385,55,131.38761329295244,55.325204718869145,199.28054800407847,190.00976550664976,165,122,Nenhuma,0.2533349394798279
492,37.84615384615385,56,163.42526148281496,14.995797926802943,186.596830477873,80.06044793935115,175,47,Nenhuma,0.2533349394798279
492,37.84615384615385,77,13.759038818625722,88.0973357392714,73.7263387273899,231.98124886013932,43,160,Nenhuma,0.2533349394798279
492,37.84615384615385,130,392.41485416166154,49.800924436006525,427.9396274670796,136.00152526121752,410,92,Nenhuma,0.2533349394798279
492,37.84615384615385,131,45.282720998094916,81.36112318825604,84.3073457262458,133.00016677217863,64,107,Nenhuma,0.2533349394798279
492,37.84615384615385,132,332.2461537282831,31.13690885266525,391.46574922171396,122.45447449275491,361,76,Nenhuma,0.2533349394798279
493,37.92307692307692,34,111.06385665507,44.4330409973162,141.04402005269333,96.77671519842298,126,70,Nenhuma,0.2639976143836975
493,37.92307692307692,55,132.35668872869257,55.08104556800977,199.2225289782626,189.34904078342726,165,122,Nenhuma,0.2639976143836975
493,37.92307692307692,56,163.27071914355435,14.996312415240226,186.76737591869727,80.3103802248171,175,47,Nenhuma,0.2639976143836975
493,37.92307692307692,77,17.11502010252084,88.0592638554845,61.96589119199518,192.27408742311496,39,140,Nenhuma,0.2639976143836975
493,37.92307692307692,130,392.75438166576237,51.83422654986528,427.4213574990385,136.00134685084294,410,93,Nenhuma,0.2639976143836975
493,37.92307692307692,131,46.056687341913786,82.02949927602779,84.55296863725346,132.96905516760665,65,107,Nenhuma,0.2639976143836975
493,37.92307692307692,132,337.6883051698556,31.092546859299873,395.96828499706925,123.489206436907,366,77,Nenhuma,0.2639976143836975
494,38.0,34,108.04824816530207,44.44769308443875,141.63957839178963,101.57890949663496,124,73,Nenhuma,0.2538738548755646
494,38.0,55,131.1479762000855,55.65319817234317,197.38995702591924,189.0983423207147,164,122,Nenhuma,0.2538738548755646
494,38.0,56,163.242960448975,14.99676932300909,186.79748936211573,79.7787143717178,175,47,Nenhuma,0.2538738548755646
494,38.0,77,18.724520082675493,88.03043809075723,57.70834419620674,175.87038982986286,38,131,Nenhuma,0.2538738548755646
494,38.0,130,392.9540081760059,54.6158943497817,426.4800674238956,136.0011668684017,409,95,Nenhuma,0.2538738548755646
494,38.0,131,46.83065743387584,82.69787536379953,84.79858780011796,132.9379435630347,65,107,Nenhuma,0.2538738548755646
494,38.0,132,340.243696253954,31.072295360343638,397.09712163462524,123.8700359418591,368,77,Nenhuma,0.2538738548755646
495,38.07692307692308,34,108.81491967470497,44.44636437677337,142.71888220467486,101.23578959677138,125,72,Nenhuma,0.280779629945755
495,38.07692307692308,55,131.756324712475,55.872782620481914,196.8862765375406,189.00621216847736,164,122,Nenhuma,0.280779629945755
495,38.07692307692308,56,163.1579329901963,14.997191668234166,186.8798964241725,79.62167844939304,175,47,Nenhuma,0.280779629945755
495,38.07692307692308,77,19.13318569928635,88.02027716142008,57.34944477415279,172.15988149745613,38,130,Nenhuma,0.280779629945755
495,38.07692307692308,130,391.80776610864075,50.95158425700232,426.67219237473546,136.00100311288222,409,93,Nenhuma,0.280779629945755
495,38.07692307692308,131,47.604631273981056,83.36625145157126,85.04420321483929,132.90683195846273,66,108,Nenhuma,0.280779629945755
495,38.07692307692308,132,341.5773541561121,30.40050876198024,397.79944352606003,124.66882145836945,369,77,Nenhuma,0.280779629945755
496,38.15384615384615,34,108.79460200952039,44.38945387280057,142.9771128006848,101.09432987012738,125,72,Nenhuma,0.2935022711753845
496,38.15384615384615,55,130.93617946456516,55.95619800275864,195.70938766430868,189.6366133388699,163,122,Nenhuma,0.2935022711753845
496,38.15384615384615,56,162.8495212665288,14.997540031215024,187.18463464680352,80.93339263177293,175,47,Nenhuma,0.2935022711753845
496,38.15384615384615,77,19.298983129615912,88.01646112718623,57.94853304197354,171.18226789903866,38,129,Nenhuma,0.2935022711753845
496,38.15384615384615,130,391.81725911777994,49.62797555818145,426.972541162327,136.00091831864992,409,92,Nenhuma,0.2935022711753845
496,38.15384615384615,132,342.1040429531959,30.14416203162351,397.35599499994373,124.9644320094015,369,77,Nenhuma,0.2935022711753845
497,38.23076923076923,34,109.1918591389554,44.33794224070883,141.41693831523065,97.00643094791135,125,70,Nenhuma,0.26265111565589905
497,38.23076923076923,55,128.6424802400684,56.647911426367585,193.24892689179705,189.87584625749238,160,123,Nenhuma,0.26265111565589905
497,38.23076923076923,56,162.5900940346918,14.997802123896328,187.4408173146684,82.10151506252853,175,48,Nenhuma,0.26265111565589905
497,38.23076923076923,77,18.45828123126753,88.0137888109669,57.66263634764688,171.07164246389715,38,129,Nenhuma,0.26265111565589905
497,38.23076923076923,130,392.11937849879695,50.434044466564586,426.79361097896924,136.00081714404098,409,93,Nenhuma,0.26265111565589905
497,38.23076923076923,132,342.25508988471387,30.045672533559888,396.54218227945626,125.06835780068747,369,77,Nenhuma,0.26265111565589905
497,38.23076923076923,150,316.97687202415295,22.400883694230096,362.45176515660074,74.82510240383334,339,48,Nenhuma,0.26265111565589905
497,38.23076923076923,151,288.4777107090547,318.2107594665016,388.96074425250663,358.2276954950598,338,338,Nenhuma,0.26265111565589905
498,38.30769230769231,34,109.63716700494955,43.58452544464029,139.97527714258743,92.70221336313725,124,68,Nenhuma,0.2740638852119446
498,38.30769230769231,55,125.43164900269241,56.90898165011775,190.6582745219966,190.62812360431116,158,123,Nenhuma,0.2740638852119446
498,38.30769230769231,56,162.36056016762424,14.99804190675166,187.66712959553502,83.22035851470096,175,49,Nenhuma,0.2740638852119446
498,38.30769230769231,77,18.956121332667735,88.03863863468965,56.279546275750405,167.11206108219412,37,127,Nenhuma,0.2740638852119446
498,38.30769230769231,130,392.6222097967064,52.73964763852737,426.34003584937216,136.0007122479472,409,94,Nenhuma,0.2740638852119446
498,38.30769230769231,132,343.2419197659484,30.666861531256117,396.5872249905287,125.75708956902481,369,78,Nenhuma,0.2740638852119446
498,38.30769230769231,150,315.8502686594249,22.013626620552884,363.2681814832298,76.79385529467791,339,49,Nenhuma,0.2740638852119446
498,38.30769230769231,151,285.6286828250458,317.1717288581486,389.7630142818368,358.7378117459542,337,337,Nenhuma,0.2740638852119446
499,38.38461538461539,34,108.69266349699285,43.29217190862607,139.26650446880404,92.60431959564946,123,67,Nenhuma,0.2674116790294647
499,38.38461538461539,55,125.5954954429157,57.003971478173526,191.61112441957363,192.89029564602617,158,124,Nenhuma,0.2674116790294647
499,38.38461538461539,56,162.25920849196487,14.998256538585068,187.7655041900406,83.65696966543507,175,49,Nenhuma,0.2674116790294647
499,38.38461538461539,77,17.899915361303997,88.01083288689608,57.818620265469875,171.31974068549016,37,129,Nenhuma,0.2674116790294647
499,38.38461538461539,130,392.819992060328,53.61878999304413,426.1620019707964,136.00061378676128,409,94,Nenhuma,0.2674116790294647
499,38.38461538461539,132,344.3041583146925,30.902801426206274,396.5481432965371,125.35087156180037,370,78,Nenhuma,0.2674116790294647
499,38.38461538461539,150,314.96182827177216,21.899661061477932,364.0430458859422,78.82761980841818,339,50,Nenhuma,0.2674116790294647
499,38.38461538461539,151,283.22344071208363,316.13640960421355,390.0995001574984,358.9175501651762,336,337,Nenhuma,0.2674116790294647
500,38.46153846153846,34,108.27927664390333,43.86444509585249,139.832312777568,94.63131444302019,124,69,Nenhuma,0.2824871838092804
500,38.46153846153846,55,127.16541902522295,57.69284583665856,195.06986499575748,198.33222222424453,161,128,Nenhuma,0.2824871838092804
500,38.46153846153846,56,161.99907121464585,14.998457711494005,188.0228122461424,85.14745813202339,175,50,Nenhuma,0.2824871838092804
500,38.46153846153846,77,17.551535889364747,88.00859576930287,58.15053874501761,171.63398636290913,37,129,Nenhuma,0.2824871838092804
500,38.46153846153846,130,393.27827894637784,53.939385382774795,426.37743077941417,136.00053768763533,409,94,Nenhuma,0.2824871838092804
500,38.46153846153846,132,344.03607795235047,30.9902547256292,396.5134735235564,127.16912392161919,370,79,Nenhuma,0.2824871838092804
500,38.46153846153846,150,315.58911518273504,21.87701256996345,363.3800344116376,77.40548229387826,339,49,Nenhuma,0.2824871838092804
500,38.46153846153846,151,281.11760084066236,315.8067484255208,388.746697839321,358.98227059495986,334,337,Nenhuma,0.2824871838092804
500,38.46153846153846,153,42.18169056121893,80.0,92.67078544062815,200.34795586621811,67,140,Nenhuma,0.2824871838092804
501,38.53846153846154,34,108.39983178993712,43.39481898822923,139.81571520446207,94.05105706128455,124,68,Nenhuma,0.3020625114440918
501,38.53846153846154,55,128.91113019840876,57.95043533715251,197.83311631691325,201.6803389450663,163,129,Nenhuma,0.3020625114440918
501,38.53846153846154,56,161.4220572884847,14.998617058350376,187.94375726060917,87.02066014055335,174,51,Nenhuma,0.3020625114440918
501,38.53846153846154,77,17.665455165472174,88.00729388820326,58.72997681000789,171.82760728356027,38,129,Nenhuma,0.3020625114440918
501,38.53846153846154,130,393.47743816954943,54.05133214598555,426.4292321629306,136.00047321487122,409,95,Nenhuma,0.3020625114440918
501,38.53846153846154,132,344.3437088482756,30.365601118850854,396.7258881628336,127.8425950712049,370,79,Nenhuma,0.3020625114440918
501,38.53846153846154,150,316.4603426007179,21.88881951702753,362.5025690049209,75.36824802906054,339,48,Nenhuma,0.3020625114440918
501,38.53846153846154,151,278.24443748790975,315.0391276845555,387.68545091216544,359.0045954177935,332,337,Nenhuma,0.3020625114440918
501,38.53846153846154,153,42.55900094571983,80.0,93.52743395236402,201.49052641078924,68,140,Nenhuma,0.3020625114440918
