frame,timestamp,track_id,x1,y1,x2,y2,center_x,center_y,zone,bbox_width,bbox_height
2,0.15,1,407,128,496,299,451,213,Expositor 2,89,171
2,0.15,2,1,94,77,246,39,170,Nenhuma,76,152
2,0.15,3,114,56,171,147,142,101,Expositor 1,57,91
2,0.15,4,536,237,619,353,578,295,Expositor 2,83,116
2,0.15,5,158,42,181,113,169,77,Nenhuma,23,71
2,0.15,6,458,240,532,357,495,298,Expositor 2,74,117
2,0.15,7,266,3,301,98,283,50,Nenhuma,35,95
2,0.15,8,60,35,90,86,75,60,Nenhuma,30,51
2,0.15,9,135,36,161,81,148,58,Nenhuma,26,45
2,0.15,10,470,239,550,357,510,298,Expositor 2,80,118
2,0.15,11,91,33,129,113,110,73,Nenhuma,38,80
3,0.23,1,407,128,496,299,451,213,Expositor 2,89,171
3,0.23,2,1,94,77,246,39,170,Nenhuma,76,152
3,0.23,3,114,56,171,147,142,101,Expositor 1,57,91
3,0.23,4,536,237,619,353,577,295,Expositor 2,83,116
3,0.23,5,158,42,181,113,169,77,Nenhuma,23,71
3,0.23,6,458,240,532,357,495,298,Expositor 2,74,117
3,0.23,7,266,3,301,98,283,50,Nenhuma,35,95
3,0.23,8,60,35,90,86,75,60,Nenhuma,30,51
3,0.23,9,135,36,161,81,148,58,Nenhuma,26,45
3,0.23,10,470,239,550,357,510,298,Expositor 2,80,118
3,0.23,11,91,33,129,113,110,73,Nenhuma,38,80
4,0.31,1,407,128,496,299,451,213,Expositor 2,89,171
4,0.31,2,1,94,77,246,39,170,Nenhuma,76,152
4,0.31,3,114,56,171,147,142,101,Expositor 1,57,91
4,0.31,4,536,237,619,353,577,295,Expositor 2,83,116
4,0.31,5,158,42,181,113,169,77,Nenhuma,23,71
4,0.31,6,458,240,532,357,495,298,Expositor 2,74,117
4,0.31,7,266,3,301,98,283,50,Nenhuma,35,95
4,0.31,8,60,35,90,86,75,60,Nenhuma,30,51
4,0.31,9,135,36,161,81,148,58,Nenhuma,26,45
4,0.31,10,470,239,550,357,510,298,Expositor 2,80,118
4,0.31,11,91,33,129,113,110,73,Nenhuma,38,80
5,0.38,1,407,128,496,299,451,213,Expositor 2,89,171
5,0.38,2,1,94,77,246,39,170,Nenhuma,76,152
5,0.38,3,114,56,171,147,142,101,Expositor 1,57,91
5,0.38,4,536,237,619,353,577,295,Expositor 2,83,116
5,0.38,5,158,42,181,113,169,77,Nenhuma,23,71
5,0.38,6,458,240,532,357,495,298,Expositor 2,74,117
5,0.38,7,266,3,301,98,283,50,Nenhuma,35,95
5,0.38,8,60,35,90,86,75,60,Nenhuma,30,51
5,0.38,9,135,36,161,81,148,58,Nenhuma,26,45
5,0.38,10,470,239,550,357,510,298,Expositor 2,80,118
5,0.38,11,91,33,129,113,110,73,Nenhuma,38,80
6,0.46,1,407,128,496,299,451,213,Expositor 2,89,171
6,0.46,2,1,94,77,246,39,170,Nenhuma,76,152
6,0.46,3,114,56,171,147,142,101,Expositor 1,57,91
6,0.46,4,536,237,619,353,577,295,Expositor 2,83,116
6,0.46,5,158,42,181,113,169,77,Nenhuma,23,71
6,0.46,6,458,240,532,357,495,298,Expositor 2,74,117
6,0.46,7,266,3,301,98,283,50,Nenhuma,35,95
6,0.46,8,60,35,90,86,75,60,Nenhuma,30,51
6,0.46,9,135,36,161,81,148,58,Nenhuma,26,45
6,0.46,10,470,239,550,357,510,298,Expositor 2,80,118
6,0.46,11,91,33,129,113,110,73,Nenhuma,38,80
7,0.53,1,407,128,496,299,451,213,Expositor 2,89,171
7,0.53,2,1,94,77,246,39,170,Nenhuma,76,152
7,0.53,3,114,56,171,147,142,101,Expositor 1,57,91
7,0.53,4,536,237,619,353,577,295,Expositor 2,83,116
7,0.53,5,158,42,181,113,169,77,Nenhuma,23,71
7,0.53,6,458,240,532,357,495,298,Expositor 2,74,117
7,0.53,7,266,3,301,98,283,50,Nenhuma,35,95
7,0.53,8,60,35,90,86,75,60,Nenhuma,30,51
7,0.53,9,135,36,161,81,148,58,Nenhuma,26,45
7,0.53,10,470,239,550,357,510,298,Expositor 2,80,118
7,0.53,11,91,33,129,113,110,73,Nenhuma,38,80
8,0.61,1,407,128,496,299,451,213,Expositor 2,89,171
8,0.61,2,1,94,77,246,39,170,Nenhuma,76,152
8,0.61,3,114,56,171,147,142,101,Expositor 1,57,91
8,0.61,4,536,237,619,353,577,295,Expositor 2,83,116
8,0.61,5,158,42,181,113,169,77,Nenhuma,23,71
8,0.61,6,458,240,532,357,495,298,Expositor 2,74,117
8,0.61,7,266,3,301,98,283,50,Nenhuma,35,95
8,0.61,8,60,35,90,86,75,60,Nenhuma,30,51
8,0.61,9,135,36,161,81,148,58,Nenhuma,26,45
8,0.61,10,470,239,550,357,510,298,Expositor 2,80,118
8,0.61,11,91,33,129,113,110,73,Nenhuma,38,80
9,0.69,1,407,128,496,299,451,213,Expositor 2,89,171
9,0.69,2,1,94,77,246,39,170,Nenhuma,76,152
9,0.69,3,114,56,171,147,142,101,Expositor 1,57,91
9,0.69,4,536,237,619,353,577,295,Expositor 2,83,116
9,0.69,5,158,42,181,113,169,77,Nenhuma,23,71
9,0.69,6,458,240,532,357,495,298,Expositor 2,74,117
9,0.69,7,266,3,301,98,283,50,Nenhuma,35,95
9,0.69,8,60,35,90,86,75,60,Nenhuma,30,51
9,0.69,9,135,36,161,81,148,58,Nenhuma,26,45
9,0.69,10,470,239,550,357,510,298,Expositor 2,80,118
9,0.69,11,91,33,129,113,110,73,Nenhuma,38,80
10,0.76,1,407,128,496,299,451,213,Expositor 2,89,171
10,0.76,2,1,94,77,246,39,170,Nenhuma,76,152
10,0.76,3,114,56,171,147,142,101,Expositor 1,57,91
10,0.76,4,536,237,619,353,577,295,Expositor 2,83,116
10,0.76,5,158,42,181,113,169,77,Nenhuma,23,71
10,0.76,6,458,240,532,357,495,298,Expositor 2,74,117
10,0.76,7,266,3,301,98,283,50,Nenhuma,35,95
10,0.76,8,60,35,90,86,75,60,Nenhuma,30,51
10,0.76,9,135,36,161,81,148,58,Nenhuma,26,45
10,0.76,10,470,239,550,357,510,298,Expositor 2,80,118
10,0.76,11,91,33,129,113,110,73,Nenhuma,38,80
11,0.84,1,407,128,496,299,451,213,Expositor 2,89,171
11,0.84,2,1,94,77,246,39,170,Nenhuma,76,152
11,0.84,3,114,56,171,147,142,101,Expositor 1,57,91
11,0.84,4,536,237,619,353,577,295,Expositor 2,83,116
11,0.84,5,158,42,181,113,169,77,Nenhuma,23,71
11,0.84,6,458,240,532,357,495,298,Expositor 2,74,117
11,0.84,7,266,3,301,98,283,50,Nenhuma,35,95
11,0.84,8,60,35,90,86,75,60,Nenhuma,30,51
11,0.84,9,135,36,161,81,148,58,Nenhuma,26,45
11,0.84,10,470,239,550,357,510,298,Expositor 2,80,118
11,0.84,11,91,33,129,113,110,73,Nenhuma,38,80
12,0.92,1,407,128,496,299,451,213,Expositor 2,89,171
12,0.92,2,1,94,77,246,39,170,Nenhuma,76,152
12,0.92,3,114,56,171,147,142,101,Expositor 1,57,91
12,0.92,4,536,237,619,353,577,295,Expositor 2,83,116
12,0.92,5,158,42,181,113,169,77,Nenhuma,23,71
12,0.92,6,458,240,532,357,495,298,Expositor 2,74,117
12,0.92,7,266,3,301,98,283,50,Nenhuma,35,95
12,0.92,8,60,35,90,86,75,60,Nenhuma,30,51
12,0.92,9,135,36,161,81,148,58,Nenhuma,26,45
12,0.92,10,470,239,550,357,510,298,Expositor 2,80,118
12,0.92,11,91,33,129,113,110,73,Nenhuma,38,80
13,0.99,1,407,128,496,299,451,213,Expositor 2,89,171
13,0.99,2,1,94,77,246,39,170,Nenhuma,76,152
13,0.99,3,114,56,171,147,142,101,Expositor 1,57,91
13,0.99,4,536,237,619,353,577,295,Expositor 2,83,116
13,0.99,5,158,42,181,113,169,77,Nenhuma,23,71
13,0.99,6,458,240,532,357,495,298,Expositor 2,74,117
13,0.99,7,266,3,301,98,283,50,Nenhuma,35,95
13,0.99,8,60,35,90,86,75,60,Nenhuma,30,51
13,0.99,9,135,36,161,81,148,58,Nenhuma,26,45
13,0.99,10,470,239,550,357,510,298,Expositor 2,80,118
13,0.99,11,91,33,129,113,110,73,Nenhuma,38,80
14,1.07,1,407,128,496,299,451,213,Expositor 2,89,171
14,1.07,2,1,94,77,246,39,170,Nenhuma,76,152
14,1.07,3,114,56,171,147,142,101,Expositor 1,57,91
14,1.07,4,536,237,619,353,577,295,Expositor 2,83,116
14,1.07,5,158,42,181,113,169,77,Nenhuma,23,71
14,1.07,6,458,240,532,357,495,298,Expositor 2,74,117
14,1.07,7,266,3,301,98,283,50,Nenhuma,35,95
14,1.07,8,60,35,90,86,75,60,Nenhuma,30,51
14,1.07,9,135,36,161,81,148,58,Nenhuma,26,45
14,1.07,10,470,239,550,357,510,298,Expositor 2,80,118
14,1.07,11,91,33,129,113,110,73,Nenhuma,38,80
15,1.15,1,407,128,496,299,451,213,Expositor 2,89,171
15,1.15,2,1,94,77,246,39,170,Nenhuma,76,152
15,1.15,3,114,56,171,147,142,101,Expositor 1,57,91
15,1.15,4,536,237,619,353,577,295,Expositor 2,83,116
15,1.15,5,158,42,181,113,169,77,Nenhuma,23,71
15,1.15,6,458,240,532,357,495,298,Expositor 2,74,117
15,1.15,7,266,3,301,98,283,50,Nenhuma,35,95
15,1.15,8,60,35,90,86,75,60,Nenhuma,30,51
15,1.15,9,135,36,161,81,148,58,Nenhuma,26,45
15,1.15,10,470,239,550,357,510,298,Expositor 2,80,118
15,1.15,11,91,33,129,113,110,73,Nenhuma,38,80
16,1.22,1,407,128,496,299,451,213,Expositor 2,89,171
16,1.22,2,1,94,77,246,39,170,Nenhuma,76,152
16,1.22,3,114,56,171,147,142,101,Expositor 1,57,91
16,1.22,4,536,237,619,353,577,295,Expositor 2,83,116
16,1.22,5,158,42,181,113,169,77,Nenhuma,23,71
16,1.22,6,458,240,532,357,495,298,Expositor 2,74,117
16,1.22,7,266,3,301,98,283,50,Nenhuma,35,95
16,1.22,8,60,35,90,86,75,60,Nenhuma,30,51
16,1.22,9,135,36,161,81,148,58,Nenhuma,26,45
16,1.22,10,470,239,550,357,510,298,Expositor 2,80,118
16,1.22,11,91,33,129,113,110,73,Nenhuma,38,80
17,1.3,1,407,128,496,299,451,213,Expositor 2,89,171
17,1.3,2,0,94,76,246,38,170,Nenhuma,75,152
17,1.3,3,114,56,171,147,142,101,Expositor 1,57,91
17,1.3,4,536,237,619,353,577,295,Expositor 2,83,116
17,1.3,5,158,42,181,113,169,77,Nenhuma,23,71
17,1.3,6,458,240,532,357,495,298,Expositor 2,74,117
17,1.3,7,266,3,301,98,283,50,Nenhuma,35,95
17,1.3,8,60,35,90,86,75,60,Nenhuma,30,51
17,1.3,9,135,36,161,81,148,58,Nenhuma,26,45
17,1.3,10,470,239,550,357,510,298,Expositor 2,80,118
17,1.3,11,91,33,129,113,110,73,Nenhuma,38,80
18,1.37,1,407,128,496,299,451,213,Expositor 2,89,171
18,1.37,2,0,94,76,246,38,170,Nenhuma,75,152
18,1.37,3,114,56,171,147,142,101,Expositor 1,57,91
18,1.37,4,536,237,619,353,577,295,Expositor 2,83,116
18,1.37,5,158,42,181,113,169,77,Nenhuma,23,71
18,1.37,6,458,240,532,357,495,298,Expositor 2,74,117
18,1.37,7,266,3,301,98,283,50,Nenhuma,35,95
18,1.37,8,60,35,90,86,75,60,Nenhuma,30,51
18,1.37,9,135,36,161,81,148,58,Nenhuma,26,45
18,1.37,10,470,239,550,357,510,298,Expositor 2,80,118
18,1.37,11,91,33,129,113,110,73,Nenhuma,38,80
19,1.45,1,407,128,496,299,451,213,Expositor 2,89,171
19,1.45,2,0,94,76,246,38,170,Nenhuma,75,152
19,1.45,3,114,56,171,147,142,101,Expositor 1,57,91
19,1.45,4,536,237,619,353,577,295,Expositor 2,83,116
19,1.45,5,158,42,181,113,169,77,Nenhuma,23,71
19,1.45,6,458,240,532,357,495,298,Expositor 2,74,117
19,1.45,7,266,3,301,98,283,50,Nenhuma,35,95
19,1.45,8,60,35,90,86,75,60,Nenhuma,30,51
19,1.45,9,135,36,161,81,148,58,Nenhuma,26,45
19,1.45,10,470,239,550,357,510,298,Expositor 2,80,118
19,1.45,11,91,33,129,113,110,73,Nenhuma,38,80
20,1.53,1,407,128,496,299,451,213,Expositor 2,89,171
20,1.53,2,0,94,76,246,38,170,Nenhuma,75,152
20,1.53,3,114,56,171,147,142,101,Expositor 1,57,91
20,1.53,4,536,237,619,353,577,295,Expositor 2,83,116
20,1.53,5,158,42,181,113,169,77,Nenhuma,23,71
20,1.53,6,458,240,532,357,495,298,Expositor 2,74,117
20,1.53,7,266,3,301,98,283,50,Nenhuma,35,95
20,1.53,8,60,35,90,86,75,60,Nenhuma,30,51
20,1.53,9,135,36,161,81,148,58,Nenhuma,26,45
20,1.53,10,470,239,550,357,510,298,Expositor 2,80,118
20,1.53,11,91,33,129,113,110,73,Nenhuma,38,80
21,1.6,1,407,128,496,299,451,213,Expositor 2,89,171
21,1.6,2,1,94,76,246,38,170,Nenhuma,75,152
21,1.6,3,114,56,171,147,142,101,Expositor 1,57,91
21,1.6,4,536,237,619,353,577,295,Expositor 2,83,116
21,1.6,5,158,42,181,113,169,77,Nenhuma,23,71
21,1.6,6,458,240,532,357,495,298,Expositor 2,74,117
21,1.6,7,266,3,301,98,283,50,Nenhuma,35,95
21,1.6,8,60,35,90,86,75,60,Nenhuma,30,51
21,1.6,9,135,36,161,81,148,58,Nenhuma,26,45
21,1.6,10,470,239,550,357,510,298,Expositor 2,80,118
21,1.6,11,91,33,129,113,110,73,Nenhuma,38,80
22,1.68,1,407,128,496,299,451,213,Expositor 2,89,171
22,1.68,2,1,94,76,246,38,170,Nenhuma,75,152
22,1.68,3,114,56,171,147,142,101,Expositor 1,57,91
22,1.68,4,536,237,619,353,577,295,Expositor 2,83,116
22,1.68,5,158,42,181,113,169,77,Nenhuma,23,71
22,1.68,6,458,240,532,357,495,298,Expositor 2,74,117
22,1.68,7,266,3,301,98,283,50,Nenhuma,35,95
22,1.68,8,60,35,90,86,75,60,Nenhuma,30,51
22,1.68,9,135,36,161,81,148,58,Nenhuma,26,45
22,1.68,10,470,239,550,357,510,298,Expositor 2,80,118
22,1.68,11,91,33,129,113,110,73,Nenhuma,38,80
23,1.76,1,407,128,496,299,451,213,Expositor 2,89,171
23,1.76,2,0,94,76,246,38,170,Nenhuma,75,152
23,1.76,3,114,56,171,147,142,101,Expositor 1,57,91
23,1.76,4,536,237,619,353,577,295,Expositor 2,83,116
23,1.76,5,158,42,181,113,169,77,Nenhuma,23,71
23,1.76,6,458,240,532,357,495,298,Expositor 2,74,117
23,1.76,7,266,3,301,98,283,50,Nenhuma,35,95
23,1.76,8,60,35,90,86,75,60,Nenhuma,30,51
23,1.76,9,135,36,161,81,148,58,Nenhuma,26,45
23,1.76,10,470,239,550,357,510,298,Expositor 2,80,118
23,1.76,11,91,33,129,113,110,73,Nenhuma,38,80
24,1.83,1,407,128,496,299,451,213,Expositor 2,89,171
24,1.83,2,0,94,76,246,38,170,Nenhuma,75,152
24,1.83,3,114,56,171,147,142,101,Expositor 1,57,91
24,1.83,4,536,237,619,353,577,295,Expositor 2,83,116
24,1.83,5,158,42,181,113,169,77,Nenhuma,23,71
24,1.83,6,458,240,532,357,495,298,Expositor 2,74,117
24,1.83,7,266,3,301,98,283,50,Nenhuma,35,95
24,1.83,8,60,35,90,86,75,60,Nenhuma,30,51
24,1.83,9,135,36,161,81,148,58,Nenhuma,26,45
24,1.83,10,470,239,550,357,510,298,Expositor 2,80,118
24,1.83,11,91,33,129,113,110,73,Nenhuma,38,80
25,1.91,1,407,128,496,299,451,213,Expositor 2,89,171
25,1.91,2,0,94,76,246,38,170,Nenhuma,75,152
25,1.91,3,114,56,171,147,142,101,Expositor 1,57,91
25,1.91,4,536,237,619,353,577,295,Expositor 2,83,116
25,1.91,5,158,42,181,113,169,77,Nenhuma,23,71
25,1.91,6,458,240,532,357,495,298,Expositor 2,74,117
25,1.91,7,266,3,301,98,283,50,Nenhuma,35,95
25,1.91,8,60,35,90,86,75,60,Nenhuma,30,51
25,1.91,9,135,36,161,81,148,58,Nenhuma,26,45
25,1.91,10,470,239,550,357,510,298,Expositor 2,80,118
25,1.91,11,91,33,129,113,110,73,Nenhuma,38,80
26,1.99,1,407,128,496,299,451,213,Expositor 2,89,171
26,1.99,2,0,94,76,246,38,170,Nenhuma,75,152
26,1.99,3,114,56,171,147,142,101,Expositor 1,57,91
26,1.99,4,536,237,619,353,577,295,Expositor 2,83,116
26,1.99,5,158,42,181,113,169,77,Nenhuma,23,71
26,1.99,6,458,240,532,357,495,298,Expositor 2,74,117
26,1.99,7,266,3,301,98,283,50,Nenhuma,35,95
26,1.99,8,60,35,90,86,75,60,Nenhuma,30,51
26,1.99,9,135,36,161,81,148,58,Nenhuma,26,45
26,1.99,10,470,239,550,357,510,298,Expositor 2,80,118
26,1.99,11,91,33,129,113,110,73,Nenhuma,38,80
27,2.06,1,407,128,496,299,451,213,Expositor 2,89,171
27,2.06,2,0,94,76,246,38,170,Nenhuma,75,152
27,2.06,3,114,56,171,147,142,101,Expositor 1,57,91
27,2.06,4,536,237,619,353,577,295,Expositor 2,83,116
27,2.06,5,158,42,181,113,169,77,Nenhuma,23,71
27,2.06,6,458,240,532,357,495,298,Expositor 2,74,117
27,2.06,7,266,3,301,98,283,50,Nenhuma,35,95
27,2.06,8,60,35,90,86,75,60,Nenhuma,30,51
27,2.06,9,135,36,161,81,148,58,Nenhuma,26,45
27,2.06,10,470,239,550,357,510,298,Expositor 2,80,118
27,2.06,11,91,33,129,113,110,73,Nenhuma,38,80
28,2.14,1,407,128,496,299,451,213,Expositor 2,89,171
28,2.14,2,0,94,76,246,38,170,Nenhuma,75,152
28,2.14,3,114,56,171,147,142,101,Expositor 1,57,91
28,2.14,4,536,237,619,353,577,295,Expositor 2,83,116
28,2.14,5,158,42,181,113,169,77,Nenhuma,23,71
28,2.14,6,458,240,532,357,495,298,Expositor 2,74,117
28,2.14,7,266,3,301,98,283,50,Nenhuma,35,95
28,2.14,8,60,35,90,86,75,60,Nenhuma,30,51
28,2.14,9,135,36,161,81,148,58,Nenhuma,26,45
28,2.14,10,470,239,550,357,510,298,Expositor 2,80,118
28,2.14,11,91,33,129,113,110,73,Nenhuma,38,80
29,2.21,1,407,128,496,299,451,213,Expositor 2,89,171
29,2.21,2,0,94,76,246,38,170,Nenhuma,75,152
29,2.21,3,114,56,171,147,142,101,Expositor 1,57,91
29,2.21,4,536,237,619,353,577,295,Expositor 2,83,116
29,2.21,5,158,42,181,113,169,77,Nenhuma,23,71
29,2.21,6,458,240,532,357,495,298,Expositor 2,74,117
29,2.21,7,266,3,301,98,283,50,Nenhuma,35,95
29,2.21,8,60,35,90,86,75,60,Nenhuma,30,51
29,2.21,9,135,36,161,81,148,58,Nenhuma,26,45
29,2.21,10,470,239,550,357,510,298,Expositor 2,80,118
29,2.21,11,91,33,129,113,110,73,Nenhuma,38,80
30,2.29,1,407,128,496,299,451,213,Expositor 2,89,171
30,2.29,2,0,94,76,246,38,170,Nenhuma,75,152
30,2.29,3,114,56,171,147,142,101,Expositor 1,57,91
30,2.29,4,536,237,619,353,577,295,Expositor 2,83,116
30,2.29,5,158,42,181,113,169,77,Nenhuma,23,71
30,2.29,6,458,240,532,357,495,298,Expositor 2,74,117
30,2.29,7,266,3,301,98,283,50,Nenhuma,35,95
30,2.29,8,60,35,90,86,75,60,Nenhuma,30,51
30,2.29,9,135,36,161,81,148,58,Nenhuma,26,45
30,2.29,10,470,239,550,357,510,298,Expositor 2,80,118
30,2.29,11,91,33,129,113,110,73,Nenhuma,38,80
31,2.37,1,407,128,496,299,451,213,Expositor 2,89,171
31,2.37,2,0,94,76,246,38,170,Nenhuma,75,152
31,2.37,3,114,56,171,147,142,101,Expositor 1,57,91
31,2.37,4,536,237,619,353,577,295,Expositor 2,83,116
31,2.37,5,158,42,181,113,169,77,Nenhuma,23,71
31,2.37,6,458,240,532,357,495,298,Expositor 2,74,117
31,2.37,7,266,3,301,98,283,50,Nenhuma,35,95
31,2.37,8,60,35,90,86,75,60,Nenhuma,30,51
31,2.37,9,135,36,161,81,148,58,Nenhuma,26,45
31,2.37,10,470,239,550,357,510,298,Expositor 2,80,118
31,2.37,11,91,33,129,113,110,73,Nenhuma,38,80
32,2.44,1,407,128,496,299,451,213,Expositor 2,89,171
32,2.44,2,0,94,76,246,38,170,Nenhuma,75,152
32,2.44,3,114,56,171,147,142,101,Expositor 1,57,91
32,2.44,4,536,237,619,353,577,295,Expositor 2,83,116
32,2.44,5,158,42,181,113,169,77,Nenhuma,23,71
32,2.44,6,458,240,532,357,495,298,Expositor 2,74,117
32,2.44,7,266,3,301,98,283,50,Nenhuma,35,95
32,2.44,8,60,35,90,86,75,60,Nenhuma,30,51
32,2.44,9,135,36,161,81,148,58,Nenhuma,26,45
32,2.44,10,470,239,550,357,510,298,Expositor 2,80,118
32,2.44,11,91,33,129,113,110,73,Nenhuma,38,80
33,2.52,1,407,128,496,299,451,213,Expositor 2,89,171
33,2.52,2,0,94,76,246,38,170,Nenhuma,75,152
33,2.52,3,114,56,171,147,142,101,Expositor 1,57,91
33,2.52,4,536,237,619,353,577,295,Expositor 2,83,116
33,2.52,5,158,42,181,113,169,77,Nenhuma,23,71
33,2.52,6,458,240,532,357,495,298,Expositor 2,74,117
33,2.52,7,266,3,301,98,283,50,Nenhuma,35,95
33,2.52,8,60,35,90,86,75,60,Nenhuma,30,51
33,2.52,9,135,36,161,81,148,58,Nenhuma,26,45
33,2.52,10,470,239,550,357,510,298,Expositor 2,80,118
33,2.52,11,91,33,129,113,110,73,Nenhuma,38,80
34,2.6,1,407,128,496,299,451,213,Expositor 2,89,171
34,2.6,2,0,94,76,246,38,170,Nenhuma,75,152
34,2.6,3,114,56,171,147,142,101,Expositor 1,57,91
34,2.6,4,536,237,619,353,577,295,Expositor 2,83,116
34,2.6,5,158,42,181,113,169,77,Nenhuma,23,71
34,2.6,6,458,240,532,357,495,298,Expositor 2,74,117
34,2.6,7,266,3,301,98,283,50,Nenhuma,35,95
34,2.6,8,60,35,90,86,75,60,Nenhuma,30,51
34,2.6,9,135,36,161,81,148,58,Nenhuma,26,45
34,2.6,10,470,239,550,357,510,298,Expositor 2,80,118
34,2.6,11,91,33,129,113,110,73,Nenhuma,38,80
35,2.67,1,407,128,496,299,451,213,Expositor 2,89,171
35,2.67,2,0,94,76,246,38,170,Nenhuma,75,152
35,2.67,3,114,56,171,147,142,101,Expositor 1,57,91
35,2.67,4,536,237,619,353,577,295,Expositor 2,83,116
35,2.67,5,158,42,181,113,169,77,Nenhuma,23,71
35,2.67,6,458,240,532,357,495,298,Expositor 2,74,117
35,2.67,7,266,3,301,98,283,50,Nenhuma,35,95
35,2.67,8,60,35,90,86,75,60,Nenhuma,30,51
35,2.67,9,135,36,161,81,148,58,Nenhuma,26,45
35,2.67,10,470,239,550,357,510,298,Expositor 2,80,118
35,2.67,11,91,33,129,113,110,73,Nenhuma,38,80
36,2.75,1,407,128,496,299,451,213,Expositor 2,89,171
36,2.75,2,0,94,76,246,38,170,Nenhuma,75,152
36,2.75,3,114,56,171,147,142,101,Expositor 1,57,91
36,2.75,4,536,237,619,353,577,295,Expositor 2,83,116
36,2.75,5,158,42,181,113,169,77,Nenhuma,23,71
36,2.75,6,458,240,532,357,495,298,Expositor 2,74,117
36,2.75,7,266,3,301,98,283,50,Nenhuma,35,95
36,2.75,8,60,35,90,86,75,60,Nenhuma,30,51
36,2.75,9,135,36,161,81,148,58,Nenhuma,26,45
36,2.75,10,470,239,550,357,510,298,Expositor 2,80,118
36,2.75,11,91,33,129,113,110,73,Nenhuma,38,80
37,2.83,1,407,128,496,299,451,213,Expositor 2,89,171
37,2.83,2,0,94,76,246,38,170,Nenhuma,75,152
37,2.83,3,114,56,171,147,142,101,Expositor 1,57,91
37,2.83,4,536,237,620,352,578,294,Expositor 2,83,115
37,2.83,5,158,42,180,113,169,77,Nenhuma,22,70
37,2.83,6,457,240,532,357,495,298,Expositor 2,74,117
37,2.83,7,266,3,301,98,283,50,Nenhuma,35,95
37,2.83,8,59,35,89,86,74,60,Nenhuma,30,51
37,2.83,9,135,36,161,81,148,58,Nenhuma,26,45
37,2.83,10,469,239,550,357,509,298,Expositor 2,81,118
37,2.83,11,91,33,129,113,110,73,Nenhuma,38,80
38,2.9,1,407,128,496,299,451,213,Expositor 2,88,171
38,2.9,2,0,94,76,246,38,170,Nenhuma,75,152
38,2.9,3,114,56,171,147,142,101,Expositor 1,57,91
38,2.9,4,536,236,620,354,578,295,Expositor 2,84,117
38,2.9,5,157,42,179,111,168,77,Nenhuma,22,68
38,2.9,6,455,238,533,357,494,297,Expositor 2,78,118
38,2.9,7,268,5,302,97,285,51,Nenhuma,33,91
38,2.9,8,59,35,89,87,74,61,Nenhuma,30,52
38,2.9,9,134,36,159,78,147,57,Nenhuma,24,42
38,2.9,10,469,239,550,357,509,298,Expositor 2,81,118
38,2.9,11,88,33,127,113,108,73,Nenhuma,38,80
39,2.98,1,409,127,497,299,453,213,Expositor 2,88,171
39,2.98,2,0,93,75,246,38,169,Nenhuma,75,152
39,2.98,3,114,56,171,147,142,101,Expositor 1,57,91
39,2.98,4,526,230,616,355,571,293,Expositor 2,89,124
39,2.98,5,154,40,177,111,166,75,Nenhuma,22,70
39,2.98,6,455,234,537,357,496,295,Expositor 2,82,122
39,2.98,7,273,2,306,90,289,46,Nenhuma,33,87
39,2.98,8,59,34,91,90,75,62,Nenhuma,32,56
39,2.98,9,134,36,159,78,147,57,Nenhuma,24,42
39,2.98,10,469,239,550,357,509,298,Expositor 2,81,118
39,2.98,11,89,33,128,114,108,74,Nenhuma,38,80
40,3.06,1,411,125,499,299,455,212,Expositor 2,88,173
40,3.06,2,0,93,75,246,38,169,Nenhuma,75,152
40,3.06,3,113,56,171,147,142,101,Expositor 1,57,91
40,3.06,4,523,227,614,355,568,291,Expositor 2,91,128
40,3.06,5,154,41,176,110,165,76,Nenhuma,22,69
40,3.06,6,443,230,527,356,485,293,Expositor 2,83,126
40,3.06,7,274,2,312,101,293,51,Nenhuma,37,99
40,3.06,8,60,34,92,88,76,61,Nenhuma,31,54
40,3.06,9,134,35,159,78,146,57,Nenhuma,24,42
40,3.06,10,469,239,550,357,509,298,Expositor 2,81,118
40,3.06,11,88,33,127,114,107,74,Nenhuma,39,81
40,3.06,12,173,2,207,107,190,55,Nenhuma,34,104
41,3.13,1,412,122,500,298,456,210,Expositor 2,88,175
41,3.13,2,0,93,75,246,37,169,Nenhuma,74,152
41,3.13,3,113,55,171,148,142,102,Expositor 1,57,92
41,3.13,4,518,223,611,355,565,289,Expositor 2,93,131
41,3.13,5,153,41,176,111,164,76,Nenhuma,22,70
41,3.13,6,444,224,533,356,489,290,Expositor 2,88,131
41,3.13,7,279,2,315,95,297,48,Nenhuma,35,93
41,3.13,8,62,33,95,87,79,60,Nenhuma,32,54
41,3.13,9,134,35,159,77,146,56,Nenhuma,24,41
41,3.13,10,466,224,550,351,508,288,Expositor 2,84,126
41,3.13,11,86,34,126,116,106,75,Nenhuma,40,82
41,3.13,12,172,4,206,108,189,56,Nenhuma,34,104
42,3.21,1,413,119,501,299,457,209,Expositor 2,88,179
42,3.21,2,0,97,73,246,36,171,Nenhuma,72,148
42,3.21,3,114,56,172,149,143,103,Expositor 1,57,92
42,3.21,4,514,222,606,352,560,287,Expositor 2,91,130
42,3.21,5,153,41,175,108,164,75,Nenhuma,21,66
42,3.21,6,434,220,517,346,475,283,Expositor 2,83,125
42,3.21,7,282,1,318,91,300,46,Nenhuma,35,89
42,3.21,8,65,32,98,87,82,60,Nenhuma,33,55
42,3.21,10,446,221,533,351,489,286,Expositor 2,87,129
42,3.21,11,86,34,126,116,106,75,Nenhuma,40,82
42,3.21,12,171,6,206,109,188,58,Nenhuma,34,103
43,3.28,1,408,117,501,310,455,213,Expositor 2,93,192
43,3.28,2,1,100,73,246,37,173,Nenhuma,71,145
43,3.28,3,114,56,171,149,143,103,Expositor 1,57,92
43,3.28,4,506,222,598,354,552,288,Expositor 2,92,131
43,3.28,5,153,41,174,108,163,74,Nenhuma,21,66
43,3.28,6,420,216,504,341,462,278,Expositor 2,83,124
43,3.28,7,285,1,321,88,303,45,Nenhuma,35,86
43,3.28,8,69,30,103,87,86,58,Nenhuma,34,57
43,3.28,10,443,220,531,350,487,285,Expositor 2,88,130
43,3.28,11,86,36,126,117,106,76,Nenhuma,39,81
43,3.28,12,169,7,203,110,186,58,Nenhuma,34,103
44,3.36,1,410,115,501,307,456,211,Expositor 2,90,192
44,3.36,2,2,103,72,246,37,174,Nenhuma,70,142
44,3.36,3,114,56,171,148,143,102,Expositor 1,57,91
44,3.36,4,499,221,593,354,546,288,Expositor 2,93,133
44,3.36,5,154,47,173,105,163,76,Nenhuma,18,58
44,3.36,6,421,214,502,337,462,276,Expositor 2,81,123
44,3.36,7,286,1,322,86,304,44,Nenhuma,36,84
44,3.36,8,70,29,104,87,87,58,Nenhuma,34,57
44,3.36,10,441,218,530,350,485,284,Expositor 2,88,131
44,3.36,11,86,36,125,118,106,77,Nenhuma,39,81
44,3.36,12,167,7,202,110,185,59,Nenhuma,34,102
45,3.44,1,411,114,501,309,456,212,Expositor 2,90,194
45,3.44,2,1,103,73,246,37,175,Nenhuma,71,143
45,3.44,3,114,57,171,148,143,102,Expositor 1,57,91
45,3.44,4,495,222,588,355,542,288,Expositor 2,92,132
45,3.44,5,153,42,174,106,163,74,Nenhuma,20,63
45,3.44,6,410,213,491,333,450,273,Expositor 2,81,119
45,3.44,7,287,1,324,85,305,43,Nenhuma,36,83
45,3.44,8,71,29,106,87,88,58,Nenhuma,35,58
45,3.44,10,439,217,528,349,484,283,Expositor 2,89,132
45,3.44,11,87,37,125,117,106,77,Nenhuma,38,80
45,3.44,12,166,8,201,111,184,59,Nenhuma,34,102
46,3.51,1,416,112,495,284,455,198,Expositor 2,78,171
46,3.51,2,4,107,74,246,39,176,Nenhuma,69,138
46,3.51,3,113,57,171,148,142,102,Expositor 1,57,91
46,3.51,4,488,223,580,355,534,289,Expositor 2,92,131
46,3.51,5,153,42,173,105,163,74,Nenhuma,20,62
46,3.51,6,398,212,480,331,439,271,Expositor 2,81,118
46,3.51,7,291,3,328,86,309,44,Nenhuma,37,83
46,3.51,8,73,26,111,88,92,57,Nenhuma,37,62
46,3.51,11,87,37,125,115,106,76,Nenhuma,37,78
46,3.51,12,165,8,200,111,183,59,Nenhuma,34,102
47,3.59,1,419,111,491,270,455,190,Expositor 2,72,159
47,3.59,2,5,109,74,246,40,178,Nenhuma,69,137
47,3.59,3,114,57,171,148,142,102,Expositor 1,57,91
47,3.59,4,484,223,576,355,530,289,Expositor 2,91,131
47,3.59,5,153,42,173,105,163,74,Nenhuma,20,62
47,3.59,6,392,211,476,331,434,271,Expositor 2,83,120
47,3.59,7,293,3,330,82,311,43,Nenhuma,36,78
47,3.59,8,74,25,112,88,93,57,Nenhuma,37,63
47,3.59,11,87,37,124,116,106,76,Nenhuma,37,78
47,3.59,12,165,9,199,111,182,60,Nenhuma,34,101
48,3.67,1,429,111,488,238,458,174,Expositor 2,58,126
48,3.67,2,5,112,73,246,39,179,Nenhuma,68,133
48,3.67,3,114,57,171,147,142,102,Expositor 1,57,90
48,3.67,4,479,223,570,355,525,289,Expositor 2,91,132
48,3.67,5,152,42,172,105,162,73,Nenhuma,20,62
48,3.67,6,385,207,471,330,428,269,Expositor 2,85,123
48,3.67,7,295,3,331,81,313,42,Nenhuma,35,77
48,3.67,8,75,25,114,89,95,57,Nenhuma,38,63
48,3.67,11,86,37,123,114,104,75,Nenhuma,37,76
48,3.67,12,164,12,198,111,181,61,Nenhuma,33,99
48,3.67,15,28,86,68,158,48,122,Nenhuma,40,72
49,3.74,1,430,111,485,227,457,169,Expositor 2,54,115
49,3.74,2,5,114,73,246,39,180,Nenhuma,67,131
49,3.74,3,114,57,171,147,142,102,Expositor 1,57,90
49,3.74,4,474,223,564,354,519,288,Expositor 2,90,130
49,3.74,6,381,205,467,329,424,267,Expositor 2,85,124
49,3.74,7,298,4,333,80,315,42,Nenhuma,35,76
49,3.74,8,76,24,115,89,96,56,Nenhuma,38,64
49,3.74,11,86,37,123,114,104,76,Nenhuma,37,76
49,3.74,12,164,14,197,111,180,62,Nenhuma,33,96
49,3.74,15,28,86,68,158,48,122,Nenhuma,40,72
50,3.82,1,419,110,478,230,449,170,Expositor 2,58,119
50,3.82,2,6,116,72,246,39,181,Nenhuma,66,129
50,3.82,3,113,57,171,147,142,102,Expositor 1,57,90
50,3.82,4,468,222,560,353,514,288,Expositor 2,91,131
50,3.82,6,379,203,463,328,421,265,Expositor 2,83,124
50,3.82,7,300,4,334,79,317,41,Nenhuma,34,74
50,3.82,11,85,37,122,114,104,76,Nenhuma,37,77
50,3.82,12,163,14,196,110,180,62,Nenhuma,33,96
50,3.82,15,28,86,68,158,48,122,Nenhuma,40,72
51,3.9,1,417,111,476,229,447,170,Expositor 2,59,118
51,3.9,2,7,118,73,246,40,182,Nenhuma,66,127
51,3.9,3,113,57,171,146,142,102,Expositor 1,57,89
51,3.9,4,465,221,557,354,511,287,Expositor 2,92,133
51,3.9,6,378,201,461,328,419,264,Expositor 2,83,126
51,3.9,11,85,37,122,114,104,76,Nenhuma,36,76
51,3.9,12,163,14,197,110,180,62,Nenhuma,33,95
51,3.9,15,28,86,68,158,48,122,Nenhuma,40,72
52,3.97,1,419,111,481,235,450,173,Expositor 2,62,123
52,3.97,2,7,118,73,245,40,182,Nenhuma,66,127
52,3.97,3,114,57,171,146,142,101,Expositor 1,56,89
52,3.97,4,454,220,548,354,501,287,Expositor 2,94,133
52,3.97,6,371,199,455,328,413,264,Expositor 2,84,128
52,3.97,11,86,36,124,116,105,76,Nenhuma,38,79
52,3.97,12,163,14,196,109,180,61,Nenhuma,33,95
52,3.97,15,27,85,68,158,47,122,Nenhuma,40,73
52,3.97,19,534,219,633,357,584,288,Expositor 2,98,137
53,4.05,1,416,111,487,256,451,184,Expositor 2,71,144
53,4.05,2,8,119,74,245,41,182,Nenhuma,66,126
53,4.05,3,113,56,171,147,142,101,Expositor 1,58,91
53,4.05,4,448,220,542,352,495,286,Expositor 2,93,132
53,4.05,6,370,197,454,329,412,263,Expositor 2,83,131
53,4.05,7,305,11,345,94,325,53,Nenhuma,40,83
53,4.05,11,85,36,125,119,105,77,Nenhuma,39,83
53,4.05,12,163,15,195,109,179,62,Nenhuma,32,94
53,4.05,15,26,85,67,158,47,122,Nenhuma,40,73
53,4.05,19,532,214,634,357,583,285,Expositor 2,101,142
54,4.12,1,412,111,488,268,450,189,Expositor 2,75,156
54,4.12,2,8,119,75,245,41,182,Nenhuma,66,126
54,4.12,3,113,56,171,148,142,102,Expositor 1,58,91
54,4.12,4,438,219,532,350,485,285,Expositor 2,94,130
54,4.12,6,366,192,450,328,408,260,Expositor 2,83,135
54,4.12,7,307,11,349,96,328,54,Nenhuma,41,85
54,4.12,11,85,36,124,118,104,77,Nenhuma,39,82
54,4.12,12,162,15,195,109,178,62,Nenhuma,32,93
54,4.12,15,27,85,66,157,47,121,Nenhuma,39,71
54,4.12,19,530,213,632,357,581,285,Expositor 2,101,143
55,4.2,1,410,113,486,273,448,193,Expositor 2,75,159
55,4.2,2,8,118,75,245,42,182,Nenhuma,66,127
55,4.2,3,113,56,171,148,142,102,Expositor 1,58,91
55,4.2,4,432,218,526,346,479,282,Expositor 2,93,128
55,4.2,6,362,188,445,326,403,257,Expositor 2,82,137
55,4.2,7,307,9,350,96,328,52,Nenhuma,43,86
55,4.2,11,85,36,124,118,104,77,Nenhuma,38,81
55,4.2,12,161,16,194,109,178,63,Nenhuma,32,92
55,4.2,15,26,85,67,159,47,122,Nenhuma,41,73
55,4.2,19,528,213,630,357,579,285,Expositor 2,102,143
56,4.28,1,409,115,484,274,446,195,Expositor 2,74,159
56,4.28,2,8,118,75,245,42,182,Nenhuma,66,127
56,4.28,3,113,56,172,148,142,102,Expositor 1,58,92
56,4.28,4,428,216,523,346,476,281,Expositor 2,94,130
56,4.28,6,360,188,442,325,401,256,Expositor 2,81,137
56,4.28,7,307,8,351,95,329,52,Nenhuma,43,87
56,4.28,11,85,36,124,118,105,77,Nenhuma,38,81
56,4.28,15,26,84,68,161,47,123,Nenhuma,42,76
56,4.28,19,526,213,628,357,577,285,Expositor 2,101,143
56,4.28,20,113,57,149,141,131,99,Nenhuma,35,83
57,4.35,1,409,112,483,275,446,193,Expositor 2,74,162
57,4.35,2,8,117,76,246,42,181,Nenhuma,67,129
57,4.35,3,113,56,172,148,143,102,Expositor 1,58,92
57,4.35,4,412,211,514,351,463,281,Expositor 2,101,140
57,4.35,6,357,184,435,318,396,251,Nenhuma,77,133
57,4.35,7,308,8,352,96,330,52,Nenhuma,44,87
57,4.35,11,89,36,126,117,107,77,Nenhuma,37,80
57,4.35,15,24,84,64,156,44,120,Nenhuma,40,71
57,4.35,19,530,209,626,348,578,278,Expositor 2,96,138
57,4.35,20,113,56,149,141,131,98,Nenhuma,35,84
58,4.43,1,407,110,477,263,442,187,Expositor 2,69,152
58,4.43,2,8,115,76,246,42,181,Nenhuma,68,130
58,4.43,3,114,56,172,148,143,102,Expositor 1,58,91
58,4.43,4,400,207,504,353,452,280,Expositor 2,104,145
58,4.43,6,348,182,425,314,386,248,Nenhuma,77,132
58,4.43,7,308,8,351,95,329,52,Nenhuma,43,86
58,4.43,11,93,36,127,111,110,73,Nenhuma,34,74
58,4.43,12,160,14,194,109,177,62,Nenhuma,34,95
58,4.43,15,23,84,64,158,43,121,Nenhuma,41,73
58,4.43,19,529,216,618,344,574,280,Expositor 2,88,128
58,4.43,20,113,57,149,141,131,99,Nenhuma,35,83
59,4.51,1,406,110,473,258,439,184,Expositor 2,67,148
59,4.51,2,8,115,76,246,42,181,Nenhuma,68,131
59,4.51,3,114,56,173,148,143,102,Expositor 1,59,92
59,4.51,4,391,205,496,351,444,278,Expositor 2,105,146
59,4.51,6,344,181,421,313,383,247,Nenhuma,76,131
59,4.51,7,308,9,350,95,329,52,Nenhuma,42,85
59,4.51,11,94,36,128,110,111,73,Nenhuma,33,74
59,4.51,12,159,14,194,110,177,62,Nenhuma,34,95
59,4.51,15,22,84,65,160,43,122,Nenhuma,43,76
59,4.51,19,522,201,624,351,573,276,Expositor 2,102,150
59,4.51,20,114,57,149,141,131,99,Nenhuma,35,83
60,4.58,1,403,110,470,256,436,183,Expositor 2,66,146
60,4.58,2,8,115,77,247,42,181,Nenhuma,68,131
60,4.58,3,114,56,173,148,143,102,Expositor 1,58,92
60,4.58,4,383,203,490,354,436,278,Expositor 2,107,151
60,4.58,6,346,181,419,307,382,244,Nenhuma,72,126
60,4.58,7,308,10,349,93,328,51,Nenhuma,41,83
60,4.58,11,95,36,130,113,113,75,Nenhuma,34,77
60,4.58,12,159,14,194,110,176,62,Nenhuma,35,95
60,4.58,15,22,83,62,152,42,117,Nenhuma,39,69
60,4.58,19,512,212,609,353,561,282,Expositor 2,97,141
60,4.58,20,114,57,149,141,131,99,Nenhuma,35,83
61,4.66,1,401,110,469,258,435,184,Expositor 2,68,148
61,4.66,2,8,116,77,247,43,181,Nenhuma,68,130
61,4.66,3,114,56,173,148,143,102,Expositor 1,58,92
61,4.66,4,377,203,484,353,431,278,Expositor 2,106,150
61,4.66,6,344,182,415,307,379,244,Nenhuma,71,125
61,4.66,7,308,9,349,92,328,50,Nenhuma,41,82
61,4.66,11,97,35,130,109,113,72,Nenhuma,32,73
61,4.66,12,158,12,194,110,176,61,Nenhuma,36,97
61,4.66,15,23,83,61,146,42,114,Nenhuma,37,63
61,4.66,19,503,217,597,355,550,286,Expositor 2,94,137
61,4.66,20,114,57,149,141,131,99,Nenhuma,35,83
62,4.74,1,402,109,466,246,434,178,Expositor 2,64,136
62,4.74,2,8,115,77,247,43,181,Nenhuma,68,131
62,4.74,3,114,55,172,148,143,102,Expositor 1,58,92
62,4.74,4,371,203,477,354,424,278,Expositor 2,106,151
62,4.74,6,340,182,412,309,376,245,Nenhuma,71,127
62,4.74,7,307,8,348,91,327,49,Nenhuma,41,82
62,4.74,11,98,34,130,106,114,70,Nenhuma,31,71
62,4.74,12,158,14,193,110,175,62,Nenhuma,35,95
62,4.74,15,24,82,61,145,42,113,Nenhuma,37,62
62,4.74,19,496,211,595,355,545,283,Expositor 2,99,144
63,4.81,1,404,109,463,230,434,169,Expositor 2,58,121
63,4.81,2,9,115,77,247,43,181,Nenhuma,68,131
63,4.81,3,114,55,172,148,143,101,Expositor 1,58,92
63,4.81,4,365,203,471,354,418,279,Expositor 2,106,151
63,4.81,6,339,182,410,309,374,245,Nenhuma,70,127
63,4.81,7,307,8,348,91,327,49,Nenhuma,40,82
63,4.81,11,99,34,129,102,114,68,Nenhuma,29,68
63,4.81,12,157,15,193,110,175,62,Nenhuma,35,94
63,4.81,15,24,81,61,143,43,112,Nenhuma,37,62
63,4.81,19,492,211,591,356,542,283,Expositor 2,99,145
64,4.89,1,406,108,463,222,434,165,Expositor 2,56,113
64,4.89,2,8,115,76,246,42,180,Nenhuma,67,130
64,4.89,3,114,55,172,148,143,101,Expositor 1,58,92
64,4.89,4,361,205,465,354,413,279,Expositor 2,103,148
64,4.89,6,339,181,408,306,373,244,Nenhuma,69,125
64,4.89,7,306,8,347,91,327,49,Nenhuma,41,83
64,4.89,11,100,33,129,101,115,67,Nenhuma,29,68
64,4.89,12,159,15,194,109,177,62,Nenhuma,35,94
64,4.89,15,24,80,61,141,43,110,Nenhuma,37,61
64,4.89,19,491,206,592,356,541,281,Expositor 2,101,150
65,4.96,1,406,107,467,225,436,166,Expositor 2,60,117
65,4.96,2,8,114,76,246,42,180,Nenhuma,68,132
65,4.96,3,114,55,172,147,143,101,Expositor 1,58,91
65,4.96,4,357,208,449,339,403,274,Expositor 2,92,130
65,4.96,6,339,182,406,303,372,242,Nenhuma,66,121
65,4.96,7,306,8,347,91,327,49,Nenhuma,40,83
65,4.96,11,101,32,130,100,115,66,Nenhuma,29,67
65,4.96,12,160,15,195,109,178,62,Nenhuma,35,94
65,4.96,15,25,79,61,138,43,109,Nenhuma,35,58
65,4.96,19,487,203,589,355,538,279,Expositor 2,101,151
66,5.04,1,407,106,469,226,438,166,Expositor 2,62,119
66,5.04,2,8,113,76,246,42,180,Nenhuma,68,133
66,5.04,3,114,56,172,147,143,101,Expositor 1,57,90
66,5.04,4,346,207,438,338,392,272,Nenhuma,92,130
66,5.04,6,343,181,404,292,373,236,Nenhuma,60,111
66,5.04,7,306,8,347,91,326,49,Nenhuma,40,83
66,5.04,11,101,32,130,99,116,65,Nenhuma,28,66
66,5.04,12,160,15,195,110,177,63,Nenhuma,35,94
66,5.04,15,25,79,61,139,43,109,Nenhuma,36,59
66,5.04,19,479,202,583,355,531,279,Expositor 2,103,153
67,5.12,1,400,105,478,255,439,180,Expositor 2,77,150
67,5.12,2,7,111,77,246,42,179,Nenhuma,69,135
67,5.12,3,114,56,172,146,143,101,Expositor 1,58,90
67,5.12,4,337,206,437,348,387,277,Nenhuma,100,142
67,5.12,6,341,180,401,289,371,234,Nenhuma,59,109
67,5.12,7,306,8,347,91,326,49,Nenhuma,40,83
67,5.12,11,102,32,130,98,116,65,Nenhuma,28,65
67,5.12,12,158,14,193,110,175,62,Nenhuma,35,96
67,5.12,15,25,79,61,138,43,108,Nenhuma,36,59
67,5.12,19,469,202,575,356,522,279,Expositor 2,106,153
67,5.12,20,114,57,149,141,131,99,Nenhuma,34,83
68,5.19,1,400,103,482,263,441,183,Expositor 2,82,160
68,5.19,2,8,113,76,247,42,180,Nenhuma,68,133
68,5.19,3,114,56,172,147,143,102,Expositor 1,58,90
68,5.19,4,330,206,433,352,382,279,Nenhuma,103,145
68,5.19,6,339,179,398,286,368,232,Nenhuma,59,107
68,5.19,7,306,8,346,91,326,49,Nenhuma,40,83
68,5.19,11,98,33,130,111,114,72,Nenhuma,32,77
68,5.19,12,155,14,192,114,174,64,Nenhuma,36,100
68,5.19,15,27,78,64,138,45,108,Nenhuma,36,60
68,5.19,19,459,204,567,356,513,280,Expositor 2,108,151
68,5.19,20,114,58,149,141,131,99,Nenhuma,34,82
69,5.27,1,400,102,485,267,443,184,Expositor 2,84,165
69,5.27,2,4,91,81,247,42,169,Nenhuma,77,155
69,5.27,3,113,56,172,148,143,102,Expositor 1,58,92
69,5.27,4,323,198,429,348,376,273,Nenhuma,106,149
69,5.27,6,337,177,395,284,366,231,Nenhuma,58,106
69,5.27,7,306,8,346,91,326,49,Nenhuma,40,83
69,5.27,11,98,33,130,111,114,72,Nenhuma,32,78
69,5.27,12,155,14,192,116,173,65,Nenhuma,37,102
69,5.27,15,27,77,64,137,46,107,Nenhuma,36,59
69,5.27,19,453,205,564,356,509,281,Expositor 2,110,151
69,5.27,20,114,57,150,141,132,99,Nenhuma,35,83
69,5.27,24,487,206,576,355,532,280,Expositor 2,88,149
70,5.35,1,401,100,487,269,444,184,Expositor 2,85,169
70,5.35,2,4,90,81,247,43,168,Nenhuma,77,156
70,5.35,3,113,56,172,149,142,102,Expositor 1,59,93
70,5.35,4,325,205,427,348,376,276,Nenhuma,101,143
70,5.35,7,306,8,346,91,326,49,Nenhuma,40,83
70,5.35,11,98,33,131,112,114,72,Nenhuma,32,78
70,5.35,12,154,14,192,116,173,65,Nenhuma,37,102
70,5.35,15,28,77,64,136,46,106,Nenhuma,36,59
70,5.35,19,447,204,560,356,504,280,Expositor 2,112,152
70,5.35,20,115,57,150,141,132,99,Nenhuma,35,83
70,5.35,24,479,203,569,356,524,279,Expositor 2,90,152
71,5.42,1,402,100,488,270,445,185,Expositor 2,86,169
71,5.42,2,7,102,78,247,42,174,Nenhuma,71,144
71,5.42,3,113,55,172,148,142,101,Expositor 1,59,93
71,5.42,4,322,193,430,346,376,270,Nenhuma,107,153
71,5.42,7,306,8,346,91,326,50,Nenhuma,40,83
71,5.42,11,98,33,131,112,115,72,Nenhuma,33,78
71,5.42,12,153,13,190,116,171,64,Nenhuma,37,103
71,5.42,15,28,76,64,135,46,106,Nenhuma,35,58
71,5.42,19,443,202,558,357,500,279,Expositor 2,115,154
71,5.42,20,115,57,150,141,132,99,Nenhuma,35,83
71,5.42,24,474,200,565,355,519,277,Expositor 2,91,155
72,5.5,1,404,101,489,270,446,185,Expositor 2,85,169
72,5.5,2,8,107,77,247,42,177,Nenhuma,68,139
72,5.5,3,113,56,171,147,142,101,Expositor 1,57,91
72,5.5,4,319,184,431,347,375,265,Nenhuma,111,163
72,5.5,7,306,8,346,92,326,50,Nenhuma,40,83
72,5.5,11,98,36,130,115,114,76,Nenhuma,32,79
72,5.5,12,152,13,190,116,171,65,Nenhuma,37,103
72,5.5,19,439,198,557,357,498,277,Expositor 2,118,158
72,5.5,20,115,57,150,140,133,99,Nenhuma,35,83
72,5.5,24,468,198,561,355,515,277,Expositor 2,92,156
73,5.58,1,404,100,489,270,447,185,Expositor 2,85,170
73,5.58,2,9,108,76,246,42,177,Nenhuma,67,137
73,5.58,3,114,56,171,147,142,101,Expositor 1,57,90
73,5.58,4,319,184,431,351,375,267,Nenhuma,112,166
73,5.58,7,306,8,346,92,326,50,Nenhuma,40,83
73,5.58,11,95,35,128,115,112,75,Nenhuma,32,79
73,5.58,12,151,12,189,116,170,64,Nenhuma,37,103
73,5.58,19,436,197,554,356,495,276,Expositor 2,118,159
73,5.58,24,463,197,557,355,510,276,Expositor 2,93,158
73,5.58,25,40,75,76,153,58,114,Nenhuma,35,77
74,5.65,1,404,99,490,270,447,184,Expositor 2,85,170
74,5.65,2,9,109,75,246,42,177,Nenhuma,66,136
74,5.65,3,114,56,171,147,142,101,Expositor 1,57,90
74,5.65,4,323,198,427,352,375,275,Nenhuma,103,154
74,5.65,7,306,8,346,92,326,50,Nenhuma,39,83
74,5.65,11,95,34,126,113,111,73,Nenhuma,31,78
74,5.65,12,151,12,189,115,170,63,Nenhuma,37,103
74,5.65,19,432,194,551,356,492,275,Expositor 2,118,161
74,5.65,24,458,196,553,355,506,276,Expositor 2,94,159
74,5.65,25,40,74,76,151,58,112,Nenhuma,35,76
75,5.73,1,405,98,490,270,447,184,Expositor 2,85,171
75,5.73,2,7,87,84,246,45,166,Nenhuma,77,159
75,5.73,3,114,57,171,146,143,101,Expositor 1,57,89
75,5.73,4,324,202,425,353,374,278,Nenhuma,101,151
75,5.73,7,306,8,346,92,326,50,Nenhuma,39,83
75,5.73,11,94,32,126,113,110,73,Nenhuma,32,80
75,5.73,12,151,12,188,115,169,63,Nenhuma,37,102
75,5.73,19,430,193,547,354,489,274,Expositor 2,116,161
75,5.73,25,42,74,77,148,59,111,Nenhuma,34,74
76,5.8,1,406,98,491,269,448,183,Expositor 2,84,170
76,5.8,2,5,78,85,246,45,162,Nenhuma,80,168
76,5.8,3,114,57,171,146,142,101,Expositor 1,56,89
76,5.8,4,324,204,423,354,374,279,Nenhuma,99,149
76,5.8,7,306,8,346,92,326,50,Nenhuma,39,83
76,5.8,11,94,30,127,113,110,72,Nenhuma,33,82
76,5.8,12,150,12,187,115,169,64,Nenhuma,37,102
76,5.8,19,430,194,545,354,487,274,Expositor 2,114,160
76,5.8,25,43,74,77,146,60,110,Nenhuma,34,72
77,5.88,1,407,97,492,268,450,183,Expositor 2,84,171
77,5.88,2,4,75,83,246,44,161,Nenhuma,79,170
77,5.88,3,113,56,171,146,142,101,Expositor 1,57,90
77,5.88,4,324,204,423,354,373,279,Nenhuma,99,150
77,5.88,7,306,8,346,92,326,50,Nenhuma,39,83
77,5.88,11,95,30,129,114,112,72,Nenhuma,34,83
77,5.88,12,150,12,187,115,168,64,Nenhuma,37,103
77,5.88,19,428,194,542,355,485,275,Expositor 2,113,160
77,5.88,25,45,74,78,144,62,109,Nenhuma,33,70
78,5.96,1,408,94,492,268,450,181,Expositor 2,84,173
78,5.96,2,5,82,81,246,43,164,Nenhuma,75,163
78,5.96,3,114,57,170,146,142,101,Expositor 1,56,88
78,5.96,4,321,200,422,354,371,277,Nenhuma,101,154
78,5.96,7,306,7,346,92,326,49,Nenhuma,39,84
78,5.96,11,94,33,127,114,111,73,Nenhuma,32,81
78,5.96,12,148,12,187,118,168,65,Nenhuma,38,105
78,5.96,15,30,73,65,128,47,101,Nenhuma,34,54
78,5.96,19,425,197,537,356,481,276,Expositor 2,112,159
78,5.96,20,115,57,152,141,133,99,Nenhuma,36,83
79,6.03,1,408,92,492,266,450,179,Expositor 2,83,173
79,6.03,2,7,90,78,246,43,168,Nenhuma,71,155
79,6.03,3,114,57,170,146,142,101,Expositor 1,56,88
79,6.03,4,319,199,420,355,369,277,Nenhuma,101,155
79,6.03,7,306,7,346,92,326,49,Nenhuma,39,84
79,6.03,11,94,34,127,116,111,75,Nenhuma,32,82
79,6.03,12,146,12,185,119,165,65,Nenhuma,38,106
79,6.03,15,30,74,65,128,48,101,Nenhuma,34,54
79,6.03,19,424,198,535,356,480,277,Expositor 2,110,158
79,6.03,20,115,57,152,141,134,99,Nenhuma,36,83
80,6.11,1,409,90,492,264,451,177,Expositor 2,82,173
80,6.11,2,8,91,78,245,43,168,Nenhuma,70,154
80,6.11,3,114,58,170,145,142,102,Expositor 1,55,87
80,6.11,4,317,199,418,356,367,277,Nenhuma,100,157
80,6.11,7,306,7,346,93,326,50,Nenhuma,40,85
80,6.11,11,94,35,127,117,110,76,Nenhuma,32,81
80,6.11,12,147,11,186,118,166,64,Nenhuma,38,107
80,6.11,15,29,75,62,127,46,101,Nenhuma,33,52
80,6.11,19,423,202,531,356,477,279,Expositor 2,108,154
80,6.11,20,116,58,152,141,134,99,Nenhuma,36,82
81,6.19,1,409,87,491,259,450,173,Expositor 2,81,172
81,6.19,2,8,91,78,245,43,168,Nenhuma,69,154
81,6.19,3,114,58,170,145,142,102,Expositor 1,55,86
81,6.19,4,316,198,416,357,366,277,Nenhuma,99,158
81,6.19,7,306,7,347,93,326,50,Nenhuma,40,85
81,6.19,11,94,35,126,117,110,76,Nenhuma,32,82
81,6.19,12,147,10,186,118,167,64,Nenhuma,38,107
81,6.19,15,29,75,63,128,46,102,Nenhuma,33,52
81,6.19,19,421,205,527,356,474,280,Expositor 2,105,150
81,6.19,20,116,58,152,141,134,99,Nenhuma,36,82
82,6.26,1,409,85,490,257,450,171,Expositor 2,80,172
82,6.26,2,9,91,78,245,43,168,Nenhuma,69,154
82,6.26,3,114,59,170,145,142,102,Expositor 1,56,86
82,6.26,4,317,197,415,355,366,276,Nenhuma,98,157
82,6.26,7,306,7,347,94,327,50,Nenhuma,40,86
82,6.26,11,94,35,125,117,110,76,Nenhuma,31,81
82,6.26,12,147,10,186,118,167,64,Nenhuma,38,107
82,6.26,15,29,75,62,128,46,102,Nenhuma,33,52
82,6.26,19,421,207,525,356,473,281,Expositor 2,104,148
83,6.34,1,409,83,487,251,448,167,Expositor 2,77,167
83,6.34,2,9,93,77,245,43,169,Nenhuma,67,152
83,6.34,3,114,58,171,145,142,102,Expositor 1,56,87
83,6.34,4,314,195,412,356,363,276,Nenhuma,97,160
83,6.34,7,306,8,347,94,327,51,Nenhuma,40,86
83,6.34,11,93,35,125,117,109,76,Nenhuma,31,81
83,6.34,12,147,9,185,118,166,63,Nenhuma,38,108
83,6.34,15,29,75,62,128,46,102,Nenhuma,33,52
83,6.34,19,419,209,522,356,470,282,Expositor 2,103,146
83,6.34,27,348,175,413,271,381,223,Nenhuma,65,95
84,6.42,1,410,83,485,247,447,165,Expositor 2,74,163
84,6.42,2,11,101,76,245,43,173,Nenhuma,64,144
84,6.42,3,114,58,171,145,143,102,Expositor 1,56,87
84,6.42,4,314,193,409,355,362,274,Nenhuma,95,161
84,6.42,7,306,8,347,94,327,51,Nenhuma,40,86
84,6.42,11,94,36,124,115,109,75,Nenhuma,30,79
84,6.42,12,147,9,186,117,167,63,Nenhuma,38,108
84,6.42,15,30,76,63,128,47,102,Nenhuma,32,52
84,6.42,19,417,212,520,356,468,284,Expositor 2,103,144
84,6.42,20,114,58,150,141,132,99,Nenhuma,36,82
84,6.42,27,357,176,421,272,389,224,Nenhuma,64,95
85,6.49,1,411,82,484,243,447,163,Expositor 2,73,161
85,6.49,2,11,104,75,245,43,175,Nenhuma,63,141
85,6.49,3,114,58,171,145,143,102,Expositor 1,56,87
85,6.49,4,314,187,411,354,362,270,Nenhuma,97,167
85,6.49,7,306,8,347,94,327,51,Nenhuma,40,86
85,6.49,11,93,36,123,114,108,75,Nenhuma,30,77
85,6.49,12,148,8,187,117,168,63,Nenhuma,39,108
85,6.49,15,31,76,63,128,47,102,Nenhuma,32,51
85,6.49,19,416,213,519,356,467,285,Expositor 2,103,143
85,6.49,20,114,59,150,141,132,100,Expositor 1,36,81
85,6.49,27,353,176,417,273,385,225,Nenhuma,64,96
86,6.57,1,411,81,484,241,447,161,Expositor 2,72,159
86,6.57,2,10,102,75,245,43,174,Nenhuma,64,143
86,6.57,3,114,58,171,145,143,102,Expositor 1,57,87
86,6.57,4,314,187,411,355,362,271,Nenhuma,96,168
86,6.57,7,306,8,347,94,327,51,Nenhuma,40,86
86,6.57,11,96,36,125,112,111,74,Nenhuma,29,75
86,6.57,12,149,8,188,116,169,62,Nenhuma,39,107
86,6.57,15,30,76,63,127,47,101,Nenhuma,32,51
86,6.57,19,414,214,518,357,466,285,Expositor 2,103,142
86,6.57,20,114,59,150,140,132,99,Nenhuma,36,81
86,6.57,27,354,177,419,274,386,225,Nenhuma,64,97
87,6.64,1,412,81,483,239,448,160,Expositor 2,70,157
87,6.64,2,10,98,75,245,43,172,Nenhuma,65,147
87,6.64,3,114,57,171,145,143,101,Expositor 1,57,88
87,6.64,4,316,183,414,355,365,269,Nenhuma,97,171
87,6.64,7,306,8,347,94,327,51,Nenhuma,40,86
87,6.64,11,93,36,123,114,108,75,Nenhuma,29,77
87,6.64,12,149,9,189,116,169,62,Nenhuma,39,106
87,6.64,15,30,76,62,127,46,101,Nenhuma,32,51
87,6.64,19,413,213,518,357,465,285,Expositor 2,104,143
87,6.64,20,114,59,150,140,132,99,Nenhuma,36,81
87,6.64,27,355,177,420,275,387,226,Nenhuma,65,98
88,6.72,1,413,80,484,238,449,159,Expositor 2,70,157
88,6.72,2,7,96,74,245,41,171,Nenhuma,66,149
88,6.72,3,113,58,170,145,142,102,Expositor 1,57,87
88,6.72,4,322,194,413,356,368,275,Nenhuma,91,161
88,6.72,7,306,8,347,94,327,51,Nenhuma,40,86
88,6.72,11,93,37,123,114,108,75,Nenhuma,29,76
88,6.72,12,149,9,189,116,169,62,Nenhuma,39,106
88,6.72,15,28,75,62,130,45,103,Nenhuma,33,54
88,6.72,19,412,210,520,357,466,283,Expositor 2,107,146
88,6.72,20,114,59,150,140,132,99,Nenhuma,36,80
88,6.72,27,356,177,421,276,389,226,Nenhuma,65,98
89,6.8,1,415,80,485,237,450,159,Expositor 2,70,157
89,6.8,2,6,100,72,246,39,173,Nenhuma,66,146
89,6.8,3,113,58,170,145,141,102,Expositor 1,57,87
89,6.8,4,324,195,415,356,369,275,Nenhuma,90,160
89,6.8,7,306,8,347,95,327,51,Nenhuma,40,86
89,6.8,11,93,37,123,114,108,75,Nenhuma,29,76
89,6.8,12,149,9,189,116,169,62,Nenhuma,39,106
89,6.8,15,27,75,61,132,44,103,Nenhuma,34,56
89,6.8,19,411,207,522,357,467,282,Expositor 2,111,149
89,6.8,20,114,59,150,140,132,99,Nenhuma,36,80
90,6.87,1,415,80,486,239,450,159,Expositor 2,71,158
90,6.87,2,4,99,72,246,38,173,Nenhuma,67,147
90,6.87,3,112,57,171,145,141,101,Expositor 1,58,88
90,6.87,4,323,187,417,356,370,271,Nenhuma,94,168
90,6.87,7,306,8,347,95,327,51,Nenhuma,40,86
90,6.87,11,93,37,122,114,107,75,Nenhuma,29,76
90,6.87,12,149,8,189,116,169,62,Nenhuma,39,107
90,6.87,15,27,75,61,132,44,104,Nenhuma,34,56
90,6.87,19,411,203,525,357,468,280,Expositor 2,114,153
91,6.95,1,414,80,487,246,451,163,Expositor 2,73,165
91,6.95,2,4,97,73,246,38,172,Nenhuma,69,149
91,6.95,3,112,54,172,145,142,100,Expositor 1,60,91
91,6.95,4,323,184,418,356,371,270,Nenhuma,95,172
91,6.95,7,306,9,347,95,327,52,Nenhuma,40,86
91,6.95,12,157,10,196,116,177,63,Nenhuma,38,105
91,6.95,15,28,75,62,133,45,104,Nenhuma,34,57
91,6.95,19,410,199,527,357,469,278,Expositor 2,117,157
92,7.03,1,417,81,490,243,454,162,Expositor 2,72,162
92,7.03,2,4,98,73,247,39,172,Nenhuma,69,148
92,7.03,3,112,54,172,145,142,100,Expositor 1,59,91
92,7.03,4,324,182,421,357,373,270,Nenhuma,96,175
92,7.03,7,306,9,347,95,327,52,Nenhuma,40,86
92,7.03,12,156,10,196,118,176,64,Nenhuma,39,107
92,7.03,15,31,75,66,132,48,104,Nenhuma,34,56
92,7.03,19,410,197,529,357,469,277,Expositor 2,118,159
93,7.1,1,419,81,493,245,456,163,Expositor 2,73,164
93,7.1,2,5,88,82,249,43,168,Nenhuma,76,160
93,7.1,3,113,57,171,145,142,101,Expositor 1,57,87
93,7.1,4,326,182,422,357,374,269,Nenhuma,96,174
93,7.1,7,306,9,347,95,327,52,Nenhuma,40,86
93,7.1,12,157,9,196,117,177,63,Nenhuma,39,107
93,7.1,15,31,75,66,130,49,103,Nenhuma,34,55
93,7.1,19,410,195,530,357,470,276,Expositor 2,119,161
93,7.1,20,111,59,148,141,130,100,Expositor 1,36,82
94,7.18,1,420,81,496,251,458,166,Expositor 2,75,170
94,7.18,2,3,92,78,247,40,169,Nenhuma,74,155
94,7.18,3,113,58,171,145,142,101,Expositor 1,57,86
94,7.18,4,327,182,423,356,375,269,Nenhuma,95,174
94,7.18,7,306,9,347,95,327,52,Nenhuma,40,86
94,7.18,12,157,9,197,117,177,63,Nenhuma,39,107
94,7.18,15,31,75,68,132,49,104,Nenhuma,36,57
94,7.18,19,409,192,530,357,470,274,Expositor 2,120,164
94,7.18,20,112,59,147,141,129,100,Expositor 1,35,82
95,7.26,1,421,81,497,252,459,166,Expositor 2,75,170
95,7.26,2,3,82,84,249,44,165,Nenhuma,80,166
95,7.26,3,114,58,171,144,142,101,Expositor 1,57,86
95,7.26,4,328,181,424,356,376,269,Nenhuma,96,175
95,7.26,7,307,9,347,96,327,52,Nenhuma,39,86
95,7.26,12,158,9,197,117,178,63,Nenhuma,39,108
95,7.26,15,31,74,68,133,50,104,Nenhuma,36,58
95,7.26,19,410,190,531,356,471,273,Expositor 2,120,165
95,7.26,20,112,59,147,141,129,100,Expositor 1,35,81
96,7.33,1,424,82,497,245,460,164,Expositor 2,72,163
96,7.33,2,4,79,87,249,45,164,Nenhuma,83,169
96,7.33,3,114,59,172,144,143,101,Expositor 1,57,85
96,7.33,4,327,180,425,357,376,268,Nenhuma,97,176
96,7.33,7,307,10,347,96,327,53,Nenhuma,39,86
96,7.33,12,158,9,198,117,178,63,Nenhuma,39,108
96,7.33,15,31,74,69,133,50,104,Nenhuma,37,58
96,7.33,19,412,191,532,356,472,273,Expositor 2,119,164
96,7.33,20,113,58,151,143,132,100,Expositor 1,37,84
97,7.41,1,424,82,497,245,461,163,Expositor 2,73,163
97,7.41,2,2,87,80,247,41,167,Nenhuma,78,159
97,7.41,3,113,58,172,146,143,102,Expositor 1,59,87
97,7.41,4,330,179,426,355,378,267,Nenhuma,96,176
97,7.41,7,307,10,347,96,327,53,Nenhuma,39,86
97,7.41,12,144,33,176,116,160,74,Nenhuma,31,82
97,7.41,15,32,74,69,133,50,104,Nenhuma,37,58
97,7.41,19,412,192,530,356,471,274,Expositor 2,118,163
97,7.41,20,112,59,148,142,130,100,Expositor 1,36,82
98,7.48,1,426,81,495,232,461,156,Expositor 2,68,151
98,7.48,2,2,94,77,247,39,171,Nenhuma,75,152
98,7.48,3,112,57,172,146,142,101,Expositor 1,59,88
98,7.48,4,334,177,428,353,381,265,Nenhuma,94,175
98,7.48,7,307,9,347,96,327,52,Nenhuma,39,86
98,7.48,12,144,35,175,116,159,76,Nenhuma,30,80
98,7.48,19,410,193,527,355,469,274,Expositor 2,116,162
98,7.48,20,112,59,148,142,130,101,Expositor 1,36,82
99,7.56,1,427,81,494,226,461,154,Expositor 2,67,145
99,7.56,2,2,99,75,247,39,173,Nenhuma,73,147
99,7.56,3,112,57,171,145,141,101,Expositor 1,59,88
99,7.56,4,343,175,422,322,382,248,Nenhuma,79,146
99,7.56,7,307,9,347,96,327,52,Nenhuma,39,86
99,7.56,12,152,36,187,122,169,79,Nenhuma,34,86
99,7.56,19,409,193,523,355,466,274,Expositor 2,114,161
99,7.56,20,112,59,148,142,130,101,Expositor 1,36,83
100,7.64,1,427,79,492,218,460,148,Expositor 2,65,138
100,7.64,2,2,101,75,247,38,174,Nenhuma,72,145
100,7.64,3,112,57,170,144,141,100,Expositor 1,58,87
100,7.64,4,349,172,415,291,382,232,Nenhuma,66,119
100,7.64,7,307,9,347,96,327,52,Nenhuma,39,87
100,7.64,12,153,38,187,123,170,80,Nenhuma,34,85
100,7.64,15,24,73,69,146,47,109,Nenhuma,45,72
100,7.64,19,409,191,523,355,466,273,Expositor 2,113,163
100,7.64,20,112,59,148,142,130,101,Expositor 1,36,83
101,7.71,1,426,78,492,216,459,147,Expositor 2,66,137
101,7.71,2,2,100,75,247,38,173,Nenhuma,73,146
101,7.71,3,111,55,170,143,141,99,Nenhuma,58,87
101,7.71,4,352,170,412,276,382,223,Nenhuma,60,105
101,7.71,7,307,9,347,96,327,52,Nenhuma,39,87
101,7.71,12,153,40,187,124,170,82,Nenhuma,33,84
101,7.71,15,24,72,70,147,47,110,Nenhuma,46,74
101,7.71,19,411,192,522,354,466,273,Expositor 2,111,162
102,7.79,1,425,75,492,215,458,145,Expositor 2,67,139
102,7.79,2,1,99,75,247,38,173,Nenhuma,73,147
102,7.79,3,111,55,170,143,141,99,Nenhuma,58,87
102,7.79,4,352,168,410,267,381,218,Nenhuma,58,99
102,7.79,7,307,9,347,96,327,52,Nenhuma,39,87
102,7.79,12,154,42,187,125,170,83,Nenhuma,33,83
102,7.79,15,23,72,70,148,47,110,Nenhuma,47,75
102,7.79,19,412,192,521,353,467,272,Expositor 2,109,160
102,7.79,34,163,33,224,163,193,98,Nenhuma,60,129
103,7.87,1,422,74,491,216,457,145,Expositor 2,68,142
103,7.87,2,1,100,75,247,38,173,Nenhuma,73,146
103,7.87,3,112,54,169,142,140,98,Nenhuma,57,87
103,7.87,4,357,165,414,259,385,212,Nenhuma,56,93
103,7.87,7,307,9,347,96,327,52,Nenhuma,39,87
103,7.87,15,23,72,71,149,47,110,Nenhuma,47,77
103,7.87,19,413,193,521,353,467,273,Expositor 2,107,160
103,7.87,34,174,34,235,162,205,98,Nenhuma,60,127
104,7.94,1,421,74,489,218,455,146,Expositor 2,68,143
104,7.94,2,1,101,75,248,38,174,Nenhuma,73,147
104,7.94,3,112,54,169,142,140,98,Nenhuma,57,87
104,7.94,4,360,163,413,250,386,207,Nenhuma,52,87
104,7.94,7,307,8,347,96,327,52,Nenhuma,39,87
104,7.94,12,136,16,178,119,157,67,Nenhuma,41,103
104,7.94,19,413,194,520,355,466,274,Expositor 2,107,160
104,7.94,34,179,34,240,161,209,97,Nenhuma,61,127
105,8.02,1,420,73,489,220,455,147,Expositor 2,68,146
105,8.02,2,1,101,75,248,38,175,Nenhuma,73,147
105,8.02,3,111,54,169,143,140,99,Nenhuma,57,88
105,8.02,4,366,163,419,248,392,205,Nenhuma,52,84
105,8.02,7,307,8,347,96,327,52,Nenhuma,39,87
105,8.02,12,135,14,177,117,156,66,Nenhuma,41,103
105,8.02,19,414,196,519,355,466,275,Expositor 2,104,159
105,8.02,34,183,34,245,161,214,97,Nenhuma,62,127
105,8.02,37,502,231,560,311,531,271,Expositor 2,57,79
105,8.02,38,34,74,86,194,60,134,Nenhuma,52,120
106,8.1,1,419,73,488,222,454,147,Expositor 2,69,148
106,8.1,2,1,102,75,249,38,175,Nenhuma,74,146
106,8.1,3,111,54,168,143,139,98,Nenhuma,57,88
106,8.1,4,369,162,423,245,396,204,Nenhuma,53,83
106,8.1,7,307,8,346,96,327,52,Nenhuma,39,87
106,8.1,12,134,14,175,117,155,66,Nenhuma,41,103
106,8.1,19,414,198,517,355,466,277,Expositor 2,103,157
106,8.1,34,185,34,247,161,216,97,Nenhuma,62,126
106,8.1,37,502,229,561,310,532,270,Expositor 2,58,81
106,8.1,38,34,74,88,198,61,136,Nenhuma,54,124
107,8.17,1,418,72,488,224,453,148,Expositor 2,69,151
107,8.17,2,1,102,76,249,38,175,Nenhuma,74,146
107,8.17,3,110,53,167,142,138,98,Nenhuma,56,89
107,8.17,4,373,160,424,239,398,199,Nenhuma,50,78
107,8.17,7,307,8,346,96,326,52,Nenhuma,39,87
107,8.17,12,133,14,175,119,154,67,Nenhuma,42,105
107,8.17,19,414,200,516,356,465,278,Expositor 2,101,155
107,8.17,34,184,34,248,160,216,97,Nenhuma,63,126
107,8.17,37,504,228,562,309,533,268,Expositor 2,58,81
107,8.17,38,33,74,89,200,61,137,Nenhuma,55,126
108,8.25,1,418,72,487,224,452,148,Expositor 2,69,152
108,8.25,2,1,101,75,249,38,175,Nenhuma,74,147
108,8.25,3,109,53,165,141,137,97,Nenhuma,55,87
108,8.25,4,377,158,424,232,401,195,Expositor 2,47,74
108,8.25,7,306,8,347,96,326,52,Nenhuma,40,87
108,8.25,12,133,15,176,122,155,68,Nenhuma,43,107
108,8.25,19,415,203,515,356,465,280,Expositor 2,100,153
108,8.25,34,184,34,249,160,216,97,Nenhuma,65,126
108,8.25,37,504,226,563,308,534,267,Expositor 2,58,81
108,8.25,38,33,74,89,201,61,137,Nenhuma,56,127
109,8.33,1,419,71,486,220,452,146,Expositor 2,66,148
109,8.33,2,1,101,75,248,38,175,Nenhuma,74,146
109,8.33,3,109,53,165,141,137,97,Nenhuma,55,87
109,8.33,4,381,157,425,226,403,191,Expositor 2,44,69
109,8.33,7,306,8,347,96,326,52,Nenhuma,40,88
109,8.33,12,131,14,174,124,153,69,Nenhuma,43,109
109,8.33,19,416,205,515,357,466,281,Expositor 2,98,151
109,8.33,34,185,33,252,160,218,97,Nenhuma,66,126
109,8.33,37,505,225,564,306,534,266,Expositor 2,58,81
109,8.33,38,33,74,89,199,61,136,Nenhuma,56,125
110,8.4,1,421,71,483,208,452,139,Expositor 2,61,137
110,8.4,2,1,101,76,248,38,174,Nenhuma,74,146
110,8.4,3,109,53,163,139,136,96,Nenhuma,54,86
110,8.4,7,306,8,347,97,326,52,Nenhuma,40,88
110,8.4,12,130,13,173,124,152,69,Nenhuma,43,110
110,8.4,19,416,208,514,357,465,282,Expositor 2,97,148
110,8.4,34,185,33,253,160,219,97,Nenhuma,67,126
110,8.4,37,506,224,564,305,535,265,Expositor 2,58,81
110,8.4,38,33,74,89,197,61,136,Nenhuma,55,122
111,8.48,1,424,70,479,189,452,129,Expositor 2,54,118
111,8.48,2,1,100,76,248,38,174,Nenhuma,74,147
111,8.48,3,109,52,162,137,135,95,Nenhuma,53,84
111,8.48,7,306,8,347,97,326,52,Nenhuma,40,89
111,8.48,11,140,21,179,125,159,73,Nenhuma,38,104
111,8.48,12,130,14,173,125,151,69,Nenhuma,42,110
111,8.48,19,417,211,514,357,465,284,Expositor 2,96,145
111,8.48,34,186,33,255,160,221,97,Nenhuma,69,126
111,8.48,38,33,75,90,200,62,137,Nenhuma,56,124
112,8.55,1,427,70,475,170,451,120,Expositor 2,47,100
112,8.55,2,0,99,75,248,38,173,Nenhuma,75,148
112,8.55,3,108,52,160,135,134,94,Nenhuma,51,82
112,8.55,7,306,8,347,97,326,53,Nenhuma,40,89
112,8.55,11,141,20,178,125,159,73,Nenhuma,37,104
112,8.55,12,131,15,172,123,151,69,Nenhuma,41,108
112,8.55,19,416,213,511,357,464,285,Expositor 2,95,143
112,8.55,34,186,33,256,161,221,97,Nenhuma,70,127
112,8.55,38,33,75,91,201,62,138,Nenhuma,57,125
113,8.63,1,427,70,474,166,451,118,Expositor 2,46,95
113,8.63,2,0,97,76,248,38,172,Nenhuma,76,150
113,8.63,3,108,52,159,134,134,93,Nenhuma,50,81
113,8.63,7,306,8,347,98,326,53,Nenhuma,40,90
113,8.63,11,142,20,181,126,161,73,Nenhuma,38,105
113,8.63,12,131,16,172,124,152,70,Nenhuma,41,108
113,8.63,19,412,214,508,357,460,286,Expositor 2,96,142
113,8.63,34,186,33,258,161,222,97,Nenhuma,72,128
113,8.63,37,497,225,561,315,529,270,Expositor 2,63,89
113,8.63,38,33,76,92,202,62,139,Nenhuma,58,126
114,8.71,1,427,70,474,164,450,117,Expositor 2,47,93
114,8.71,2,0,98,76,248,38,173,Nenhuma,76,150
114,8.71,3,108,52,159,133,134,93,Nenhuma,50,81
114,8.71,7,305,8,346,98,326,53,Nenhuma,40,90
114,8.71,11,145,18,181,123,163,70,Nenhuma,35,104
114,8.71,12,131,16,172,124,152,70,Nenhuma,40,107
114,8.71,19,413,220,507,357,460,288,Expositor 2,93,137
114,8.71,34,185,33,259,161,222,97,Nenhuma,73,128
114,8.71,37,498,226,556,309,527,267,Expositor 2,58,82
114,8.71,38,33,76,92,203,63,140,Nenhuma,58,127
114,8.71,42,177,31,216,158,197,95,Nenhuma,38,126
115,8.78,1,427,71,474,164,450,117,Expositor 2,47,92
115,8.78,2,1,99,76,248,39,174,Nenhuma,75,149
115,8.78,3,108,51,159,133,133,92,Nenhuma,50,81
115,8.78,7,304,8,347,105,326,57,Nenhuma,43,96
115,8.78,11,157,19,185,102,171,61,Nenhuma,27,82
115,8.78,12,132,16,172,122,152,69,Nenhuma,40,106
115,8.78,19,411,223,503,357,457,290,Expositor 2,92,133
115,8.78,34,186,33,261,162,224,98,Nenhuma,75,129
115,8.78,37,496,226,554,309,525,268,Expositor 2,58,82
115,8.78,38,34,76,93,204,63,140,Nenhuma,58,127
115,8.78,42,177,31,215,155,196,93,Nenhuma,37,123
116,8.86,1,426,71,474,161,450,116,Expositor 2,47,89
116,8.86,2,1,99,76,249,39,174,Nenhuma,75,149
116,8.86,3,108,51,159,133,134,92,Nenhuma,51,81
116,8.86,4,435,142,482,212,459,177,Expositor 2,47,70
116,8.86,7,305,8,346,101,325,54,Nenhuma,41,92
116,8.86,11,160,19,187,100,173,60,Nenhuma,27,81
116,8.86,12,133,18,171,116,152,67,Nenhuma,37,98
116,8.86,19,407,224,500,357,453,290,Expositor 2,92,132
116,8.86,34,186,33,262,162,224,98,Nenhuma,75,128
116,8.86,37,494,227,552,309,523,268,Expositor 2,57,81
116,8.86,38,38,65,97,192,68,129,Nenhuma,58,127
116,8.86,42,177,31,214,151,196,91,Nenhuma,36,120
116,8.86,43,362,142,455,269,409,205,Expositor 2,92,126
117,8.94,1,427,71,474,159,450,115,Expositor 2,47,87
117,8.94,2,2,99,77,249,39,174,Nenhuma,74,150
117,8.94,3,108,51,160,134,134,93,Nenhuma,52,82
117,8.94,4,441,140,487,209,464,174,Expositor 2,46,68
117,8.94,7,306,8,346,98,326,53,Nenhuma,40,90
117,8.94,11,148,18,178,109,163,64,Nenhuma,30,90
117,8.94,12,133,19,169,113,151,66,Nenhuma,36,94
117,8.94,19,402,224,496,357,449,290,Expositor 2,93,132
117,8.94,34,186,33,263,162,224,97,Nenhuma,76,128
117,8.94,37,493,227,550,308,521,267,Expositor 2,57,80
117,8.94,38,38,66,95,190,67,128,Nenhuma,57,124
117,8.94,42,177,30,214,152,195,91,Nenhuma,37,121
117,8.94,43,364,142,456,269,410,206,Expositor 2,92,126
118,9.01,1,427,71,475,157,451,114,Expositor 2,47,85
118,9.01,2,4,98,78,249,41,173,Nenhuma,74,150
118,9.01,3,108,51,161,135,135,93,Nenhuma,53,84
118,9.01,4,448,138,492,205,470,171,Expositor 2,44,66
118,9.01,7,306,8,345,96,326,52,Nenhuma,39,88
118,9.01,11,145,18,176,112,160,65,Nenhuma,31,93
118,9.01,12,132,19,169,111,151,65,Nenhuma,36,92
118,9.01,19,398,222,493,357,446,290,Expositor 2,95,135
118,9.01,34,186,34,263,162,225,98,Nenhuma,76,127
118,9.01,37,488,227,550,314,519,271,Expositor 2,61,86
118,9.01,38,37,66,96,193,66,129,Nenhuma,58,126
118,9.01,42,177,30,214,153,195,92,Nenhuma,37,122
118,9.01,43,367,141,459,270,413,205,Expositor 2,92,129
119,9.09,1,427,71,475,155,451,113,Expositor 2,48,83
119,9.09,2,5,99,78,249,41,174,Nenhuma,73,149
119,9.09,3,107,51,162,137,135,94,Nenhuma,54,85
119,9.09,4,454,136,497,201,476,168,Expositor 2,43,65
119,9.09,7,306,7,345,96,326,52,Nenhuma,39,88
119,9.09,11,145,18,177,112,161,65,Nenhuma,31,94
119,9.09,12,132,19,168,110,150,64,Nenhuma,36,91
119,9.09,19,393,220,489,357,441,288,Expositor 2,96,136
119,9.09,34,185,34,262,161,224,97,Nenhuma,77,127
119,9.09,37,488,227,546,308,517,268,Expositor 2,58,80
119,9.09,38,35,67,95,193,65,130,Nenhuma,59,125
119,9.09,42,176,30,214,153,195,92,Nenhuma,37,122
119,9.09,43,371,140,462,270,416,205,Expositor 2,91,129
120,9.17,1,427,71,475,154,451,113,Expositor 2,48,82
120,9.17,2,6,99,79,249,42,174,Nenhuma,72,149
120,9.17,3,105,51,164,142,135,96,Nenhuma,58,91
120,9.17,7,306,7,345,96,325,52,Nenhuma,39,88
120,9.17,11,146,17,177,112,162,65,Nenhuma,31,94
120,9.17,12,132,19,168,109,150,64,Nenhuma,35,90
120,9.17,19,384,216,481,355,433,286,Expositor 2,97,139
120,9.17,20,119,39,167,144,143,91,Nenhuma,47,104
120,9.17,34,185,34,262,160,224,97,Nenhuma,77,126
120,9.17,37,484,227,544,308,514,268,Expositor 2,59,80
120,9.17,38,33,67,96,198,64,132,Nenhuma,62,130
120,9.17,42,176,31,212,148,194,90,Nenhuma,35,117
120,9.17,43,372,140,467,277,419,209,Expositor 2,94,136
121,9.24,1,426,71,475,152,451,112,Expositor 2,48,80
121,9.24,2,6,99,78,248,42,174,Nenhuma,71,148
121,9.24,3,104,51,167,148,135,99,Nenhuma,63,97
121,9.24,7,305,7,345,97,325,52,Nenhuma,40,89
121,9.24,11,146,17,178,112,162,64,Nenhuma,31,94
121,9.24,12,132,19,167,108,149,63,Nenhuma,35,89
121,9.24,15,34,70,71,123,52,97,Nenhuma,36,52
121,9.24,19,379,214,477,356,428,285,Expositor 2,98,142
121,9.24,20,120,38,167,144,143,91,Nenhuma,47,105
121,9.24,34,182,33,260,161,221,97,Nenhuma,78,128
121,9.24,37,483,227,542,307,512,267,Expositor 2,59,79
121,9.24,38,33,67,96,198,65,132,Nenhuma,62,131
121,9.24,42,176,31,213,153,194,92,Nenhuma,37,122
121,9.24,43,370,140,470,287,420,213,Expositor 2,100,147
122,9.32,1,425,71,476,153,451,112,Expositor 2,50,82
122,9.32,2,7,98,78,247,42,173,Nenhuma,71,148
122,9.32,3,99,50,174,170,136,110,Expositor 1,75,119
122,9.32,7,306,7,345,97,325,52,Nenhuma,39,89
122,9.32,15,35,70,70,122,53,96,Nenhuma,35,51
122,9.32,19,372,212,471,356,421,284,Expositor 2,98,144
122,9.32,20,120,37,168,144,144,90,Nenhuma,48,106
122,9.32,34,181,33,260,162,220,98,Nenhuma,78,128
122,9.32,37,482,227,541,307,511,267,Expositor 2,59,79
122,9.32,38,33,66,96,199,65,132,Nenhuma,62,132
122,9.32,42,175,31,213,157,194,94,Nenhuma,38,126
122,9.32,43,369,137,471,291,420,214,Expositor 2,102,153
122,9.32,46,457,226,550,355,503,290,Expositor 2,93,129
123,9.39,1,425,71,477,155,451,113,Expositor 2,52,83
123,9.39,2,8,98,78,247,43,172,Nenhuma,70,148
123,9.39,3,98,50,177,177,138,114,Expositor 1,78,126
123,9.39,7,305,7,346,98,325,53,Nenhuma,40,90
123,9.39,15,27,72,72,140,50,106,Nenhuma,45,68
123,9.39,19,368,210,467,356,417,283,Expositor 2,99,146
123,9.39,20,120,36,169,144,145,90,Nenhuma,48,107
123,9.39,34,181,33,259,162,220,98,Nenhuma,78,128
123,9.39,37,480,227,539,307,510,267,Expositor 2,59,79
123,9.39,38,33,66,97,199,65,133,Nenhuma,63,133
123,9.39,42,176,31,214,159,195,95,Nenhuma,38,127
123,9.39,43,368,137,473,294,421,215,Expositor 2,105,157
123,9.39,46,457,225,551,355,504,290,Expositor 2,93,130
123,9.39,47,404,138,465,236,435,187,Expositor 2,60,98
124,9.47,1,424,71,478,158,451,115,Expositor 2,53,86
124,9.47,2,9,98,79,246,44,172,Nenhuma,70,148
124,9.47,3,100,50,178,179,139,115,Expositor 1,78,128
124,9.47,7,305,7,346,98,325,53,Nenhuma,40,90
124,9.47,15,27,74,72,142,49,108,Nenhuma,44,68
124,9.47,19,365,209,464,355,415,282,Expositor 2,99,146
124,9.47,34,181,33,259,162,220,98,Nenhuma,78,129
124,9.47,42,176,31,215,160,195,95,Nenhuma,38,129
124,9.47,43,368,136,475,297,421,216,Expositor 2,107,161
124,9.47,46,456,224,550,355,503,289,Expositor 2,93,130
124,9.47,47,408,137,470,238,439,187,Expositor 2,62,101
125,9.55,1,423,71,479,162,451,117,Expositor 2,56,90
125,9.55,2,10,97,80,246,45,172,Nenhuma,70,149
125,9.55,3,103,50,180,180,142,115,Expositor 1,77,129
125,9.55,7,305,7,346,98,325,53,Nenhuma,40,90
125,9.55,15,26,74,72,144,49,109,Nenhuma,45,69
125,9.55,19,360,207,461,356,411,282,Expositor 2,101,148
125,9.55,34,182,33,261,163,221,98,Nenhuma,78,129
125,9.55,42,176,31,212,151,194,91,Nenhuma,36,120
125,9.55,43,367,135,477,300,422,218,Expositor 2,109,164
125,9.55,46,455,224,549,354,502,289,Expositor 2,93,130
125,9.55,47,412,135,476,239,444,187,Expositor 2,64,104
126,9.62,1,421,71,480,166,451,119,Expositor 2,59,94
126,9.62,2,10,97,80,247,45,172,Nenhuma,70,150
126,9.62,3,105,50,182,180,144,115,Expositor 1,76,129
126,9.62,7,305,7,346,98,325,53,Nenhuma,40,90
126,9.62,15,27,73,71,142,49,108,Nenhuma,44,69
126,9.62,19,357,206,459,356,408,281,Expositor 2,102,150
126,9.62,34,184,35,262,163,223,99,Nenhuma,77,127
126,9.62,42,176,30,211,146,194,88,Nenhuma,34,115
126,9.62,46,455,223,550,354,503,288,Expositor 2,94,131
126,9.62,47,415,134,480,239,447,186,Expositor 2,64,105
127,9.7,1,421,71,481,168,451,120,Expositor 2,60,96
127,9.7,2,11,97,80,247,46,172,Nenhuma,69,149
127,9.7,3,107,50,183,180,145,115,Expositor 1,76,129
127,9.7,7,306,8,345,96,326,52,Nenhuma,39,88
127,9.7,15,27,73,70,141,49,107,Nenhuma,43,68
127,9.7,19,354,205,458,356,406,281,Expositor 2,103,151
127,9.7,34,185,35,263,163,224,99,Nenhuma,77,127
127,9.7,42,176,30,210,143,193,87,Nenhuma,34,112
127,9.7,46,455,223,549,354,502,289,Expositor 2,94,131
127,9.7,47,416,133,483,243,449,188,Expositor 2,66,109
128,9.78,1,421,71,481,168,451,120,Expositor 2,60,96
128,9.78,2,16,101,84,247,50,174,Nenhuma,68,145
128,9.78,3,107,50,183,180,145,115,Expositor 1,75,129
128,9.78,7,306,8,345,96,326,52,Nenhuma,38,87
128,9.78,15,28,73,70,138,49,105,Nenhuma,41,65
128,9.78,19,350,204,453,356,402,280,Expositor 2,103,152
128,9.78,34,185,36,262,163,224,99,Nenhuma,77,127
128,9.78,42,176,30,210,142,193,86,Nenhuma,34,111
128,9.78,46,454,223,549,355,501,289,Expositor 2,95,132
128,9.78,47,419,133,485,243,452,188,Expositor 2,66,109
129,9.85,1,418,71,483,176,451,124,Expositor 2,65,105
129,9.85,2,17,101,87,247,52,174,Nenhuma,69,145
129,9.85,3,109,52,184,179,147,115,Expositor 1,74,127
129,9.85,7,306,8,346,96,326,52,Nenhuma,39,87
129,9.85,15,30,72,68,131,49,101,Nenhuma,38,59
129,9.85,19,349,204,440,339,395,272,Nenhuma,90,134
129,9.85,34,185,36,262,163,223,99,Nenhuma,76,126
129,9.85,42,175,30,209,141,192,86,Nenhuma,33,110
129,9.85,46,453,221,549,355,501,288,Expositor 2,96,134
129,9.85,47,422,133,489,244,455,189,Expositor 2,67,111
130,9.93,1,414,71,487,193,451,132,Expositor 2,73,122
130,9.93,2,15,101,86,247,50,174,Nenhuma,70,145
130,9.93,3,112,54,184,178,148,116,Expositor 1,72,124
130,9.93,7,307,9,345,96,326,52,Nenhuma,38,86
130,9.93,15,29,71,68,131,49,101,Nenhuma,38,59
130,9.93,19,344,204,443,350,394,277,Nenhuma,98,145
130,9.93,34,186,35,263,163,224,99,Nenhuma,77,128
130,9.93,42,176,31,214,158,195,95,Nenhuma,38,126
130,9.93,46,452,219,549,354,501,286,Expositor 2,97,134
130,9.93,47,424,132,494,249,459,191,Expositor 2,70,116
131,10.01,1,412,71,489,203,450,137,Expositor 2,77,132
131,10.01,2,16,95,89,247,52,171,Nenhuma,73,151
131,10.01,3,113,55,184,178,148,117,Expositor 1,71,123
131,10.01,7,307,10,345,96,326,53,Nenhuma,38,85
131,10.01,15,30,72,68,130,49,101,Nenhuma,37,57
131,10.01,19,339,203,441,353,390,278,Nenhuma,101,150
131,10.01,34,186,35,264,163,225,99,Nenhuma,77,128
131,10.01,42,177,31,215,161,196,96,Nenhuma,38,129
131,10.01,46,451,213,551,351,501,282,Expositor 2,99,138
131,10.01,47,432,131,503,249,467,190,Expositor 2,71,118
132,10.08,1,411,71,489,207,450,139,Expositor 2,77,136
132,10.08,2,14,91,90,247,52,169,Nenhuma,75,155
132,10.08,3,113,56,184,178,148,117,Expositor 1,71,122
132,10.08,7,307,10,345,95,326,53,Nenhuma,38,85
132,10.08,15,30,72,68,130,49,101,Nenhuma,37,57
132,10.08,19,335,201,438,355,387,278,Nenhuma,102,153
132,10.08,34,186,34,264,162,225,98,Nenhuma,78,128
132,10.08,42,177,31,216,162,196,97,Nenhuma,39,130
132,10.08,46,453,210,552,347,502,278,Expositor 2,98,136
132,10.08,47,440,129,511,246,475,188,Expositor 2,70,116
133,10.16,1,412,71,489,209,450,140,Expositor 2,77,137
133,10.16,2,13,90,90,247,52,168,Nenhuma,76,156
133,10.16,3,116,57,185,177,151,117,Expositor 1,69,119
133,10.16,7,307,11,345,95,326,53,Nenhuma,38,84
133,10.16,15,31,72,68,130,49,101,Nenhuma,37,57
133,10.16,19,333,201,436,356,384,279,Nenhuma,102,154
133,10.16,34,185,33,264,162,224,98,Nenhuma,79,129
133,10.16,42,177,32,216,164,196,98,Nenhuma,39,131
133,10.16,46,454,207,555,349,504,278,Expositor 2,100,142
133,10.16,47,441,128,511,245,476,186,Expositor 2,69,116
134,10.23,1,412,71,489,210,450,141,Expositor 2,76,139
134,10.23,2,14,90,91,246,52,168,Nenhuma,76,155
134,10.23,3,115,58,184,177,149,117,Expositor 1,69,119
134,10.23,7,307,11,345,95,326,53,Nenhuma,37,84
134,10.23,15,31,73,69,130,50,101,Nenhuma,37,57
134,10.23,19,331,201,433,356,382,279,Nenhuma,102,155
134,10.23,34,186,34,264,162,225,98,Nenhuma,78,128
134,10.23,42,177,32,216,165,197,98,Nenhuma,39,133
134,10.23,46,455,205,556,349,506,277,Expositor 2,100,144
134,10.23,47,444,127,511,241,477,184,Expositor 2,67,114
135,10.31,1,412,71,488,213,450,142,Expositor 2,76,141
135,10.31,2,14,89,90,245,52,167,Nenhuma,76,155
135,10.31,3,112,58,180,178,146,118,Expositor 1,67,120
135,10.31,7,308,12,345,94,326,53,Nenhuma,37,82
135,10.31,15,32,72,69,130,51,101,Nenhuma,37,58
135,10.31,19,330,202,430,356,380,279,Nenhuma,99,153
135,10.31,34,175,33,251,162,213,98,Nenhuma,76,129
135,10.31,46,456,201,555,343,506,272,Expositor 2,98,142
135,10.31,47,448,127,513,240,481,183,Expositor 2,65,112
136,10.39,1,412,71,488,218,450,145,Expositor 2,76,146
136,10.39,2,13,89,89,244,51,167,Nenhuma,75,154
136,10.39,3,112,58,180,179,146,119,Expositor 1,68,121
136,10.39,7,308,12,345,94,326,53,Nenhuma,37,82
136,10.39,15,32,72,68,130,50,101,Nenhuma,36,58
136,10.39,19,328,204,426,356,377,280,Nenhuma,98,152
136,10.39,20,116,58,158,142,137,100,Expositor 1,41,83
136,10.39,34,170,33,244,163,207,98,Nenhuma,73,129
136,10.39,42,191,32,234,163,212,97,Nenhuma,42,131
136,10.39,46,457,197,554,339,506,268,Expositor 2,96,142
136,10.39,47,451,126,516,239,483,183,Expositor 2,64,112
137,10.46,1,412,71,488,220,450,146,Expositor 2,75,148
137,10.46,2,14,89,89,243,51,166,Nenhuma,75,153
137,10.46,3,112,59,180,180,146,119,Expositor 1,68,121
137,10.46,7,308,12,345,93,327,53,Nenhuma,37,81
137,10.46,15,32,72,67,129,50,100,Nenhuma,35,56
137,10.46,19,327,205,425,357,376,281,Nenhuma,97,151
137,10.46,20,116,58,160,139,138,98,Nenhuma,43,81
137,10.46,34,169,32,240,163,204,98,Nenhuma,70,130
137,10.46,42,192,32,235,164,214,98,Nenhuma,42,132
137,10.46,46,458,194,553,336,505,265,Expositor 2,95,141
137,10.46,47,454,126,517,239,485,182,Expositor 2,63,113
138,10.54,1,413,71,488,221,450,146,Expositor 2,75,149
138,10.54,2,16,89,89,237,52,163,Nenhuma,73,148
138,10.54,3,115,58,179,171,147,114,Expositor 1,63,112
138,10.54,7,308,12,345,93,327,53,Nenhuma,37,81
138,10.54,15,32,72,67,128,50,100,Nenhuma,35,56
138,10.54,19,325,206,422,357,373,281,Nenhuma,97,150
138,10.54,20,120,58,165,137,143,98,Nenhuma,45,79
138,10.54,34,168,32,236,162,202,97,Nenhuma,68,129
138,10.54,38,21,88,70,183,45,135,Nenhuma,48,94
138,10.54,42,194,32,237,165,215,98,Nenhuma,43,133
138,10.54,46,460,190,551,327,506,259,Expositor 2,90,136
138,10.54,47,455,124,519,240,487,182,Expositor 2,64,116
139,10.62,1,414,71,487,220,450,146,Expositor 2,73,148
139,10.62,2,15,88,88,234,52,161,Nenhuma,72,146
139,10.62,3,114,57,180,175,147,116,Expositor 1,65,118
139,10.62,7,308,11,346,94,327,52,Nenhuma,37,83
139,10.62,12,148,19,180,98,164,58,Nenhuma,32,79
139,10.62,15,32,72,68,130,50,101,Nenhuma,35,58
139,10.62,19,323,207,418,356,370,281,Nenhuma,95,148
139,10.62,20,122,57,168,135,145,96,Nenhuma,46,77
139,10.62,34,166,32,232,162,199,97,Nenhuma,65,129
139,10.62,38,20,89,71,183,46,136,Nenhuma,50,93
139,10.62,42,195,32,238,165,217,99,Nenhuma,43,133
139,10.62,46,462,188,550,321,506,255,Expositor 2,88,132
139,10.62,47,456,123,518,239,487,181,Expositor 2,62,115
140,10.69,1,415,71,486,217,450,144,Expositor 2,70,145
140,10.69,2,13,88,85,235,49,162,Nenhuma,71,147
140,10.69,3,115,56,182,178,148,117,Expositor 1,66,121
140,10.69,7,308,11,346,94,327,52,Nenhuma,37,83
140,10.69,11,120,21,142,81,131,51,Nenhuma,22,59
140,10.69,12,148,18,180,98,164,58,Nenhuma,32,79
140,10.69,15,32,72,68,130,50,101,Nenhuma,36,58
140,10.69,19,322,208,418,356,370,282,Nenhuma,95,148
140,10.69,20,123,58,169,134,146,96,Nenhuma,45,76
140,10.69,34,166,32,230,162,198,97,Nenhuma,63,129
140,10.69,38,20,91,70,183,45,137,Nenhuma,49,92
140,10.69,46,463,188,550,319,507,253,Expositor 2,87,131
140,10.69,47,456,120,515,230,486,175,Expositor 2,59,110
141,10.77,1,416,71,486,216,451,144,Expositor 2,69,144
141,10.77,2,11,88,83,236,47,162,Nenhuma,71,148
141,10.77,3,116,56,183,178,150,117,Expositor 1,66,122
141,10.77,7,308,11,346,94,327,53,Nenhuma,37,83
141,10.77,11,118,22,143,82,131,52,Nenhuma,24,60
141,10.77,12,150,19,180,93,165,56,Nenhuma,30,73
141,10.77,15,32,72,68,130,50,101,Nenhuma,35,58
141,10.77,19,321,208,417,357,369,282,Nenhuma,95,148
141,10.77,20,124,58,169,133,147,96,Nenhuma,44,75
141,10.77,34,166,32,227,161,197,97,Nenhuma,61,129
141,10.77,38,20,92,68,182,44,137,Nenhuma,48,90
141,10.77,46,465,186,552,317,508,252,Expositor 2,87,131
141,10.77,47,457,118,513,225,485,171,Expositor 2,56,106
142,10.85,1,416,71,485,216,451,144,Expositor 2,68,144
142,10.85,2,11,89,81,237,46,163,Nenhuma,70,148
142,10.85,3,117,56,182,177,150,116,Expositor 1,65,121
142,10.85,7,308,11,345,94,327,53,Nenhuma,37,82
142,10.85,11,118,22,143,81,130,51,Nenhuma,25,58
142,10.85,12,150,19,180,92,165,55,Nenhuma,30,72
142,10.85,15,32,72,68,130,50,101,Nenhuma,35,58
142,10.85,19,320,209,417,357,368,283,Nenhuma,96,148
142,10.85,20,126,59,170,132,148,95,Nenhuma,44,73
142,10.85,34,166,34,225,161,195,97,Nenhuma,58,127
142,10.85,38,19,93,67,181,43,137,Nenhuma,47,88
142,10.85,46,468,184,554,313,511,248,Expositor 2,86,128
142,10.85,47,454,116,510,223,482,169,Expositor 2,56,106
143,10.92,1,416,72,485,218,451,145,Expositor 2,68,146
143,10.92,2,12,89,81,237,46,163,Nenhuma,69,147
143,10.92,3,117,56,182,176,150,116,Expositor 1,64,120
143,10.92,7,308,11,346,95,327,53,Nenhuma,38,84
143,10.92,11,117,23,143,81,130,52,Nenhuma,25,58
143,10.92,12,152,20,179,84,165,52,Nenhuma,27,63
143,10.92,15,32,72,67,128,50,100,Nenhuma,34,56
143,10.92,19,320,209,416,357,368,283,Nenhuma,95,147
143,10.92,34,164,36,219,158,192,97,Nenhuma,54,121
143,10.92,46,472,182,557,308,515,245,Expositor 2,85,125
143,10.92,47,453,113,510,223,481,168,Expositor 2,57,109
144,11.0,1,417,72,485,218,451,145,Expositor 2,67,146
144,11.0,2,13,89,81,237,47,163,Nenhuma,68,147
144,11.0,3,118,55,182,177,150,116,Expositor 1,64,122
144,11.0,7,308,11,346,95,327,53,Nenhuma,37,84
144,11.0,11,117,23,143,81,130,52,Nenhuma,26,58
144,11.0,12,152,20,179,82,166,51,Nenhuma,26,61
144,11.0,15,30,72,64,127,47,100,Nenhuma,33,54
144,11.0,19,318,210,413,356,366,283,Nenhuma,94,145
144,11.0,34,162,34,216,157,189,96,Nenhuma,54,123
144,11.0,46,477,177,563,306,520,242,Expositor 2,86,128
144,11.0,47,456,107,514,217,485,162,Expositor 2,58,110
145,11.07,1,417,72,484,216,451,144,Expositor 2,66,144
145,11.07,2,14,87,81,237,47,162,Nenhuma,67,149
145,11.07,3,119,55,183,178,151,116,Expositor 1,64,123
145,11.07,7,307,11,346,95,327,53,Nenhuma,38,84
145,11.07,11,117,23,144,81,131,52,Nenhuma,26,58
145,11.07,12,153,21,179,80,166,50,Nenhuma,25,59
145,11.07,15,29,72,62,127,45,99,Nenhuma,33,54
145,11.07,19,319,211,412,356,366,283,Nenhuma,93,145
145,11.07,34,156,28,210,152,183,90,Nenhuma,54,124
145,11.07,46,480,171,563,297,522,234,Expositor 2,83,126
145,11.07,47,457,105,516,216,487,160,Expositor 2,58,110
146,11.15,1,418,72,484,217,451,144,Expositor 2,66,145
146,11.15,2,18,90,84,237,51,163,Nenhuma,66,146
146,11.15,3,120,54,184,178,152,116,Expositor 1,63,123
146,11.15,7,307,11,346,96,327,53,Nenhuma,38,84
146,11.15,11,117,23,143,81,130,52,Nenhuma,26,57
146,11.15,12,154,21,179,78,167,50,Nenhuma,24,57
146,11.15,15,28,72,60,123,44,98,Nenhuma,31,50
146,11.15,19,321,211,414,356,367,283,Nenhuma,93,144
146,11.15,34,163,43,209,149,186,96,Nenhuma,45,106
146,11.15,46,483,166,564,290,523,228,Expositor 2,81,123
146,11.15,47,459,103,517,214,488,158,Expositor 2,58,110
147,11.23,1,418,72,485,218,451,145,Expositor 2,66,146
147,11.23,2,20,91,86,236,53,164,Nenhuma,65,145
147,11.23,3,120,54,183,178,151,116,Expositor 1,62,123
147,11.23,7,308,11,346,96,327,53,Nenhuma,38,84
147,11.23,11,116,23,143,80,130,52,Nenhuma,26,57
147,11.23,15,29,73,59,121,44,97,Nenhuma,30,48
147,11.23,19,321,211,415,356,368,283,Nenhuma,93,145
147,11.23,34,167,47,210,148,189,97,Nenhuma,42,101
147,11.23,46,484,164,565,288,524,226,Expositor 2,81,123
147,11.23,47,460,101,519,212,490,156,Expositor 2,58,111
148,11.3,1,418,71,485,218,451,144,Expositor 2,66,147
148,11.3,2,17,89,83,237,50,163,Nenhuma,66,148
148,11.3,3,120,54,181,177,151,115,Expositor 1,61,123
148,11.3,7,308,10,346,96,327,53,Nenhuma,38,86
148,11.3,11,116,23,142,80,129,51,Nenhuma,25,56
148,11.3,15,30,73,60,119,45,96,Nenhuma,29,46
148,11.3,19,322,211,416,356,369,284,Nenhuma,94,145
148,11.3,34,167,48,208,147,187,98,Nenhuma,41,99
148,11.3,46,485,163,566,286,525,225,Expositor 2,80,122
149,11.38,1,418,69,485,219,452,144,Expositor 2,66,149
149,11.38,2,19,88,86,238,53,163,Nenhuma,66,149
149,11.38,3,120,54,181,177,150,116,Expositor 1,61,123
149,11.38,7,308,10,346,96,327,53,Nenhuma,38,86
149,11.38,15,30,72,60,118,45,95,Nenhuma,29,45
149,11.38,19,322,211,415,356,369,283,Nenhuma,93,145
149,11.38,34,166,49,207,146,186,98,Nenhuma,40,96
149,11.38,46,485,163,566,285,526,224,Expositor 2,80,122
150,11.46,1,418,69,485,220,451,145,Expositor 2,66,151
150,11.46,2,21,88,88,238,54,163,Nenhuma,66,149
150,11.46,3,119,54,180,178,150,116,Expositor 1,61,123
150,11.46,7,308,10,346,96,327,53,Nenhuma,37,85
150,11.46,15,30,72,59,117,45,94,Nenhuma,28,44
150,11.46,19,322,211,416,356,369,283,Nenhuma,93,144
150,11.46,34,153,25,205,149,179,87,Nenhuma,51,123
150,11.46,46,486,161,567,284,527,222,Expositor 2,80,122
151,11.53,1,418,71,484,220,451,145,Expositor 2,65,149
151,11.53,2,22,88,88,237,55,163,Nenhuma,66,149
151,11.53,3,125,54,167,134,146,94,Nenhuma,42,80
151,11.53,7,308,10,346,96,327,53,Nenhuma,38,85
151,11.53,12,155,22,189,100,172,61,Nenhuma,34,78
151,11.53,15,31,72,59,115,45,94,Nenhuma,28,43
151,11.53,19,323,211,416,356,369,283,Nenhuma,93,145
151,11.53,20,122,54,170,131,146,93,Nenhuma,47,77
151,11.53,34,152,22,204,149,178,86,Nenhuma,52,126
151,11.53,46,489,158,569,280,529,219,Expositor 2,80,121
152,11.61,1,419,72,483,220,451,146,Expositor 2,64,148
152,11.61,2,22,88,89,237,56,163,Nenhuma,66,149
152,11.61,3,127,53,160,113,143,83,Nenhuma,33,60
152,11.61,7,308,10,346,96,327,53,Nenhuma,37,85
152,11.61,11,118,24,142,76,130,50,Nenhuma,24,52
152,11.61,12,155,22,190,101,173,61,Nenhuma,34,79
152,11.61,15,31,72,58,114,44,93,Nenhuma,27,42
152,11.61,19,323,211,417,356,370,284,Nenhuma,93,145
152,11.61,20,119,53,168,135,144,94,Nenhuma,49,81
152,11.61,34,151,24,203,149,177,86,Nenhuma,52,125
152,11.61,46,493,157,573,278,533,217,Expositor 2,79,121
153,11.69,1,418,72,483,221,450,146,Expositor 2,64,148
153,11.69,2,28,87,88,218,58,153,Nenhuma,59,130
153,11.69,3,126,52,158,112,142,82,Nenhuma,32,59
153,11.69,7,307,9,345,95,326,52,Nenhuma,38,85
153,11.69,11,117,24,143,76,130,50,Nenhuma,25,51
153,11.69,12,152,23,185,99,168,61,Nenhuma,33,75
153,11.69,19,323,211,417,356,370,284,Nenhuma,93,145
153,11.69,20,116,53,167,137,142,95,Nenhuma,50,83
153,11.69,34,150,25,202,149,176,87,Nenhuma,52,124
153,11.69,46,496,157,574,277,535,217,Expositor 2,78,120
154,11.76,1,417,72,482,221,449,146,Expositor 2,64,148
154,11.76,2,30,88,87,208,59,148,Nenhuma,56,120
154,11.76,3,126,52,156,106,141,79,Nenhuma,29,54
154,11.76,7,307,8,344,93,326,51,Nenhuma,37,85
154,11.76,11,117,24,142,75,130,50,Nenhuma,24,50
154,11.76,12,152,23,185,99,169,61,Nenhuma,33,75
154,11.76,19,324,211,417,357,371,284,Nenhuma,93,145
154,11.76,20,117,53,169,139,143,96,Nenhuma,52,86
154,11.76,34,149,29,200,149,175,89,Nenhuma,51,120
154,11.76,46,499,156,578,278,539,217,Expositor 2,78,121
155,11.84,1,418,71,483,221,450,146,Expositor 2,65,149
155,11.84,2,31,88,88,206,60,147,Nenhuma,57,118
155,11.84,3,127,52,154,101,141,76,Nenhuma,26,48
155,11.84,7,305,8,343,92,324,50,Nenhuma,37,84
155,11.84,11,117,25,142,75,130,50,Nenhuma,24,50
155,11.84,12,152,24,186,100,169,62,Nenhuma,33,76
155,11.84,19,325,211,418,357,371,284,Nenhuma,93,145
155,11.84,20,114,54,169,143,142,98,Nenhuma,55,88
155,11.84,34,155,32,203,149,179,91,Nenhuma,48,116
155,11.84,46,500,154,578,277,539,216,Expositor 2,78,123
156,11.91,1,418,71,483,221,450,146,Expositor 2,64,150
156,11.91,2,30,85,90,210,60,148,Nenhuma,60,124
156,11.91,3,128,52,152,95,140,73,Nenhuma,23,43
156,11.91,7,305,9,341,91,323,50,Nenhuma,36,82
156,11.91,11,117,25,141,74,129,50,Nenhuma,24,49
156,11.91,12,153,24,186,101,169,62,Nenhuma,33,76
156,11.91,19,325,211,419,357,372,284,Nenhuma,93,145
156,11.91,20,114,54,169,143,142,99,Nenhuma,55,89
156,11.91,34,154,32,202,149,178,90,Nenhuma,48,116
156,11.91,46,500,152,578,277,539,215,Expositor 2,77,124
157,11.99,1,418,70,483,221,450,145,Expositor 2,64,150
157,11.99,2,30,85,90,208,60,147,Nenhuma,60,123
157,11.99,7,303,9,339,88,321,48,Nenhuma,35,79
157,11.99,19,326,211,419,357,373,284,Nenhuma,93,145
157,11.99,20,113,54,170,144,141,99,Nenhuma,56,90
157,11.99,34,153,32,201,149,177,90,Nenhuma,48,116
157,11.99,46,501,152,576,275,539,213,Expositor 2,75,122
157,11.99,54,396,53,429,126,412,90,Nenhuma,32,72
157,11.99,55,110,55,170,177,140,116,Expositor 1,59,122
158,12.07,1,418,70,483,221,450,145,Expositor 2,64,151
158,12.07,2,28,81,88,203,58,142,Nenhuma,59,122
158,12.07,7,302,11,337,87,320,49,Nenhuma,35,76
158,12.07,19,326,211,420,357,373,284,Nenhuma,93,145
158,12.07,20,113,54,170,145,141,99,Nenhuma,56,90
158,12.07,34,152,31,200,148,176,90,Nenhuma,48,116
158,12.07,46,501,149,575,273,538,211,Expositor 2,74,123
158,12.07,54,390,49,426,127,408,88,Nenhuma,36,78
158,12.07,55,106,54,167,178,136,116,Expositor 1,60,123
159,12.14,1,418,70,483,222,450,146,Expositor 2,64,151
159,12.14,2,28,80,86,199,57,139,Nenhuma,58,119
159,12.14,7,301,11,337,87,319,49,Nenhuma,35,76
159,12.14,19,326,211,420,357,373,284,Nenhuma,93,145
159,12.14,46,501,147,575,271,538,209,Expositor 2,73,123
159,12.14,54,388,43,425,123,407,83,Nenhuma,36,79
159,12.14,55,106,54,167,178,137,116,Expositor 1,60,123
160,12.22,1,418,70,482,222,450,146,Expositor 2,64,152
160,12.22,2,28,79,85,196,57,137,Nenhuma,57,117
160,12.22,7,299,7,336,87,318,47,Nenhuma,37,79
160,12.22,19,327,211,420,357,374,284,Nenhuma,93,145
160,12.22,46,502,147,574,269,538,208,Expositor 2,72,121
160,12.22,54,385,40,422,121,404,80,Nenhuma,36,80
160,12.22,55,100,55,161,179,131,117,Expositor 1,61,123
160,12.22,56,29,84,87,236,58,160,Nenhuma,57,152
161,12.3,1,419,70,483,222,451,146,Expositor 2,63,152
161,12.3,2,29,78,85,193,57,135,Nenhuma,56,115
161,12.3,7,298,7,336,88,317,47,Nenhuma,38,81
161,12.3,19,328,212,421,356,374,284,Nenhuma,92,144
161,12.3,46,502,147,574,268,538,208,Expositor 2,71,121
161,12.3,54,382,37,420,119,401,78,Nenhuma,37,81
161,12.3,55,97,55,160,180,128,117,Expositor 1,62,124
161,12.3,56,30,88,86,237,58,162,Nenhuma,56,149
162,12.37,1,419,69,483,221,451,145,Expositor 2,63,152
162,12.37,2,29,77,85,191,57,134,Nenhuma,55,113
162,12.37,7,296,6,335,87,315,47,Nenhuma,38,81
162,12.37,19,328,212,421,356,374,284,Nenhuma,93,144
162,12.37,46,503,147,574,268,538,208,Expositor 2,70,121
162,12.37,54,379,34,417,117,398,75,Nenhuma,37,82
162,12.37,55,94,56,158,180,126,118,Expositor 1,64,124
162,12.37,56,30,89,87,237,58,163,Nenhuma,56,148
162,12.37,57,232,0,265,84,249,42,Nenhuma,32,84
163,12.45,1,419,69,483,221,451,145,Expositor 2,63,152
163,12.45,7,294,5,334,88,314,47,Nenhuma,40,82
163,12.45,19,328,212,421,356,374,284,Nenhuma,93,144
163,12.45,46,504,147,574,268,539,207,Expositor 2,70,121
163,12.45,55,91,57,157,181,124,119,Expositor 1,66,124
163,12.45,56,31,89,87,238,59,163,Nenhuma,56,148
163,12.45,57,232,0,265,84,248,42,Nenhuma,32,84
164,12.53,1,419,68,482,221,450,145,Expositor 2,62,152
164,12.53,7,293,6,334,88,314,47,Nenhuma,40,82
164,12.53,19,327,212,420,356,373,284,Nenhuma,93,144
164,12.53,20,102,57,173,170,138,114,Expositor 1,71,113
164,12.53,46,505,147,575,268,540,207,Expositor 2,70,120
164,12.53,55,91,58,158,181,125,119,Expositor 1,67,123
164,12.53,56,32,90,86,235,59,163,Nenhuma,54,145
164,12.53,57,231,0,265,84,248,42,Nenhuma,33,84
165,12.6,1,418,68,481,221,450,145,Expositor 2,62,152
165,12.6,7,293,4,334,88,314,46,Nenhuma,41,83
165,12.6,19,324,213,417,357,370,285,Nenhuma,92,143
165,12.6,20,101,58,173,173,137,115,Expositor 1,72,115
165,12.6,46,506,148,575,267,541,207,Expositor 2,69,119
165,12.6,54,358,31,400,122,379,77,Nenhuma,41,90
165,12.6,55,91,58,159,180,125,119,Expositor 1,68,122
165,12.6,56,32,90,86,235,59,162,Nenhuma,54,144
165,12.6,57,231,0,264,84,247,42,Nenhuma,32,84
166,12.68,1,418,68,481,220,450,144,Expositor 2,62,151
166,12.68,7,293,6,335,87,314,46,Nenhuma,41,81
166,12.68,19,323,213,416,357,369,285,Nenhuma,92,143
166,12.68,20,100,58,174,175,137,116,Expositor 1,73,117
166,12.68,46,506,147,576,267,541,207,Expositor 2,69,119
166,12.68,54,356,44,398,134,377,89,Nenhuma,41,90
166,12.68,55,90,58,159,179,125,118,Expositor 1,68,121
166,12.68,56,32,90,86,234,59,162,Nenhuma,53,143
166,12.68,57,231,0,264,84,248,42,Nenhuma,33,83
167,12.75,1,419,69,480,219,449,144,Expositor 2,61,149
167,12.75,7,295,7,335,84,315,46,Nenhuma,40,77
167,12.75,19,320,214,412,357,366,285,Nenhuma,91,142
167,12.75,20,99,58,174,177,137,117,Expositor 1,74,119
167,12.75,46,507,147,577,267,542,207,Expositor 2,70,119
167,12.75,54,352,43,394,134,373,88,Nenhuma,42,91
167,12.75,55,90,58,159,179,124,118,Expositor 1,69,121
167,12.75,56,33,89,86,233,60,161,Nenhuma,53,144
167,12.75,57,231,1,264,84,247,43,Nenhuma,32,83
168,12.83,1,419,69,480,218,449,144,Expositor 2,60,148
168,12.83,7,295,7,337,84,316,46,Nenhuma,41,77
168,12.83,19,320,215,412,357,366,286,Nenhuma,91,142
168,12.83,46,508,148,578,267,543,207,Expositor 2,70,119
168,12.83,54,348,42,391,135,369,88,Nenhuma,42,92
168,12.83,55,90,58,159,176,124,117,Expositor 1,68,118
168,12.83,56,32,88,86,233,59,161,Nenhuma,53,145
168,12.83,57,231,1,264,84,247,43,Nenhuma,32,83
169,12.91,1,419,69,480,217,449,143,Expositor 2,60,148
169,12.91,7,295,7,337,84,316,46,Nenhuma,42,76
169,12.91,19,319,215,412,357,366,286,Nenhuma,92,142
169,12.91,46,508,148,579,268,543,208,Expositor 2,70,119
169,12.91,54,344,30,388,127,366,78,Nenhuma,44,97
169,12.91,55,91,58,158,172,124,115,Expositor 1,67,113
169,12.91,56,32,88,86,234,59,161,Nenhuma,53,145
169,12.91,57,230,1,263,84,247,43,Nenhuma,32,83
170,12.98,1,420,69,479,215,449,142,Expositor 2,59,146
170,12.98,7,295,7,338,84,317,45,Nenhuma,42,76
170,12.98,19,319,215,412,358,366,286,Nenhuma,92,142
170,12.98,34,132,27,181,144,157,86,Nenhuma,48,116
170,12.98,46,508,148,579,267,544,207,Expositor 2,70,119
170,12.98,54,340,28,385,127,362,77,Nenhuma,44,98
170,12.98,55,91,60,159,174,125,117,Expositor 1,67,113
170,12.98,56,33,88,86,234,59,161,Nenhuma,53,145
171,13.06,1,420,68,479,214,449,141,Expositor 2,59,145
171,13.06,7,295,7,339,84,317,46,Nenhuma,43,76
171,13.06,19,319,215,413,358,366,286,Nenhuma,93,142
171,13.06,34,131,26,182,146,156,86,Nenhuma,51,119
171,13.06,46,509,147,580,266,544,207,Expositor 2,71,118
171,13.06,54,336,26,381,127,358,76,Nenhuma,45,100
171,13.06,55,91,60,160,174,126,117,Expositor 1,68,114
171,13.06,56,33,88,86,233,59,161,Nenhuma,53,145
171,13.06,57,229,0,262,84,246,42,Nenhuma,33,84
172,13.14,1,421,68,480,213,450,141,Expositor 2,59,144
172,13.14,7,294,9,338,84,316,46,Nenhuma,43,74
172,13.14,19,321,215,415,358,368,286,Nenhuma,93,142
172,13.14,34,131,30,181,143,156,87,Nenhuma,49,112
172,13.14,46,508,148,578,264,543,206,Expositor 2,70,116
172,13.14,54,332,24,378,126,355,75,Nenhuma,46,102
172,13.14,55,91,60,160,174,126,117,Expositor 1,69,114
172,13.14,56,33,87,86,233,59,160,Nenhuma,52,145
172,13.14,57,228,0,262,84,245,42,Nenhuma,33,84
173,13.21,1,421,69,480,213,451,141,Expositor 2,59,143
173,13.21,7,292,10,334,81,313,45,Nenhuma,42,70
173,13.21,19,321,215,415,358,368,286,Nenhuma,94,142
173,13.21,34,130,30,180,142,155,86,Nenhuma,49,112
173,13.21,46,506,148,577,263,541,205,Expositor 2,70,115
173,13.21,55,91,60,161,175,126,117,Expositor 1,70,115
173,13.21,56,33,86,86,234,59,160,Nenhuma,53,147
173,13.21,57,229,0,262,84,245,42,Nenhuma,33,84
174,13.29,1,422,69,482,213,452,141,Expositor 2,59,144
174,13.29,7,289,12,330,78,310,45,Nenhuma,40,66
174,13.29,19,320,216,415,357,367,286,Nenhuma,94,141
174,13.29,34,129,30,178,142,154,86,Nenhuma,49,111
174,13.29,46,503,148,574,263,538,206,Expositor 2,70,115
174,13.29,55,94,60,164,175,129,117,Expositor 1,70,114
174,13.29,56,32,86,85,235,59,161,Nenhuma,53,148
174,13.29,57,229,0,262,83,245,41,Nenhuma,32,83
175,13.37,1,422,69,482,213,452,141,Expositor 2,60,143
175,13.37,7,287,12,329,78,308,45,Nenhuma,41,66
175,13.37,19,320,216,415,357,367,286,Nenhuma,95,141
175,13.37,34,130,24,176,120,153,72,Nenhuma,45,96
175,13.37,46,501,148,573,264,537,206,Expositor 2,71,116
175,13.37,55,94,59,166,175,130,117,Expositor 1,71,116
175,13.37,56,32,87,85,235,59,161,Nenhuma,52,148
175,13.37,57,229,0,262,83,245,41,Nenhuma,32,83
176,13.44,1,423,69,484,213,453,141,Expositor 2,60,144
176,13.44,7,285,11,328,79,307,45,Nenhuma,42,68
176,13.44,19,320,216,415,357,367,286,Nenhuma,95,140
176,13.44,34,129,23,174,117,152,70,Nenhuma,44,94
176,13.44,46,499,147,571,264,535,206,Expositor 2,72,116
176,13.44,54,360,57,398,138,379,97,Nenhuma,37,81
176,13.44,55,98,59,169,173,133,116,Expositor 1,71,114
176,13.44,56,32,87,85,234,59,160,Nenhuma,52,147
176,13.44,57,229,0,262,82,245,41,Nenhuma,32,82
177,13.52,1,424,70,485,213,454,142,Expositor 2,61,143
177,13.52,7,284,11,329,84,306,48,Nenhuma,44,72
177,13.52,19,319,216,415,356,367,286,Nenhuma,96,140
177,13.52,34,129,22,172,114,151,68,Nenhuma,43,92
177,13.52,46,498,146,570,264,534,205,Expositor 2,72,117
177,13.52,54,362,58,401,138,382,98,Nenhuma,38,80
177,13.52,55,98,59,169,172,133,116,Expositor 1,70,113
177,13.52,56,33,87,84,234,59,160,Nenhuma,51,146
177,13.52,57,229,0,261,81,245,40,Nenhuma,31,81
178,13.6,1,424,71,486,213,455,142,Expositor 2,61,142
178,13.6,7,284,14,328,86,306,50,Nenhuma,43,72
178,13.6,19,318,216,415,356,366,286,Nenhuma,96,140
178,13.6,34,128,22,171,112,149,67,Nenhuma,42,90
178,13.6,46,498,145,570,263,534,204,Expositor 2,72,117
178,13.6,54,362,58,401,139,382,98,Nenhuma,39,80
178,13.6,55,98,59,170,172,134,115,Expositor 1,72,113
178,13.6,56,33,87,84,233,58,160,Nenhuma,51,146
178,13.6,57,229,0,261,81,245,40,Nenhuma,32,81
179,13.67,1,426,71,489,213,457,142,Expositor 2,63,142
179,13.67,7,285,15,327,86,306,51,Nenhuma,42,71
179,13.67,19,317,215,415,356,366,286,Nenhuma,97,141
179,13.67,46,498,143,570,262,534,202,Expositor 2,72,118
179,13.67,54,362,57,402,139,382,98,Nenhuma,40,81
179,13.67,55,104,59,176,173,140,116,Expositor 1,72,113
179,13.67,56,33,87,85,233,59,160,Nenhuma,51,146
179,13.67,57,229,0,261,81,245,40,Nenhuma,31,81
179,13.67,64,176,10,209,81,192,45,Nenhuma,33,71
180,13.75,1,426,71,490,213,458,142,Expositor 2,64,142
180,13.75,2,151,25,190,110,170,67,Nenhuma,38,84
180,13.75,7,285,14,327,87,306,50,Nenhuma,42,72
180,13.75,19,316,215,415,356,366,286,Nenhuma,98,141
180,13.75,46,496,142,567,261,531,202,Expositor 2,71,119
180,13.75,54,362,58,402,139,382,98,Nenhuma,40,81
180,13.75,55,104,60,176,173,140,116,Expositor 1,72,112
180,13.75,56,33,87,85,233,59,160,Nenhuma,51,146
180,13.75,57,229,0,261,81,245,40,Nenhuma,31,81
180,13.75,64,176,10,209,81,193,45,Nenhuma,32,70
181,13.82,1,426,71,491,213,459,142,Expositor 2,65,142
181,13.82,2,152,24,189,108,171,66,Nenhuma,37,84
181,13.82,7,285,13,328,87,306,50,Nenhuma,42,74
181,13.82,19,316,215,415,356,366,286,Nenhuma,98,141
181,13.82,46,496,141,566,261,531,201,Expositor 2,70,119
181,13.82,54,362,57,402,139,382,98,Nenhuma,40,81
181,13.82,55,101,60,176,174,138,117,Expositor 1,74,114
181,13.82,56,34,87,84,233,59,160,Nenhuma,50,146
181,13.82,57,229,0,261,80,245,40,Nenhuma,31,80
181,13.82,64,177,11,209,81,193,46,Nenhuma,32,69
182,13.9,1,427,72,492,213,459,142,Expositor 2,65,140
182,13.9,2,153,24,189,108,171,66,Nenhuma,35,83
182,13.9,7,286,13,328,87,307,50,Nenhuma,42,74
182,13.9,19,316,215,415,356,366,286,Nenhuma,98,141
182,13.9,46,496,139,565,260,530,199,Expositor 2,69,120
182,13.9,54,361,56,402,138,382,97,Nenhuma,41,82
182,13.9,55,99,60,175,176,137,118,Expositor 1,76,116
182,13.9,56,34,87,84,233,59,160,Nenhuma,50,146
182,13.9,64,177,11,209,81,193,46,Nenhuma,32,69
183,13.98,1,427,72,494,213,460,142,Expositor 2,66,140
183,13.98,2,153,23,188,107,170,65,Nenhuma,34,84
183,13.98,7,286,13,329,87,307,50,Nenhuma,42,74
183,13.98,19,316,215,415,356,365,286,Nenhuma,98,141
183,13.98,46,495,138,564,259,529,198,Expositor 2,68,120
183,13.98,54,360,55,402,138,381,96,Nenhuma,41,82
183,13.98,55,99,60,177,176,138,118,Expositor 1,77,116
183,13.98,56,33,87,84,233,59,160,Nenhuma,50,146
183,13.98,64,177,12,209,80,193,46,Nenhuma,31,68
184,14.05,1,427,70,494,212,460,141,Expositor 2,67,142
184,14.05,2,151,23,186,108,168,66,Nenhuma,34,84
184,14.05,7,287,14,328,88,307,51,Nenhuma,41,73
184,14.05,19,316,216,414,356,365,286,Nenhuma,97,140
184,14.05,46,494,136,562,258,528,197,Expositor 2,68,121
184,14.05,54,359,54,402,138,381,96,Nenhuma,42,84
184,14.05,55,99,60,177,175,138,117,Expositor 1,77,115
184,14.05,56,34,87,84,231,59,159,Nenhuma,49,143
184,14.05,64,177,14,208,80,193,47,Nenhuma,30,66
185,14.13,1,425,70,494,213,459,142,Expositor 2,68,142
185,14.13,2,150,23,185,109,167,66,Nenhuma,34,85
185,14.13,7,287,16,327,87,307,51,Nenhuma,40,71
185,14.13,19,317,217,414,356,365,287,Nenhuma,97,139
185,14.13,46,494,135,562,257,528,196,Expositor 2,67,122
185,14.13,54,359,54,402,139,380,96,Nenhuma,42,85
185,14.13,55,99,59,178,176,138,117,Expositor 1,78,117
185,14.13,56,35,87,84,229,59,158,Nenhuma,49,142
185,14.13,64,177,14,208,80,193,47,Nenhuma,30,66
185,14.13,65,327,22,360,86,343,54,Nenhuma,33,64
186,14.21,1,423,70,493,213,458,142,Expositor 2,69,143
186,14.21,2,150,24,184,109,167,66,Nenhuma,34,85
186,14.21,7,288,15,328,87,308,51,Nenhuma,40,71
186,14.21,19,317,217,414,356,365,287,Nenhuma,97,139
186,14.21,46,494,135,561,257,528,196,Expositor 2,66,122
186,14.21,54,358,54,401,140,380,97,Nenhuma,42,85
186,14.21,55,99,59,178,175,139,117,Expositor 1,78,115
186,14.21,56,35,87,84,228,59,157,Nenhuma,49,141
186,14.21,64,178,14,207,80,193,47,Nenhuma,29,65
186,14.21,65,326,23,359,86,343,54,Nenhuma,33,63
187,14.28,1,421,69,492,213,457,141,Expositor 2,70,144
187,14.28,2,150,24,184,109,167,66,Nenhuma,33,84
187,14.28,7,290,15,331,86,310,51,Nenhuma,40,70
187,14.28,19,317,218,414,356,365,287,Nenhuma,97,138
187,14.28,46,494,132,560,256,527,194,Expositor 2,66,123
187,14.28,54,359,54,401,139,380,97,Nenhuma,42,84
187,14.28,55,99,59,178,176,139,118,Expositor 1,78,116
187,14.28,56,35,87,84,227,60,157,Nenhuma,48,140
187,14.28,64,178,14,207,80,193,47,Nenhuma,29,65
187,14.28,65,326,23,358,85,342,54,Nenhuma,32,62
187,14.28,66,233,1,264,37,248,19,Nenhuma,31,36
188,14.36,1,419,68,490,213,455,141,Expositor 2,71,145
188,14.36,2,150,24,184,109,167,66,Nenhuma,33,84
188,14.36,7,293,16,334,87,313,51,Nenhuma,41,71
188,14.36,19,316,217,414,356,365,287,Nenhuma,97,139
188,14.36,46,494,129,560,253,527,191,Expositor 2,65,123
188,14.36,54,359,54,401,139,380,96,Nenhuma,42,84
188,14.36,55,99,60,178,175,139,117,Expositor 1,78,115
188,14.36,56,35,85,84,228,60,157,Nenhuma,49,142
188,14.36,64,178,15,207,80,193,47,Nenhuma,29,65
188,14.36,65,325,23,357,84,341,54,Nenhuma,31,60
188,14.36,66,233,1,264,37,248,19,Nenhuma,31,36
189,14.44,1,417,66,489,213,453,140,Expositor 2,72,147
189,14.44,2,149,23,183,109,166,66,Nenhuma,33,86
189,14.44,7,295,15,339,89,317,52,Nenhuma,43,73
189,14.44,19,317,217,414,356,365,287,Nenhuma,97,139
189,14.44,46,493,128,556,247,524,187,Expositor 2,62,118
189,14.44,54,359,54,401,139,380,96,Nenhuma,42,85
189,14.44,55,98,59,178,175,138,117,Expositor 1,79,116
189,14.44,56,35,85,84,228,60,157,Nenhuma,49,142
189,14.44,64,178,15,207,80,193,47,Nenhuma,29,65
189,14.44,66,233,1,264,37,248,19,Nenhuma,31,36
190,14.51,1,416,64,488,213,452,139,Expositor 2,72,149
190,14.51,2,149,24,182,109,165,66,Nenhuma,33,85
190,14.51,7,297,14,342,90,320,52,Nenhuma,44,75
190,14.51,19,316,218,413,356,365,287,Nenhuma,97,138
190,14.51,46,491,127,553,243,522,185,Expositor 2,61,116
190,14.51,54,359,54,401,139,380,96,Nenhuma,42,85
190,14.51,55,99,59,178,175,138,117,Expositor 1,79,116
190,14.51,56,35,85,84,228,60,157,Nenhuma,49,142
190,14.51,64,178,15,207,80,193,48,Nenhuma,29,65
190,14.51,66,233,1,264,37,248,19,Nenhuma,31,36
190,14.51,67,151,25,178,94,164,59,Nenhuma,27,69
191,14.59,1,414,63,487,213,450,138,Expositor 2,72,149
191,14.59,2,149,24,182,109,165,66,Nenhuma,33,84
191,14.59,7,299,14,348,98,323,56,Nenhuma,49,84
191,14.59,19,316,220,412,356,364,288,Nenhuma,96,136
191,14.59,46,487,126,550,242,518,184,Expositor 2,62,115
191,14.59,54,358,53,400,139,379,96,Nenhuma,41,85
191,14.59,55,98,59,176,173,137,116,Expositor 1,78,114
191,14.59,56,35,86,84,228,60,157,Nenhuma,49,142
191,14.59,64,178,15,208,80,193,48,Nenhuma,29,65
191,14.59,67,151,25,178,94,164,59,Nenhuma,27,69
192,14.66,1,412,60,483,209,447,134,Expositor 2,70,148
192,14.66,2,149,23,182,109,165,66,Nenhuma,33,85
192,14.66,7,302,14,352,102,327,58,Nenhuma,50,88
192,14.66,19,317,219,414,356,365,288,Nenhuma,96,137
192,14.66,46,484,125,546,240,515,183,Expositor 2,62,115
192,14.66,54,356,52,398,139,377,96,Nenhuma,42,87
192,14.66,55,103,58,180,173,141,115,Expositor 1,77,114
192,14.66,56,34,86,84,228,59,157,Nenhuma,49,142
192,14.66,64,178,15,208,80,193,48,Nenhuma,29,65
192,14.66,67,151,25,178,94,164,59,Nenhuma,27,69
193,14.74,1,410,57,479,204,445,131,Expositor 2,69,147
193,14.74,2,148,23,182,109,165,66,Nenhuma,33,85
193,14.74,7,304,14,355,104,330,59,Nenhuma,51,89
193,14.74,19,318,219,415,356,366,287,Nenhuma,96,137
193,14.74,46,480,121,544,240,512,180,Expositor 2,64,118
193,14.74,54,355,52,396,139,376,96,Nenhuma,41,86
193,14.74,55,104,57,181,172,143,115,Expositor 1,76,115
193,14.74,56,33,84,84,228,59,156,Nenhuma,50,144
193,14.74,57,235,0,268,85,251,42,Nenhuma,33,85
193,14.74,64,179,16,207,80,193,48,Nenhuma,28,64
193,14.74,67,151,25,178,94,164,59,Nenhuma,27,69
194,14.82,1,407,56,474,201,441,129,Expositor 2,67,144
194,14.82,2,148,23,181,108,165,66,Nenhuma,33,85
194,14.82,7,309,14,358,100,334,57,Nenhuma,49,86
194,14.82,19,318,219,415,356,367,287,Nenhuma,97,136
194,14.82,46,479,119,541,235,510,177,Expositor 2,62,115
194,14.82,54,352,51,394,138,373,95,Nenhuma,41,86
194,14.82,55,103,56,181,174,142,115,Expositor 1,77,118
194,14.82,56,33,83,84,229,59,156,Nenhuma,51,146
194,14.82,57,235,0,269,86,252,43,Nenhuma,34,86
194,14.82,64,179,16,207,81,193,48,Nenhuma,28,64
194,14.82,66,235,0,268,38,251,19,Nenhuma,33,38
195,14.89,1,407,57,472,198,439,128,Expositor 2,64,140
195,14.89,2,148,22,181,108,164,65,Nenhuma,33,85
195,14.89,7,314,16,359,94,336,55,Nenhuma,45,77
195,14.89,19,318,219,416,355,367,287,Nenhuma,97,136
195,14.89,46,478,118,539,231,508,175,Expositor 2,60,113
195,14.89,54,352,51,394,138,373,94,Nenhuma,41,87
195,14.89,55,104,56,179,173,142,114,Expositor 1,75,116
195,14.89,56,31,79,84,229,58,154,Nenhuma,52,150
195,14.89,57,235,0,269,86,252,43,Nenhuma,34,86
195,14.89,64,179,16,207,81,193,48,Nenhuma,28,64
195,14.89,66,235,0,269,39,252,19,Nenhuma,33,39
196,14.97,1,405,55,470,197,438,126,Expositor 2,64,142
196,14.97,2,148,22,181,108,164,65,Nenhuma,33,85
196,14.97,7,318,16,361,88,339,52,Nenhuma,42,72
196,14.97,19,316,218,414,355,365,287,Nenhuma,97,137
196,14.97,34,116,53,160,135,138,94,Nenhuma,43,81
196,14.97,46,477,115,537,229,507,172,Expositor 2,60,113
196,14.97,54,349,47,392,136,370,92,Nenhuma,42,88
196,14.97,55,105,53,180,172,142,113,Expositor 1,75,119
196,14.97,56,32,80,84,231,58,155,Nenhuma,52,150
196,14.97,57,236,0,270,86,253,43,Nenhuma,34,86
196,14.97,64,179,16,207,81,193,48,Nenhuma,28,64
196,14.97,66,235,0,269,40,252,19,Nenhuma,34,40
197,15.05,1,404,53,469,196,437,124,Expositor 2,64,143
197,15.05,2,147,22,181,108,164,65,Nenhuma,33,85
197,15.05,7,320,16,363,89,342,53,Nenhuma,42,72
197,15.05,19,315,218,412,355,364,287,Nenhuma,97,137
197,15.05,34,114,53,162,140,138,96,Nenhuma,47,87
197,15.05,46,476,114,536,227,506,170,Expositor 2,60,113
197,15.05,54,348,47,391,136,370,91,Nenhuma,42,89
197,15.05,55,104,51,179,172,142,112,Expositor 1,75,121
197,15.05,56,32,82,84,231,58,156,Nenhuma,52,149
197,15.05,57,236,0,270,86,253,43,Nenhuma,34,86
197,15.05,64,179,16,207,81,193,48,Nenhuma,28,64
197,15.05,66,235,0,270,40,252,20,Nenhuma,34,40
198,15.12,1,405,52,469,196,437,124,Expositor 2,64,143
198,15.12,2,147,22,181,108,164,65,Nenhuma,33,85
198,15.12,7,321,17,366,94,344,56,Nenhuma,45,76
198,15.12,19,315,217,412,356,363,287,Nenhuma,97,139
198,15.12,34,114,54,161,141,137,98,Nenhuma,47,87
198,15.12,46,476,113,536,226,506,169,Expositor 2,59,113
198,15.12,54,347,46,390,135,369,91,Nenhuma,42,89
198,15.12,55,104,51,178,172,141,111,Expositor 1,73,120
198,15.12,56,33,83,84,231,58,157,Nenhuma,51,148
198,15.12,64,179,16,207,81,193,48,Nenhuma,28,64
198,15.12,66,235,0,271,42,253,21,Nenhuma,35,42
199,15.2,1,404,51,468,196,436,124,Expositor 2,63,144
199,15.2,2,147,22,181,108,164,65,Nenhuma,33,85
199,15.2,7,322,18,368,96,345,57,Nenhuma,45,78
199,15.2,19,318,217,417,356,368,286,Nenhuma,98,139
199,15.2,34,113,55,160,142,137,99,Nenhuma,47,86
199,15.2,46,474,111,533,225,504,168,Expositor 2,58,113
199,15.2,54,346,45,389,135,368,90,Nenhuma,43,89
199,15.2,55,106,52,178,172,142,112,Expositor 1,72,119
199,15.2,56,31,81,84,232,57,157,Nenhuma,52,150
199,15.2,64,179,16,207,81,193,48,Nenhuma,28,64
199,15.2,66,236,0,271,43,253,21,Nenhuma,34,42
200,15.28,1,403,50,466,195,434,123,Expositor 2,63,144
200,15.28,2,148,24,180,106,164,65,Nenhuma,32,82
200,15.28,7,325,19,370,95,347,57,Nenhuma,44,76
200,15.28,19,315,217,413,356,364,287,Nenhuma,97,139
200,15.28,34,112,56,160,143,136,100,Expositor 1,47,86
200,15.28,46,472,110,530,225,501,168,Expositor 2,57,114
200,15.28,54,345,45,388,135,367,90,Nenhuma,43,90
200,15.28,55,107,53,180,175,143,114,Expositor 1,72,121
200,15.28,56,32,83,84,233,58,158,Nenhuma,52,150
200,15.28,64,179,16,207,81,193,48,Nenhuma,28,64
200,15.28,66,236,0,272,44,254,22,Nenhuma,35,43
201,15.35,1,402,50,464,194,433,122,Expositor 2,61,144
201,15.35,2,148,24,180,106,164,65,Nenhuma,31,81
201,15.35,7,324,19,377,112,350,65,Nenhuma,52,92
201,15.35,19,319,217,418,357,369,287,Nenhuma,99,139
201,15.35,46,471,108,529,223,500,166,Expositor 2,57,115
201,15.35,55,107,52,180,175,144,113,Expositor 1,72,122
201,15.35,56,32,84,84,234,58,159,Nenhuma,52,150
201,15.35,64,179,16,207,80,193,48,Nenhuma,27,64
201,15.35,66,237,0,272,45,254,22,Nenhuma,35,44
202,15.43,1,403,49,463,193,433,121,Expositor 2,60,144
202,15.43,2,149,24,180,106,164,65,Nenhuma,31,81
202,15.43,7,327,19,377,109,352,64,Nenhuma,50,89
202,15.43,19,320,217,420,357,370,287,Nenhuma,100,139
202,15.43,46,471,106,527,222,499,164,Expositor 2,56,115
202,15.43,55,108,51,180,175,144,113,Expositor 1,71,123
202,15.43,56,33,84,85,234,59,159,Nenhuma,51,150
202,15.43,64,179,16,207,80,193,48,Nenhuma,27,64
202,15.43,66,237,0,272,44,255,22,Nenhuma,34,43
203,15.5,1,402,47,461,188,431,118,Expositor 2,58,141
203,15.5,2,148,24,180,106,164,65,Nenhuma,31,81
203,15.5,7,326,21,380,119,353,70,Nenhuma,54,98
203,15.5,19,316,216,415,357,365,287,Nenhuma,99,140
203,15.5,34,115,54,160,131,138,92,Nenhuma,44,76
203,15.5,46,471,105,525,220,498,162,Expositor 2,54,114
203,15.5,55,109,53,180,176,145,114,Expositor 1,71,123
203,15.5,56,33,84,84,235,59,160,Nenhuma,51,150
203,15.5,64,179,16,207,80,193,48,Nenhuma,27,63
203,15.5,66,239,1,273,43,256,22,Nenhuma,33,42
204,15.58,1,402,46,458,182,430,114,Expositor 2,55,136
204,15.58,2,148,24,180,106,164,65,Nenhuma,31,82
204,15.58,7,327,22,382,122,355,72,Nenhuma,54,99
204,15.58,19,314,216,413,357,363,286,Nenhuma,99,140
204,15.58,34,115,53,161,130,138,91,Nenhuma,45,76
204,15.58,46,470,104,523,216,497,160,Expositor 2,53,112
204,15.58,55,109,52,180,176,144,114,Expositor 1,71,124
204,15.58,56,32,83,84,235,58,159,Nenhuma,52,152
204,15.58,64,179,15,207,79,193,47,Nenhuma,27,64
204,15.58,66,240,0,274,43,257,21,Nenhuma,33,43
205,15.66,1,400,45,454,178,427,112,Expositor 2,54,133
205,15.66,2,148,24,180,106,164,65,Nenhuma,31,82
205,15.66,7,329,23,383,122,356,73,Nenhuma,54,99
205,15.66,19,313,215,412,357,363,286,Nenhuma,99,141
205,15.66,34,115,54,160,130,138,92,Nenhuma,45,75
205,15.66,46,468,104,520,213,494,158,Expositor 2,51,109
205,15.66,55,109,52,180,177,144,114,Expositor 1,70,124
205,15.66,56,32,84,84,234,58,159,Nenhuma,51,149
205,15.66,64,179,13,207,79,193,46,Nenhuma,28,66
205,15.66,66,241,0,275,44,258,22,Nenhuma,33,43
206,15.73,1,401,45,454,176,427,111,Expositor 2,53,131
206,15.73,2,149,24,180,106,164,65,Nenhuma,31,81
206,15.73,7,329,25,383,123,356,74,Nenhuma,54,97
206,15.73,19,313,215,412,356,362,285,Nenhuma,98,141
206,15.73,34,114,54,161,131,137,92,Nenhuma,47,77
206,15.73,46,460,97,516,213,488,155,Expositor 2,55,115
206,15.73,55,109,53,179,176,144,114,Expositor 1,69,122
206,15.73,56,30,79,84,234,57,157,Nenhuma,53,155
206,15.73,64,179,13,208,79,193,46,Nenhuma,28,66
206,15.73,66,242,0,274,43,258,22,Nenhuma,32,42
207,15.81,1,399,45,452,176,425,110,Expositor 2,52,130
207,15.81,2,148,23,180,107,164,65,Nenhuma,32,84
207,15.81,7,331,26,386,125,359,75,Nenhuma,55,98
207,15.81,19,313,214,412,356,362,285,Nenhuma,98,141
207,15.81,34,114,55,162,131,138,93,Nenhuma,47,75
207,15.81,46,457,101,511,210,484,155,Expositor 2,53,109
207,15.81,55,110,54,178,176,144,115,Expositor 1,68,121
207,15.81,56,30,79,84,235,57,157,Nenhuma,54,155
207,15.81,64,179,12,208,80,193,46,Nenhuma,29,68
207,15.81,66,243,0,275,43,259,22,Nenhuma,31,42
208,15.89,1,398,43,450,174,424,109,Expositor 2,52,131
208,15.89,2,149,23,180,105,165,64,Nenhuma,31,81
208,15.89,7,334,27,393,132,364,79,Nenhuma,58,105
208,15.89,19,319,214,419,356,369,285,Nenhuma,100,141
208,15.89,34,114,56,161,131,138,93,Nenhuma,47,74
208,15.89,46,452,92,510,210,481,151,Expositor 2,58,117
208,15.89,55,109,51,179,177,144,114,Expositor 1,69,125
208,15.89,56,31,81,85,236,58,159,Nenhuma,54,154
208,15.89,64,178,10,208,80,193,45,Nenhuma,29,70
208,15.89,66,243,1,275,43,259,22,Nenhuma,31,42
209,15.96,1,401,44,445,153,423,98,Nenhuma,44,109
209,15.96,2,150,23,180,104,165,64,Nenhuma,30,80
209,15.96,7,340,27,400,136,370,82,Nenhuma,59,108
209,15.96,19,315,214,415,356,365,285,Nenhuma,100,141
209,15.96,34,114,56,161,130,137,93,Nenhuma,46,74
209,15.96,46,451,95,508,210,479,152,Expositor 2,57,114
209,15.96,55,109,51,179,177,144,114,Expositor 1,69,126
209,15.96,56,32,84,86,236,59,160,Nenhuma,53,151
209,15.96,64,178,10,208,80,193,45,Nenhuma,29,70
209,15.96,66,244,1,276,43,260,22,Nenhuma,32,42
210,16.04,1,402,43,443,144,422,93,Nenhuma,41,101
210,16.04,2,151,23,180,102,165,63,Nenhuma,29,78
210,16.04,7,344,28,404,139,374,84,Nenhuma,59,110
210,16.04,19,320,214,421,356,371,285,Nenhuma,101,141
210,16.04,34,114,57,160,130,137,94,Nenhuma,46,73
210,16.04,46,449,93,507,210,478,152,Expositor 2,57,116
210,16.04,55,109,52,178,178,143,115,Expositor 1,68,125
210,16.04,56,33,86,86,236,59,161,Nenhuma,52,149
210,16.04,64,178,9,208,81,193,45,Nenhuma,29,71
210,16.04,66,244,1,276,43,260,22,Nenhuma,32,42
211,16.12,1,401,42,442,142,422,92,Nenhuma,40,99
211,16.12,2,150,22,182,106,166,64,Nenhuma,31,84
211,16.12,7,347,29,406,140,376,84,Nenhuma,59,110
211,16.12,19,320,214,423,356,372,285,Nenhuma,103,141
211,16.12,46,449,94,507,209,478,152,Expositor 2,57,114
211,16.12,55,110,53,177,177,143,115,Expositor 1,67,123
211,16.12,56,33,87,85,234,59,161,Nenhuma,51,147
211,16.12,64,178,9,208,81,193,45,Nenhuma,29,71
211,16.12,67,151,21,179,93,165,57,Nenhuma,28,71
212,16.19,1,401,42,441,140,421,91,Nenhuma,40,98
212,16.19,2,150,21,183,108,166,64,Nenhuma,32,86
212,16.19,7,348,29,407,140,378,84,Nenhuma,58,110
212,16.19,19,320,215,424,356,372,285,Nenhuma,104,140
212,16.19,46,450,95,506,208,478,151,Expositor 2,56,112
212,16.19,55,110,54,176,177,143,115,Expositor 1,66,122
212,16.19,56,33,88,85,234,59,161,Nenhuma,51,146
212,16.19,57,251,1,285,93,268,47,Nenhuma,34,91
212,16.19,64,178,9,208,81,193,45,Nenhuma,29,71
212,16.19,67,151,20,179,92,165,56,Nenhuma,28,72
212,16.19,69,118,21,151,71,134,46,Nenhuma,33,50
213,16.27,1,401,41,442,141,421,91,Nenhuma,40,99
213,16.27,2,150,21,182,108,166,64,Nenhuma,32,87
213,16.27,7,351,29,409,139,380,84,Nenhuma,58,110
213,16.27,19,318,215,423,355,370,285,Nenhuma,105,140
213,16.27,46,450,97,505,206,477,152,Expositor 2,54,109
213,16.27,55,110,54,176,177,143,116,Expositor 1,65,122
213,16.27,56,33,88,85,234,59,161,Nenhuma,51,145
213,16.27,57,254,0,288,90,271,45,Nenhuma,33,90
213,16.27,64,178,9,208,81,193,45,Nenhuma,29,71
213,16.27,67,151,20,179,92,165,56,Nenhuma,28,72
213,16.27,69,118,21,151,71,134,46,Nenhuma,33,50
214,16.34,1,401,40,442,141,421,91,Nenhuma,41,100
214,16.34,2,149,21,182,108,166,65,Nenhuma,32,87
214,16.34,7,352,29,410,139,381,84,Nenhuma,58,109
214,16.34,19,318,215,424,355,371,285,Nenhuma,106,140
214,16.34,46,450,96,504,206,477,151,Expositor 2,54,110
214,16.34,55,111,55,176,177,143,116,Expositor 1,65,122
214,16.34,56,34,89,85,234,60,162,Nenhuma,51,144
214,16.34,57,255,0,289,90,272,45,Nenhuma,33,90
214,16.34,64,178,9,208,81,193,45,Nenhuma,29,71
214,16.34,66,254,1,295,57,275,29,Nenhuma,40,56
214,16.34,67,151,20,179,92,165,56,Nenhuma,28,72
214,16.34,69,118,21,151,71,134,46,Nenhuma,33,50
215,16.42,1,401,40,443,141,422,91,Nenhuma,41,100
215,16.42,2,150,21,182,109,166,65,Nenhuma,32,87
215,16.42,7,353,29,410,137,382,83,Nenhuma,56,107
215,16.42,19,317,215,424,355,370,285,Nenhuma,107,139
215,16.42,46,449,91,505,206,477,148,Expositor 2,56,115
215,16.42,55,111,55,176,177,144,116,Expositor 1,65,122
215,16.42,56,34,89,86,234,60,162,Nenhuma,51,145
215,16.42,57,260,0,291,83,276,42,Nenhuma,31,83
215,16.42,64,178,9,208,81,193,45,Nenhuma,29,71
215,16.42,66,256,1,297,58,276,29,Nenhuma,40,57
215,16.42,69,118,21,151,71,134,46,Nenhuma,33,50
216,16.5,1,401,40,442,141,421,91,Nenhuma,41,101
216,16.5,2,149,20,182,109,166,65,Nenhuma,32,88
216,16.5,7,352,30,408,138,380,84,Nenhuma,56,107
216,16.5,19,317,215,425,355,371,285,Nenhuma,108,139
216,16.5,46,448,88,505,206,476,147,Expositor 2,57,117
216,16.5,55,111,55,177,177,144,116,Expositor 1,65,121
216,16.5,56,33,89,85,233,59,161,Nenhuma,51,144
216,16.5,57,262,0,293,83,277,42,Nenhuma,31,82
216,16.5,64,178,9,208,81,193,45,Nenhuma,29,71
216,16.5,66,263,1,299,51,281,26,Nenhuma,36,50
217,16.57,1,401,40,442,141,422,90,Nenhuma,41,100
217,16.57,2,149,20,183,109,166,65,Nenhuma,33,88
217,16.57,7,351,30,407,137,379,84,Nenhuma,55,107
217,16.57,19,316,215,426,355,371,285,Nenhuma,109,139
217,16.57,46,448,87,505,206,476,146,Expositor 2,57,119
217,16.57,55,111,55,177,177,144,116,Expositor 1,65,121
217,16.57,56,33,87,86,234,59,161,Nenhuma,52,146
217,16.57,57,263,0,294,82,278,41,Nenhuma,30,81
217,16.57,64,178,9,207,81,193,45,Nenhuma,29,71
217,16.57,66,265,1,301,51,283,26,Nenhuma,36,50
218,16.65,1,401,40,443,141,422,90,Nenhuma,41,101
218,16.65,2,149,20,182,109,166,65,Nenhuma,33,88
218,16.65,7,352,31,406,137,379,84,Nenhuma,54,106
218,16.65,19,314,215,425,355,369,285,Nenhuma,110,139
218,16.65,46,448,86,505,206,477,146,Expositor 2,57,120
218,16.65,55,111,54,177,177,144,115,Expositor 1,65,122
218,16.65,56,33,88,85,231,59,159,Nenhuma,51,143
218,16.65,57,265,0,295,81,280,41,Nenhuma,30,80
218,16.65,64,178,9,207,81,193,45,Nenhuma,29,71
218,16.65,66,267,1,304,53,286,27,Nenhuma,37,51
219,16.73,1,401,39,444,142,423,90,Nenhuma,42,102
219,16.73,2,149,20,182,109,166,65,Nenhuma,33,88
219,16.73,7,353,32,407,136,380,84,Nenhuma,53,103
219,16.73,19,307,215,418,356,363,285,Nenhuma,111,141
219,16.73,46,448,86,505,206,477,146,Expositor 2,56,120
219,16.73,55,111,54,176,177,143,115,Expositor 1,65,122
219,16.73,56,34,88,84,229,59,158,Nenhuma,50,141
219,16.73,64,178,9,207,81,193,45,Nenhuma,29,71
219,16.73,66,270,1,308,53,289,27,Nenhuma,37,52
220,16.8,1,403,39,445,142,424,90,Nenhuma,42,103
220,16.8,2,149,20,183,109,166,64,Nenhuma,33,88
220,16.8,7,356,33,407,132,381,83,Nenhuma,51,98
220,16.8,19,309,215,420,356,364,285,Nenhuma,111,140
220,16.8,46,449,88,504,206,477,147,Expositor 2,55,117
220,16.8,55,110,52,177,177,143,114,Expositor 1,66,124
220,16.8,56,33,88,84,230,59,159,Nenhuma,51,142
220,16.8,64,178,9,207,80,192,45,Nenhuma,28,70
220,16.8,66,273,1,313,57,293,29,Nenhuma,40,56
220,16.8,67,151,19,179,92,165,55,Nenhuma,28,72
221,16.88,1,404,38,446,142,425,90,Nenhuma,42,103
221,16.88,2,149,20,183,109,166,64,Nenhuma,33,88
221,16.88,7,357,34,409,133,383,84,Nenhuma,52,98
221,16.88,19,309,215,421,356,365,285,Nenhuma,111,140
221,16.88,46,449,90,504,206,476,148,Expositor 2,54,115
221,16.88,55,110,52,177,177,143,114,Expositor 1,66,125
221,16.88,56,33,89,84,232,59,160,Nenhuma,51,142
221,16.88,64,178,9,207,80,192,45,Nenhuma,28,70
221,16.88,66,275,1,317,61,296,31,Nenhuma,42,59
221,16.88,67,151,19,180,91,165,55,Nenhuma,28,72
222,16.96,1,405,38,447,142,426,90,Nenhuma,42,103
222,16.96,2,149,20,183,109,166,64,Nenhuma,33,88
222,16.96,7,360,37,412,134,386,85,Nenhuma,52,97
222,16.96,19,309,215,421,356,365,285,Nenhuma,112,140
222,16.96,46,449,89,504,206,477,148,Expositor 2,54,117
222,16.96,55,110,51,176,177,143,114,Expositor 1,66,125
222,16.96,56,33,89,85,232,59,161,Nenhuma,51,142
222,16.96,64,178,10,206,80,192,45,Nenhuma,28,69
222,16.96,66,276,1,320,62,298,32,Nenhuma,43,61
222,16.96,67,150,20,179,93,165,57,Nenhuma,29,72
223,17.03,1,407,39,449,141,428,90,Nenhuma,41,102
223,17.03,2,149,20,183,108,166,64,Nenhuma,33,87
223,17.03,7,365,38,416,135,390,87,Nenhuma,51,97
223,17.03,19,310,215,424,355,367,285,Nenhuma,113,140
223,17.03,46,449,88,504,206,476,147,Expositor 2,55,118
223,17.03,55,108,51,175,177,142,114,Expositor 1,66,125
223,17.03,56,33,89,85,234,59,161,Nenhuma,52,144
223,17.03,64,178,10,206,80,192,45,Nenhuma,28,70
223,17.03,66,279,2,322,64,300,33,Nenhuma,43,61
223,17.03,67,150,20,179,93,165,57,Nenhuma,29,72
224,17.11,1,409,39,450,142,429,90,Nenhuma,41,103
224,17.11,2,149,21,182,107,165,64,Nenhuma,33,85
224,17.11,7,367,39,419,136,393,87,Nenhuma,51,96
224,17.11,19,311,214,426,355,368,285,Nenhuma,114,141
224,17.11,46,449,88,504,206,476,147,Expositor 2,55,118
224,17.11,55,108,52,174,177,141,115,Expositor 1,66,125
224,17.11,56,33,89,86,234,59,161,Nenhuma,52,145
224,17.11,64,177,10,207,80,192,45,Nenhuma,29,70
224,17.11,66,279,2,323,66,301,34,Nenhuma,44,64
224,17.11,67,150,20,179,93,165,57,Nenhuma,29,73
225,17.18,1,409,38,450,141,430,90,Nenhuma,40,102
225,17.18,2,149,21,181,104,165,62,Nenhuma,32,83
225,17.18,7,380,39,434,139,407,89,Nenhuma,54,99
225,17.18,19,311,214,428,356,369,285,Nenhuma,116,142
225,17.18,46,449,88,504,206,476,147,Expositor 2,54,118
225,17.18,55,108,53,175,177,142,115,Expositor 1,66,124
225,17.18,56,33,89,86,234,60,162,Nenhuma,52,145
225,17.18,64,177,9,206,80,192,45,Nenhuma,29,71
225,17.18,66,282,4,327,69,304,36,Nenhuma,44,65
225,17.18,67,150,20,179,93,165,57,Nenhuma,29,73
225,17.18,72,29,70,56,121,42,95,Nenhuma,27,51
226,17.26,1,410,38,450,140,430,89,Nenhuma,40,102
226,17.26,2,150,20,179,95,165,58,Nenhuma,29,75
226,17.26,7,385,38,441,140,413,89,Nenhuma,55,101
226,17.26,19,311,213,429,356,370,285,Nenhuma,117,142
226,17.26,46,449,89,504,207,476,148,Expositor 2,54,118
226,17.26,55,109,54,175,178,142,116,Expositor 1,65,123
226,17.26,56,33,89,85,235,59,162,Nenhuma,52,145
226,17.26,64,177,9,206,80,192,45,Nenhuma,29,71
226,17.26,66,284,6,333,79,309,42,Nenhuma,49,73
226,17.26,72,28,70,55,121,42,95,Nenhuma,27,51
227,17.34,1,410,38,451,140,431,89,Nenhuma,40,101
227,17.34,2,149,20,179,95,164,57,Nenhuma,29,75
227,17.34,7,389,41,444,142,416,91,Nenhuma,55,101
227,17.34,19,311,213,430,356,371,285,Nenhuma,118,143
227,17.34,46,449,89,504,207,477,148,Expositor 2,54,118
227,17.34,54,350,48,388,124,369,86,Nenhuma,37,75
227,17.34,55,109,54,175,178,142,116,Expositor 1,65,123
227,17.34,56,33,90,85,235,59,162,Nenhuma,52,145
227,17.34,64,176,9,206,81,191,45,Nenhuma,29,71
227,17.34,66,286,8,336,85,311,46,Nenhuma,50,76
227,17.34,72,28,70,55,121,42,95,Nenhuma,27,51
228,17.41,2,148,19,180,102,164,61,Nenhuma,32,82
228,17.41,7,395,42,451,145,423,93,Nenhuma,55,102
228,17.41,19,312,213,431,357,371,285,Nenhuma,119,143
228,17.41,46,451,94,504,207,477,151,Expositor 2,53,113
228,17.41,54,351,49,388,123,370,86,Nenhuma,37,74
228,17.41,55,109,54,175,178,142,116,Expositor 1,65,123
228,17.41,56,33,90,85,235,59,162,Nenhuma,52,144
228,17.41,64,176,10,205,81,191,45,Nenhuma,29,70
228,17.41,66,295,9,340,76,317,42,Nenhuma,44,67
228,17.41,72,28,70,56,121,42,95,Nenhuma,27,51
229,17.49,2,147,20,180,105,164,63,Nenhuma,32,84
229,17.49,7,396,44,455,154,426,99,Nenhuma,59,109
229,17.49,19,312,213,432,357,372,285,Nenhuma,120,143
229,17.49,46,451,95,504,207,478,151,Expositor 2,53,112
229,17.49,54,351,49,388,123,370,86,Nenhuma,37,73
229,17.49,55,109,54,174,178,142,116,Expositor 1,65,123
229,17.49,56,33,90,86,235,59,162,Nenhuma,52,144
229,17.49,64,176,10,205,81,190,45,Nenhuma,29,70
229,17.49,66,299,9,342,76,320,42,Nenhuma,43,66
229,17.49,72,28,70,56,121,42,95,Nenhuma,27,51
230,17.57,2,147,20,180,107,163,63,Nenhuma,33,87
230,17.57,7,388,41,465,186,427,114,Expositor 2,76,145
230,17.57,19,312,213,433,357,372,285,Nenhuma,121,144
230,17.57,46,451,96,504,207,478,152,Expositor 2,53,111
230,17.57,54,351,49,395,137,373,93,Nenhuma,44,87
230,17.57,55,108,52,174,178,141,115,Expositor 1,66,125
230,17.57,56,33,90,86,235,59,162,Nenhuma,52,144
230,17.57,64,175,12,205,82,190,47,Nenhuma,29,70
230,17.57,66,302,9,347,79,324,44,Nenhuma,45,69
230,17.57,72,29,69,56,119,42,94,Nenhuma,26,49
231,17.64,2,147,20,180,107,164,63,Nenhuma,33,87
231,17.64,7,385,38,471,205,428,121,Expositor 2,85,167
231,17.64,19,313,214,433,356,373,285,Nenhuma,120,142
231,17.64,46,452,96,505,207,479,152,Expositor 2,53,111
231,17.64,54,351,50,396,138,374,94,Nenhuma,44,88
231,17.64,55,107,49,175,178,141,113,Expositor 1,67,128
231,17.64,56,33,90,86,235,59,162,Nenhuma,52,144
231,17.64,64,174,12,205,82,190,47,Nenhuma,30,70
231,17.64,66,307,10,353,83,330,47,Nenhuma,46,72
231,17.64,72,29,69,56,118,42,93,Nenhuma,26,49
232,17.72,1,395,35,435,135,415,85,Nenhuma,40,99
232,17.72,2,147,19,180,107,164,63,Nenhuma,32,87
232,17.72,7,386,41,473,214,430,128,Expositor 2,87,173
232,17.72,19,313,215,433,356,373,285,Nenhuma,119,140
232,17.72,46,452,96,505,207,479,152,Expositor 2,53,111
232,17.72,54,351,50,397,140,374,95,Nenhuma,45,89
232,17.72,55,107,49,174,177,141,113,Expositor 1,66,128
232,17.72,56,33,89,86,234,59,161,Nenhuma,52,144
232,17.72,64,174,12,204,82,189,47,Nenhuma,30,69
232,17.72,66,310,11,358,88,334,50,Nenhuma,48,77
232,17.72,72,29,69,56,118,42,93,Nenhuma,26,49
232,17.72,73,514,211,641,355,577,283,Expositor 2,126,144
233,17.8,1,393,34,434,134,414,84,Nenhuma,41,99
233,17.8,2,148,20,181,108,164,64,Nenhuma,32,87
233,17.8,7,386,39,476,219,431,129,Expositor 2,89,180
233,17.8,19,313,216,432,356,373,286,Nenhuma,119,139
233,17.8,34,108,45,168,142,138,94,Nenhuma,60,97
233,17.8,46,451,97,506,207,478,152,Expositor 2,54,110
233,17.8,54,352,50,398,141,375,96,Nenhuma,46,91
233,17.8,55,108,47,175,177,142,112,Expositor 1,66,129
233,17.8,56,33,89,85,234,59,161,Nenhuma,52,144
233,17.8,64,174,12,204,82,189,47,Nenhuma,30,69
233,17.8,66,312,12,360,91,336,52,Nenhuma,47,79
233,17.8,67,149,20,178,92,164,56,Nenhuma,28,72
233,17.8,69,123,21,159,78,141,50,Nenhuma,36,56
233,17.8,72,29,68,56,117,43,93,Nenhuma,26,49
233,17.8,73,516,209,643,355,579,282,Expositor 2,126,146
234,17.87,1,391,34,433,134,412,84,Nenhuma,42,100
234,17.87,2,148,20,181,107,165,63,Nenhuma,32,86
234,17.87,7,400,48,483,220,442,134,Expositor 2,83,172
234,17.87,19,312,218,432,356,372,287,Nenhuma,119,138
234,17.87,34,110,43,167,132,138,88,Nenhuma,56,88
234,17.87,46,452,97,506,207,479,152,Expositor 2,54,110
234,17.87,55,109,45,176,177,143,111,Expositor 1,67,131
234,17.87,56,32,88,86,234,59,161,Nenhuma,53,145
234,17.87,64,174,12,204,82,189,47,Nenhuma,30,69
234,17.87,66,312,14,364,101,338,58,Nenhuma,51,87
234,17.87,67,149,19,178,91,163,55,Nenhuma,28,72
234,17.87,69,124,22,159,78,141,50,Nenhuma,35,56
234,17.87,73,510,208,635,354,572,281,Expositor 2,125,145
235,17.95,1,390,34,433,135,411,84,Nenhuma,43,100
235,17.95,2,150,20,183,108,167,64,Nenhuma,33,88
235,17.95,7,407,52,485,219,446,136,Expositor 2,78,167
235,17.95,19,312,219,432,356,372,288,Nenhuma,119,137
235,17.95,34,111,43,165,125,138,84,Nenhuma,53,82
235,17.95,46,451,95,507,207,479,151,Expositor 2,55,112
235,17.95,55,108,44,176,176,142,110,Expositor 1,67,132
235,17.95,56,32,87,86,234,59,160,Nenhuma,53,146
235,17.95,64,174,13,204,82,189,47,Nenhuma,30,69
235,17.95,66,314,15,368,104,341,59,Nenhuma,53,89
235,17.95,67,150,19,180,92,165,56,Nenhuma,29,72
235,17.95,69,124,22,157,76,140,49,Nenhuma,33,54
235,17.95,73,506,209,632,356,569,283,Expositor 2,125,147
236,18.02,1,389,34,433,135,411,85,Nenhuma,44,100
236,18.02,2,150,19,184,108,167,64,Nenhuma,33,88
236,18.02,7,411,55,487,222,449,138,Expositor 2,76,167
236,18.02,19,313,221,432,356,372,288,Nenhuma,118,134
236,18.02,34,112,44,165,123,138,83,Nenhuma,52,79
236,18.02,46,452,88,510,207,481,148,Expositor 2,58,119
236,18.02,55,110,44,176,175,143,110,Expositor 1,66,131
236,18.02,56,32,86,86,233,59,160,Nenhuma,53,147
236,18.02,64,174,13,204,82,189,47,Nenhuma,30,69
236,18.02,66,320,15,370,99,345,57,Nenhuma,49,83
236,18.02,67,151,19,180,91,165,55,Nenhuma,28,71
236,18.02,69,124,22,157,77,141,49,Nenhuma,33,55
236,18.02,73,503,210,628,356,566,283,Expositor 2,125,146
237,18.1,1,388,34,433,136,410,85,Nenhuma,45,102
237,18.1,2,150,19,184,109,167,64,Nenhuma,33,89
237,18.1,7,413,58,488,222,451,140,Expositor 2,74,164
237,18.1,19,313,221,432,356,373,289,Nenhuma,118,134
237,18.1,34,112,49,164,125,138,87,Nenhuma,51,76
237,18.1,46,454,87,512,207,483,147,Expositor 2,58,120
237,18.1,55,110,43,176,175,143,109,Expositor 1,66,131
237,18.1,56,32,86,86,234,59,160,Nenhuma,54,147
237,18.1,64,175,13,204,81,189,47,Nenhuma,29,67
237,18.1,66,324,15,373,99,348,57,Nenhuma,49,83
237,18.1,67,151,19,179,91,165,55,Nenhuma,28,71
237,18.1,69,124,22,158,77,141,49,Nenhuma,33,55
237,18.1,73,505,211,630,357,568,284,Expositor 2,124,145
238,18.18,1,389,34,434,136,411,85,Nenhuma,45,101
238,18.18,2,150,19,184,109,167,64,Nenhuma,33,89
238,18.18,7,415,62,491,233,453,148,Expositor 2,76,171
238,18.18,19,314,222,434,356,374,289,Nenhuma,119,133
238,18.18,34,111,51,163,127,137,89,Nenhuma,52,75
238,18.18,46,456,90,512,207,484,149,Expositor 2,55,117
238,18.18,54,334,18,390,129,362,73,Nenhuma,56,110
238,18.18,55,109,43,176,176,142,110,Expositor 1,67,132
238,18.18,56,31,86,86,234,58,160,Nenhuma,54,148
238,18.18,64,174,15,204,82,189,48,Nenhuma,29,66
238,18.18,66,326,16,377,101,352,58,Nenhuma,50,84
238,18.18,67,151,19,180,91,165,55,Nenhuma,28,71
238,18.18,69,124,22,158,77,141,49,Nenhuma,33,55
238,18.18,73,502,212,625,357,564,284,Expositor 2,123,144
239,18.25,1,389,34,434,135,411,85,Nenhuma,45,101
239,18.25,7,416,65,493,240,455,153,Expositor 2,76,174
239,18.25,19,315,222,436,355,375,289,Nenhuma,120,133
239,18.25,34,110,51,163,127,137,89,Nenhuma,52,75
239,18.25,46,458,88,514,207,486,148,Expositor 2,55,118
239,18.25,54,335,17,389,125,362,71,Nenhuma,54,108
239,18.25,55,109,43,176,176,143,110,Expositor 1,67,133
239,18.25,56,32,86,86,234,59,160,Nenhuma,54,148
239,18.25,64,174,15,204,81,189,48,Nenhuma,29,66
239,18.25,66,329,17,380,103,355,60,Nenhuma,51,85
239,18.25,67,151,19,180,91,165,55,Nenhuma,28,71
239,18.25,73,490,211,616,357,553,284,Expositor 2,125,145
240,18.33,1,388,34,433,135,410,85,Nenhuma,44,101
240,18.33,7,418,68,495,246,457,157,Expositor 2,77,177
240,18.33,19,315,221,437,356,376,289,Nenhuma,122,135
240,18.33,34,110,52,163,127,137,89,Nenhuma,52,75
240,18.33,46,458,85,515,207,487,146,Expositor 2,57,122
240,18.33,54,336,16,389,126,363,71,Nenhuma,53,110
240,18.33,55,109,43,175,175,142,109,Expositor 1,66,131
240,18.33,56,33,86,87,233,60,160,Nenhuma,54,146
240,18.33,64,174,15,205,83,189,49,Nenhuma,30,68
240,18.33,66,332,18,384,105,358,61,Nenhuma,52,87
240,18.33,67,151,19,180,91,165,55,Nenhuma,28,71
240,18.33,73,481,212,605,357,543,284,Expositor 2,124,144
241,18.41,1,389,34,433,136,411,85,Nenhuma,44,101
241,18.41,7,421,68,499,249,460,159,Expositor 2,78,181
241,18.41,19,307,219,429,356,368,288,Nenhuma,122,137
241,18.41,34,111,52,162,127,136,89,Nenhuma,51,74
241,18.41,46,459,84,516,207,487,146,Expositor 2,57,122
241,18.41,54,344,17,400,133,372,75,Nenhuma,56,116
241,18.41,55,108,43,175,175,142,109,Expositor 1,66,132
241,18.41,56,33,86,87,233,60,160,Nenhuma,54,146
241,18.41,64,173,15,207,91,190,53,Nenhuma,33,76
241,18.41,67,151,19,180,91,165,55,Nenhuma,28,71
241,18.41,73,472,212,598,357,535,284,Expositor 2,126,144
242,18.48,1,388,34,433,136,410,85,Nenhuma,44,101
242,18.48,7,425,72,502,249,464,161,Expositor 2,76,177
242,18.48,19,314,216,439,356,376,286,Nenhuma,125,139
242,18.48,34,114,50,164,121,139,86,Nenhuma,50,71
242,18.48,46,459,83,517,207,488,145,Expositor 2,57,123
242,18.48,54,350,20,401,128,375,74,Nenhuma,50,108
242,18.48,55,111,46,176,176,144,111,Expositor 1,65,130
242,18.48,56,33,87,85,225,59,156,Nenhuma,51,137
242,18.48,64,175,15,205,84,190,50,Nenhuma,30,69
242,18.48,66,312,29,355,100,333,65,Nenhuma,42,71
242,18.48,73,463,209,591,356,527,282,Expositor 2,128,147
243,18.56,1,388,34,432,136,410,85,Nenhuma,44,101
243,18.56,7,429,77,504,249,467,163,Expositor 2,75,172
243,18.56,19,315,212,444,356,380,284,Nenhuma,129,143
243,18.56,34,114,50,165,121,139,85,Nenhuma,50,71
243,18.56,46,460,83,518,207,489,145,Expositor 2,58,124
243,18.56,54,351,22,403,133,377,77,Nenhuma,51,111
243,18.56,55,110,48,175,178,142,113,Expositor 1,64,130
243,18.56,56,33,87,86,229,59,158,Nenhuma,53,142
243,18.56,64,171,16,207,98,189,57,Nenhuma,35,82
243,18.56,66,313,30,352,94,333,62,Nenhuma,38,64
243,18.56,73,455,206,585,356,520,281,Expositor 2,129,149
244,18.64,1,387,34,432,136,409,85,Nenhuma,44,101
244,18.64,7,431,79,506,250,469,164,Expositor 2,75,170
244,18.64,19,314,210,447,356,380,283,Nenhuma,132,146
244,18.64,34,113,50,165,121,139,85,Nenhuma,51,71
244,18.64,54,349,22,401,133,375,78,Nenhuma,52,110
244,18.64,55,110,48,174,178,142,113,Expositor 1,63,129
244,18.64,56,32,87,86,231,59,159,Nenhuma,54,143
244,18.64,57,359,23,398,116,379,70,Nenhuma,38,92
244,18.64,64,170,15,208,105,189,60,Nenhuma,38,89
244,18.64,66,315,30,352,91,333,61,Nenhuma,37,60
244,18.64,73,454,206,583,354,519,280,Expositor 2,129,148
245,18.71,7,433,86,512,268,473,177,Expositor 2,79,181
245,18.71,19,313,204,448,356,380,280,Nenhuma,135,151
245,18.71,34,115,51,165,121,140,86,Nenhuma,50,69
245,18.71,54,349,22,402,134,376,78,Nenhuma,53,112
245,18.71,55,110,50,172,176,141,113,Expositor 1,61,125
245,18.71,56,32,88,85,230,59,159,Nenhuma,53,141
245,18.71,57,370,26,408,116,389,71,Nenhuma,38,90
245,18.71,64,168,14,208,108,188,61,Nenhuma,39,94
245,18.71,66,316,28,354,90,335,59,Nenhuma,37,62
245,18.71,73,451,203,581,354,516,278,Expositor 2,130,151
246,18.79,7,436,93,514,271,475,182,Expositor 2,78,177
246,18.79,19,319,202,454,356,387,279,Nenhuma,135,153
246,18.79,34,115,51,165,120,140,86,Nenhuma,49,68
246,18.79,54,349,21,403,134,376,77,Nenhuma,53,113
246,18.79,55,110,51,171,176,140,114,Expositor 1,61,125
246,18.79,56,33,86,85,224,59,155,Nenhuma,51,137
246,18.79,57,377,30,418,126,397,78,Nenhuma,40,95
246,18.79,64,167,14,207,109,187,61,Nenhuma,39,95
246,18.79,66,318,27,355,90,337,58,Nenhuma,37,62
246,18.79,73,459,201,584,349,521,275,Expositor 2,125,147
247,18.87,1,392,33,439,135,415,84,Nenhuma,46,101
247,18.87,7,440,98,517,274,479,186,Expositor 2,77,175
247,18.87,19,326,201,460,355,393,278,Nenhuma,134,153
247,18.87,34,116,51,165,119,140,85,Nenhuma,49,67
247,18.87,54,346,43,391,135,369,89,Nenhuma,44,92
247,18.87,55,110,51,171,176,140,114,Expositor 1,60,125
247,18.87,56,32,85,86,229,59,157,Nenhuma,54,143
247,18.87,57,382,32,422,128,402,80,Nenhuma,40,96
247,18.87,64,166,13,206,110,186,61,Nenhuma,39,96
247,18.87,66,317,26,355,90,336,58,Nenhuma,37,63
247,18.87,73,456,200,582,352,519,276,Expositor 2,126,151
248,18.94,1,392,33,439,134,416,84,Nenhuma,46,100
248,18.94,7,447,104,520,270,484,187,Expositor 2,72,165
248,18.94,19,331,199,466,355,399,277,Nenhuma,135,156
248,18.94,34,116,52,165,119,140,85,Nenhuma,48,67
248,18.94,54,346,44,390,136,368,90,Nenhuma,44,91
248,18.94,55,110,49,171,176,141,113,Expositor 1,61,127
248,18.94,56,32,87,86,230,59,158,Nenhuma,53,143
248,18.94,57,388,34,431,135,410,85,Nenhuma,43,100
248,18.94,64,166,13,205,110,186,61,Nenhuma,38,97
248,18.94,66,317,27,355,90,336,58,Nenhuma,37,63
248,18.94,73,460,200,582,349,521,274,Expositor 2,122,148
249,19.02,1,393,33,439,134,416,84,Nenhuma,46,100
249,19.02,7,451,110,526,279,489,195,Expositor 2,74,168
249,19.02,19,334,196,471,355,403,276,Expositor 2,137,159
249,19.02,54,346,45,390,136,368,91,Nenhuma,43,90
249,19.02,55,110,49,171,176,141,113,Expositor 1,60,127
249,19.02,56,32,87,85,228,59,157,Nenhuma,53,141
249,19.02,57,394,37,439,139,416,88,Nenhuma,45,101
249,19.02,64,166,13,205,110,186,61,Nenhuma,38,97
249,19.02,66,318,27,356,92,337,60,Nenhuma,38,65
249,19.02,73,466,201,583,346,524,274,Expositor 2,116,144
250,19.09,1,393,33,439,134,416,83,Nenhuma,46,100
250,19.09,7,452,112,529,286,491,199,Expositor 2,76,173
250,19.09,19,335,195,472,355,403,275,Expositor 2,137,160
250,19.09,54,346,47,390,137,368,92,Nenhuma,43,90
250,19.09,55,111,49,171,175,141,112,Expositor 1,59,125
250,19.09,56,32,87,85,228,58,157,Nenhuma,52,141
250,19.09,57,399,38,445,139,422,88,Nenhuma,46,101
250,19.09,64,167,13,205,110,186,61,Nenhuma,38,97
250,19.09,66,318,27,357,93,337,60,Nenhuma,38,66
250,19.09,73,455,203,574,350,514,277,Expositor 2,119,146
250,19.09,77,33,89,84,182,58,135,Nenhuma,50,93
251,19.17,1,376,30,424,136,400,83,Nenhuma,47,106
251,19.17,7,457,122,533,292,495,207,Expositor 2,76,169
251,19.17,19,334,188,476,355,405,271,Expositor 2,141,167
251,19.17,46,451,91,499,192,475,142,Expositor 2,48,100
251,19.17,55,110,49,169,175,139,112,Expositor 1,59,125
251,19.17,56,32,86,84,225,58,156,Nenhuma,52,139
251,19.17,57,406,39,452,140,429,90,Nenhuma,45,100
251,19.17,64,167,12,205,110,186,61,Nenhuma,38,97
251,19.17,66,321,30,357,93,339,62,Nenhuma,36,63
251,19.17,73,448,207,568,350,508,278,Expositor 2,119,143
251,19.17,77,33,88,84,180,58,134,Nenhuma,50,92
252,19.25,1,374,29,420,134,397,82,Nenhuma,46,104
252,19.25,7,462,129,538,293,500,211,Expositor 2,75,164
252,19.25,19,333,187,475,355,404,271,Expositor 2,141,168
252,19.25,46,447,89,497,194,472,142,Expositor 2,50,105
252,19.25,55,109,49,170,176,140,113,Expositor 1,60,127
252,19.25,56,31,85,85,231,58,158,Nenhuma,54,146
252,19.25,57,405,40,465,178,435,109,Expositor 2,60,137
252,19.25,64,167,12,205,110,186,61,Nenhuma,37,97
252,19.25,66,319,26,358,94,339,60,Nenhuma,38,67
252,19.25,73,446,209,567,352,506,280,Expositor 2,121,143
252,19.25,77,31,87,86,188,58,138,Nenhuma,54,100
253,19.32,1,371,32,417,132,394,82,Nenhuma,45,100
253,19.32,7,467,138,544,298,505,218,Expositor 2,76,160
253,19.32,19,329,185,471,356,400,271,Expositor 2,141,170
253,19.32,46,444,85,495,195,469,140,Expositor 2,51,109
253,19.32,55,108,49,169,177,139,113,Expositor 1,61,128
253,19.32,56,31,86,85,233,58,159,Nenhuma,54,146
253,19.32,57,410,44,473,191,441,117,Expositor 2,62,146
253,19.32,64,167,12,204,110,185,61,Nenhuma,37,97
253,19.32,66,317,26,357,96,337,61,Nenhuma,39,70
253,19.32,73,447,211,569,352,508,281,Expositor 2,122,141
253,19.32,77,34,88,84,181,59,134,Nenhuma,50,92
254,19.4,1,369,33,415,132,392,83,Nenhuma,45,99
254,19.4,7,478,141,555,297,517,219,Expositor 2,76,156
254,19.4,19,328,184,467,356,398,270,Nenhuma,139,171
254,19.4,46,442,85,494,194,468,140,Expositor 2,51,109
254,19.4,55,107,49,168,176,137,112,Expositor 1,61,127
254,19.4,56,32,87,86,233,59,160,Nenhuma,53,146
254,19.4,57,414,46,477,197,446,122,Expositor 2,62,151
254,19.4,64,167,12,204,110,185,61,Nenhuma,37,97
254,19.4,66,314,24,357,99,335,62,Nenhuma,42,74
254,19.4,72,29,68,55,116,42,92,Nenhuma,25,47
254,19.4,73,448,213,571,354,509,284,Expositor 2,123,140
254,19.4,77,34,88,85,181,60,135,Nenhuma,50,92
255,19.48,1,366,31,413,134,389,82,Nenhuma,47,102
255,19.48,7,492,146,566,291,529,218,Expositor 2,73,144
255,19.48,19,326,181,465,356,396,268,Nenhuma,138,174
255,19.48,46,441,84,493,194,467,139,Expositor 2,51,109
255,19.48,54,313,24,357,116,335,70,Nenhuma,43,91
255,19.48,55,105,48,167,176,136,112,Expositor 1,61,127
255,19.48,56,32,87,87,234,60,160,Nenhuma,54,147
255,19.48,57,418,47,481,198,449,122,Expositor 2,62,150
255,19.48,64,166,12,204,110,185,61,Nenhuma,37,97
255,19.48,66,316,25,358,98,337,62,Nenhuma,41,73
255,19.48,67,148,21,175,92,162,57,Nenhuma,27,70
255,19.48,72,29,68,55,116,42,92,Nenhuma,25,47
255,19.48,73,452,218,573,354,512,286,Expositor 2,121,135
255,19.48,77,35,88,85,181,60,135,Nenhuma,50,92
256,19.55,1,364,30,411,134,388,82,Nenhuma,47,103
256,19.55,7,509,151,574,271,542,211,Expositor 2,64,120
256,19.55,19,329,176,469,355,399,265,Nenhuma,140,178
256,19.55,46,440,84,492,193,466,139,Expositor 2,51,109
256,19.55,54,311,23,356,117,333,70,Nenhuma,44,93
256,19.55,55,105,49,167,176,136,113,Expositor 1,61,127
256,19.55,56,34,87,89,231,62,159,Nenhuma,54,144
256,19.55,57,421,49,484,202,452,125,Expositor 2,62,153
256,19.55,64,166,12,203,110,185,61,Nenhuma,37,97
256,19.55,66,316,25,357,98,337,61,Nenhuma,40,73
256,19.55,67,148,22,175,93,161,57,Nenhuma,27,70
256,19.55,72,29,68,55,116,42,92,Nenhuma,25,47
256,19.55,73,458,221,578,355,518,288,Expositor 2,119,133
256,19.55,77,32,88,89,192,60,140,Nenhuma,56,104
257,19.63,1,363,29,410,132,387,81,Nenhuma,47,102
257,19.63,7,524,161,584,267,554,214,Expositor 2,60,106
257,19.63,19,330,170,472,355,401,262,Expositor 2,142,184
257,19.63,54,309,22,353,115,331,69,Nenhuma,44,93
257,19.63,55,106,50,167,176,136,113,Expositor 1,61,126
257,19.63,56,35,87,89,231,62,159,Nenhuma,54,144
257,19.63,57,422,50,486,210,454,130,Expositor 2,64,160
257,19.63,64,167,12,204,110,185,61,Nenhuma,36,97
257,19.63,66,313,24,357,102,335,63,Nenhuma,43,77
257,19.63,67,147,22,175,93,161,57,Nenhuma,27,70
257,19.63,72,29,68,55,116,42,92,Nenhuma,25,47
257,19.63,73,462,222,582,355,522,289,Expositor 2,120,132
257,19.63,77,31,87,91,199,61,143,Nenhuma,60,111
258,19.71,1,362,29,409,131,386,80,Nenhuma,46,101
258,19.71,7,530,170,589,271,560,220,Expositor 2,59,100
258,19.71,19,330,166,473,355,401,260,Expositor 2,142,188
258,19.71,54,306,21,350,114,328,68,Nenhuma,44,92
258,19.71,55,105,50,168,178,137,114,Expositor 1,62,128
258,19.71,56,35,87,89,231,62,159,Nenhuma,54,144
258,19.71,57,422,50,487,213,455,132,Expositor 2,64,163
258,19.71,64,167,12,204,110,185,61,Nenhuma,36,97
258,19.71,66,314,24,356,101,335,62,Nenhuma,42,77
258,19.71,67,148,21,176,93,162,57,Nenhuma,27,72
258,19.71,73,467,224,589,356,528,290,Expositor 2,122,132
258,19.71,77,29,81,95,204,62,142,Nenhuma,66,123
259,19.78,1,362,29,408,129,385,79,Nenhuma,45,99
259,19.78,7,539,176,595,271,567,224,Expositor 2,55,94
259,19.78,19,326,158,470,354,398,256,Nenhuma,144,196
259,19.78,54,303,20,347,113,325,67,Nenhuma,44,92
259,19.78,55,106,50,169,178,137,114,Expositor 1,62,128
259,19.78,56,31,72,91,231,61,152,Nenhuma,60,159
259,19.78,57,422,50,486,214,454,132,Expositor 2,64,163
259,19.78,64,167,12,204,110,185,61,Nenhuma,36,97
259,19.78,66,313,23,358,105,335,64,Nenhuma,44,82
259,19.78,67,149,21,176,94,163,57,Nenhuma,27,72
259,19.78,73,473,224,597,357,535,290,Expositor 2,124,132
259,19.78,77,28,73,93,194,61,133,Nenhuma,65,121
260,19.86,1,363,29,408,127,385,78,Nenhuma,44,97
260,19.86,7,559,183,618,282,588,233,Expositor 2,58,99
260,19.86,19,329,155,473,354,401,255,Expositor 2,144,199
260,19.86,54,330,47,367,126,349,86,Nenhuma,37,78
260,19.86,55,108,51,170,179,139,115,Expositor 1,61,127
260,19.86,56,33,70,90,217,61,143,Nenhuma,57,147
260,19.86,57,420,53,483,212,452,132,Expositor 2,62,158
260,19.86,64,167,12,203,110,185,61,Nenhuma,36,97
260,19.86,66,316,23,357,100,337,61,Nenhuma,41,77
260,19.86,67,149,21,177,95,163,58,Nenhuma,27,74
260,19.86,73,472,224,598,357,535,290,Expositor 2,126,132
260,19.86,77,27,69,90,186,58,128,Nenhuma,62,116
261,19.93,1,364,29,408,127,386,78,Nenhuma,44,97
261,19.93,7,571,189,630,289,600,239,Expositor 2,58,99
261,19.93,19,328,151,472,354,400,253,Expositor 2,144,203
261,19.93,54,330,48,367,126,348,87,Nenhuma,36,77
261,19.93,55,109,51,170,178,139,114,Expositor 1,61,127
261,19.93,56,30,69,86,210,58,139,Nenhuma,55,140
261,19.93,57,419,55,481,211,450,133,Expositor 2,61,156
261,19.93,64,167,12,203,110,185,61,Nenhuma,36,97
261,19.93,66,312,22,353,99,333,61,Nenhuma,40,76
261,19.93,67,149,21,176,95,163,58,Nenhuma,26,74
261,19.93,73,471,224,598,357,534,290,Expositor 2,127,132
261,19.93,77,27,68,90,187,58,127,Nenhuma,63,119
262,20.01,1,365,29,407,123,386,76,Nenhuma,42,94
262,20.01,7,575,197,634,298,604,247,Nenhuma,59,100
262,20.01,19,326,147,471,355,398,251,Nenhuma,144,207
262,20.01,54,330,50,366,126,348,88,Nenhuma,36,75
262,20.01,55,109,50,169,176,139,113,Expositor 1,60,125
262,20.01,56,29,78,84,216,57,147,Nenhuma,55,137
262,20.01,57,415,57,479,217,447,137,Expositor 2,63,160
262,20.01,64,166,12,203,110,185,61,Nenhuma,36,97
262,20.01,66,311,22,351,98,331,60,Nenhuma,39,75
262,20.01,67,150,21,177,95,163,58,Nenhuma,26,74
262,20.01,73,471,226,593,356,532,291,Expositor 2,122,129
262,20.01,77,26,66,91,188,58,127,Nenhuma,64,121
263,20.09,1,366,29,407,121,386,75,Nenhuma,40,91
263,20.09,7,584,203,642,301,613,252,Nenhuma,57,97
263,20.09,19,325,145,467,354,396,250,Nenhuma,142,209
263,20.09,54,330,52,366,126,348,89,Nenhuma,35,74
263,20.09,55,109,50,169,177,139,114,Expositor 1,60,126
263,20.09,56,29,86,80,209,54,147,Nenhuma,51,123
263,20.09,57,413,58,478,224,446,141,Expositor 2,65,166
263,20.09,64,166,12,203,111,184,62,Nenhuma,36,98
263,20.09,66,311,22,351,98,331,60,Nenhuma,40,76
263,20.09,67,150,21,176,94,163,57,Nenhuma,26,73
263,20.09,73,455,226,579,356,517,291,Expositor 2,123,130
263,20.09,77,25,64,91,188,58,126,Nenhuma,66,123
264,20.16,1,366,30,407,122,387,76,Nenhuma,40,92
264,20.16,7,594,210,650,305,622,257,Nenhuma,56,94
264,20.16,19,323,142,464,353,394,248,Nenhuma,140,210
264,20.16,55,110,51,171,177,141,114,Expositor 1,60,125
264,20.16,56,23,89,81,228,52,159,Nenhuma,57,139
264,20.16,57,411,59,474,218,442,138,Expositor 2,63,158
264,20.16,64,166,12,203,111,184,62,Nenhuma,36,98
264,20.16,66,310,22,350,99,330,60,Nenhuma,40,76
264,20.16,67,149,21,175,93,162,57,Nenhuma,26,72
264,20.16,73,448,227,573,357,510,292,Expositor 2,124,129
264,20.16,86,556,213,638,356,597,285,Expositor 2,81,142
265,20.24,1,366,30,407,125,386,78,Nenhuma,41,95
265,20.24,7,604,216,659,308,631,262,Nenhuma,54,91
265,20.24,19,326,140,467,353,396,247,Nenhuma,140,213
265,20.24,54,332,48,375,140,353,94,Nenhuma,42,91
265,20.24,55,110,51,170,175,140,113,Expositor 1,60,124
265,20.24,56,24,90,86,237,55,164,Nenhuma,62,146
265,20.24,57,412,60,476,221,444,141,Expositor 2,64,160
265,20.24,64,166,12,203,111,184,61,Nenhuma,36,98
265,20.24,66,317,22,354,93,335,58,Nenhuma,37,70
265,20.24,67,147,21,174,95,160,58,Nenhuma,26,73
265,20.24,73,431,228,556,357,494,292,Expositor 2,124,129
265,20.24,86,559,218,638,356,599,287,Expositor 2,78,138
266,20.32,1,367,31,407,125,387,78,Nenhuma,40,93
266,20.32,19,327,139,466,353,396,246,Nenhuma,138,214
266,20.32,54,332,49,375,140,353,94,Nenhuma,42,91
266,20.32,55,109,51,169,175,139,113,Expositor 1,60,124
266,20.32,56,24,91,88,239,56,165,Nenhuma,63,148
266,20.32,57,412,62,469,201,440,131,Expositor 2,56,139
266,20.32,64,166,12,202,111,184,61,Nenhuma,36,99
266,20.32,66,318,22,355,92,336,57,Nenhuma,36,69
266,20.32,67,147,21,173,94,160,58,Nenhuma,26,72
266,20.32,73,422,228,548,357,485,293,Expositor 2,125,128
266,20.32,86,562,223,638,357,600,290,Expositor 2,75,133
266,20.32,87,411,62,471,164,441,113,Expositor 2,60,101
266,20.32,88,27,73,61,115,44,94,Nenhuma,33,42
267,20.39,1,367,33,406,122,387,78,Nenhuma,39,89
267,20.39,19,324,136,459,351,392,244,Nenhuma,135,215
267,20.39,54,332,49,375,141,354,95,Nenhuma,42,91
267,20.39,55,108,54,167,176,138,115,Expositor 1,58,121
267,20.39,56,24,90,89,239,57,165,Nenhuma,64,148
267,20.39,57,415,64,469,194,442,129,Expositor 2,53,129
267,20.39,64,165,12,202,111,184,61,Nenhuma,36,98
267,20.39,66,318,22,355,91,336,57,Nenhuma,36,68
267,20.39,67,145,21,172,95,159,58,Nenhuma,27,73
267,20.39,73,414,229,545,357,479,293,Expositor 2,130,127
267,20.39,77,13,89,84,228,48,158,Nenhuma,71,138
267,20.39,86,565,228,639,357,602,293,Nenhuma,73,128
267,20.39,87,411,63,471,163,441,113,Expositor 2,59,99
267,20.39,88,27,74,61,117,44,96,Nenhuma,33,42
268,20.47,1,368,33,406,121,387,77,Nenhuma,38,87
268,20.47,19,329,135,459,349,394,242,Nenhuma,130,213
268,20.47,54,332,48,377,147,354,98,Nenhuma,45,99
268,20.47,55,107,54,166,176,137,115,Expositor 1,58,121
268,20.47,56,26,91,84,220,55,156,Nenhuma,57,128
268,20.47,57,416,66,469,192,442,129,Expositor 2,52,126
268,20.47,64,165,12,202,110,183,61,Nenhuma,36,97
268,20.47,66,316,22,355,95,335,58,Nenhuma,38,72
268,20.47,67,145,22,172,95,158,58,Nenhuma,27,73
268,20.47,73,417,230,546,357,481,293,Expositor 2,128,127
268,20.47,77,11,90,84,231,47,161,Nenhuma,72,141
268,20.47,87,412,64,471,162,441,113,Expositor 2,58,97
268,20.47,88,27,75,60,118,44,96,Nenhuma,33,43
269,20.55,1,369,34,407,121,388,77,Nenhuma,38,87
269,20.55,19,338,132,460,337,399,234,Nenhuma,122,204
269,20.55,54,332,48,378,150,355,99,Nenhuma,46,102
269,20.55,55,107,54,166,176,137,115,Expositor 1,58,121
269,20.55,56,23,90,87,231,55,161,Nenhuma,64,141
269,20.55,57,417,67,467,185,442,126,Expositor 2,50,117
269,20.55,64,165,12,201,110,183,61,Nenhuma,35,97
269,20.55,66,315,22,352,94,333,58,Nenhuma,37,72
269,20.55,67,144,22,172,95,158,58,Nenhuma,27,73
269,20.55,73,414,230,542,357,478,294,Expositor 2,128,126
269,20.55,77,10,91,84,235,47,163,Nenhuma,74,144
269,20.55,87,413,65,470,161,442,113,Expositor 2,57,95
269,20.55,88,28,76,62,121,45,98,Nenhuma,34,44
270,20.62,1,369,33,407,119,388,76,Nenhuma,38,86
270,20.62,19,338,130,459,331,398,230,Nenhuma,120,201
270,20.62,54,332,48,378,151,355,99,Nenhuma,46,103
270,20.62,55,107,55,165,176,136,115,Expositor 1,58,120
270,20.62,56,21,89,89,236,55,163,Nenhuma,67,147
270,20.62,57,417,68,466,181,441,124,Expositor 2,48,113
270,20.62,64,166,12,202,110,184,61,Nenhuma,35,97
270,20.62,66,313,23,350,95,332,59,Nenhuma,37,72
270,20.62,67,144,22,171,96,158,59,Nenhuma,27,73
270,20.62,73,407,235,530,357,469,296,Expositor 2,122,121
270,20.62,77,8,91,84,238,46,165,Nenhuma,75,146
270,20.62,88,28,77,63,122,46,99,Nenhuma,34,44
271,20.7,1,371,35,408,118,389,77,Nenhuma,37,83
271,20.7,19,338,129,457,329,398,229,Nenhuma,119,200
271,20.7,34,121,23,155,73,138,48,Nenhuma,33,49
271,20.7,54,332,48,378,153,355,101,Nenhuma,46,105
271,20.7,55,107,56,164,173,136,115,Expositor 1,57,117
271,20.7,56,19,85,90,238,54,162,Nenhuma,70,152
271,20.7,57,415,68,464,179,440,124,Expositor 2,48,111
271,20.7,64,166,13,202,110,184,61,Nenhuma,35,97
271,20.7,66,313,23,350,95,331,59,Nenhuma,37,72
271,20.7,67,144,23,176,109,160,66,Nenhuma,32,85
271,20.7,73,392,239,513,357,452,298,Expositor 2,120,117
271,20.7,88,29,77,64,123,46,100,Nenhuma,34,45
272,20.77,1,369,36,407,120,388,78,Nenhuma,38,84
272,20.77,19,338,129,457,329,397,229,Nenhuma,118,199
272,20.77,34,123,22,154,72,138,47,Nenhuma,30,49
272,20.77,54,332,48,378,154,355,101,Nenhuma,46,106
272,20.77,55,106,56,164,174,135,115,Expositor 1,57,117
272,20.77,56,18,85,90,240,54,163,Nenhuma,71,154
272,20.77,57,414,67,463,178,439,122,Expositor 2,48,111
272,20.77,64,166,13,202,110,184,61,Nenhuma,35,97
272,20.77,66,313,23,350,95,331,59,Nenhuma,37,72
272,20.77,67,146,25,177,109,162,67,Nenhuma,31,84
272,20.77,73,396,243,513,357,454,300,Expositor 2,117,114
272,20.77,88,27,76,63,123,45,100,Nenhuma,35,46
273,20.85,1,368,34,408,124,388,79,Nenhuma,40,89
273,20.85,19,349,128,463,321,406,225,Expositor 2,114,193
273,20.85,34,123,21,154,74,139,48,Nenhuma,31,52
273,20.85,54,332,48,379,156,355,102,Nenhuma,46,107
273,20.85,55,106,56,164,174,135,115,Expositor 1,57,118
273,20.85,56,17,85,90,241,53,163,Nenhuma,72,155
273,20.85,57,409,68,452,162,430,115,Expositor 2,42,93
273,20.85,64,166,13,202,110,184,61,Nenhuma,35,97
273,20.85,66,309,23,345,95,327,59,Nenhuma,36,71
273,20.85,67,146,25,178,110,162,68,Nenhuma,31,85
273,20.85,73,394,249,506,357,450,303,Nenhuma,111,108
273,20.85,88,28,76,64,124,46,100,Nenhuma,35,47
274,20.93,1,365,36,405,124,385,80,Nenhuma,40,87
274,20.93,19,352,128,465,319,408,223,Expositor 2,113,190
274,20.93,34,124,21,154,73,139,47,Nenhuma,29,52
274,20.93,54,332,49,379,158,355,103,Nenhuma,47,108
274,20.93,55,106,54,166,175,136,115,Expositor 1,59,120
274,20.93,56,17,85,90,243,53,164,Nenhuma,73,157
274,20.93,57,406,69,442,146,424,107,Expositor 2,36,77
274,20.93,64,166,13,202,110,184,61,Nenhuma,35,97
274,20.93,66,309,25,344,95,326,60,Nenhuma,35,69
274,20.93,67,146,25,178,112,162,69,Nenhuma,31,86
274,20.93,73,392,256,497,358,445,307,Nenhuma,105,101
274,20.93,88,27,75,63,124,45,99,Nenhuma,36,48
275,21.0,1,364,37,404,124,384,80,Nenhuma,39,86
275,21.0,19,351,127,466,320,408,223,Expositor 2,114,192
275,21.0,34,124,22,154,75,139,48,Nenhuma,29,53
275,21.0,54,332,49,380,159,356,104,Nenhuma,48,110
275,21.0,55,106,53,167,176,136,115,Expositor 1,60,122
275,21.0,57,400,70,435,139,417,105,Expositor 2,34,68
275,21.0,64,166,13,202,110,184,61,Nenhuma,35,97
275,21.0,66,307,24,343,97,325,61,Nenhuma,36,73
275,21.0,67,146,26,178,113,162,69,Nenhuma,32,87
275,21.0,73,390,259,493,358,441,308,Nenhuma,103,98
275,21.0,88,28,75,65,125,46,100,Nenhuma,36,49
276,21.08,1,364,37,404,124,384,80,Nenhuma,39,86
276,21.08,19,356,126,470,319,413,222,Expositor 2,113,192
276,21.08,34,122,21,152,74,137,48,Nenhuma,29,53
276,21.08,55,105,52,166,176,135,114,Expositor 1,61,124
276,21.08,56,13,91,83,239,48,165,Nenhuma,70,148
276,21.08,57,410,65,441,127,425,96,Nenhuma,30,62
276,21.08,64,167,13,202,110,184,61,Nenhuma,35,97
276,21.08,66,306,23,342,97,324,60,Nenhuma,36,74
276,21.08,73,383,265,482,358,432,311,Nenhuma,99,92
276,21.08,88,28,75,67,127,48,101,Nenhuma,38,52
277,21.16,1,364,37,403,124,383,81,Nenhuma,39,86
277,21.16,19,359,125,472,319,415,222,Expositor 2,112,193
277,21.16,34,122,21,152,75,137,48,Nenhuma,30,53
277,21.16,55,104,51,166,176,135,114,Expositor 1,62,125
277,21.16,56,13,91,83,240,48,166,Nenhuma,70,148
277,21.16,57,412,65,442,124,427,94,Nenhuma,29,58
277,21.16,64,167,13,202,110,184,61,Nenhuma,35,97
277,21.16,66,307,24,342,96,324,60,Nenhuma,35,71
277,21.16,73,376,270,474,358,425,314,Nenhuma,97,87
277,21.16,88,29,75,66,126,47,100,Nenhuma,36,51
278,21.23,1,364,31,402,112,383,72,Nenhuma,38,80
278,21.23,19,363,122,473,315,418,219,Expositor 2,110,193
278,21.23,34,121,21,152,75,137,48,Nenhuma,30,53
278,21.23,55,104,50,167,176,136,113,Expositor 1,63,125
278,21.23,56,12,92,82,241,47,166,Nenhuma,70,149
278,21.23,57,411,64,441,123,426,94,Nenhuma,29,58
278,21.23,64,167,13,202,109,184,61,Nenhuma,34,96
278,21.23,66,307,24,341,95,324,59,Nenhuma,34,71
278,21.23,73,360,277,456,358,408,317,Nenhuma,95,80
278,21.23,77,12,87,59,176,35,132,Nenhuma,46,89
278,21.23,88,29,75,66,127,47,101,Nenhuma,37,52
279,21.31,1,370,30,408,110,389,70,Nenhuma,38,79
279,21.31,19,367,120,474,311,421,215,Expositor 2,107,190
279,21.31,34,121,21,152,75,136,48,Nenhuma,30,53
279,21.31,55,104,51,167,176,136,114,Expositor 1,62,125
279,21.31,56,11,92,82,242,47,167,Nenhuma,70,149
279,21.31,57,411,64,441,124,426,94,Nenhuma,30,59
279,21.31,64,167,13,202,109,184,61,Nenhuma,34,96
279,21.31,66,307,24,341,94,324,59,Nenhuma,33,69
279,21.31,73,363,281,456,358,409,319,Nenhuma,93,76
279,21.31,77,11,87,57,174,34,130,Nenhuma,45,86
279,21.31,88,29,75,65,126,47,100,Nenhuma,36,51
280,21.39,1,372,30,409,107,390,68,Nenhuma,37,76
280,21.39,19,367,118,473,309,420,213,Expositor 2,106,191
280,21.39,34,122,21,152,75,137,48,Nenhuma,30,54
280,21.39,55,104,51,168,176,136,114,Expositor 1,63,125
280,21.39,57,411,64,440,120,425,92,Nenhuma,28,56
280,21.39,64,167,13,201,109,184,61,Nenhuma,34,96
280,21.39,66,307,24,341,94,324,59,Nenhuma,33,69
280,21.39,73,361,284,452,358,407,321,Nenhuma,91,73
280,21.39,77,8,87,53,172,31,129,Nenhuma,44,85
280,21.39,88,28,75,64,127,46,101,Nenhuma,35,52
280,21.39,97,322,74,382,257,352,166,Nenhuma,59,183
281,21.46,1,372,29,409,105,390,67,Nenhuma,36,75
281,21.46,19,367,116,472,307,420,211,Expositor 2,105,191
281,21.46,34,122,21,152,75,137,48,Nenhuma,30,54
281,21.46,55,106,52,168,176,137,114,Expositor 1,62,123
281,21.46,57,411,64,439,118,425,91,Nenhuma,27,53
281,21.46,64,166,13,201,108,184,60,Nenhuma,34,95
281,21.46,66,307,25,341,95,324,60,Nenhuma,33,70
281,21.46,73,356,285,447,357,401,321,Nenhuma,90,71
281,21.46,77,8,87,51,170,29,128,Nenhuma,43,83
281,21.46,88,29,75,64,126,47,100,Nenhuma,35,51
281,21.46,97,314,76,373,257,343,167,Nenhuma,59,180
282,21.54,1,371,29,409,106,390,68,Nenhuma,37,76
282,21.54,19,370,113,471,299,421,206,Expositor 2,101,185
282,21.54,34,122,21,152,75,137,48,Nenhuma,30,54
282,21.54,55,105,49,168,175,136,112,Expositor 1,63,125
282,21.54,57,410,64,438,116,424,90,Nenhuma,27,52
282,21.54,64,166,13,201,108,184,60,Nenhuma,35,95
282,21.54,66,307,25,339,90,323,57,Nenhuma,31,65
282,21.54,73,345,286,438,357,391,322,Nenhuma,92,71
282,21.54,77,7,87,49,168,28,127,Nenhuma,42,81
282,21.54,88,30,75,65,126,48,100,Nenhuma,35,51
282,21.54,97,308,80,367,257,338,169,Nenhuma,58,176
283,21.61,1,372,29,409,104,390,67,Nenhuma,36,75
283,21.61,19,373,109,471,290,422,199,Expositor 2,97,180
283,21.61,34,122,21,152,75,137,48,Nenhuma,30,54
283,21.61,55,104,52,166,174,135,113,Expositor 1,62,122
283,21.61,56,7,84,81,239,44,161,Nenhuma,73,154
283,21.61,57,410,64,436,114,423,89,Nenhuma,26,49
283,21.61,64,166,13,201,108,184,60,Nenhuma,35,95
283,21.61,66,309,34,339,94,324,64,Nenhuma,29,60
283,21.61,73,331,284,428,357,380,321,Nenhuma,96,73
283,21.61,77,6,87,47,166,27,126,Nenhuma,41,79
283,21.61,88,30,75,65,126,47,100,Nenhuma,35,51
283,21.61,97,293,81,342,224,318,153,Nenhuma,48,143
284,21.69,1,372,29,409,103,390,66,Nenhuma,36,74
284,21.69,19,375,108,469,284,422,196,Expositor 2,94,175
284,21.69,34,121,20,153,77,137,49,Nenhuma,31,56
284,21.69,55,106,52,168,173,137,113,Expositor 1,62,120
284,21.69,56,6,85,80,239,43,162,Nenhuma,73,153
284,21.69,57,410,64,436,113,423,89,Nenhuma,26,48
284,21.69,64,166,13,202,108,184,60,Nenhuma,35,95
284,21.69,66,308,28,340,93,324,60,Nenhuma,32,65
284,21.69,73,323,282,422,357,373,320,Nenhuma,99,75
284,21.69,88,29,75,64,127,46,101,Nenhuma,34,52
284,21.69,97,282,80,326,209,304,144,Nenhuma,44,128
285,21.77,1,370,29,408,108,389,68,Nenhuma,38,78
285,21.77,19,373,106,467,284,420,195,Expositor 2,93,177
285,21.77,34,121,20,154,78,137,49,Nenhuma,32,57
285,21.77,55,106,52,168,173,137,112,Expositor 1,61,120
285,21.77,56,5,85,80,239,42,162,Nenhuma,74,154
285,21.77,57,410,64,435,110,423,87,Nenhuma,24,45
285,21.77,64,166,13,202,109,184,61,Nenhuma,35,96
285,21.77,66,307,28,339,93,323,60,Nenhuma,31,64
285,21.77,73,311,280,415,358,363,319,Nenhuma,103,77
285,21.77,88,28,74,62,127,45,100,Nenhuma,34,52
285,21.77,97,273,80,311,192,292,136,Expositor 1,38,111
286,21.84,1,369,29,407,107,388,68,Nenhuma,38,77
286,21.84,19,373,104,467,284,420,194,Expositor 2,94,179
286,21.84,34,122,20,152,75,137,48,Nenhuma,30,54
286,21.84,55,106,52,168,172,137,112,Expositor 1,61,119
286,21.84,56,5,91,73,234,39,162,Nenhuma,67,143
286,21.84,57,411,64,434,107,422,86,Nenhuma,23,42
286,21.84,64,167,13,203,109,185,61,Nenhuma,35,96
286,21.84,66,307,28,339,93,323,61,Nenhuma,31,64
286,21.84,73,305,277,412,358,358,317,Nenhuma,106,80
286,21.84,88,27,74,62,127,44,100,Nenhuma,34,53
286,21.84,97,266,79,304,185,285,132,Expositor 1,37,106
287,21.92,1,365,30,407,115,386,73,Nenhuma,42,84
287,21.92,19,370,102,466,289,418,195,Expositor 2,95,186
287,21.92,34,120,20,152,77,136,48,Nenhuma,31,56
287,21.92,55,106,52,168,172,137,112,Expositor 1,61,119
287,21.92,56,5,89,72,233,39,161,Nenhuma,66,143
287,21.92,57,412,64,435,104,424,84,Nenhuma,23,40
287,21.92,64,167,13,202,109,185,61,Nenhuma,35,96
287,21.92,66,307,29,338,93,322,61,Nenhuma,31,64
287,21.92,67,146,26,171,90,158,58,Nenhuma,25,64
287,21.92,73,295,271,407,357,351,314,Nenhuma,112,85
287,21.92,88,28,74,61,126,45,100,Nenhuma,33,52
287,21.92,97,247,82,285,184,266,133,Expositor 1,37,101
288,22.0,1,362,30,407,121,385,75,Nenhuma,45,90
288,22.0,19,370,100,464,288,417,194,Expositor 2,94,187
288,22.0,34,120,20,152,77,136,48,Nenhuma,31,56
288,22.0,56,6,89,71,233,39,161,Nenhuma,65,143
288,22.0,57,412,63,436,104,424,84,Nenhuma,23,40
288,22.0,64,167,13,202,110,185,61,Nenhuma,35,97
288,22.0,67,146,26,170,89,158,58,Nenhuma,24,63
288,22.0,73,287,268,402,357,345,312,Nenhuma,114,88
288,22.0,88,28,73,61,125,45,99,Nenhuma,32,51
288,22.0,97,234,84,272,184,253,134,Expositor 1,37,99
288,22.0,100,93,44,154,127,124,85,Nenhuma,61,83
289,22.07,1,361,30,407,123,384,77,Nenhuma,46,92
289,22.07,19,374,100,467,288,420,194,Expositor 2,93,188
289,22.07,34,120,20,152,77,136,48,Nenhuma,31,56
289,22.07,56,7,95,70,232,39,164,Nenhuma,62,137
289,22.07,57,413,63,437,103,425,83,Nenhuma,23,40
289,22.07,64,167,13,202,109,184,61,Nenhuma,35,96
289,22.07,67,146,26,170,89,158,57,Nenhuma,24,62
289,22.07,73,280,264,398,357,339,310,Nenhuma,118,92
289,22.07,88,28,73,61,126,44,99,Nenhuma,32,53
289,22.07,97,216,85,258,195,237,140,Expositor 1,42,109
289,22.07,100,92,44,153,128,122,86,Nenhuma,60,83
290,22.15,1,361,30,407,121,384,76,Nenhuma,45,90
290,22.15,19,377,99,469,288,423,193,Expositor 2,92,188
290,22.15,34,120,20,152,77,136,48,Nenhuma,31,56
290,22.15,56,9,98,69,232,39,165,Nenhuma,60,134
290,22.15,57,413,63,437,104,425,83,Nenhuma,24,40
290,22.15,64,167,13,202,108,184,60,Nenhuma,35,95
290,22.15,67,146,26,169,88,157,57,Nenhuma,23,61
290,22.15,73,277,267,390,356,334,312,Nenhuma,113,89
290,22.15,88,29,73,62,126,46,99,Nenhuma,32,53
290,22.15,97,198,87,243,202,221,145,Expositor 1,45,115
290,22.15,100,92,43,154,128,123,85,Nenhuma,62,84
291,22.23,1,361,30,408,122,384,76,Nenhuma,47,91
291,22.23,19,378,99,470,288,424,193,Expositor 2,91,189
291,22.23,34,120,20,150,75,135,48,Nenhuma,30,54
291,22.23,56,9,94,71,232,40,163,Nenhuma,61,138
291,22.23,57,413,63,437,104,425,84,Nenhuma,24,40
291,22.23,64,167,13,201,105,184,59,Nenhuma,33,92
291,22.23,66,308,26,340,91,324,58,Nenhuma,31,64
291,22.23,73,276,270,385,356,331,313,Nenhuma,108,86
291,22.23,88,30,72,61,124,46,98,Nenhuma,31,51
291,22.23,97,185,90,234,210,209,150,Expositor 1,48,119
291,22.23,100,95,42,158,127,126,84,Nenhuma,62,84
292,22.3,1,361,31,408,121,385,76,Nenhuma,47,90
292,22.3,19,381,99,472,288,426,193,Expositor 2,91,189
292,22.3,34,120,20,150,75,135,47,Nenhuma,30,54
292,22.3,56,9,93,71,232,40,163,Nenhuma,61,139
292,22.3,57,413,63,438,104,425,84,Nenhuma,25,40
292,22.3,64,168,13,200,100,184,56,Nenhuma,32,87
292,22.3,66,308,26,340,90,324,58,Nenhuma,31,64
292,22.3,73,277,273,382,356,329,315,Nenhuma,105,83
292,22.3,88,29,72,60,122,44,97,Nenhuma,31,50
292,22.3,97,172,92,220,209,196,151,Expositor 1,47,117
292,22.3,100,100,44,162,129,131,87,Nenhuma,62,84
292,22.3,102,132,93,275,309,203,201,Expositor 1,142,215
293,22.38,1,360,31,408,124,384,78,Nenhuma,48,92
293,22.38,19,383,98,473,287,428,192,Expositor 2,90,188
293,22.38,34,119,20,150,74,135,47,Nenhuma,31,54
293,22.38,56,10,96,70,232,40,164,Nenhuma,60,136
293,22.38,57,413,63,439,105,426,84,Nenhuma,26,41
293,22.38,64,167,13,201,101,184,57,Nenhuma,33,88
293,22.38,66,308,26,340,90,324,58,Nenhuma,31,64
293,22.38,73,277,275,380,357,328,316,Nenhuma,102,81
293,22.38,88,27,71,59,122,43,97,Nenhuma,31,50
293,22.38,97,160,93,206,209,183,151,Expositor 1,46,115
293,22.38,100,99,43,161,127,130,85,Nenhuma,61,84
293,22.38,102,126,98,270,318,198,208,Expositor 1,143,220
294,22.45,1,360,33,409,125,384,79,Nenhuma,49,92
294,22.45,19,385,96,473,282,429,189,Expositor 2,88,186
294,22.45,34,119,20,151,74,135,47,Nenhuma,31,53
294,22.45,56,10,95,70,232,40,164,Nenhuma,60,137
294,22.45,57,413,63,439,104,426,84,Nenhuma,25,41
294,22.45,64,167,13,202,106,184,59,Nenhuma,34,93
294,22.45,66,308,25,340,90,324,58,Nenhuma,31,64
294,22.45,73,277,278,378,357,328,318,Nenhuma,100,79
294,22.45,88,30,71,62,124,46,98,Nenhuma,31,52
294,22.45,97,147,95,193,209,170,152,Expositor 1,46,114
294,22.45,100,97,43,160,128,129,85,Nenhuma,62,85
294,22.45,102,120,107,261,327,190,217,Expositor 1,141,220
294,22.45,103,411,64,440,132,426,98,Nenhuma,29,67
295,22.53,1,364,34,411,122,387,78,Nenhuma,47,88
295,22.53,19,389,96,476,276,433,186,Expositor 2,86,180
295,22.53,34,120,20,151,74,135,47,Nenhuma,31,53
295,22.53,56,10,94,71,232,41,163,Nenhuma,60,138
295,22.53,57,414,63,439,103,427,83,Nenhuma,25,40
295,22.53,64,166,13,202,108,184,60,Nenhuma,35,95
295,22.53,73,280,282,376,357,328,320,Nenhuma,96,75
295,22.53,88,31,71,63,124,47,98,Nenhuma,31,52
295,22.53,100,100,45,166,134,133,89,Nenhuma,66,89
295,22.53,102,112,115,248,329,180,222,Expositor 1,136,214
295,22.53,103,411,65,441,133,426,99,Nenhuma,29,68
296,22.61,1,363,34,411,123,387,79,Nenhuma,47,88
296,22.61,19,396,93,480,269,438,181,Expositor 2,84,175
296,22.61,34,119,20,151,74,135,47,Nenhuma,31,53
296,22.61,56,10,92,71,232,41,162,Nenhuma,60,140
296,22.61,57,414,63,439,102,427,83,Nenhuma,24,39
296,22.61,64,166,13,202,109,184,61,Nenhuma,35,96
296,22.61,66,307,24,339,89,323,56,Nenhuma,31,64
296,22.61,67,144,25,171,91,157,58,Nenhuma,26,66
296,22.61,73,286,290,373,358,329,324,Nenhuma,87,67
296,22.61,88,31,71,63,124,47,98,Nenhuma,32,53
296,22.61,100,99,45,167,136,133,90,Nenhuma,67,90
296,22.61,102,92,120,224,330,158,225,Expositor 1,131,209
296,22.61,103,411,65,441,134,426,99,Nenhuma,29,69
297,22.68,1,360,33,408,125,384,79,Nenhuma,48,91
297,22.68,19,399,92,482,266,440,179,Expositor 2,82,174
297,22.68,34,119,20,151,74,135,47,Nenhuma,31,53
297,22.68,56,12,90,73,232,42,161,Nenhuma,60,141
297,22.68,64,166,13,202,109,184,61,Nenhuma,35,96
297,22.68,66,307,24,339,93,323,59,Nenhuma,32,69
297,22.68,67,144,24,171,92,158,58,Nenhuma,27,67
297,22.68,73,287,292,374,358,330,325,Nenhuma,86,65
297,22.68,77,16,89,71,191,44,140,Nenhuma,54,101
297,22.68,88,31,71,63,124,47,98,Nenhuma,32,53
297,22.68,100,98,44,166,135,132,89,Nenhuma,68,90
297,22.68,102,83,121,211,330,147,225,Expositor 1,128,208
297,22.68,103,410,57,444,135,427,96,Nenhuma,33,78
298,22.76,1,361,32,407,121,384,77,Nenhuma,46,88
298,22.76,19,404,89,487,265,446,177,Expositor 2,82,176
298,22.76,34,119,20,151,74,135,47,Nenhuma,31,53
298,22.76,55,109,57,173,183,141,120,Expositor 1,63,125
298,22.76,56,11,89,72,232,41,160,Nenhuma,60,142
298,22.76,64,166,13,202,110,184,62,Nenhuma,35,96
298,22.76,66,308,24,340,91,324,57,Nenhuma,31,67
298,22.76,67,144,24,171,92,158,58,Nenhuma,27,67
298,22.76,73,289,296,373,358,331,327,Nenhuma,84,62
298,22.76,77,17,90,72,192,45,141,Nenhuma,55,102
298,22.76,88,31,70,64,125,48,98,Nenhuma,32,54
298,22.76,100,108,52,168,133,138,93,Nenhuma,60,80
298,22.76,102,75,123,201,329,138,226,Expositor 1,125,205
298,22.76,103,410,55,444,136,427,95,Nenhuma,34,80
299,22.84,1,361,32,406,120,384,76,Nenhuma,45,87
299,22.84,19,405,87,487,265,446,176,Expositor 2,81,177
299,22.84,54,338,49,370,123,354,86,Nenhuma,32,74
299,22.84,55,111,57,173,180,142,119,Expositor 1,61,123
299,22.84,56,11,89,71,232,41,160,Nenhuma,60,142
299,22.84,64,166,13,201,110,184,62,Nenhuma,35,96
299,22.84,66,309,23,339,88,324,56,Nenhuma,30,64
299,22.84,67,145,25,172,91,158,58,Nenhuma,26,65
299,22.84,73,289,300,371,358,330,329,Nenhuma,81,58
299,22.84,77,17,90,73,193,45,142,Nenhuma,55,103
299,22.84,88,31,70,65,126,48,98,Nenhuma,33,55
299,22.84,100,112,56,170,133,141,94,Nenhuma,58,77
299,22.84,102,72,124,195,328,133,226,Expositor 1,123,204
299,22.84,103,410,55,444,136,427,96,Nenhuma,33,80
300,22.91,1,359,32,406,124,382,78,Nenhuma,47,92
300,22.91,19,405,84,487,264,446,174,Expositor 2,82,180
300,22.91,54,338,49,370,122,354,85,Nenhuma,32,73
300,22.91,55,113,57,173,178,143,117,Expositor 1,60,121
300,22.91,56,11,94,70,233,41,164,Nenhuma,58,138
300,22.91,64,165,14,201,109,183,61,Nenhuma,35,95
300,22.91,66,309,23,339,87,324,55,Nenhuma,30,64
300,22.91,67,144,25,171,91,157,58,Nenhuma,27,65
300,22.91,73,291,302,371,358,331,330,Nenhuma,80,55
300,22.91,77,18,90,74,194,46,142,Nenhuma,56,104
300,22.91,88,31,70,63,123,47,97,Nenhuma,31,52
300,22.91,100,113,57,171,133,142,95,Nenhuma,57,76
300,22.91,102,69,125,191,327,130,226,Expositor 1,121,201
300,22.91,103,412,52,446,132,429,92,Nenhuma,34,80
301,22.99,1,356,31,405,129,381,80,Nenhuma,49,97
301,22.99,19,403,82,484,263,444,173,Expositor 2,81,181
301,22.99,54,338,49,370,120,354,84,Nenhuma,31,71
301,22.99,55,112,57,172,176,142,116,Expositor 1,59,119
301,22.99,56,11,89,71,233,41,161,Nenhuma,60,144
301,22.99,64,165,14,201,109,183,61,Nenhuma,35,95
301,22.99,66,309,23,340,86,325,54,Nenhuma,30,63
301,22.99,67,143,25,171,90,157,58,Nenhuma,27,65
301,22.99,73,291,304,368,358,329,331,Nenhuma,76,53
301,22.99,88,31,71,63,125,47,98,Nenhuma,31,53
301,22.99,100,114,57,170,131,142,94,Nenhuma,56,74
301,22.99,102,65,126,185,326,125,226,Expositor 1,120,200
301,22.99,103,415,50,449,128,432,89,Nenhuma,33,78
302,23.07,1,354,31,405,131,379,81,Nenhuma,50,100
302,23.07,19,400,79,480,261,440,170,Expositor 2,79,182
302,23.07,54,338,49,369,119,354,84,Nenhuma,30,70
302,23.07,55,112,57,171,176,142,116,Expositor 1,59,119
302,23.07,56,11,89,74,237,42,163,Nenhuma,62,148
302,23.07,64,166,14,201,109,183,61,Nenhuma,35,95
302,23.07,66,309,22,339,86,324,54,Nenhuma,30,63
302,23.07,67,143,25,171,90,157,57,Nenhuma,27,65
302,23.07,73,291,307,365,358,328,332,Nenhuma,73,51
302,23.07,88,31,71,63,125,47,98,Nenhuma,32,54
302,23.07,100,114,57,170,132,142,94,Nenhuma,56,74
302,23.07,102,61,127,181,329,121,228,Expositor 1,120,201
302,23.07,103,416,48,450,127,433,88,Nenhuma,34,79
303,23.14,1,354,31,404,133,379,82,Nenhuma,50,102
303,23.14,19,403,76,484,261,444,168,Expositor 2,80,184
303,23.14,55,112,57,171,175,142,116,Expositor 1,58,118
303,23.14,56,11,88,74,238,42,163,Nenhuma,62,150
303,23.14,64,165,13,202,109,183,61,Nenhuma,36,96
303,23.14,66,309,22,340,86,325,54,Nenhuma,30,63
303,23.14,67,143,24,170,91,157,58,Nenhuma,27,66
303,23.14,73,291,309,361,358,326,333,Nenhuma,69,48
303,23.14,88,30,71,65,128,48,99,Nenhuma,34,57
303,23.14,100,114,57,170,132,142,95,Nenhuma,56,75
303,23.14,102,53,128,176,335,115,231,Expositor 1,122,207
303,23.14,103,417,46,451,127,434,86,Nenhuma,34,80
304,23.22,1,354,31,404,134,379,83,Nenhuma,50,103
304,23.22,19,406,75,485,259,446,167,Expositor 2,79,183
304,23.22,55,112,57,171,175,141,116,Expositor 1,58,118
304,23.22,56,10,87,74,241,42,164,Nenhuma,63,153
304,23.22,64,165,13,202,109,183,61,Nenhuma,36,96
304,23.22,66,309,22,340,85,325,54,Nenhuma,30,63
304,23.22,67,142,24,170,91,156,58,Nenhuma,27,66
304,23.22,88,30,70,66,129,48,100,Nenhuma,35,58
304,23.22,100,113,57,170,132,142,95,Nenhuma,56,75
304,23.22,102,51,128,173,339,112,234,Expositor 1,122,210
304,23.22,103,417,45,452,126,435,85,Nenhuma,35,81
304,23.22,106,315,311,388,358,351,335,Nenhuma,72,47
305,23.29,1,354,32,403,134,379,83,Nenhuma,48,101
305,23.29,19,409,72,485,249,447,161,Expositor 2,76,177
305,23.29,55,112,57,171,175,141,116,Expositor 1,58,118
305,23.29,56,10,87,74,241,42,164,Nenhuma,63,154
305,23.29,64,165,13,202,110,184,61,Nenhuma,36,97
305,23.29,66,311,21,342,87,327,54,Nenhuma,31,65
305,23.29,67,142,24,170,92,156,58,Nenhuma,27,67
305,23.29,77,16,88,66,182,41,135,Nenhuma,49,94
305,23.29,88,30,70,66,130,48,100,Nenhuma,35,59
305,23.29,100,111,55,168,131,139,93,Nenhuma,57,76
305,23.29,102,43,129,166,345,105,237,Expositor 1,123,215
305,23.29,106,318,312,388,359,353,335,Nenhuma,70,46
306,23.37,1,355,32,402,132,379,82,Nenhuma,47,99
306,23.37,19,410,70,484,245,447,158,Expositor 2,74,174
306,23.37,55,112,57,171,175,141,116,Expositor 1,58,118
306,23.37,56,9,83,73,244,41,163,Nenhuma,64,161
306,23.37,64,166,13,203,110,184,61,Nenhuma,36,96
306,23.37,66,312,22,343,87,328,55,Nenhuma,31,65
306,23.37,67,142,24,170,93,156,59,Nenhuma,27,68
306,23.37,77,15,87,66,188,40,137,Nenhuma,51,101
306,23.37,88,30,70,66,130,48,100,Nenhuma,35,59
306,23.37,100,110,55,167,131,139,93,Nenhuma,57,75
306,23.37,102,40,129,163,349,101,239,Expositor 1,123,219
306,23.37,106,319,313,388,359,353,336,Nenhuma,69,45
307,23.45,1,355,33,402,133,378,83,Nenhuma,47,100
307,23.45,19,410,70,481,237,446,153,Expositor 2,71,167
307,23.45,55,102,46,168,178,135,112,Expositor 1,65,131
307,23.45,56,8,82,73,245,41,163,Nenhuma,65,162
307,23.45,64,166,13,203,110,184,61,Nenhuma,36,96
307,23.45,66,315,29,343,87,329,58,Nenhuma,28,57
307,23.45,67,142,24,170,93,156,59,Nenhuma,27,68
307,23.45,77,14,77,66,184,40,131,Nenhuma,52,106
307,23.45,88,30,70,67,131,48,100,Nenhuma,36,60
307,23.45,100,104,47,167,131,135,89,Nenhuma,62,83
307,23.45,102,34,132,157,351,96,242,Nenhuma,122,219
307,23.45,106,319,313,388,359,354,336,Nenhuma,69,45
308,23.52,1,355,33,401,131,378,82,Nenhuma,46,98
308,23.52,19,412,69,482,234,447,151,Expositor 2,70,164
308,23.52,34,135,24,182,110,159,67,Nenhuma,46,85
308,23.52,55,103,47,168,178,136,113,Expositor 1,65,130
308,23.52,56,8,81,74,246,41,163,Nenhuma,65,164
308,23.52,64,167,13,203,110,185,61,Nenhuma,36,96
308,23.52,66,313,25,345,91,329,58,Nenhuma,31,66
308,23.52,67,142,25,171,98,156,62,Nenhuma,28,72
308,23.52,77,16,83,63,182,39,132,Nenhuma,47,98
308,23.52,100,103,45,167,129,135,87,Nenhuma,63,83
308,23.52,102,33,134,154,352,94,243,Nenhuma,121,218
308,23.52,106,319,313,388,359,354,336,Nenhuma,69,45
309,23.6,1,356,32,401,129,378,80,Nenhuma,45,96
309,23.6,19,412,69,482,233,447,151,Expositor 2,70,163
309,23.6,34,137,25,181,111,159,68,Nenhuma,44,85
309,23.6,55,103,47,169,177,136,112,Expositor 1,65,129
309,23.6,56,7,80,74,247,41,164,Nenhuma,66,166
309,23.6,64,167,13,204,110,185,61,Nenhuma,36,97
309,23.6,66,313,23,347,95,330,59,Nenhuma,33,72
309,23.6,67,142,25,171,99,156,62,Nenhuma,29,73
309,23.6,77,16,86,62,181,39,134,Nenhuma,45,95
309,23.6,100,104,46,166,129,135,87,Nenhuma,62,82
309,23.6,102,31,136,152,352,91,244,Nenhuma,120,216
309,23.6,103,407,63,439,137,423,100,Expositor 2,31,73
309,23.6,106,317,313,387,359,352,336,Nenhuma,69,45
310,23.68,1,357,32,401,127,379,80,Nenhuma,43,95
310,23.68,19,413,69,483,232,448,151,Expositor 2,70,163
310,23.68,34,138,25,181,111,160,68,Nenhuma,42,86
310,23.68,55,102,45,167,175,135,110,Expositor 1,65,130
310,23.68,64,167,12,203,110,185,61,Nenhuma,36,97
310,23.68,66,315,22,346,90,331,56,Nenhuma,31,67
310,23.68,67,141,25,171,99,156,62,Nenhuma,29,74
310,23.68,77,16,86,61,182,39,134,Nenhuma,45,96
310,23.68,100,102,43,166,128,134,86,Nenhuma,63,84
310,23.68,102,30,137,150,352,90,244,Nenhuma,119,214
310,23.68,103,406,64,437,137,422,100,Expositor 2,31,72
310,23.68,106,317,313,386,359,351,336,Nenhuma,68,45
311,23.75,1,357,31,401,128,379,80,Nenhuma,44,97
311,23.75,19,411,69,480,230,446,150,Expositor 2,69,161
311,23.75,34,138,25,180,112,159,68,Nenhuma,41,87
311,23.75,54,334,48,367,123,351,86,Nenhuma,32,74
311,23.75,55,100,42,168,177,134,110,Expositor 1,67,134
311,23.75,64,167,12,203,110,185,61,Nenhuma,36,97
311,23.75,66,315,22,347,90,331,56,Nenhuma,31,67
311,23.75,67,141,25,171,100,156,63,Nenhuma,29,74
311,23.75,77,14,88,59,182,37,135,Nenhuma,45,94
311,23.75,100,101,41,166,128,133,84,Nenhuma,65,86
311,23.75,102,30,137,149,351,89,244,Nenhuma,119,214
311,23.75,103,404,63,436,139,420,101,Expositor 2,31,75
311,23.75,106,314,314,383,359,349,336,Nenhuma,68,44
312,23.83,1,357,31,402,130,379,80,Nenhuma,44,99
312,23.83,19,411,68,478,223,445,146,Expositor 2,66,155
312,23.83,34,139,25,180,112,160,68,Nenhuma,41,87
312,23.83,54,334,48,367,123,350,86,Nenhuma,32,74
312,23.83,55,101,51,166,178,134,115,Expositor 1,64,126
312,23.83,64,167,12,203,110,185,61,Nenhuma,36,97
312,23.83,66,316,22,348,90,332,56,Nenhuma,31,68
312,23.83,77,12,81,61,184,37,132,Nenhuma,48,102
312,23.83,100,103,52,161,127,132,90,Nenhuma,58,75
312,23.83,102,31,137,149,351,90,244,Nenhuma,118,213
312,23.83,103,403,64,434,139,418,101,Expositor 2,31,75
312,23.83,106,311,313,381,358,346,336,Nenhuma,70,45
313,23.91,1,357,31,401,131,379,81,Nenhuma,44,99
313,23.91,19,416,68,481,218,448,143,Expositor 2,64,149
313,23.91,34,139,25,180,113,160,69,Nenhuma,40,88
313,23.91,54,334,48,366,123,350,86,Nenhuma,32,74
313,23.91,55,101,57,165,178,133,118,Expositor 1,63,121
313,23.91,64,167,12,202,109,185,61,Nenhuma,35,96
313,23.91,66,316,22,348,90,332,56,Nenhuma,32,68
313,23.91,77,11,80,61,184,36,132,Nenhuma,49,103
313,23.91,100,102,52,160,127,131,90,Nenhuma,57,75
313,23.91,102,31,138,149,351,90,244,Nenhuma,117,212
313,23.91,103,402,64,433,139,418,102,Expositor 2,31,75
313,23.91,106,308,313,379,359,343,336,Nenhuma,71,45
314,23.98,1,357,31,401,132,379,82,Nenhuma,44,100
314,23.98,19,418,69,481,216,450,142,Expositor 2,63,147
314,23.98,34,140,25,180,113,160,69,Nenhuma,40,88
314,23.98,54,333,48,366,123,350,86,Nenhuma,32,74
314,23.98,55,101,57,164,179,133,118,Expositor 1,63,121
314,23.98,64,167,12,203,109,185,61,Nenhuma,35,96
314,23.98,67,136,25,170,112,153,68,Nenhuma,33,87
314,23.98,77,9,80,63,194,36,137,Nenhuma,53,114
314,23.98,100,102,52,159,127,131,90,Nenhuma,57,74
314,23.98,102,33,139,149,351,91,245,Nenhuma,116,211
314,23.98,103,402,64,433,140,417,102,Expositor 2,31,76
314,23.98,106,305,312,378,359,342,335,Nenhuma,72,46
315,24.06,1,357,31,402,132,379,82,Nenhuma,44,100
315,24.06,19,417,66,481,215,449,140,Expositor 2,63,148
315,24.06,34,139,25,179,114,159,69,Nenhuma,40,89
315,24.06,55,98,40,170,179,134,110,Expositor 1,71,139
315,24.06,64,167,12,202,109,185,61,Nenhuma,35,96
315,24.06,67,135,25,170,113,152,69,Nenhuma,34,88
315,24.06,77,10,77,65,192,38,135,Nenhuma,54,114
315,24.06,100,102,53,159,127,130,90,Nenhuma,56,73
315,24.06,102,39,156,148,351,93,254,Nenhuma,109,194
315,24.06,103,401,62,432,139,417,100,Expositor 2,30,77
315,24.06,106,305,312,379,359,342,335,Nenhuma,73,46
316,24.14,1,357,31,401,132,379,82,Nenhuma,44,100
316,24.14,19,417,64,481,214,449,139,Expositor 2,64,150
316,24.14,34,138,25,178,114,158,69,Nenhuma,39,89
316,24.14,55,98,37,171,180,135,108,Expositor 1,72,142
316,24.14,56,9,76,68,228,39,152,Nenhuma,59,151
316,24.14,64,167,12,202,108,185,60,Nenhuma,35,96
316,24.14,67,134,25,168,115,151,70,Nenhuma,34,89
316,24.14,77,10,77,65,193,37,135,Nenhuma,54,116
316,24.14,100,106,39,147,94,126,67,Nenhuma,41,55
316,24.14,102,44,164,150,351,97,257,Nenhuma,106,187
316,24.14,103,401,62,431,137,416,99,Nenhuma,29,75
316,24.14,106,304,312,378,359,341,335,Nenhuma,74,46
317,24.21,1,357,31,401,134,379,83,Nenhuma,44,102
317,24.21,19,415,61,479,214,447,138,Expositor 2,64,152
317,24.21,34,139,25,177,113,158,69,Nenhuma,38,88
317,24.21,55,98,41,169,180,134,110,Expositor 1,70,138
317,24.21,56,7,76,72,247,39,162,Nenhuma,65,170
317,24.21,64,167,12,202,108,185,60,Nenhuma,34,95
317,24.21,67,134,24,168,115,151,70,Nenhuma,34,90
317,24.21,77,9,76,65,194,37,135,Nenhuma,55,118
317,24.21,100,106,38,146,91,126,64,Nenhuma,39,52
317,24.21,102,43,167,148,353,96,260,Nenhuma,105,185
317,24.21,103,402,62,431,137,417,100,Expositor 2,29,74
317,24.21,106,303,312,378,358,341,335,Nenhuma,75,46
318,24.29,1,357,31,401,132,379,82,Nenhuma,43,101
318,24.29,19,416,60,482,214,449,137,Expositor 2,65,154
318,24.29,34,139,25,178,113,159,69,Nenhuma,38,87
318,24.29,55,98,41,169,180,133,110,Expositor 1,70,138
318,24.29,56,8,79,72,252,40,165,Nenhuma,64,172
318,24.29,64,167,12,202,108,185,60,Nenhuma,35,96
318,24.29,67,138,25,169,107,153,66,Nenhuma,30,82
318,24.29,77,9,75,65,195,37,135,Nenhuma,56,119
318,24.29,88,31,72,60,118,46,95,Nenhuma,28,45
318,24.29,100,106,37,144,87,125,62,Nenhuma,38,50
318,24.29,102,54,176,154,351,104,264,Expositor 1,99,175
318,24.29,103,402,61,431,137,416,99,Nenhuma,29,75
318,24.29,106,302,311,379,359,340,335,Nenhuma,76,47
319,24.36,1,357,31,401,132,379,81,Nenhuma,43,101
319,24.36,19,417,58,484,214,450,136,Expositor 2,67,155
319,24.36,34,140,25,178,112,159,69,Nenhuma,37,86
319,24.36,55,98,42,168,180,133,111,Expositor 1,70,137
319,24.36,56,7,78,73,253,40,166,Nenhuma,65,174
319,24.36,64,167,12,202,108,185,60,Nenhuma,35,96
319,24.36,67,128,24,156,99,142,61,Nenhuma,27,74
319,24.36,77,10,90,68,212,39,151,Nenhuma,57,121
319,24.36,88,31,73,62,121,46,97,Nenhuma,30,48
319,24.36,100,106,36,142,84,124,60,Nenhuma,36,47
319,24.36,102,55,179,156,355,106,267,Expositor 1,100,175
319,24.36,103,401,56,431,136,416,96,Nenhuma,30,79
319,24.36,106,301,311,379,359,340,335,Nenhuma,77,47
320,24.44,1,358,31,401,131,380,81,Nenhuma,43,99
320,24.44,19,416,57,483,214,449,135,Expositor 2,67,156
320,24.44,34,141,26,178,113,160,70,Nenhuma,37,87
320,24.44,55,97,43,167,179,132,111,Expositor 1,69,136
320,24.44,56,7,78,73,255,40,166,Nenhuma,65,176
320,24.44,64,167,12,202,108,185,60,Nenhuma,34,96
320,24.44,67,127,24,155,98,141,61,Nenhuma,27,74
320,24.44,77,5,87,69,220,37,154,Nenhuma,63,133
320,24.44,88,31,73,61,119,46,96,Nenhuma,30,46
320,24.44,100,118,24,154,74,136,49,Nenhuma,36,49
320,24.44,102,56,183,155,356,105,270,Expositor 1,98,172
320,24.44,103,399,50,431,136,415,93,Nenhuma,31,85
320,24.44,106,299,307,382,359,340,333,Nenhuma,82,51
321,24.52,1,358,31,401,131,380,81,Nenhuma,43,100
321,24.52,19,410,56,477,212,443,134,Expositor 2,66,155
321,24.52,34,142,26,179,114,160,70,Nenhuma,36,87
321,24.52,55,97,43,167,179,132,111,Expositor 1,69,135
321,24.52,56,7,78,73,256,40,167,Nenhuma,66,178
321,24.52,64,167,12,202,108,185,60,Nenhuma,34,96
321,24.52,67,126,24,154,98,140,61,Nenhuma,27,74
321,24.52,77,2,86,70,227,36,156,Nenhuma,67,140
321,24.52,88,32,73,62,119,47,96,Nenhuma,30,46
321,24.52,100,119,23,154,73,137,48,Nenhuma,35,50
321,24.52,102,57,187,154,357,105,272,Expositor 1,97,170
321,24.52,103,399,50,430,136,415,93,Nenhuma,30,86
321,24.52,106,298,306,383,359,341,332,Nenhuma,84,52
321,24.52,111,6,88,155,354,80,221,Nenhuma,148,265
322,24.59,1,358,31,401,132,379,81,Nenhuma,43,100
322,24.59,19,408,53,475,212,441,132,Expositor 2,67,159
322,24.59,34,142,27,178,113,160,70,Nenhuma,36,86
322,24.59,55,97,43,167,179,132,111,Expositor 1,69,135
322,24.59,64,167,12,202,109,184,60,Nenhuma,35,97
322,24.59,67,125,24,148,85,137,55,Nenhuma,23,60
322,24.59,77,1,89,73,238,37,164,Nenhuma,72,149
322,24.59,88,32,73,62,118,47,95,Nenhuma,30,45
322,24.59,100,120,21,154,69,137,45,Nenhuma,34,48
322,24.59,102,60,194,154,357,107,275,Expositor 1,94,162
322,24.59,103,398,49,430,136,414,93,Nenhuma,31,87
322,24.59,106,299,306,383,359,341,332,Nenhuma,84,52
322,24.59,111,5,88,154,354,79,221,Nenhuma,148,265
322,24.59,112,98,43,162,124,130,84,Nenhuma,64,80
323,24.67,1,358,31,401,132,379,82,Nenhuma,43,100
323,24.67,19,405,53,471,207,438,130,Expositor 2,66,154
323,24.67,34,143,27,179,113,161,70,Nenhuma,35,86
323,24.67,55,97,43,167,179,132,111,Expositor 1,70,135
323,24.67,64,167,12,202,109,184,60,Nenhuma,35,97
323,24.67,67,125,24,148,83,136,54,Nenhuma,23,58
323,24.67,77,0,89,73,242,37,166,Nenhuma,73,152
323,24.67,88,31,73,63,122,47,97,Nenhuma,32,49
323,24.67,100,121,18,155,65,138,42,Nenhuma,33,46
323,24.67,102,61,198,154,358,107,278,Expositor 1,92,159
323,24.67,103,398,48,429,136,413,92,Nenhuma,31,88
323,24.67,106,299,306,384,359,341,332,Nenhuma,84,52
323,24.67,111,6,95,153,354,79,224,Nenhuma,146,259
323,24.67,112,97,43,163,124,130,84,Nenhuma,65,81
324,24.75,1,358,31,401,130,379,81,Nenhuma,43,98
324,24.75,19,399,54,460,200,430,127,Expositor 2,61,145
324,24.75,34,143,27,179,113,161,70,Nenhuma,35,86
324,24.75,55,97,44,167,179,132,111,Expositor 1,69,134
324,24.75,64,167,11,202,109,184,60,Nenhuma,35,97
324,24.75,67,125,24,148,81,136,53,Nenhuma,22,56
324,24.75,77,-3,92,79,267,37,180,Nenhuma,83,175
324,24.75,88,32,73,63,121,47,97,Nenhuma,31,48
324,24.75,100,123,16,155,62,139,39,Nenhuma,32,45
324,24.75,102,62,203,153,359,108,281,Expositor 1,90,156
324,24.75,103,397,47,429,136,413,92,Nenhuma,31,89
324,24.75,106,298,305,383,359,340,332,Nenhuma,85,53
324,24.75,111,6,95,153,354,80,224,Nenhuma,146,258
324,24.75,112,97,44,164,126,130,85,Nenhuma,66,82
325,24.82,1,357,32,400,129,379,81,Nenhuma,42,96
325,24.82,19,397,53,456,196,427,124,Expositor 2,58,142
325,24.82,34,143,27,179,113,161,70,Nenhuma,35,86
325,24.82,55,97,45,167,179,132,112,Expositor 1,69,133
325,24.82,64,167,11,202,110,184,60,Nenhuma,35,98
325,24.82,67,124,24,148,81,136,53,Nenhuma,23,56
325,24.82,77,-2,94,79,265,38,179,Nenhuma,81,171
325,24.82,88,30,73,65,127,48,100,Nenhuma,34,54
325,24.82,102,63,207,152,360,108,284,Expositor 1,88,153
325,24.82,106,300,307,382,359,341,333,Nenhuma,81,51
325,24.82,111,6,96,152,354,79,225,Nenhuma,146,257
325,24.82,112,98,44,163,124,131,84,Nenhuma,64,80
326,24.9,1,358,32,400,129,379,81,Nenhuma,42,96
326,24.9,19,397,52,454,193,426,122,Expositor 2,56,140
326,24.9,34,143,26,179,114,161,70,Nenhuma,35,87
326,24.9,55,97,46,166,179,132,112,Expositor 1,69,132
326,24.9,64,167,11,202,110,184,60,Nenhuma,35,98
326,24.9,67,123,24,148,83,136,54,Nenhuma,25,59
326,24.9,77,0,94,79,264,39,179,Nenhuma,80,169
326,24.9,88,30,73,66,129,48,101,Nenhuma,36,56
326,24.9,106,300,307,382,359,341,333,Nenhuma,81,51
326,24.9,111,6,97,151,354,79,226,Nenhuma,145,256
326,24.9,112,99,45,162,123,131,84,Nenhuma,63,77
327,24.98,1,358,34,400,128,379,81,Nenhuma,41,93
327,24.98,19,398,52,453,191,425,122,Expositor 2,55,138
327,24.98,34,144,26,179,114,162,70,Nenhuma,35,87
327,24.98,55,97,47,166,179,131,113,Expositor 1,68,131
327,24.98,64,167,11,202,110,185,60,Nenhuma,35,98
327,24.98,67,123,24,148,83,136,54,Nenhuma,25,58
327,24.98,77,0,95,78,259,39,177,Nenhuma,78,164
327,24.98,88,30,73,66,130,48,101,Nenhuma,36,57
327,24.98,102,73,231,150,357,112,294,Expositor 1,76,125
327,24.98,106,300,307,382,358,341,333,Nenhuma,82,51
327,24.98,111,6,98,151,354,78,226,Nenhuma,144,255
327,24.98,112,99,46,162,123,131,84,Nenhuma,63,77
328,25.05,1,358,34,401,129,379,81,Nenhuma,42,95
328,25.05,19,404,51,449,158,427,104,Expositor 2,44,107
328,25.05,34,143,26,179,114,161,70,Nenhuma,35,87
328,25.05,55,97,49,165,179,131,114,Expositor 1,68,129
328,25.05,64,167,11,202,109,185,60,Nenhuma,34,97
328,25.05,67,122,24,149,85,135,55,Nenhuma,26,60
328,25.05,77,1,95,78,255,39,175,Nenhuma,77,160
328,25.05,88,30,73,65,128,47,100,Nenhuma,34,55
328,25.05,102,76,237,152,357,114,297,Expositor 1,76,119
328,25.05,106,300,307,382,359,341,333,Nenhuma,81,51
328,25.05,112,96,47,165,132,130,90,Nenhuma,69,85
329,25.13,1,358,33,402,131,380,82,Nenhuma,43,97
329,25.13,19,404,50,444,146,424,98,Nenhuma,40,95
329,25.13,34,143,26,179,114,161,70,Nenhuma,35,88
329,25.13,55,97,49,165,179,131,114,Expositor 1,68,129
329,25.13,64,168,11,202,109,185,60,Nenhuma,34,97
329,25.13,67,122,24,149,87,136,56,Nenhuma,27,62
329,25.13,77,3,90,82,254,42,172,Nenhuma,79,163
329,25.13,88,30,73,64,126,47,99,Nenhuma,33,53
329,25.13,102,69,241,148,357,109,299,Expositor 1,78,116
329,25.13,106,295,311,374,358,334,335,Nenhuma,78,47
329,25.13,112,97,47,163,128,130,88,Nenhuma,65,80
330,25.2,1,358,33,402,131,380,82,Nenhuma,43,97
330,25.2,19,401,49,440,141,421,95,Nenhuma,39,91
330,25.2,34,143,26,178,114,160,70,Nenhuma,35,87
330,25.2,55,97,49,166,179,131,114,Expositor 1,68,129
330,25.2,64,168,12,202,109,185,60,Nenhuma,34,96
330,25.2,67,122,24,150,87,136,56,Nenhuma,28,62
330,25.2,77,3,92,83,253,43,172,Nenhuma,79,161
330,25.2,88,31,73,63,122,47,98,Nenhuma,31,49
330,25.2,102,67,242,148,357,107,299,Expositor 1,81,114
330,25.2,106,292,312,371,359,332,335,Nenhuma,79,46
330,25.2,112,97,48,163,129,130,89,Nenhuma,66,81
331,25.28,1,357,34,402,134,379,84,Nenhuma,44,99
331,25.28,19,399,46,439,139,419,93,Nenhuma,40,93
331,25.28,34,143,26,178,114,160,70,Nenhuma,34,87
331,25.28,55,97,49,166,179,131,114,Expositor 1,68,129
331,25.28,64,168,12,202,108,185,60,Nenhuma,34,96
331,25.28,67,121,24,150,87,136,56,Nenhuma,28,62
331,25.28,77,3,93,83,253,43,173,Nenhuma,79,159
331,25.28,88,31,73,63,122,47,98,Nenhuma,31,48
331,25.28,102,66,244,150,357,108,300,Expositor 1,83,112
331,25.28,106,293,313,372,358,333,336,Nenhuma,78,45
331,25.28,112,98,48,162,127,130,87,Nenhuma,64,79
332,25.36,1,356,33,400,134,378,84,Nenhuma,44,100
332,25.36,19,398,45,438,138,418,91,Nenhuma,39,92
332,25.36,34,142,27,177,114,160,70,Nenhuma,35,87
332,25.36,55,97,50,165,178,131,114,Expositor 1,68,128
332,25.36,64,168,12,202,108,185,60,Nenhuma,34,96
332,25.36,67,122,25,150,87,136,56,Nenhuma,28,62
332,25.36,77,3,93,84,253,44,173,Nenhuma,80,159
332,25.36,88,34,74,68,124,51,99,Nenhuma,34,50
332,25.36,102,65,245,151,357,108,301,Nenhuma,86,111
332,25.36,106,292,314,372,359,332,336,Nenhuma,80,44
332,25.36,112,99,48,162,125,130,87,Nenhuma,63,77
333,25.43,1,356,33,399,130,377,81,Nenhuma,42,97
333,25.43,19,396,47,435,137,415,92,Nenhuma,39,90
333,25.43,34,142,27,177,115,159,71,Nenhuma,35,88
333,25.43,55,97,50,165,178,131,114,Expositor 1,68,127
333,25.43,64,167,12,202,108,185,60,Nenhuma,34,96
333,25.43,67,121,25,150,87,135,56,Nenhuma,28,62
333,25.43,77,3,96,84,254,43,175,Nenhuma,80,158
333,25.43,88,32,74,66,124,49,99,Nenhuma,34,50
333,25.43,102,64,245,153,357,109,301,Nenhuma,88,111
333,25.43,106,293,314,373,359,333,336,Nenhuma,80,44
333,25.43,112,98,48,162,126,130,87,Nenhuma,63,77
334,25.51,1,355,33,397,128,376,80,Nenhuma,42,95
334,25.51,19,394,44,434,136,414,90,Nenhuma,40,91
334,25.51,34,142,27,177,115,159,71,Nenhuma,34,88
334,25.51,55,96,50,165,177,131,114,Expositor 1,68,127
334,25.51,64,167,12,202,108,185,60,Nenhuma,34,96
334,25.51,67,121,25,150,87,136,56,Nenhuma,28,62
334,25.51,77,3,96,85,257,44,177,Nenhuma,82,160
334,25.51,88,31,74,64,123,47,98,Nenhuma,33,49
334,25.51,102,63,246,154,357,109,301,Nenhuma,90,110
334,25.51,106,293,315,372,359,332,337,Nenhuma,79,43
334,25.51,112,97,48,162,126,130,87,Nenhuma,64,77
335,25.59,1,356,32,397,126,377,79,Nenhuma,41,94
335,25.59,19,392,43,433,136,413,90,Nenhuma,40,92
335,25.59,34,142,27,176,115,159,71,Nenhuma,34,88
335,25.59,55,96,50,165,177,131,114,Expositor 1,69,127
335,25.59,64,167,11,202,108,185,60,Nenhuma,34,96
335,25.59,67,122,25,151,88,136,56,Nenhuma,29,63
335,25.59,77,2,97,85,257,43,177,Nenhuma,82,159
335,25.59,88,29,74,65,127,47,100,Nenhuma,35,52
335,25.59,102,62,245,155,357,109,301,Nenhuma,92,111
335,25.59,106,292,315,371,359,332,337,Nenhuma,78,43
335,25.59,112,97,48,162,126,129,87,Nenhuma,64,78
336,25.66,1,356,32,397,126,376,79,Nenhuma,41,94
336,25.66,19,392,43,433,136,413,89,Nenhuma,41,92
336,25.66,34,141,26,176,115,159,70,Nenhuma,34,89
336,25.66,55,96,49,166,178,131,114,Expositor 1,69,129
336,25.66,64,167,11,202,109,184,60,Nenhuma,34,97
336,25.66,67,121,25,151,89,136,57,Nenhuma,29,64
336,25.66,77,1,97,83,254,42,175,Nenhuma,81,156
336,25.66,88,29,74,65,128,47,101,Nenhuma,36,53
336,25.66,102,61,244,157,357,109,300,Expositor 1,95,112
336,25.66,106,292,316,370,359,331,337,Nenhuma,77,42
336,25.66,112,97,47,163,126,130,87,Nenhuma,65,79
337,25.74,1,356,31,397,124,376,78,Nenhuma,40,92
337,25.74,19,392,42,434,135,413,89,Nenhuma,42,92
337,25.74,34,141,26,176,115,159,70,Nenhuma,34,89
337,25.74,55,96,49,166,178,131,114,Expositor 1,70,129
337,25.74,64,167,12,202,109,184,61,Nenhuma,34,97
337,25.74,67,121,25,151,89,136,57,Nenhuma,29,64
337,25.74,77,1,96,82,252,41,174,Nenhuma,81,155
337,25.74,88,28,75,65,129,46,102,Nenhuma,36,53
337,25.74,102,59,242,157,357,108,299,Expositor 1,98,114
337,25.74,112,97,47,162,126,130,87,Nenhuma,65,78
338,25.82,1,355,31,397,127,376,79,Nenhuma,41,95
338,25.82,19,390,41,433,135,411,88,Nenhuma,43,93
338,25.82,34,141,26,176,115,158,70,Nenhuma,34,89
338,25.82,55,96,50,166,178,131,114,Expositor 1,69,128
338,25.82,64,167,12,202,109,184,61,Nenhuma,34,97
338,25.82,67,121,25,151,89,136,57,Nenhuma,29,64
338,25.82,77,0,96,82,253,41,175,Nenhuma,81,156
338,25.82,88,28,75,64,129,46,102,Nenhuma,36,54
338,25.82,102,59,244,156,357,108,300,Expositor 1,96,112
338,25.82,112,99,48,162,124,131,86,Nenhuma,63,76
339,25.89,1,354,31,397,130,375,81,Nenhuma,42,98
339,25.89,19,392,40,436,134,414,87,Nenhuma,44,94
339,25.89,34,141,25,175,115,158,70,Nenhuma,33,89
339,25.89,55,96,50,166,178,131,114,Expositor 1,69,128
339,25.89,64,167,12,201,110,184,61,Nenhuma,34,97
339,25.89,67,121,25,151,88,136,56,Nenhuma,29,63
339,25.89,77,0,97,83,260,41,178,Nenhuma,84,162
339,25.89,88,28,75,64,129,46,102,Nenhuma,36,54
339,25.89,102,53,238,157,357,105,297,Expositor 1,103,118
339,25.89,112,100,49,162,124,131,86,Nenhuma,62,74
340,25.97,1,354,32,396,128,375,80,Nenhuma,41,96
340,25.97,19,391,40,435,133,413,87,Nenhuma,44,92
340,25.97,34,141,25,174,111,157,68,Nenhuma,32,86
340,25.97,55,96,49,166,179,131,114,Expositor 1,70,129
340,25.97,64,167,13,201,110,184,61,Nenhuma,34,97
340,25.97,67,121,25,150,87,136,56,Nenhuma,29,62
340,25.97,77,-2,96,83,262,40,179,Nenhuma,85,165
340,25.97,88,28,75,63,127,46,101,Nenhuma,34,52
340,25.97,102,53,238,156,357,105,298,Expositor 1,102,118
340,25.97,112,99,48,162,123,131,85,Nenhuma,62,74
341,26.04,1,355,33,395,126,375,79,Nenhuma,39,92
341,26.04,19,391,41,436,134,414,87,Nenhuma,45,93
341,26.04,34,141,25,174,114,158,69,Nenhuma,33,89
341,26.04,55,95,47,167,179,131,113,Expositor 1,71,131
341,26.04,64,167,13,202,110,184,61,Nenhuma,34,97
341,26.04,67,121,24,150,87,135,55,Nenhuma,29,62
341,26.04,77,-1,96,80,256,39,176,Nenhuma,82,159
341,26.04,88,29,74,63,125,46,100,Nenhuma,34,51
341,26.04,102,53,239,156,357,104,298,Expositor 1,102,117
341,26.04,112,100,48,162,123,131,85,Nenhuma,62,74
342,26.12,1,355,32,393,122,374,77,Nenhuma,38,90
342,26.12,19,381,39,430,134,405,87,Nenhuma,49,95
342,26.12,34,141,25,175,115,158,70,Nenhuma,33,89
342,26.12,55,95,45,168,179,131,112,Expositor 1,72,133
342,26.12,64,167,13,202,110,184,61,Nenhuma,34,97
342,26.12,67,121,24,150,85,135,54,Nenhuma,28,60
342,26.12,77,-1,97,80,257,39,177,Nenhuma,82,160
342,26.12,88,28,74,64,127,46,101,Nenhuma,35,52
342,26.12,102,53,240,155,357,104,298,Expositor 1,101,116
342,26.12,111,4,92,156,355,80,224,Nenhuma,151,263
342,26.12,112,100,48,162,122,131,85,Nenhuma,62,73
343,26.2,1,354,30,393,121,373,76,Nenhuma,38,91
343,26.2,19,375,38,427,135,401,86,Nenhuma,51,96
343,26.2,34,141,25,174,115,158,70,Nenhuma,33,89
343,26.2,55,95,44,168,179,131,111,Expositor 1,72,134
343,26.2,64,167,13,202,110,184,61,Nenhuma,34,96
343,26.2,67,121,23,149,82,135,53,Nenhuma,27,58
343,26.2,77,-2,97,80,258,39,177,Nenhuma,82,160
343,26.2,88,29,74,64,127,46,101,Nenhuma,35,52
343,26.2,111,3,91,157,356,80,223,Nenhuma,153,264
343,26.2,112,97,44,162,122,130,83,Nenhuma,65,78
344,26.27,1,354,30,392,121,373,75,Nenhuma,38,90
344,26.27,19,371,37,425,134,398,86,Nenhuma,54,96
344,26.27,34,142,26,175,115,158,70,Nenhuma,32,88
344,26.27,55,94,43,168,179,131,111,Expositor 1,73,135
344,26.27,56,51,165,139,355,95,260,Nenhuma,87,190
344,26.27,64,167,13,202,110,184,61,Nenhuma,34,96
344,26.27,67,122,23,150,82,136,53,Nenhuma,27,58
344,26.27,77,0,91,72,231,36,161,Nenhuma,72,139
344,26.27,88,28,75,65,129,46,102,Nenhuma,36,54
344,26.27,111,3,90,158,354,80,222,Nenhuma,154,264
344,26.27,112,97,43,163,122,130,83,Nenhuma,66,79
345,26.35,1,354,30,392,120,373,75,Nenhuma,38,90
345,26.35,19,368,37,424,135,396,86,Nenhuma,56,97
345,26.35,34,142,26,175,115,158,71,Nenhuma,32,88
345,26.35,55,95,43,167,179,131,111,Expositor 1,72,135
345,26.35,56,54,168,141,359,97,264,Nenhuma,87,190
345,26.35,64,167,13,202,109,184,61,Nenhuma,34,96
345,26.35,67,123,23,150,79,137,51,Nenhuma,26,55
345,26.35,77,2,93,67,218,34,156,Nenhuma,65,125
345,26.35,88,29,75,64,129,46,102,Nenhuma,35,54
345,26.35,111,3,92,157,353,80,222,Nenhuma,153,261
345,26.35,112,96,43,163,122,129,82,Nenhuma,66,79
346,26.43,1,353,30,391,119,372,75,Nenhuma,37,89
346,26.43,19,367,37,425,135,396,86,Nenhuma,58,97
346,26.43,34,142,26,174,115,158,71,Nenhuma,32,88
346,26.43,55,95,44,167,179,131,111,Expositor 1,72,134
346,26.43,56,56,172,144,363,100,268,Expositor 1,87,191
346,26.43,64,167,13,202,109,184,61,Nenhuma,34,96
346,26.43,67,123,23,150,80,137,52,Nenhuma,26,56
346,26.43,77,6,92,65,203,35,148,Nenhuma,59,110
346,26.43,88,26,75,67,137,46,106,Nenhuma,40,62
346,26.43,111,3,92,158,352,80,222,Nenhuma,154,259
346,26.43,112,97,41,155,110,126,75,Nenhuma,57,69
347,26.5,19,365,37,425,135,395,86,Nenhuma,59,97
347,26.5,34,142,26,174,116,158,71,Nenhuma,32,89
347,26.5,55,95,44,167,179,131,111,Expositor 1,72,134
347,26.5,56,48,120,158,357,103,239,Expositor 1,110,237
347,26.5,64,167,12,202,109,185,60,Nenhuma,34,96
347,26.5,67,124,23,150,79,137,51,Nenhuma,26,55
347,26.5,77,7,92,63,198,35,145,Nenhuma,56,105
347,26.5,88,28,75,65,132,46,103,Nenhuma,36,57
347,26.5,111,4,93,159,353,81,223,Nenhuma,155,259
347,26.5,112,98,40,154,110,126,75,Nenhuma,56,69
348,26.58,19,364,37,424,135,394,86,Nenhuma,60,97
348,26.58,34,141,26,174,116,158,71,Nenhuma,32,89
348,26.58,55,95,45,167,179,131,112,Expositor 1,71,133
348,26.58,56,55,134,162,358,108,246,Expositor 1,106,223
348,26.58,64,167,12,202,108,185,60,Nenhuma,34,96
348,26.58,67,125,23,151,78,138,51,Nenhuma,25,54
348,26.58,77,8,92,62,193,35,143,Nenhuma,54,100
348,26.58,88,29,75,64,129,47,102,Nenhuma,35,54
348,26.58,111,4,93,159,353,81,223,Nenhuma,155,259
348,26.58,112,99,40,153,107,126,73,Nenhuma,53,66
348,26.58,114,-2,93,71,256,34,175,Nenhuma,74,162
349,26.66,19,364,37,425,135,394,86,Nenhuma,61,98
349,26.66,34,142,26,174,115,158,70,Nenhuma,32,89
349,26.66,55,96,49,166,179,131,114,Expositor 1,70,130
349,26.66,56,59,137,165,356,112,247,Expositor 1,106,218
349,26.66,64,167,12,202,108,185,60,Nenhuma,34,96
349,26.66,67,125,23,151,77,138,50,Nenhuma,25,53
349,26.66,77,8,92,60,188,34,140,Nenhuma,51,95
349,26.66,88,30,74,64,127,47,100,Nenhuma,34,52
349,26.66,111,4,93,159,353,81,223,Nenhuma,155,259
349,26.66,112,101,39,153,105,127,72,Nenhuma,51,65
349,26.66,114,-3,94,68,251,32,172,Nenhuma,71,157
349,26.66,115,29,74,67,152,48,113,Nenhuma,37,77
350,26.73,19,363,37,426,135,394,86,Nenhuma,62,98
350,26.73,34,142,26,174,115,158,70,Nenhuma,32,89
350,26.73,55,96,49,166,179,131,114,Expositor 1,70,130
350,26.73,56,57,137,163,352,110,245,Expositor 1,105,215
350,26.73,64,167,12,202,108,185,60,Nenhuma,34,96
350,26.73,67,126,23,151,76,138,50,Nenhuma,24,52
350,26.73,88,31,74,64,125,47,99,Nenhuma,32,50
350,26.73,111,4,93,159,352,82,223,Nenhuma,154,259
350,26.73,112,102,39,152,104,127,71,Nenhuma,50,65
350,26.73,114,-2,94,67,248,32,171,Nenhuma,69,153
350,26.73,115,29,75,67,152,48,114,Nenhuma,37,77
351,26.81,19,362,37,425,135,394,86,Nenhuma,63,98
351,26.81,34,142,25,174,114,158,69,Nenhuma,32,89
351,26.81,55,95,44,167,179,131,112,Expositor 1,72,134
351,26.81,56,56,134,161,349,108,242,Expositor 1,105,214
351,26.81,64,167,12,201,108,184,60,Nenhuma,34,96
351,26.81,67,127,24,150,75,138,49,Nenhuma,23,50
351,26.81,88,31,74,64,124,47,99,Nenhuma,32,50
351,26.81,112,100,38,157,114,129,76,Nenhuma,57,75
351,26.81,114,-2,92,67,247,32,170,Nenhuma,69,154
351,26.81,115,29,75,67,153,48,114,Nenhuma,38,78
352,26.88,19,361,37,425,135,393,86,Nenhuma,63,97
352,26.88,34,142,25,174,114,158,69,Nenhuma,32,89
352,26.88,55,98,56,165,179,131,117,Expositor 1,66,122
352,26.88,56,55,133,159,347,107,240,Expositor 1,104,214
352,26.88,64,167,12,201,108,184,60,Nenhuma,34,96
352,26.88,67,126,24,150,75,138,50,Nenhuma,23,50
352,26.88,77,6,94,62,194,34,144,Nenhuma,55,99
352,26.88,88,31,74,64,124,48,99,Nenhuma,32,49
352,26.88,112,104,37,150,98,127,68,Nenhuma,46,61
352,26.88,114,0,93,70,250,35,171,Nenhuma,71,156
352,26.88,115,28,75,67,154,47,115,Nenhuma,38,78
353,26.96,19,360,37,425,135,393,86,Nenhuma,64,97
353,26.96,34,142,24,174,114,158,69,Nenhuma,32,89
353,26.96,55,98,55,166,180,132,118,Expositor 1,67,124
353,26.96,56,53,131,158,343,106,237,Expositor 1,104,211
353,26.96,64,167,11,201,108,184,60,Nenhuma,34,96
353,26.96,67,127,25,150,74,138,49,Nenhuma,23,49
353,26.96,77,4,93,60,191,32,142,Nenhuma,55,97
353,26.96,88,32,74,64,124,48,99,Nenhuma,32,49
353,26.96,112,104,36,149,97,127,67,Nenhuma,45,60
353,26.96,114,-1,92,68,247,33,170,Nenhuma,70,155
354,27.04,19,361,37,426,134,393,86,Nenhuma,65,97
354,27.04,34,142,24,174,113,158,69,Nenhuma,32,89
354,27.04,55,98,58,166,182,132,120,Expositor 1,67,123
354,27.04,56,51,131,156,343,104,237,Expositor 1,105,211
354,27.04,64,167,11,201,108,184,60,Nenhuma,34,97
354,27.04,67,127,25,150,74,138,49,Nenhuma,23,49
354,27.04,77,4,93,59,187,31,140,Nenhuma,54,93
354,27.04,88,32,74,64,123,48,99,Nenhuma,32,49
354,27.04,112,106,36,145,88,126,62,Nenhuma,38,51
354,27.04,114,-2,92,67,249,32,171,Nenhuma,70,156
355,27.11,19,361,37,427,134,394,86,Nenhuma,65,96
355,27.11,34,142,24,174,113,158,69,Nenhuma,32,89
355,27.11,55,105,44,161,144,133,94,Nenhuma,55,100
355,27.11,56,49,134,154,343,102,238,Expositor 1,105,208
355,27.11,64,167,11,201,108,184,60,Nenhuma,34,97
355,27.11,67,127,25,150,73,139,49,Nenhuma,22,48
355,27.11,77,2,93,59,191,31,142,Nenhuma,57,97
355,27.11,88,32,74,65,125,49,99,Nenhuma,32,50
355,27.11,112,107,36,144,86,125,61,Nenhuma,37,49
355,27.11,114,-3,92,66,249,31,171,Nenhuma,70,156
356,27.19,19,361,38,427,135,394,87,Nenhuma,66,96
356,27.19,55,111,49,158,131,135,90,Nenhuma,47,81
356,27.19,56,47,137,153,343,100,240,Expositor 1,105,205
356,27.19,64,166,11,201,108,184,60,Nenhuma,34,97
356,27.19,77,6,93,67,192,37,142,Nenhuma,60,99
356,27.19,88,33,74,65,125,49,99,Nenhuma,32,50
356,27.19,112,107,35,143,83,125,59,Nenhuma,35,47
356,27.19,114,-3,92,66,248,31,170,Nenhuma,70,156
357,27.27,19,361,38,428,135,395,87,Nenhuma,66,96
357,27.27,55,112,54,156,126,134,90,Nenhuma,43,72
357,27.27,56,45,139,152,345,98,242,Nenhuma,107,205
357,27.27,64,166,11,201,109,184,60,Nenhuma,34,97
357,27.27,77,7,93,66,186,36,139,Nenhuma,59,93
357,27.27,88,35,74,69,126,52,100,Nenhuma,33,51
357,27.27,112,108,35,142,81,125,58,Nenhuma,34,45
357,27.27,114,-4,92,65,248,30,170,Nenhuma,69,155
358,27.34,19,361,38,428,135,394,87,Nenhuma,67,96
358,27.34,55,103,52,172,167,137,110,Expositor 1,68,114
358,27.34,56,43,140,152,345,97,243,Nenhuma,108,205
358,27.34,64,167,11,202,109,184,60,Nenhuma,35,97
358,27.34,77,5,92,65,184,35,138,Nenhuma,59,91
358,27.34,88,35,75,68,126,51,100,Nenhuma,33,51
359,27.42,19,362,38,430,135,396,87,Nenhuma,67,97
359,27.42,55,100,46,177,179,138,112,Expositor 1,77,133
359,27.42,56,38,133,153,346,95,240,Nenhuma,115,213
359,27.42,64,167,11,202,109,184,60,Nenhuma,35,97
359,27.42,67,141,25,171,91,156,58,Nenhuma,30,65
359,27.42,77,5,92,64,182,34,137,Nenhuma,59,90
359,27.42,88,35,75,69,127,52,101,Nenhuma,33,52
360,27.5,19,362,38,430,135,396,86,Nenhuma,68,97
360,27.5,55,104,50,179,182,142,116,Expositor 1,75,132
360,27.5,56,36,135,153,345,95,240,Nenhuma,117,210
360,27.5,64,167,11,202,109,184,60,Nenhuma,35,97
360,27.5,67,142,26,172,90,157,58,Nenhuma,29,64
360,27.5,77,5,93,64,181,34,137,Nenhuma,59,88
360,27.5,88,35,75,69,127,52,101,Nenhuma,33,52
361,27.57,19,362,38,430,135,396,87,Nenhuma,68,97
361,27.57,55,107,53,180,183,143,118,Expositor 1,73,130
361,27.57,56,38,137,157,345,97,241,Nenhuma,118,207
361,27.57,64,167,11,202,109,184,60,Nenhuma,35,97
361,27.57,67,143,26,173,90,158,58,Nenhuma,29,64
361,27.57,77,4,93,64,181,34,137,Nenhuma,60,88
361,27.57,88,35,75,69,128,52,101,Nenhuma,33,53
361,27.57,118,116,54,171,131,143,93,Nenhuma,54,76
362,27.65,19,362,38,430,135,396,87,Nenhuma,68,97
362,27.65,55,110,54,181,184,145,119,Expositor 1,71,129
362,27.65,56,39,138,160,345,100,241,Expositor 1,121,206
362,27.65,64,166,11,202,109,184,60,Nenhuma,35,97
362,27.65,67,143,26,173,89,158,58,Nenhuma,29,63
362,27.65,77,6,92,69,182,37,137,Nenhuma,63,90
362,27.65,88,36,75,69,127,52,101,Nenhuma,32,52
362,27.65,114,8,90,75,235,41,162,Nenhuma,67,145
362,27.65,118,117,56,172,132,145,94,Nenhuma,54,76
363,27.72,19,363,38,431,135,397,87,Nenhuma,68,96
363,27.72,55,113,54,183,184,148,119,Expositor 1,69,129
363,27.72,56,38,132,166,347,102,240,Expositor 1,127,214
363,27.72,64,167,11,202,108,184,60,Nenhuma,35,97
363,27.72,67,143,26,173,89,158,57,Nenhuma,29,63
363,27.72,77,0,92,65,188,32,140,Nenhuma,66,95
363,27.72,88,36,75,69,127,52,101,Nenhuma,32,52
363,27.72,114,8,89,76,234,42,161,Nenhuma,67,144
363,27.72,118,120,55,175,133,148,94,Nenhuma,55,78
364,27.8,19,363,38,432,135,397,87,Nenhuma,68,97
364,27.8,55,115,55,183,184,149,120,Expositor 1,67,129
364,27.8,56,38,130,170,347,104,239,Expositor 1,131,217
364,27.8,64,167,11,202,108,184,60,Nenhuma,35,96
364,27.8,67,146,26,175,89,160,57,Nenhuma,28,63
364,27.8,77,-4,93,67,198,31,146,Nenhuma,71,105
364,27.8,88,36,75,69,128,52,101,Nenhuma,32,53
364,27.8,114,9,89,76,232,43,161,Nenhuma,66,143
364,27.8,118,121,56,177,134,149,95,Nenhuma,55,77
364,27.8,120,92,39,133,116,113,77,Nenhuma,41,77
365,27.88,19,363,38,431,135,397,87,Nenhuma,68,97
365,27.88,55,117,55,183,184,150,120,Expositor 1,66,129
365,27.88,56,38,128,172,348,105,238,Expositor 1,134,219
365,27.88,64,166,11,202,108,184,60,Nenhuma,35,97
365,27.88,67,146,27,174,88,160,57,Nenhuma,28,60
365,27.88,77,-6,93,70,210,31,151,Nenhuma,77,116
365,27.88,88,35,75,68,129,51,102,Nenhuma,32,54
365,27.88,114,10,89,77,231,43,160,Nenhuma,66,142
365,27.88,118,123,57,178,135,151,96,Nenhuma,55,77
365,27.88,120,91,39,132,115,111,77,Nenhuma,41,76
365,27.88,121,309,23,334,84,322,54,Nenhuma,24,61
366,27.95,19,363,38,432,135,397,87,Nenhuma,68,97
366,27.95,55,119,55,183,184,151,119,Expositor 1,64,129
366,27.95,56,40,127,175,346,108,237,Expositor 1,134,219
366,27.95,64,166,11,202,108,184,60,Nenhuma,35,96
366,27.95,67,145,27,173,86,159,57,Nenhuma,27,58
366,27.95,77,-4,93,74,215,35,154,Nenhuma,78,121
366,27.95,88,35,75,67,128,51,101,Nenhuma,31,52
366,27.95,118,121,54,180,137,151,96,Nenhuma,58,83
366,27.95,120,90,39,131,114,110,76,Nenhuma,41,75
366,27.95,121,310,23,335,85,322,54,Nenhuma,25,62
367,28.03,19,363,38,432,135,397,87,Nenhuma,68,96
367,28.03,55,120,55,184,184,152,119,Expositor 1,63,129
367,28.03,56,42,126,178,347,110,236,Expositor 1,135,220
367,28.03,64,166,11,202,108,184,59,Nenhuma,35,96
367,28.03,67,146,28,173,87,159,57,Nenhuma,27,58
367,28.03,77,-2,93,76,219,37,156,Nenhuma,79,125
367,28.03,88,36,74,68,126,52,100,Nenhuma,31,52
367,28.03,114,15,94,62,187,38,140,Nenhuma,46,92
367,28.03,118,122,54,182,138,152,96,Nenhuma,59,84
367,28.03,120,89,39,131,112,110,75,Nenhuma,41,73
367,28.03,121,311,23,336,85,324,54,Nenhuma,25,62
368,28.11,19,363,38,431,135,397,87,Nenhuma,68,97
368,28.11,55,121,55,183,184,152,119,Expositor 1,62,129
368,28.11,56,44,125,180,347,112,236,Expositor 1,135,222
368,28.11,64,166,11,202,107,184,59,Nenhuma,35,96
368,28.11,67,145,28,174,87,159,57,Nenhuma,28,58
368,28.11,77,-5,93,82,237,38,165,Nenhuma,87,144
368,28.11,88,37,74,68,125,52,100,Nenhuma,30,50
368,28.11,114,17,94,60,182,39,138,Nenhuma,43,87
368,28.11,118,123,55,183,139,153,97,Nenhuma,59,84
368,28.11,120,89,39,131,111,110,75,Nenhuma,41,72
368,28.11,121,311,23,337,85,324,54,Nenhuma,25,62
369,28.18,19,361,38,430,135,396,87,Nenhuma,68,97
369,28.18,55,122,55,183,184,152,119,Expositor 1,61,129
369,28.18,56,47,126,181,345,114,235,Expositor 1,133,219
369,28.18,64,167,10,201,107,184,59,Nenhuma,34,96
369,28.18,67,145,28,174,87,159,57,Nenhuma,28,59
369,28.18,77,-4,93,84,244,40,168,Nenhuma,88,151
369,28.18,88,37,74,67,125,52,100,Nenhuma,30,50
369,28.18,114,17,94,63,184,40,139,Nenhuma,46,89
369,28.18,118,124,55,181,137,152,96,Nenhuma,57,82
369,28.18,120,87,39,129,110,108,75,Nenhuma,42,70
369,28.18,121,311,23,337,86,324,54,Nenhuma,25,63
370,28.26,19,360,38,429,135,395,86,Nenhuma,68,97
370,28.26,55,122,54,183,185,152,119,Expositor 1,61,130
370,28.26,56,51,125,182,343,116,234,Expositor 1,131,218
370,28.26,64,166,10,202,107,184,59,Nenhuma,35,96
370,28.26,67,146,28,176,89,161,58,Nenhuma,29,61
370,28.26,77,-4,93,85,247,40,170,Nenhuma,90,154
370,28.26,88,37,74,67,124,52,99,Nenhuma,30,49
370,28.26,114,17,94,65,183,41,138,Nenhuma,47,89
370,28.26,118,124,55,182,138,153,96,Nenhuma,58,82
370,28.26,120,86,39,130,110,108,75,Nenhuma,43,70
370,28.26,121,311,23,337,86,324,54,Nenhuma,26,63
371,28.34,19,360,37,429,135,394,86,Nenhuma,68,98
371,28.34,55,123,54,183,185,153,119,Expositor 1,60,130
371,28.34,56,53,123,183,341,118,232,Expositor 1,130,218
371,28.34,64,166,10,202,107,184,59,Nenhuma,35,96
371,28.34,67,147,28,176,89,162,59,Nenhuma,29,61
371,28.34,77,0,93,88,247,44,170,Nenhuma,87,154
371,28.34,88,36,74,68,126,52,100,Nenhuma,31,51
371,28.34,114,17,94,66,184,41,139,Nenhuma,48,90
371,28.34,118,124,55,181,135,153,95,Nenhuma,56,80
371,28.34,120,84,40,130,112,107,76,Nenhuma,45,72
371,28.34,121,311,23,337,86,324,54,Nenhuma,26,62
372,28.41,19,359,37,428,135,394,86,Nenhuma,68,98
372,28.41,55,123,54,183,185,153,119,Expositor 1,60,131
372,28.41,56,55,122,183,339,119,230,Expositor 1,128,216
372,28.41,64,166,10,202,107,184,59,Nenhuma,35,96
372,28.41,67,145,26,175,88,160,57,Nenhuma,29,62
372,28.41,77,2,93,87,246,45,169,Nenhuma,85,153
372,28.41,88,35,74,67,125,51,99,Nenhuma,31,51
372,28.41,114,18,94,65,181,42,137,Nenhuma,47,87
372,28.41,118,125,55,180,134,152,94,Nenhuma,55,79
372,28.41,120,84,40,130,112,107,76,Nenhuma,46,72
372,28.41,121,311,23,337,86,324,55,Nenhuma,25,62
373,28.49,19,359,37,428,136,393,86,Nenhuma,69,99
373,28.49,55,123,54,182,185,152,120,Expositor 1,59,131
373,28.49,56,59,120,186,337,122,228,Expositor 1,126,217
373,28.49,64,166,10,202,107,184,59,Nenhuma,35,96
373,28.49,67,144,26,173,89,158,57,Nenhuma,29,62
373,28.49,77,4,92,87,247,45,170,Nenhuma,83,154
373,28.49,88,33,73,65,125,49,99,Nenhuma,32,51
373,28.49,114,19,94,65,178,42,136,Nenhuma,45,84
373,28.49,118,123,55,181,138,152,97,Nenhuma,57,83
373,28.49,120,83,40,131,114,107,77,Nenhuma,47,73
373,28.49,121,311,23,337,84,324,54,Nenhuma,25,61
374,28.56,19,357,37,427,136,392,86,Nenhuma,69,99
374,28.56,55,123,55,181,184,152,119,Expositor 1,57,128
374,28.56,56,62,118,187,336,124,227,Expositor 1,125,218
374,28.56,64,166,10,201,108,184,59,Nenhuma,35,97
374,28.56,67,143,26,173,89,158,58,Nenhuma,29,62
374,28.56,77,5,92,87,248,46,170,Nenhuma,82,155
374,28.56,88,32,73,65,126,49,100,Nenhuma,32,52
374,28.56,114,20,94,64,175,42,135,Nenhuma,44,81
374,28.56,118,124,55,182,139,153,97,Nenhuma,57,84
374,28.56,120,84,42,133,116,108,79,Nenhuma,48,73
374,28.56,121,312,23,337,84,324,54,Nenhuma,25,60
375,28.64,19,357,36,427,136,392,86,Nenhuma,70,99
375,28.64,55,123,55,180,183,152,119,Expositor 1,56,127
375,28.64,56,65,116,189,336,127,226,Expositor 1,124,220
375,28.64,64,166,10,201,108,184,59,Nenhuma,35,97
375,28.64,67,143,26,173,89,158,57,Nenhuma,29,62
375,28.64,77,7,94,88,249,47,171,Nenhuma,80,154
375,28.64,88,32,74,65,127,48,101,Nenhuma,32,52
375,28.64,118,125,55,179,134,152,95,Nenhuma,54,78
375,28.64,120,84,42,132,116,108,79,Nenhuma,48,73
375,28.64,121,312,23,337,84,325,54,Nenhuma,25,60
376,28.72,19,357,36,428,136,392,86,Nenhuma,70,100
376,28.72,55,123,55,180,183,151,119,Expositor 1,56,128
376,28.72,56,68,115,192,337,130,226,Expositor 1,123,222
376,28.72,64,166,10,201,108,183,59,Nenhuma,35,98
376,28.72,67,143,26,173,89,158,57,Nenhuma,30,63
376,28.72,77,8,94,88,249,48,171,Nenhuma,79,154
376,28.72,88,32,74,65,128,48,101,Nenhuma,32,53
376,28.72,118,123,55,181,139,152,97,Nenhuma,57,84
376,28.72,120,84,47,130,116,107,81,Nenhuma,46,68
376,28.72,121,312,23,338,84,325,53,Nenhuma,25,60
377,28.79,19,358,36,428,136,393,86,Nenhuma,70,100
377,28.79,55,124,54,179,178,152,116,Expositor 1,54,123
377,28.79,56,71,112,195,337,133,225,Expositor 1,123,224
377,28.79,64,166,10,201,109,183,59,Nenhuma,35,98
377,28.79,67,143,26,172,88,158,57,Nenhuma,29,61
377,28.79,77,9,95,87,248,48,172,Nenhuma,77,152
377,28.79,88,31,74,64,130,48,102,Nenhuma,33,55
377,28.79,118,123,55,180,138,152,96,Nenhuma,56,83
377,28.79,120,84,48,130,116,107,82,Nenhuma,45,68
377,28.79,121,313,23,338,83,325,53,Nenhuma,25,60
378,28.87,19,359,36,429,137,394,86,Nenhuma,70,100
378,28.87,55,125,54,179,178,152,116,Expositor 1,54,123
378,28.87,56,81,109,204,336,142,222,Expositor 1,122,227
378,28.87,64,166,10,201,109,183,60,Nenhuma,34,98
378,28.87,67,143,26,173,88,158,57,Nenhuma,29,62
378,28.87,77,11,95,88,248,50,172,Nenhuma,77,152
378,28.87,88,30,74,65,132,48,103,Nenhuma,34,57
378,28.87,118,123,55,180,141,151,98,Nenhuma,57,85
378,28.87,120,83,49,129,116,106,83,Nenhuma,45,67
378,28.87,121,313,23,338,83,326,53,Nenhuma,25,60
379,28.95,19,360,36,429,137,394,86,Nenhuma,69,100
379,28.95,55,125,54,180,178,152,116,Expositor 1,54,123
379,28.95,56,86,105,208,334,147,219,Expositor 1,122,229
379,28.95,64,166,10,201,109,183,60,Nenhuma,34,98
379,28.95,67,143,26,173,88,158,57,Nenhuma,30,62
379,28.95,77,12,95,89,248,51,171,Nenhuma,77,152
379,28.95,88,30,74,66,134,48,104,Nenhuma,35,60
379,28.95,118,122,55,180,141,151,98,Nenhuma,57,86
379,28.95,120,81,48,130,117,106,83,Nenhuma,48,69
379,28.95,121,313,23,338,83,326,53,Nenhuma,25,60
380,29.02,19,361,37,429,137,395,87,Nenhuma,68,99
380,29.02,34,122,23,142,71,132,47,Nenhuma,19,47
380,29.02,55,125,54,180,178,153,116,Expositor 1,54,123
380,29.02,56,91,101,210,330,150,215,Expositor 1,119,228
380,29.02,64,166,10,201,109,184,60,Nenhuma,34,98
380,29.02,67,143,25,172,88,158,57,Nenhuma,29,62
380,29.02,77,13,95,91,247,52,171,Nenhuma,77,152
380,29.02,88,30,73,66,134,48,104,Nenhuma,36,61
380,29.02,118,122,55,179,141,151,98,Nenhuma,56,86
380,29.02,120,83,48,131,115,107,81,Nenhuma,47,67
381,29.1,19,360,37,428,137,394,87,Nenhuma,68,99
381,29.1,34,122,23,142,70,132,47,Nenhuma,20,46
381,29.1,56,97,95,214,321,155,208,Expositor 1,116,226
381,29.1,64,167,10,201,108,184,59,Nenhuma,34,97
381,29.1,67,145,27,174,89,160,58,Nenhuma,29,62
381,29.1,77,13,96,90,247,51,171,Nenhuma,76,150
381,29.1,88,29,73,68,137,48,105,Nenhuma,38,64
381,29.1,118,123,55,176,136,149,95,Nenhuma,53,81
381,29.1,120,82,48,131,115,106,81,Nenhuma,48,66
381,29.1,125,74,47,138,155,106,101,Expositor 1,63,107
382,29.18,19,360,37,428,137,394,87,Nenhuma,68,99
382,29.18,34,121,23,142,71,132,47,Nenhuma,21,47
382,29.18,56,103,92,216,312,160,202,Expositor 1,112,220
382,29.18,64,167,10,201,108,184,59,Nenhuma,34,97
382,29.18,67,146,27,175,89,161,58,Nenhuma,28,62
382,29.18,77,12,95,89,246,51,170,Nenhuma,77,150
382,29.18,88,29,72,69,140,49,106,Nenhuma,40,67
382,29.18,114,17,94,67,180,42,137,Nenhuma,50,86
382,29.18,118,122,55,172,132,147,93,Nenhuma,50,77
382,29.18,120,82,47,132,115,107,81,Nenhuma,49,67
382,29.18,125,75,48,137,152,106,100,Expositor 1,62,104
383,29.25,19,360,36,428,137,394,86,Nenhuma,68,100
383,29.25,34,121,23,143,72,132,48,Nenhuma,22,48
383,29.25,56,111,89,221,304,166,196,Expositor 1,109,214
383,29.25,64,167,10,201,106,184,58,Nenhuma,34,95
383,29.25,67,147,27,175,90,161,58,Nenhuma,28,62
383,29.25,77,9,95,87,247,48,171,Nenhuma,77,151
383,29.25,88,28,72,69,141,48,107,Nenhuma,41,69
383,29.25,114,17,94,67,180,42,137,Nenhuma,49,85
383,29.25,118,122,55,170,132,146,93,Nenhuma,48,76
383,29.25,120,82,47,132,115,107,81,Nenhuma,50,68
383,29.25,125,75,47,137,151,106,99,Nenhuma,61,103
384,29.33,19,360,36,428,137,394,86,Nenhuma,68,100
384,29.33,34,120,23,143,73,132,48,Nenhuma,23,49
384,29.33,56,121,86,231,302,176,194,Expositor 1,110,215
384,29.33,64,169,11,199,93,184,52,Nenhuma,30,81
384,29.33,67,145,28,173,86,159,57,Nenhuma,27,58
384,29.33,77,7,94,85,247,46,170,Nenhuma,77,152
384,29.33,88,28,72,69,142,48,107,Nenhuma,41,70
384,29.33,114,18,94,67,179,42,136,Nenhuma,49,85
384,29.33,118,121,56,171,135,146,96,Nenhuma,49,79
384,29.33,120,82,47,132,115,107,81,Nenhuma,50,68
384,29.33,125,76,47,136,149,106,98,Nenhuma,60,102
385,29.41,19,359,35,428,137,394,86,Nenhuma,68,101
385,29.41,34,120,23,143,73,131,48,Nenhuma,23,49
385,29.41,56,126,85,235,300,181,192,Expositor 1,109,214
385,29.41,64,170,11,199,87,184,49,Nenhuma,28,75
385,29.41,67,145,28,173,86,159,57,Nenhuma,27,58
385,29.41,77,6,93,83,247,45,170,Nenhuma,77,153
385,29.41,88,28,71,69,142,48,106,Nenhuma,41,71
385,29.41,114,18,94,67,178,42,136,Nenhuma,48,84
385,29.41,118,122,56,172,136,147,96,Nenhuma,49,80
385,29.41,120,82,47,132,115,107,81,Nenhuma,49,68
385,29.41,125,76,46,136,148,106,97,Nenhuma,59,101
386,29.48,19,359,36,428,137,393,86,Nenhuma,68,100
386,29.48,34,121,23,144,72,132,48,Nenhuma,23,48
386,29.48,56,130,83,240,299,185,191,Expositor 1,109,216
386,29.48,64,171,12,199,84,185,48,Nenhuma,27,71
386,29.48,67,145,28,173,87,159,57,Nenhuma,28,59
386,29.48,77,6,93,82,246,44,170,Nenhuma,76,152
386,29.48,88,28,71,69,142,48,106,Nenhuma,41,71
386,29.48,118,124,56,173,136,148,96,Nenhuma,49,80
386,29.48,120,84,49,133,115,109,82,Nenhuma,48,65
386,29.48,125,77,46,136,146,106,96,Nenhuma,59,100
387,29.56,19,359,36,428,137,393,86,Nenhuma,68,100
387,29.56,34,121,23,145,72,133,47,Nenhuma,24,48
387,29.56,56,131,79,240,301,186,190,Expositor 1,109,221
387,29.56,64,172,12,200,82,186,47,Nenhuma,27,69
387,29.56,67,145,28,173,87,159,57,Nenhuma,28,59
387,29.56,77,4,93,80,247,42,170,Nenhuma,75,153
387,29.56,88,28,70,69,142,49,106,Nenhuma,41,71
387,29.56,118,124,56,172,134,148,95,Nenhuma,47,78
387,29.56,120,84,49,133,114,108,81,Nenhuma,48,65
388,29.63,19,359,36,428,137,394,86,Nenhuma,68,100
388,29.63,34,120,23,145,71,133,47,Nenhuma,24,48
388,29.63,55,125,55,174,168,149,112,Expositor 1,49,112
388,29.63,56,141,78,245,291,193,185,Expositor 1,103,213
388,29.63,64,171,12,200,84,186,48,Nenhuma,28,71
388,29.63,67,145,28,173,87,159,57,Nenhuma,28,59
388,29.63,77,5,93,80,247,42,170,Nenhuma,74,153
388,29.63,88,29,70,69,141,49,106,Nenhuma,40,70
388,29.63,118,125,56,172,133,148,95,Nenhuma,47,77
388,29.63,120,84,49,132,114,108,82,Nenhuma,48,64
389,29.71,19,359,36,428,137,394,86,Nenhuma,69,100
389,29.71,34,120,22,145,70,132,46,Nenhuma,24,48
389,29.71,55,125,56,175,172,150,114,Expositor 1,50,116
389,29.71,56,149,73,248,279,199,176,Expositor 1,99,206
389,29.71,64,168,11,202,99,185,55,Nenhuma,34,87
389,29.71,67,145,27,174,87,159,57,Nenhuma,29,59
389,29.71,77,5,92,79,247,42,169,Nenhuma,74,154
389,29.71,88,29,70,69,140,49,105,Nenhuma,40,69
389,29.71,118,125,56,172,133,148,95,Nenhuma,47,77
389,29.71,120,84,49,134,114,109,82,Nenhuma,49,65
390,29.79,19,359,36,429,137,394,87,Nenhuma,69,100
390,29.79,34,120,22,145,70,132,46,Nenhuma,24,47
390,29.79,55,124,56,175,177,150,116,Expositor 1,51,121
390,29.79,56,155,70,249,267,202,168,Expositor 1,94,196
390,29.79,64,166,11,202,104,184,58,Nenhuma,36,92
390,29.79,67,144,27,174,87,159,57,Nenhuma,29,60
390,29.79,77,6,93,79,246,43,170,Nenhuma,72,153
390,29.79,88,29,70,69,140,49,105,Nenhuma,39,69
390,29.79,118,125,56,174,136,149,96,Nenhuma,49,80
390,29.79,120,83,49,133,114,108,82,Nenhuma,49,65
391,29.86,19,359,37,428,137,394,87,Nenhuma,68,99
391,29.86,34,120,22,145,71,133,47,Nenhuma,25,48
391,29.86,55,123,56,176,181,149,118,Expositor 1,52,125
391,29.86,56,157,67,249,257,203,162,Expositor 1,91,190
391,29.86,64,167,11,203,105,185,58,Nenhuma,36,93
391,29.86,67,144,27,174,87,159,57,Nenhuma,29,60
391,29.86,77,7,93,79,248,43,171,Nenhuma,72,154
391,29.86,88,31,71,70,140,50,106,Nenhuma,39,69
391,29.86,118,125,56,173,132,149,94,Nenhuma,47,76
391,29.86,120,84,50,133,114,108,82,Nenhuma,48,63
392,29.94,19,359,37,428,137,394,87,Nenhuma,68,99
392,29.94,34,120,23,145,71,133,47,Nenhuma,25,48
392,29.94,55,123,56,176,182,149,119,Expositor 1,52,126
392,29.94,56,159,65,249,250,204,158,Expositor 1,89,185
392,29.94,64,167,11,203,104,185,58,Nenhuma,36,92
392,29.94,67,144,27,174,87,159,57,Nenhuma,29,60
392,29.94,77,9,93,81,246,45,170,Nenhuma,71,153
392,29.94,88,31,72,71,142,51,107,Nenhuma,39,69
392,29.94,118,126,56,173,132,149,94,Nenhuma,47,76
392,29.94,120,84,51,133,114,108,82,Nenhuma,48,62
393,30.02,19,359,38,429,137,394,87,Nenhuma,69,99
393,30.02,34,120,23,145,71,133,47,Nenhuma,25,48
393,30.02,55,123,56,176,183,150,119,Expositor 1,52,127
393,30.02,56,159,64,249,250,204,157,Expositor 1,89,186
393,30.02,64,167,12,203,104,185,58,Nenhuma,35,91
393,30.02,67,144,27,174,87,159,57,Nenhuma,29,60
393,30.02,77,11,91,83,247,47,169,Nenhuma,72,155
393,30.02,88,33,72,71,142,52,107,Nenhuma,38,69
393,30.02,118,126,56,173,132,149,94,Nenhuma,46,76
393,30.02,120,84,52,133,114,108,83,Nenhuma,48,61
394,30.09,19,359,37,429,137,394,87,Nenhuma,69,100
394,30.09,34,120,23,145,71,132,47,Nenhuma,25,47
394,30.09,55,124,56,176,183,150,119,Expositor 1,52,127
394,30.09,56,158,62,251,258,204,160,Expositor 1,93,195
394,30.09,64,167,12,203,103,185,57,Nenhuma,35,90
394,30.09,77,11,91,81,245,46,168,Nenhuma,70,154
394,30.09,88,35,73,72,142,53,107,Nenhuma,37,68
394,30.09,118,126,56,173,132,149,94,Nenhuma,46,75
394,30.09,120,85,52,132,112,109,82,Nenhuma,47,60
395,30.17,19,359,37,428,137,394,87,Nenhuma,69,100
395,30.17,34,120,23,146,73,133,48,Nenhuma,26,50
395,30.17,55,125,55,177,184,151,119,Expositor 1,52,128
395,30.17,56,161,60,254,255,207,157,Expositor 1,92,194
395,30.17,64,168,12,202,99,185,56,Nenhuma,34,87
395,30.17,77,11,90,80,243,46,167,Nenhuma,69,152
395,30.17,88,35,73,73,142,54,108,Nenhuma,37,68
395,30.17,120,83,52,132,114,108,83,Nenhuma,49,61
396,30.25,19,358,37,429,137,393,87,Nenhuma,70,100
396,30.25,34,120,23,146,73,133,48,Nenhuma,26,50
396,30.25,55,125,55,177,184,151,119,Expositor 1,52,129
396,30.25,56,172,57,248,216,210,136,Expositor 1,76,158
396,30.25,64,168,12,202,100,185,56,Nenhuma,34,87
396,30.25,77,13,90,80,242,47,166,Nenhuma,67,151
396,30.25,88,41,73,72,128,57,100,Nenhuma,30,55
396,30.25,120,83,51,132,112,108,82,Nenhuma,48,61
397,30.32,19,358,37,428,137,393,87,Nenhuma,70,100
397,30.32,34,120,23,146,74,133,48,Nenhuma,26,50
397,30.32,55,125,55,176,183,151,119,Expositor 1,51,128
397,30.32,56,176,54,249,206,213,130,Expositor 1,73,151
397,30.32,64,168,13,202,102,185,58,Nenhuma,34,89
397,30.32,77,14,90,80,242,47,166,Nenhuma,66,151
397,30.32,88,42,73,72,127,57,100,Nenhuma,30,53
397,30.32,120,83,51,132,112,107,82,Nenhuma,48,60
398,30.4,19,358,37,428,137,393,87,Nenhuma,69,99
398,30.4,34,120,23,146,74,133,49,Nenhuma,26,50
398,30.4,55,125,55,177,184,151,119,Expositor 1,51,128
398,30.4,56,179,52,252,204,215,128,Expositor 1,72,151
398,30.4,64,167,12,203,104,185,58,Nenhuma,35,92
398,30.4,77,16,90,80,240,48,165,Nenhuma,64,149
398,30.4,88,43,73,73,125,58,99,Nenhuma,29,52
398,30.4,120,83,49,131,108,107,79,Nenhuma,47,59
399,30.47,19,357,37,428,137,393,87,Nenhuma,70,100
399,30.47,34,120,24,147,74,133,49,Nenhuma,26,50
399,30.47,55,125,55,177,184,151,119,Expositor 1,51,128
399,30.47,56,182,50,255,204,218,127,Expositor 1,72,153
399,30.47,64,166,12,203,105,185,58,Nenhuma,36,93
399,30.47,77,17,90,80,239,49,165,Nenhuma,63,148
399,30.47,88,44,73,73,124,59,99,Nenhuma,28,51
399,30.47,120,83,49,131,108,107,78,Nenhuma,47,58
400,30.55,19,357,37,428,137,393,87,Nenhuma,70,100
400,30.55,34,120,24,147,74,133,49,Nenhuma,26,50
400,30.55,55,125,55,176,184,151,120,Expositor 1,51,128
400,30.55,56,186,50,257,204,221,127,Expositor 1,71,153
400,30.55,64,166,12,203,108,185,60,Nenhuma,37,96
400,30.55,77,20,88,85,240,53,164,Nenhuma,64,152
400,30.55,120,83,49,130,107,107,78,Nenhuma,47,58
400,30.55,121,314,23,340,81,327,52,Nenhuma,25,58
401,30.63,19,354,37,423,137,388,87,Nenhuma,69,99
401,30.63,34,120,24,147,74,133,49,Nenhuma,26,50
401,30.63,55,126,55,177,183,151,119,Expositor 1,51,127
401,30.63,56,189,50,259,203,224,127,Expositor 1,69,152
401,30.63,64,165,12,203,109,184,60,Nenhuma,37,97
401,30.63,77,22,87,87,241,55,164,Nenhuma,65,154
401,30.63,120,83,49,130,107,107,78,Nenhuma,46,57
401,30.63,121,314,22,340,81,327,52,Nenhuma,26,59
402,30.7,19,357,37,426,137,392,87,Nenhuma,69,99
402,30.7,34,120,24,147,74,133,49,Nenhuma,26,50
402,30.7,55,126,56,177,183,152,119,Expositor 1,51,127
402,30.7,56,194,49,263,203,228,126,Expositor 1,69,153
402,30.7,64,166,11,203,110,184,61,Nenhuma,37,98
402,30.7,77,24,87,89,241,56,164,Nenhuma,65,154
402,30.7,121,312,21,339,83,326,52,Nenhuma,27,61
403,30.78,19,358,37,427,136,392,87,Nenhuma,69,99
403,30.78,55,126,55,178,184,152,119,Expositor 1,51,128
403,30.78,56,198,48,266,199,232,124,Expositor 1,67,151
403,30.78,64,166,11,203,110,184,61,Nenhuma,37,98
403,30.78,77,25,86,90,240,57,163,Nenhuma,65,154
403,30.78,121,311,20,339,83,325,52,Nenhuma,27,63
404,30.86,19,358,37,428,136,393,86,Nenhuma,69,99
404,30.86,55,127,55,178,184,152,119,Expositor 1,51,129
404,30.86,56,202,47,269,194,235,121,Expositor 1,66,146
404,30.86,64,166,12,203,110,184,61,Nenhuma,36,97
404,30.86,77,25,86,90,240,58,163,Nenhuma,65,153
404,30.86,121,310,20,339,84,325,52,Nenhuma,28,63
405,30.93,19,358,36,428,136,393,86,Nenhuma,69,99
405,30.93,55,126,54,178,184,152,119,Expositor 1,52,129
405,30.93,56,204,46,270,192,237,119,Expositor 1,66,145
405,30.93,64,166,12,203,110,184,61,Nenhuma,36,98
405,30.93,77,28,87,90,229,59,158,Nenhuma,61,141
405,30.93,121,310,20,339,85,324,53,Nenhuma,28,64
406,31.01,19,358,34,429,135,393,85,Nenhuma,70,101
406,31.01,55,126,54,179,184,152,119,Expositor 1,52,129
406,31.01,56,203,45,267,188,235,117,Expositor 1,64,143
406,31.01,64,166,11,203,110,184,60,Nenhuma,36,98
406,31.01,77,26,84,92,237,59,160,Nenhuma,66,153
406,31.01,120,90,49,142,116,116,82,Nenhuma,52,67
406,31.01,121,306,20,336,87,321,54,Nenhuma,29,67
407,31.09,19,358,32,429,135,393,84,Nenhuma,71,103
407,31.09,55,126,54,179,184,153,119,Expositor 1,52,129
407,31.09,56,201,44,265,187,233,115,Expositor 1,63,142
407,31.09,64,166,11,203,110,184,60,Nenhuma,36,99
407,31.09,77,25,83,92,239,59,161,Nenhuma,67,155
407,31.09,120,90,48,142,116,116,82,Nenhuma,52,67
407,31.09,121,305,20,334,86,319,53,Nenhuma,28,65
408,31.16,19,353,33,423,135,388,84,Nenhuma,69,101
408,31.16,55,126,54,179,184,153,119,Expositor 1,52,129
408,31.16,56,200,43,263,186,232,115,Expositor 1,62,142
408,31.16,64,167,11,202,109,184,60,Nenhuma,35,98
408,31.16,77,24,82,92,238,58,160,Nenhuma,67,156
408,31.16,120,91,48,143,117,117,83,Nenhuma,52,68
408,31.16,121,303,20,332,85,318,53,Nenhuma,28,64
409,31.24,19,353,33,421,135,387,84,Nenhuma,67,101
409,31.24,34,122,23,144,63,133,43,Nenhuma,22,40
409,31.24,55,126,54,179,184,153,119,Expositor 1,53,129
409,31.24,56,200,42,263,187,231,114,Expositor 1,62,145
409,31.24,64,167,10,202,109,184,60,Nenhuma,35,98
409,31.24,77,24,81,93,240,58,160,Nenhuma,68,158
409,31.24,120,91,48,144,117,118,83,Nenhuma,53,68
409,31.24,121,302,20,331,85,317,53,Nenhuma,28,64
410,31.31,19,354,34,420,134,387,84,Nenhuma,66,100
410,31.31,34,122,22,144,62,133,42,Nenhuma,21,39
410,31.31,55,124,54,177,184,151,119,Expositor 1,53,130
410,31.31,56,199,41,263,189,231,115,Expositor 1,63,147
410,31.31,64,167,10,202,109,184,59,Nenhuma,35,98
410,31.31,77,23,80,91,238,57,159,Nenhuma,67,157
410,31.31,121,302,20,330,85,316,53,Nenhuma,28,65
411,31.39,19,353,33,419,134,386,84,Nenhuma,65,101
411,31.39,34,122,22,144,61,133,42,Nenhuma,21,39
411,31.39,55,122,54,176,184,149,119,Expositor 1,53,130
411,31.39,56,198,40,261,189,229,115,Expositor 1,63,148
411,31.39,64,167,10,202,109,184,59,Nenhuma,35,99
411,31.39,77,23,80,90,236,57,158,Nenhuma,66,155
411,31.39,121,301,20,330,86,315,53,Nenhuma,29,65
411,31.39,130,403,52,430,136,417,94,Nenhuma,26,83
412,31.47,19,355,33,420,135,388,84,Nenhuma,64,101
412,31.47,34,121,22,143,60,132,41,Nenhuma,21,38
412,31.47,55,120,54,174,185,147,119,Expositor 1,53,130
412,31.47,56,196,39,259,188,227,113,Expositor 1,62,149
412,31.47,64,167,9,202,110,184,60,Nenhuma,35,100
412,31.47,77,23,79,89,235,56,157,Nenhuma,66,155
412,31.47,130,403,49,430,136,417,92,Nenhuma,27,86
413,31.54,19,355,34,418,135,387,84,Nenhuma,63,100
413,31.54,34,121,21,143,59,132,40,Nenhuma,21,37
413,31.54,55,119,54,173,185,146,119,Expositor 1,54,131
413,31.54,56,193,37,256,187,225,112,Expositor 1,62,150
413,31.54,64,167,10,203,110,185,60,Nenhuma,35,99
413,31.54,77,23,81,89,234,56,158,Nenhuma,65,153
413,31.54,130,403,49,430,136,417,92,Nenhuma,27,86
414,31.62,19,355,34,417,135,386,84,Nenhuma,61,100
414,31.62,34,121,21,142,58,132,40,Nenhuma,21,36
414,31.62,55,115,53,170,185,143,119,Expositor 1,55,131
414,31.62,56,190,36,252,189,221,112,Expositor 1,61,152
414,31.62,64,167,10,202,110,185,60,Nenhuma,35,99
414,31.62,77,23,82,88,234,55,158,Nenhuma,65,152
414,31.62,118,134,25,179,106,156,65,Nenhuma,45,80
414,31.62,130,403,51,430,136,416,93,Nenhuma,26,84
415,31.7,19,355,34,417,135,386,84,Nenhuma,61,101
415,31.7,34,121,21,142,57,132,39,Nenhuma,20,35
415,31.7,55,114,54,169,185,142,119,Expositor 1,55,130
415,31.7,56,189,35,250,189,220,112,Expositor 1,60,154
415,31.7,64,166,10,202,110,184,60,Nenhuma,35,99
415,31.7,77,23,82,88,234,55,158,Nenhuma,65,151
415,31.7,118,134,24,178,106,156,65,Nenhuma,44,81
415,31.7,130,403,51,430,136,416,93,Nenhuma,27,84
416,31.77,19,360,34,422,135,391,84,Nenhuma,62,101
416,31.77,55,113,54,169,185,141,119,Expositor 1,56,130
416,31.77,56,189,34,249,190,219,112,Expositor 1,59,155
416,31.77,64,166,10,201,110,184,60,Nenhuma,35,99
416,31.77,77,22,82,87,233,55,158,Nenhuma,65,151
416,31.77,118,134,24,177,105,155,65,Nenhuma,42,81
416,31.77,130,402,51,430,136,416,93,Nenhuma,27,84
416,31.77,131,40,72,84,126,62,99,Nenhuma,43,53
417,31.85,19,355,32,417,135,386,83,Nenhuma,61,102
417,31.85,55,112,54,169,184,140,119,Expositor 1,57,130
417,31.85,56,188,31,247,189,218,110,Expositor 1,59,157
417,31.85,64,166,10,201,110,184,60,Nenhuma,35,99
417,31.85,67,139,26,170,87,155,56,Nenhuma,31,61
417,31.85,77,22,83,88,234,55,159,Nenhuma,65,150
417,31.85,118,134,23,177,104,155,63,Nenhuma,42,81
417,31.85,130,403,55,429,136,416,95,Nenhuma,25,80
417,31.85,131,39,71,84,127,62,99,Nenhuma,44,55
418,31.93,19,352,32,413,135,382,83,Nenhuma,60,102
418,31.93,55,111,54,168,184,140,119,Expositor 1,57,129
418,31.93,56,187,29,245,188,216,109,Expositor 1,58,159
418,31.93,64,167,12,201,110,184,61,Nenhuma,34,98
418,31.93,67,138,25,172,89,155,57,Nenhuma,33,64
418,31.93,77,23,84,88,234,55,159,Nenhuma,65,149
418,31.93,118,134,21,177,103,155,62,Nenhuma,43,81
418,31.93,130,403,55,429,136,416,95,Nenhuma,25,80
418,31.93,131,38,71,84,128,61,99,Nenhuma,46,57
419,32.0,19,351,31,410,133,381,82,Nenhuma,59,102
419,32.0,55,110,54,168,184,139,119,Expositor 1,58,130
419,32.0,56,186,27,243,185,214,106,Expositor 1,56,158
419,32.0,64,167,12,201,109,184,60,Nenhuma,33,96
419,32.0,67,138,25,172,90,155,57,Nenhuma,33,64
419,32.0,77,23,84,89,233,56,159,Nenhuma,65,149
419,32.0,118,134,20,177,102,155,61,Nenhuma,43,81
419,32.0,130,403,56,429,136,416,96,Nenhuma,25,79
419,32.0,131,37,70,84,130,61,100,Nenhuma,47,59
420,32.08,19,348,33,406,135,377,84,Nenhuma,58,102
420,32.08,55,109,54,168,184,139,119,Expositor 1,59,130
420,32.08,56,185,24,242,183,214,104,Expositor 1,56,158
420,32.08,64,168,13,201,107,185,60,Nenhuma,32,94
420,32.08,67,138,24,172,91,155,58,Nenhuma,33,66
420,32.08,77,23,84,89,233,56,158,Nenhuma,66,149
420,32.08,121,303,20,332,86,317,53,Nenhuma,28,65
420,32.08,130,403,56,429,136,416,96,Nenhuma,25,79
420,32.08,131,37,70,85,131,61,101,Nenhuma,47,60
421,32.15,19,346,30,405,136,376,83,Nenhuma,59,106
421,32.15,55,107,53,168,185,138,119,Expositor 1,60,131
421,32.15,56,185,23,239,178,212,100,Expositor 1,53,154
421,32.15,64,168,12,201,105,184,59,Nenhuma,32,93
421,32.15,67,138,25,172,91,155,58,Nenhuma,33,66
421,32.15,77,22,84,90,233,56,158,Nenhuma,67,149
421,32.15,121,303,20,332,87,317,54,Nenhuma,29,66
421,32.15,131,37,70,85,132,61,101,Nenhuma,47,61
422,32.23,19,344,29,402,136,373,83,Nenhuma,58,107
422,32.23,55,106,51,168,185,137,118,Expositor 1,61,133
422,32.23,56,184,24,237,176,210,100,Expositor 1,52,152
422,32.23,64,168,12,200,105,184,59,Nenhuma,32,93
422,32.23,67,138,25,172,92,155,58,Nenhuma,34,66
422,32.23,77,22,82,90,232,56,157,Nenhuma,67,150
422,32.23,121,301,20,331,87,316,53,Nenhuma,29,66
422,32.23,131,38,70,85,132,61,101,Nenhuma,47,61
423,32.31,19,344,28,399,133,371,81,Nenhuma,55,104
423,32.31,34,118,20,144,66,131,43,Nenhuma,26,45
423,32.31,55,106,51,169,185,137,118,Expositor 1,62,134
423,32.31,56,183,24,235,175,209,99,Nenhuma,51,151
423,32.31,64,167,12,199,105,183,58,Nenhuma,32,93
423,32.31,67,139,26,174,99,157,62,Nenhuma,35,72
423,32.31,77,21,82,89,232,55,157,Nenhuma,68,150
423,32.31,121,303,21,332,87,318,54,Nenhuma,28,65
423,32.31,131,38,71,85,133,61,102,Nenhuma,47,61
424,32.38,19,343,28,394,125,369,77,Nenhuma,51,97
424,32.38,34,119,21,144,66,132,43,Nenhuma,25,44
424,32.38,55,106,50,170,187,138,118,Expositor 1,64,136
424,32.38,56,179,24,231,174,205,99,Nenhuma,51,150
424,32.38,64,172,12,193,70,182,41,Nenhuma,21,58
424,32.38,67,140,26,175,98,157,62,Nenhuma,34,71
424,32.38,77,20,83,88,232,54,158,Nenhuma,68,149
424,32.38,121,305,21,333,87,319,54,Nenhuma,28,65
424,32.38,131,38,71,84,132,61,102,Nenhuma,46,60
425,32.46,19,343,29,392,122,367,76,Nenhuma,49,93
425,32.46,34,119,21,144,65,132,43,Nenhuma,25,43
425,32.46,55,107,50,172,189,140,120,Expositor 1,65,139
425,32.46,56,174,23,226,171,200,97,Nenhuma,52,147
425,32.46,64,172,12,192,66,182,39,Nenhuma,19,54
425,32.46,67,141,27,173,93,157,60,Nenhuma,32,66
425,32.46,77,20,83,88,232,54,157,Nenhuma,68,148
425,32.46,121,305,21,333,87,319,54,Nenhuma,28,65
425,32.46,131,38,71,83,132,61,102,Nenhuma,45,60
426,32.54,19,343,29,393,121,368,75,Nenhuma,49,92
426,32.54,34,119,20,145,65,132,43,Nenhuma,26,45
426,32.54,55,108,50,174,190,141,120,Expositor 1,66,139
426,32.54,56,172,22,225,167,199,94,Nenhuma,52,145
426,32.54,64,173,12,191,62,182,37,Nenhuma,18,50
426,32.54,67,141,27,173,94,157,60,Nenhuma,32,66
426,32.54,77,20,84,88,232,54,158,Nenhuma,68,148
426,32.54,121,305,21,333,87,319,54,Nenhuma,28,65
426,32.54,131,38,71,83,131,60,101,Nenhuma,45,59
427,32.61,19,343,27,394,120,368,74,Nenhuma,51,93
427,32.61,34,119,20,145,66,132,43,Nenhuma,26,45
427,32.61,55,106,48,174,190,140,119,Expositor 1,68,141
427,32.61,56,171,20,223,163,197,91,Nenhuma,52,142
427,32.61,64,173,12,190,57,182,34,Nenhuma,16,45
427,32.61,67,141,28,174,94,157,61,Nenhuma,32,66
427,32.61,77,17,87,83,232,50,160,Nenhuma,66,145
427,32.61,121,305,22,333,87,319,54,Nenhuma,28,65
427,32.61,130,398,47,426,136,412,91,Nenhuma,28,88
427,32.61,131,37,71,83,134,60,103,Nenhuma,46,62
428,32.69,19,342,29,395,123,368,76,Nenhuma,52,94
428,32.69,34,120,20,144,60,132,40,Nenhuma,24,40
428,32.69,55,105,48,175,190,140,119,Expositor 1,69,142
428,32.69,56,168,18,220,158,194,88,Nenhuma,51,140
428,32.69,67,138,27,174,101,156,64,Nenhuma,35,74
428,32.69,77,18,82,86,232,52,157,Nenhuma,68,150
428,32.69,130,398,46,427,136,413,91,Nenhuma,28,89
428,32.69,131,36,71,84,136,60,104,Nenhuma,47,64
429,32.77,19,341,28,394,122,368,75,Nenhuma,52,93
429,32.77,34,120,19,142,57,131,38,Nenhuma,22,37
429,32.77,55,109,51,176,189,143,120,Expositor 1,67,138
429,32.77,56,165,15,217,158,191,86,Nenhuma,52,143
429,32.77,67,138,27,174,102,156,65,Nenhuma,36,75
429,32.77,77,16,86,82,233,49,159,Nenhuma,66,147
429,32.77,130,399,53,426,136,413,94,Nenhuma,26,82
429,32.77,131,35,71,85,139,60,105,Nenhuma,49,67
430,32.84,19,341,28,393,121,367,75,Nenhuma,52,93
430,32.84,34,120,19,142,56,131,38,Nenhuma,22,36
430,32.84,55,114,53,179,189,146,121,Expositor 1,65,136
430,32.84,56,163,14,215,157,189,86,Nenhuma,51,143
430,32.84,67,138,27,175,103,156,65,Nenhuma,36,76
430,32.84,77,18,84,85,233,51,158,Nenhuma,67,149
430,32.84,130,400,54,427,136,413,95,Nenhuma,26,81
430,32.84,131,35,71,85,140,60,106,Nenhuma,49,68
431,32.92,19,340,28,392,120,366,74,Nenhuma,51,92
431,32.92,34,120,19,142,56,131,37,Nenhuma,22,36
431,32.92,55,116,53,182,190,149,122,Expositor 1,65,136
431,32.92,56,162,13,213,157,188,85,Nenhuma,51,143
431,32.92,67,138,27,175,104,156,66,Nenhuma,37,77
431,32.92,77,19,82,87,233,53,157,Nenhuma,68,150
431,32.92,130,400,54,426,136,413,95,Nenhuma,26,81
431,32.92,131,35,71,85,141,60,106,Nenhuma,49,69
432,32.99,19,343,30,396,121,369,76,Nenhuma,52,91
432,32.99,34,120,19,142,55,131,37,Nenhuma,21,36
432,32.99,55,118,54,182,190,150,122,Expositor 1,64,136
432,32.99,56,162,13,212,157,187,85,Nenhuma,50,143
432,32.99,77,18,79,88,232,53,156,Nenhuma,69,153
432,32.99,130,400,55,427,136,413,95,Nenhuma,27,80
432,32.99,131,35,71,84,141,60,106,Nenhuma,48,69
433,33.07,19,341,29,399,126,370,78,Nenhuma,57,97
433,33.07,55,119,54,183,189,151,121,Expositor 1,63,135
433,33.07,56,162,14,212,156,187,85,Nenhuma,49,142
433,33.07,77,16,84,83,233,49,159,Nenhuma,66,148
433,33.07,130,400,55,427,136,413,95,Nenhuma,27,80
433,33.07,131,35,71,84,142,60,107,Nenhuma,48,70
433,33.07,132,312,28,403,123,358,75,Nenhuma,91,95
434,33.15,19,341,29,398,126,370,78,Nenhuma,57,97
434,33.15,55,122,54,184,188,153,121,Expositor 1,62,133
434,33.15,56,163,14,211,153,187,83,Nenhuma,48,139
434,33.15,77,18,82,86,233,52,158,Nenhuma,68,151
434,33.15,130,400,55,427,136,413,95,Nenhuma,26,80
434,33.15,131,36,72,83,141,59,107,Nenhuma,47,69
434,33.15,132,312,27,403,123,358,75,Nenhuma,91,95
435,33.22,19,341,29,398,126,369,77,Nenhuma,57,97
435,33.22,55,125,54,187,187,156,120,Expositor 1,61,133
435,33.22,56,165,15,209,143,187,79,Nenhuma,44,128
435,33.22,77,19,82,88,233,53,157,Nenhuma,68,151
435,33.22,118,107,44,138,102,122,73,Nenhuma,31,58
435,33.22,130,394,53,423,136,409,94,Nenhuma,29,82
435,33.22,131,36,72,83,142,60,107,Nenhuma,46,69
435,33.22,132,312,27,404,123,358,75,Nenhuma,91,95
436,33.3,19,340,29,398,126,369,77,Nenhuma,57,97
436,33.3,55,128,54,190,189,159,121,Expositor 1,62,134
436,33.3,56,165,14,208,139,187,76,Nenhuma,43,124
436,33.3,77,19,81,87,233,53,157,Nenhuma,68,151
436,33.3,118,105,45,136,102,121,74,Nenhuma,30,57
436,33.3,130,394,53,423,136,408,94,Nenhuma,29,82
436,33.3,131,37,72,83,142,60,107,Nenhuma,46,69
436,33.3,132,313,27,405,123,359,75,Nenhuma,92,96
437,33.38,19,349,33,410,137,379,85,Nenhuma,60,104
437,33.38,55,129,54,190,189,159,121,Expositor 1,61,134
437,33.38,56,164,14,206,136,185,75,Nenhuma,42,122
437,33.38,77,19,81,88,233,53,157,Nenhuma,69,151
437,33.38,118,104,46,134,102,119,74,Nenhuma,30,55
437,33.38,130,393,53,422,136,408,94,Nenhuma,29,82
437,33.38,131,38,73,83,141,60,107,Nenhuma,45,68
437,33.38,132,313,26,406,123,359,75,Nenhuma,92,96
438,33.45,19,346,31,407,138,377,85,Nenhuma,60,107
438,33.45,55,128,54,190,189,159,121,Expositor 1,62,134
438,33.45,56,163,12,204,135,184,73,Nenhuma,41,122
438,33.45,77,16,84,83,233,49,158,Nenhuma,66,149
438,33.45,118,103,47,132,102,117,74,Nenhuma,29,54
438,33.45,130,392,53,422,136,407,94,Nenhuma,29,82
438,33.45,131,38,73,83,141,60,107,Nenhuma,44,68
439,33.53,19,347,31,406,139,376,85,Nenhuma,59,108
439,33.53,55,127,54,189,188,158,121,Expositor 1,61,134
439,33.53,56,162,11,204,136,183,74,Nenhuma,41,125
439,33.53,77,15,85,80,233,48,159,Nenhuma,65,148
439,33.53,130,395,53,425,135,410,94,Nenhuma,29,82
439,33.53,131,39,73,82,140,60,106,Nenhuma,43,67
439,33.53,134,100,43,138,108,119,76,Nenhuma,37,64
440,33.61,19,350,31,409,138,379,85,Nenhuma,58,107
440,33.61,55,126,54,187,188,157,121,Expositor 1,61,134
440,33.61,56,162,11,203,136,183,74,Nenhuma,41,125
440,33.61,77,17,83,84,233,51,158,Nenhuma,66,150
440,33.61,130,395,53,425,135,410,94,Nenhuma,29,82
440,33.61,131,39,73,83,140,61,106,Nenhuma,43,67
440,33.61,134,101,44,140,110,120,77,Nenhuma,38,66
441,33.68,19,351,31,409,139,380,85,Nenhuma,58,107
441,33.68,55,127,54,187,188,157,121,Expositor 1,60,133
441,33.68,56,162,11,202,134,182,73,Nenhuma,40,122
441,33.68,77,16,85,81,233,49,159,Nenhuma,65,148
441,33.68,130,395,53,425,134,410,93,Nenhuma,29,81
441,33.68,131,40,73,83,140,61,106,Nenhuma,43,67
441,33.68,134,101,43,141,112,121,78,Nenhuma,39,68
442,33.76,19,351,31,410,140,381,86,Nenhuma,59,108
442,33.76,55,127,54,187,188,157,121,Expositor 1,59,133
442,33.76,56,162,12,201,130,182,71,Nenhuma,38,117
442,33.76,67,145,25,167,71,156,48,Nenhuma,22,46
442,33.76,77,16,86,80,233,48,159,Nenhuma,63,146
442,33.76,130,394,52,424,134,409,93,Nenhuma,29,81
442,33.76,131,40,73,83,139,61,106,Nenhuma,42,66
442,33.76,134,101,44,142,116,121,80,Nenhuma,41,72
443,33.83,19,351,31,411,141,381,86,Nenhuma,59,109
443,33.83,55,128,55,187,188,157,121,Expositor 1,58,132
443,33.83,56,162,11,200,127,181,69,Nenhuma,37,115
443,33.83,67,145,24,167,69,156,47,Nenhuma,22,44
443,33.83,77,19,84,84,233,51,158,Nenhuma,64,148
443,33.83,131,41,72,83,137,62,105,Nenhuma,41,65
443,33.83,134,102,44,142,116,122,80,Nenhuma,40,71
444,33.91,55,128,55,186,188,157,121,Expositor 1,58,132
444,33.91,56,161,11,199,127,180,69,Nenhuma,37,115
444,33.91,67,144,24,167,68,156,46,Nenhuma,22,43
444,33.91,77,20,84,85,233,53,159,Nenhuma,65,148
444,33.91,131,44,72,80,127,62,99,Nenhuma,36,55
444,33.91,134,102,44,142,114,122,79,Nenhuma,39,70
445,33.99,19,348,31,405,139,377,85,Nenhuma,56,108
445,33.99,55,129,55,187,188,158,122,Expositor 1,58,133
445,33.99,56,164,11,199,117,182,64,Nenhuma,35,106
445,33.99,67,145,24,166,67,155,46,Nenhuma,21,42
445,33.99,77,23,85,87,228,55,157,Nenhuma,63,142
445,33.99,130,398,56,429,136,413,96,Nenhuma,31,80
445,33.99,131,41,72,81,133,61,102,Nenhuma,39,61
445,33.99,134,103,43,142,113,123,78,Nenhuma,38,69
446,34.06,19,348,31,403,139,376,85,Nenhuma,54,107
446,34.06,55,129,55,188,188,158,122,Expositor 1,58,133
446,34.06,56,165,10,201,121,183,65,Nenhuma,36,110
446,34.06,67,145,24,166,65,155,45,Nenhuma,21,41
446,34.06,77,24,85,89,230,56,157,Nenhuma,64,144
446,34.06,130,397,57,429,136,413,96,Nenhuma,32,79
446,34.06,131,42,71,80,129,61,100,Nenhuma,37,57
446,34.06,134,102,43,142,115,122,79,Nenhuma,39,71
447,34.14,19,348,31,401,139,375,85,Nenhuma,53,107
447,34.14,55,130,55,188,188,159,122,Expositor 1,57,132
447,34.14,56,164,9,202,125,183,67,Nenhuma,38,115
447,34.14,67,145,24,166,64,155,44,Nenhuma,20,39
447,34.14,77,20,86,85,231,52,158,Nenhuma,64,145
447,34.14,130,397,57,429,136,413,96,Nenhuma,32,79
447,34.14,131,42,71,79,127,61,99,Nenhuma,36,55
447,34.14,134,102,42,142,116,122,79,Nenhuma,40,74
448,34.22,19,348,32,401,139,375,85,Nenhuma,53,107
448,34.22,55,131,55,188,188,159,121,Expositor 1,57,132
448,34.22,56,165,8,203,125,184,67,Nenhuma,38,116
448,34.22,77,18,86,82,232,50,159,Nenhuma,64,146
448,34.22,130,397,57,429,136,413,96,Nenhuma,32,78
448,34.22,131,42,71,79,127,61,99,Nenhuma,36,55
448,34.22,134,102,42,142,115,122,79,Nenhuma,39,73
449,34.29,19,348,32,401,140,375,86,Nenhuma,53,108
449,34.29,55,130,54,188,188,159,121,Expositor 1,57,133
449,34.29,56,159,13,194,120,176,67,Nenhuma,35,107
449,34.29,64,183,9,210,81,196,45,Nenhuma,27,72
449,34.29,77,17,86,81,232,49,159,Nenhuma,63,146
449,34.29,130,397,57,429,136,413,97,Nenhuma,31,78
449,34.29,131,42,71,79,128,60,100,Nenhuma,37,56
449,34.29,134,100,42,143,122,122,82,Nenhuma,43,79
450,34.37,19,343,32,398,138,370,85,Nenhuma,54,105
450,34.37,55,129,54,187,188,158,121,Expositor 1,57,134
450,34.37,56,158,13,193,119,175,66,Nenhuma,34,105
450,34.37,64,185,9,211,80,198,45,Nenhuma,26,71
450,34.37,77,18,85,81,232,49,159,Nenhuma,63,147
450,34.37,131,42,71,78,124,60,97,Nenhuma,35,52
450,34.37,134,100,43,142,122,121,82,Nenhuma,42,78
451,34.45,19,342,33,397,138,370,85,Nenhuma,54,105
451,34.45,34,152,16,190,82,171,49,Nenhuma,38,66
451,34.45,55,130,54,187,189,158,122,Expositor 1,57,134
451,34.45,56,157,13,191,117,174,65,Nenhuma,33,104
451,34.45,64,190,6,217,80,203,43,Nenhuma,26,74
451,34.45,77,18,85,81,233,49,159,Nenhuma,62,147
451,34.45,131,42,71,78,123,60,97,Nenhuma,35,51
451,34.45,134,101,43,140,114,120,79,Nenhuma,38,70
452,34.52,19,342,33,397,138,369,85,Nenhuma,54,105
452,34.52,34,154,15,191,82,172,49,Nenhuma,37,66
452,34.52,55,130,54,187,190,159,122,Expositor 1,57,135
452,34.52,56,157,13,190,116,173,64,Nenhuma,33,102
452,34.52,64,196,2,223,79,210,41,Nenhuma,27,76
452,34.52,77,18,85,80,233,49,159,Nenhuma,61,147
452,34.52,130,389,49,424,136,406,92,Nenhuma,35,86
452,34.52,131,42,70,78,122,60,96,Nenhuma,35,51
452,34.52,132,317,27,405,121,361,74,Nenhuma,88,93
452,34.52,134,101,44,138,110,119,77,Nenhuma,36,65
453,34.6,19,341,33,396,139,369,86,Nenhuma,54,105
453,34.6,34,154,15,190,81,172,48,Nenhuma,35,65
453,34.6,55,130,54,187,190,159,122,Expositor 1,57,135
453,34.6,64,201,2,228,79,214,41,Nenhuma,27,77
453,34.6,67,113,21,138,67,125,44,Nenhuma,24,46
453,34.6,77,19,86,80,233,49,159,Nenhuma,61,147
453,34.6,130,388,49,424,136,406,92,Nenhuma,35,86
453,34.6,131,42,70,78,121,60,96,Nenhuma,35,50
453,34.6,132,314,27,403,120,359,74,Nenhuma,88,93
453,34.6,134,101,46,137,109,119,77,Nenhuma,36,63
454,34.68,34,154,15,189,80,171,48,Nenhuma,35,65
454,34.68,55,130,54,188,191,159,122,Expositor 1,57,136
454,34.68,64,208,1,233,65,221,33,Nenhuma,24,64
454,34.68,67,112,20,137,66,124,43,Nenhuma,25,45
454,34.68,77,18,86,79,233,49,159,Nenhuma,60,146
454,34.68,130,389,49,425,136,407,92,Nenhuma,35,86
454,34.68,131,40,71,82,131,61,101,Nenhuma,41,59
454,34.68,132,314,26,403,122,358,74,Nenhuma,88,95
454,34.68,134,103,48,139,109,121,79,Nenhuma,35,60
455,34.75,34,153,15,189,80,171,47,Nenhuma,35,65
455,34.75,55,131,54,187,190,159,122,Expositor 1,56,135
455,34.75,64,210,0,237,66,224,33,Nenhuma,26,65
455,34.75,67,113,20,141,66,127,43,Nenhuma,27,45
455,34.75,77,19,86,79,233,49,159,Nenhuma,60,146
455,34.75,130,390,50,425,135,407,93,Nenhuma,35,85
455,34.75,131,40,71,83,134,61,103,Nenhuma,43,63
455,34.75,132,313,26,399,121,356,74,Nenhuma,86,94
455,34.75,134,103,49,138,109,121,79,Nenhuma,35,59
456,34.83,34,154,15,188,81,171,48,Nenhuma,34,65
456,34.83,55,132,54,189,189,160,122,Expositor 1,56,134
456,34.83,64,214,1,240,66,227,34,Nenhuma,26,65
456,34.83,67,113,20,139,63,126,42,Nenhuma,26,43
456,34.83,77,19,86,79,233,49,159,Nenhuma,59,146
456,34.83,130,391,51,426,135,408,93,Nenhuma,34,84
456,34.83,131,39,71,83,136,61,104,Nenhuma,44,64
456,34.83,132,321,37,397,121,359,79,Nenhuma,76,84
456,34.83,134,102,46,139,110,121,78,Nenhuma,37,63
457,34.9,34,154,15,188,82,171,49,Nenhuma,34,66
457,34.9,55,133,55,190,188,162,122,Expositor 1,56,132
457,34.9,64,215,1,243,67,229,34,Nenhuma,27,66
457,34.9,67,116,20,144,63,130,42,Nenhuma,27,42
457,34.9,77,22,86,83,233,53,160,Nenhuma,60,147
457,34.9,130,392,52,426,135,409,94,Nenhuma,34,83
457,34.9,131,42,71,81,128,62,100,Nenhuma,38,56
457,34.9,132,318,29,400,121,359,75,Nenhuma,81,92
457,34.9,134,101,46,140,112,121,79,Nenhuma,38,66
458,34.98,34,154,15,188,83,171,49,Nenhuma,34,67
458,34.98,55,133,55,190,189,162,122,Expositor 1,56,134
458,34.98,64,217,0,245,66,231,33,Nenhuma,27,66
458,34.98,67,117,20,144,61,130,41,Nenhuma,26,40
458,34.98,77,21,86,82,233,52,160,Nenhuma,60,147
458,34.98,118,137,55,185,134,161,94,Nenhuma,48,79
458,34.98,130,392,52,426,135,409,94,Nenhuma,34,83
458,34.98,131,43,72,80,125,62,98,Nenhuma,37,53
458,34.98,132,319,29,399,121,359,75,Nenhuma,80,92
458,34.98,134,101,46,140,113,120,79,Nenhuma,39,66
459,35.06,34,155,15,188,82,171,49,Nenhuma,33,67
459,35.06,55,133,55,189,188,161,121,Expositor 1,56,133
459,35.06,64,220,0,248,67,234,34,Nenhuma,27,66
459,35.06,67,116,20,142,61,129,40,Nenhuma,26,40
459,35.06,77,20,86,81,233,51,160,Nenhuma,60,146
459,35.06,118,136,55,187,136,162,95,Nenhuma,50,81
459,35.06,130,391,54,424,134,408,94,Nenhuma,32,79
459,35.06,131,42,72,80,127,61,99,Nenhuma,38,54
459,35.06,132,321,33,397,122,359,77,Nenhuma,75,88
459,35.06,134,101,46,140,113,120,79,Nenhuma,39,67
460,35.13,34,156,15,188,81,172,48,Nenhuma,32,66
460,35.13,55,132,55,188,187,160,121,Expositor 1,55,132
460,35.13,64,223,0,251,67,237,34,Nenhuma,27,66
460,35.13,67,115,20,141,60,128,40,Nenhuma,25,39
460,35.13,77,20,86,80,233,50,159,Nenhuma,60,146
460,35.13,118,134,55,188,141,161,98,Nenhuma,53,86
460,35.13,130,391,52,424,134,408,93,Nenhuma,33,81
460,35.13,131,41,72,80,128,61,100,Nenhuma,39,56
460,35.13,132,321,33,397,122,359,77,Nenhuma,75,88
460,35.13,134,99,43,142,117,120,80,Nenhuma,42,74
461,35.21,34,156,15,188,81,172,48,Nenhuma,32,66
461,35.21,55,131,55,187,187,159,121,Expositor 1,55,132
461,35.21,64,224,0,252,67,238,34,Nenhuma,28,67
461,35.21,67,114,20,139,59,127,39,Nenhuma,25,39
461,35.21,77,22,85,84,234,53,159,Nenhuma,61,148
461,35.21,118,133,55,187,142,160,98,Nenhuma,54,87
461,35.21,130,391,52,425,133,408,93,Nenhuma,33,81
461,35.21,131,39,72,82,133,61,102,Nenhuma,42,61
461,35.21,132,322,33,396,122,359,77,Nenhuma,74,88
461,35.21,134,100,43,141,114,120,79,Nenhuma,40,71
462,35.29,34,156,15,188,80,172,48,Nenhuma,31,64
462,35.29,55,130,55,185,187,158,121,Expositor 1,55,132
462,35.29,64,226,0,258,79,242,39,Nenhuma,31,78
462,35.29,77,19,86,81,234,50,160,Nenhuma,61,148
462,35.29,118,133,55,186,140,159,98,Nenhuma,53,85
462,35.29,130,392,55,425,135,408,95,Nenhuma,33,79
462,35.29,131,38,72,84,139,61,105,Nenhuma,45,67
462,35.29,132,325,36,397,122,361,79,Nenhuma,72,85
462,35.29,134,101,42,141,111,121,77,Nenhuma,39,69
463,35.36,34,156,15,187,81,172,48,Nenhuma,31,65
463,35.36,55,130,55,185,186,157,120,Expositor 1,54,131
463,35.36,64,229,0,263,83,246,42,Nenhuma,33,82
463,35.36,77,19,87,79,235,49,161,Nenhuma,60,147
463,35.36,118,132,55,185,139,159,97,Nenhuma,52,84
463,35.36,130,392,56,425,135,408,96,Nenhuma,33,79
463,35.36,131,37,72,84,141,61,106,Nenhuma,46,69
463,35.36,132,326,37,397,122,361,79,Nenhuma,71,84
463,35.36,134,102,42,141,110,122,76,Nenhuma,38,68
464,35.44,34,156,15,187,81,171,48,Nenhuma,30,65
464,35.44,55,129,55,184,186,157,120,Expositor 1,54,130
464,35.44,64,232,0,266,85,249,42,Nenhuma,33,84
464,35.44,77,18,87,79,235,49,161,Nenhuma,60,147
464,35.44,118,133,55,186,140,160,98,Nenhuma,53,85
464,35.44,130,392,57,425,135,408,96,Nenhuma,32,78
464,35.44,131,37,72,84,142,61,107,Nenhuma,46,70
464,35.44,132,326,38,397,122,362,80,Nenhuma,71,83
464,35.44,134,102,41,141,111,121,76,Nenhuma,39,69
465,35.52,34,157,15,187,81,172,48,Nenhuma,30,65
465,35.52,55,129,55,184,186,157,121,Expositor 1,55,130
465,35.52,64,234,0,269,86,251,43,Nenhuma,34,85
465,35.52,77,18,87,78,234,48,161,Nenhuma,59,146
465,35.52,118,134,55,188,141,161,98,Nenhuma,53,85
465,35.52,130,392,58,424,135,408,97,Nenhuma,32,77
465,35.52,131,37,72,84,142,60,107,Nenhuma,46,70
465,35.52,132,327,39,397,122,362,80,Nenhuma,70,83
465,35.52,134,102,41,141,111,121,76,Nenhuma,39,69
466,35.59,34,157,16,188,82,173,49,Nenhuma,30,66
466,35.59,55,129,56,185,187,157,121,Expositor 1,55,131
466,35.59,64,236,0,271,87,254,44,Nenhuma,34,87
466,35.59,77,17,88,77,234,47,161,Nenhuma,59,145
466,35.59,118,135,56,189,142,162,99,Nenhuma,54,86
466,35.59,130,392,59,425,136,408,97,Nenhuma,32,76
466,35.59,131,37,72,84,143,60,107,Nenhuma,46,71
466,35.59,132,318,34,395,123,357,79,Nenhuma,76,88
466,35.59,134,102,41,141,111,121,76,Nenhuma,39,70
467,35.67,34,158,16,188,83,173,49,Nenhuma,30,67
467,35.67,55,129,56,185,186,157,121,Expositor 1,56,130
467,35.67,64,239,0,274,89,256,44,Nenhuma,35,88
467,35.67,77,16,88,75,234,46,161,Nenhuma,59,145
467,35.67,130,392,59,425,136,408,97,Nenhuma,32,76
467,35.67,131,37,72,84,143,60,107,Nenhuma,46,71
467,35.67,132,317,34,395,123,356,79,Nenhuma,78,89
467,35.67,134,102,41,141,111,121,76,Nenhuma,39,70
468,35.74,34,158,16,188,85,173,50,Nenhuma,30,69
468,35.74,55,129,56,185,186,157,121,Expositor 1,56,129
468,35.74,56,158,15,188,113,173,64,Nenhuma,30,97
468,35.74,77,16,89,75,234,45,161,Nenhuma,58,144
468,35.74,130,392,59,425,136,408,97,Nenhuma,32,76
468,35.74,131,37,70,84,144,60,107,Nenhuma,47,74
468,35.74,132,317,32,397,123,357,77,Nenhuma,80,91
469,35.82,34,158,16,189,85,174,51,Nenhuma,30,69
469,35.82,55,119,58,177,187,148,122,Expositor 1,57,129
469,35.82,56,158,16,188,113,173,64,Nenhuma,30,97
469,35.82,64,238,0,271,83,255,42,Nenhuma,33,83
469,35.82,77,16,90,74,234,45,162,Nenhuma,58,144
469,35.82,130,392,59,425,136,408,97,Nenhuma,32,76
469,35.82,131,37,70,83,142,60,106,Nenhuma,45,72
469,35.82,132,325,36,400,122,362,79,Nenhuma,75,85
470,35.9,34,159,16,190,86,174,51,Nenhuma,31,70
470,35.9,55,115,58,174,187,144,123,Expositor 1,59,128
470,35.9,56,158,16,188,115,173,65,Nenhuma,30,99
470,35.9,64,240,0,274,84,257,42,Nenhuma,33,83
470,35.9,67,104,40,135,91,119,65,Nenhuma,31,50
470,35.9,77,16,90,74,233,45,161,Nenhuma,58,143
470,35.9,130,392,59,425,136,408,97,Nenhuma,33,76
470,35.9,131,38,70,83,141,60,105,Nenhuma,44,71
470,35.9,132,326,34,402,122,364,78,Nenhuma,76,88
471,35.97,34,159,16,190,87,175,51,Nenhuma,31,71
471,35.97,55,112,58,173,188,143,123,Expositor 1,61,130
471,35.97,56,158,16,188,113,173,64,Nenhuma,29,97
471,35.97,64,242,0,276,85,259,43,Nenhuma,33,84
471,35.97,67,102,41,134,93,118,67,Nenhuma,31,51
471,35.97,77,16,90,74,233,45,161,Nenhuma,58,143
471,35.97,130,392,59,425,136,409,97,Nenhuma,33,76
471,35.97,131,38,69,82,140,60,105,Nenhuma,44,70
471,35.97,132,327,34,403,122,365,78,Nenhuma,76,88
472,36.05,55,112,57,174,188,143,122,Expositor 1,62,130
472,36.05,56,159,16,188,113,173,64,Nenhuma,28,97
472,36.05,64,243,0,278,86,261,43,Nenhuma,34,85
472,36.05,67,101,43,134,95,118,69,Nenhuma,32,51
472,36.05,77,16,90,74,233,45,162,Nenhuma,58,143
472,36.05,130,392,58,425,136,409,97,Nenhuma,33,77
472,36.05,131,38,69,82,140,60,105,Nenhuma,44,70
472,36.05,132,326,32,404,123,365,78,Nenhuma,77,90
473,36.13,55,111,56,174,188,143,122,Expositor 1,63,131
473,36.13,56,159,15,188,112,173,64,Nenhuma,28,97
473,36.13,67,100,44,133,96,117,70,Nenhuma,32,52
473,36.13,77,16,90,74,233,45,162,Nenhuma,58,143
473,36.13,130,392,56,426,136,409,96,Nenhuma,34,79
473,36.13,131,38,69,82,139,60,104,Nenhuma,43,69
473,36.13,132,325,29,405,123,365,76,Nenhuma,79,94
474,36.2,55,110,55,175,188,142,122,Expositor 1,64,133
474,36.2,56,160,15,186,98,173,57,Nenhuma,25,83
474,36.2,77,16,89,74,233,45,161,Nenhuma,58,143
474,36.2,130,392,56,426,136,409,96,Nenhuma,34,79
474,36.2,131,39,69,81,136,60,103,Nenhuma,41,66
474,36.2,132,325,29,405,124,365,76,Nenhuma,79,94
475,36.28,55,110,55,175,188,142,121,Expositor 1,64,133
475,36.28,56,159,15,187,109,173,62,Nenhuma,28,93
475,36.28,77,17,89,75,233,46,161,Nenhuma,58,143
475,36.28,130,392,56,426,136,409,96,Nenhuma,34,79
475,36.28,131,40,69,80,132,60,101,Nenhuma,39,62
475,36.28,132,327,30,404,123,366,76,Nenhuma,77,92
476,36.36,55,110,55,175,189,142,122,Expositor 1,65,133
476,36.36,56,158,14,188,112,173,63,Nenhuma,29,97
476,36.36,77,17,89,75,233,46,161,Nenhuma,58,144
476,36.36,130,392,56,426,136,409,96,Nenhuma,34,79
476,36.36,131,40,69,79,129,60,99,Nenhuma,38,59
476,36.36,132,326,29,404,123,365,76,Nenhuma,77,93
477,36.43,34,153,15,195,116,174,66,Nenhuma,42,100
477,36.43,55,110,55,177,190,143,123,Expositor 1,67,134
477,36.43,56,160,15,185,99,173,57,Nenhuma,25,83
477,36.43,77,16,89,74,233,45,161,Nenhuma,58,144
477,36.43,130,391,56,425,136,408,96,Nenhuma,34,79
477,36.43,131,40,69,79,128,60,99,Nenhuma,38,59
477,36.43,132,326,28,404,123,365,75,Nenhuma,78,94
478,36.51,34,152,15,196,119,174,67,Nenhuma,43,103
478,36.51,55,110,55,178,190,144,123,Expositor 1,68,134
478,36.51,56,159,15,187,108,173,61,Nenhuma,28,93
478,36.51,77,16,89,75,233,45,161,Nenhuma,58,144
478,36.51,130,391,56,425,136,408,96,Nenhuma,34,79
478,36.51,131,39,69,78,130,59,100,Nenhuma,39,60
478,36.51,132,326,29,403,123,364,76,Nenhuma,77,93
479,36.58,34,152,15,196,121,174,68,Nenhuma,44,105
479,36.58,55,111,56,181,191,146,123,Expositor 1,69,134
479,36.58,56,159,15,188,110,173,62,Nenhuma,29,95
479,36.58,77,16,89,74,233,45,161,Nenhuma,58,143
479,36.58,130,391,56,425,136,408,96,Nenhuma,34,79
479,36.58,131,38,69,77,130,58,100,Nenhuma,39,60
479,36.58,132,326,30,402,123,364,76,Nenhuma,76,92
480,36.66,34,140,23,179,113,160,68,Nenhuma,39,90
480,36.66,55,112,56,183,191,147,124,Expositor 1,71,134
480,36.66,56,160,15,188,107,174,61,Nenhuma,27,92
480,36.66,77,20,85,80,231,50,158,Nenhuma,60,145
480,36.66,130,391,54,426,136,408,95,Nenhuma,35,81
480,36.66,131,36,69,74,129,55,99,Nenhuma,37,59
480,36.66,132,327,30,403,123,365,76,Nenhuma,76,92
481,36.74,34,138,23,178,111,158,67,Nenhuma,39,87
481,36.74,55,113,56,185,191,149,124,Expositor 1,72,134
481,36.74,56,160,14,188,107,174,61,Nenhuma,27,92
481,36.74,67,104,23,142,88,123,55,Nenhuma,37,64
481,36.74,77,19,84,80,231,49,158,Nenhuma,60,146
481,36.74,130,391,53,426,136,408,94,Nenhuma,35,82
481,36.74,131,34,69,71,129,53,99,Nenhuma,37,59
481,36.74,132,327,29,402,123,365,76,Nenhuma,75,93
482,36.81,34,137,24,177,113,157,68,Nenhuma,39,88
482,36.81,55,113,57,186,191,150,124,Expositor 1,73,134
482,36.81,56,161,14,186,97,174,56,Nenhuma,24,82
482,36.81,67,104,22,142,88,123,55,Nenhuma,38,65
482,36.81,77,16,90,75,231,46,160,Nenhuma,59,141
482,36.81,130,390,51,427,136,408,93,Nenhuma,36,84
482,36.81,131,34,70,71,131,52,101,Nenhuma,37,61
482,36.81,132,328,28,403,123,366,75,Nenhuma,75,94
483,36.89,34,136,24,176,114,156,69,Nenhuma,40,89
483,36.89,55,116,56,189,190,153,123,Expositor 1,73,134
483,36.89,56,162,14,186,95,174,55,Nenhuma,24,80
483,36.89,67,105,23,144,92,124,58,Nenhuma,38,69
483,36.89,77,15,86,76,231,45,158,Nenhuma,60,145
483,36.89,130,390,50,427,136,409,93,Nenhuma,36,85
483,36.89,131,34,72,71,132,53,102,Nenhuma,36,60
483,36.89,132,330,28,405,122,368,75,Nenhuma,74,94
484,36.97,34,135,25,176,115,155,70,Nenhuma,40,90
484,36.97,55,118,56,192,190,155,123,Expositor 1,73,134
484,36.97,56,163,14,186,87,174,51,Nenhuma,22,72
484,36.97,67,106,21,145,93,125,57,Nenhuma,39,72
484,36.97,77,16,87,76,231,46,159,Nenhuma,60,144
484,36.97,130,391,49,427,136,409,92,Nenhuma,36,86
484,36.97,131,36,73,72,133,54,103,Nenhuma,35,60
484,36.97,132,331,27,403,122,367,75,Nenhuma,72,94
484,36.97,144,315,24,343,84,329,54,Nenhuma,28,60
485,37.04,55,122,56,194,190,158,123,Expositor 1,72,134
485,37.04,56,164,14,185,81,174,48,Nenhuma,21,66
485,37.04,67,106,21,146,96,126,58,Nenhuma,40,75
485,37.04,77,15,85,75,231,45,158,Nenhuma,60,146
485,37.04,130,391,49,428,136,410,92,Nenhuma,36,86
485,37.04,131,38,75,73,133,56,104,Nenhuma,35,58
485,37.04,132,330,28,399,121,364,74,Nenhuma,69,92
485,37.04,144,316,23,345,84,331,53,Nenhuma,28,60
486,37.12,55,124,55,196,190,160,122,Expositor 1,72,134
486,37.12,56,164,14,185,79,175,47,Nenhuma,21,64
486,37.12,67,106,20,147,98,127,59,Nenhuma,40,77
486,37.12,77,14,85,75,231,44,158,Nenhuma,60,146
486,37.12,130,391,48,428,136,410,92,Nenhuma,36,87
486,37.12,131,39,77,73,133,56,105,Nenhuma,34,56
486,37.12,132,331,28,398,121,364,75,Nenhuma,67,92
486,37.12,144,316,23,346,85,331,54,Nenhuma,29,61
487,37.2,55,123,55,195,190,159,122,Expositor 1,72,134
487,37.2,56,164,14,185,79,175,47,Nenhuma,21,64
487,37.2,67,106,21,146,98,126,59,Nenhuma,39,77
487,37.2,77,14,84,75,232,44,158,Nenhuma,60,147
487,37.2,130,391,48,428,136,410,92,Nenhuma,36,87
487,37.2,131,45,79,80,134,63,106,Nenhuma,35,54
487,37.2,132,333,28,398,121,365,75,Nenhuma,64,92
487,37.2,144,316,24,347,88,332,56,Nenhuma,30,63
488,37.27,34,113,42,143,105,128,73,Nenhuma,30,63
488,37.27,55,128,55,198,190,163,122,Expositor 1,70,134
488,37.27,56,163,14,185,79,174,47,Nenhuma,22,64
488,37.27,67,106,20,147,99,126,60,Nenhuma,40,78
488,37.27,77,14,85,74,232,44,158,Nenhuma,60,146
488,37.27,130,391,48,427,136,409,92,Nenhuma,36,87
488,37.27,131,47,80,83,133,65,107,Nenhuma,35,52
488,37.27,132,335,29,397,121,366,75,Nenhuma,61,91
488,37.27,144,317,24,348,88,332,56,Nenhuma,31,64
489,37.35,34,111,43,141,102,126,72,Nenhuma,29,59
489,37.35,55,130,55,199,190,164,122,Expositor 1,69,134
489,37.35,56,163,14,186,79,174,47,Nenhuma,22,65
489,37.35,67,106,20,147,100,126,60,Nenhuma,41,79
489,37.35,77,14,88,73,232,43,160,Nenhuma,59,143
489,37.35,130,391,49,427,136,409,92,Nenhuma,36,86
489,37.35,131,46,81,84,133,65,107,Nenhuma,37,51
489,37.35,132,337,30,397,121,367,76,Nenhuma,59,91
489,37.35,144,317,24,349,89,333,57,Nenhuma,31,64
490,37.42,34,112,43,141,98,126,71,Nenhuma,29,55
490,37.42,55,129,55,198,190,164,122,Expositor 1,68,134
490,37.42,56,163,14,186,79,174,47,Nenhuma,22,64
490,37.42,67,105,19,148,101,126,60,Nenhuma,42,81
490,37.42,77,13,88,73,232,43,160,Nenhuma,59,143
490,37.42,130,391,49,427,136,409,92,Nenhuma,35,86
490,37.42,131,46,81,84,133,65,107,Nenhuma,38,51
490,37.42,132,331,29,392,123,361,76,Nenhuma,61,93
490,37.42,144,318,25,349,90,334,57,Nenhuma,31,65
491,37.5,34,112,44,141,97,126,70,Nenhuma,29,52
491,37.5,55,131,55,199,190,165,122,Expositor 1,67,134
491,37.5,56,163,14,186,80,175,47,Nenhuma,23,65
491,37.5,77,13,88,73,231,43,160,Nenhuma,59,143
491,37.5,130,392,49,427,136,410,92,Nenhuma,35,86
491,37.5,131,45,81,84,133,64,107,Nenhuma,39,51
491,37.5,132,332,31,391,122,361,76,Nenhuma,59,91
492,37.58,34,111,44,141,96,126,70,Nenhuma,29,52
492,37.58,55,132,55,199,189,165,122,Expositor 1,66,134
492,37.58,56,163,14,186,80,175,47,Nenhuma,23,65
492,37.58,77,17,88,61,192,39,140,Nenhuma,44,104
492,37.58,130,392,51,427,136,410,93,Nenhuma,34,84
492,37.58,131,46,82,84,132,65,107,Nenhuma,38,50
492,37.58,132,337,31,395,123,366,77,Nenhuma,58,92
493,37.65,34,108,44,141,101,124,73,Nenhuma,33,57
493,37.65,55,131,55,197,189,164,122,Expositor 1,66,133
493,37.65,56,163,14,186,79,175,47,Nenhuma,23,64
493,37.65,77,18,88,57,175,38,131,Nenhuma,38,87
493,37.65,130,392,54,426,136,409,95,Nenhuma,33,81
493,37.65,131,46,82,84,132,65,107,Nenhuma,37,50
493,37.65,132,340,31,397,123,368,77,Nenhuma,56,92
494,37.73,34,108,44,142,101,125,72,Nenhuma,33,56
494,37.73,55,131,55,196,189,164,122,Expositor 1,65,133
494,37.73,56,163,14,186,79,175,47,Nenhuma,23,64
494,37.73,77,19,88,57,172,38,130,Nenhuma,38,84
494,37.73,130,391,50,426,136,409,93,Nenhuma,34,85
494,37.73,131,47,83,85,132,66,108,Nenhuma,37,49
494,37.73,132,341,30,397,124,369,77,Nenhuma,56,94
495,37.81,34,108,44,142,101,125,72,Nenhuma,34,56
495,37.81,55,130,55,195,189,163,122,Expositor 1,64,133
495,37.81,56,162,14,187,80,175,47,Nenhuma,24,65
495,37.81,77,19,88,57,171,38,129,Nenhuma,38,83
495,37.81,130,391,49,426,136,409,92,Nenhuma,35,86
495,37.81,132,342,30,397,124,369,77,Nenhuma,55,94
496,37.88,34,109,44,141,97,125,70,Nenhuma,32,52
496,37.88,55,128,56,193,189,160,123,Expositor 1,64,133
496,37.88,56,162,14,187,82,175,48,Nenhuma,24,67
496,37.88,77,18,88,57,171,38,129,Nenhuma,39,83
496,37.88,130,392,50,426,136,409,93,Nenhuma,34,85
496,37.88,132,342,30,396,125,369,77,Nenhuma,54,95
496,37.88,150,316,22,362,74,339,48,Nenhuma,45,52
496,37.88,151,288,318,388,358,338,338,Nenhuma,100,40
497,37.96,34,109,43,139,92,124,68,Nenhuma,30,49
497,37.96,55,125,56,190,190,158,123,Expositor 1,65,133
497,37.96,56,162,14,187,83,175,49,Nenhuma,25,68
497,37.96,77,18,88,56,167,37,127,Nenhuma,37,79
497,37.96,130,392,52,426,136,409,94,Nenhuma,33,83
497,37.96,132,343,30,396,125,369,78,Nenhuma,53,95
497,37.96,150,315,22,363,76,339,49,Nenhuma,47,54
497,37.96,151,285,317,389,358,337,337,Nenhuma,104,41
498,38.04,34,108,43,139,92,123,67,Nenhuma,30,49
498,38.04,55,125,57,191,192,158,124,Expositor 1,66,135
498,38.04,56,162,14,187,83,175,49,Nenhuma,25,68
498,38.04,77,17,88,57,171,37,129,Nenhuma,39,83
498,38.04,130,392,53,426,136,409,94,Nenhuma,33,82
498,38.04,132,344,30,396,125,370,78,Nenhuma,52,94
498,38.04,150,314,21,364,78,339,50,Nenhuma,49,56
498,38.04,151,283,316,390,358,336,337,Nenhuma,106,42
499,38.11,34,108,43,139,94,124,69,Nenhuma,31,50
499,38.11,55,127,57,195,198,161,128,Expositor 1,67,140
499,38.11,56,161,14,188,85,175,50,Nenhuma,26,70
499,38.11,77,17,88,58,171,37,129,Nenhuma,40,83
499,38.11,130,393,53,426,136,409,94,Nenhuma,33,82
499,38.11,132,344,30,396,127,370,79,Nenhuma,52,96
499,38.11,150,315,21,363,77,339,49,Nenhuma,47,55
499,38.11,151,281,315,388,358,334,337,Nenhuma,107,43
499,38.11,153,42,80,92,200,67,140,Nenhuma,50,120
500,38.19,34,108,43,139,94,124,68,Nenhuma,31,50
500,38.19,55,128,57,197,201,163,129,Expositor 1,68,143
500,38.19,56,161,14,187,87,174,51,Nenhuma,26,72
500,38.19,77,17,88,58,171,38,129,Nenhuma,41,83
500,38.19,130,393,54,426,136,409,95,Nenhuma,32,81
500,38.19,132,344,30,396,127,370,79,Nenhuma,52,97
500,38.19,150,316,21,362,75,339,48,Nenhuma,46,53
500,38.19,151,278,315,387,359,332,337,Nenhuma,109,43
500,38.19,153,42,80,93,201,68,140,Nenhuma,50,121
501,38.26,34,108,43,141,95,125,69,Nenhuma,32,51
501,38.26,55,131,58,200,203,166,131,Expositor 1,68,144
501,38.26,56,161,14,188,89,174,52,Nenhuma,27,74
501,38.26,77,18,88,59,171,39,129,Nenhuma,41,83
501,38.26,130,393,53,426,136,409,94,Nenhuma,33,82
501,38.26,132,345,29,396,127,370,78,Nenhuma,51,97
501,38.26,150,316,22,362,76,339,49,Nenhuma,46,54
501,38.26,151,276,314,387,359,331,336,Nenhuma,111,44
501,38.26,153,42,80,94,202,68,141,Nenhuma,51,122
502,38.34,34,106,42,146,107,126,74,Nenhuma,40,65
502,38.34,55,138,58,205,204,171,131,Expositor 1,67,145
502,38.34,56,161,14,188,89,174,52,Nenhuma,26,74
502,38.34,67,139,24,161,65,150,44,Nenhuma,22,40
502,38.34,77,18,87,60,171,39,129,Nenhuma,42,83
502,38.34,130,393,55,425,136,409,95,Nenhuma,32,80
502,38.34,132,345,29,396,127,371,78,Nenhuma,51,98
502,38.34,150,314,22,364,81,339,52,Nenhuma,49,58
502,38.34,151,276,313,387,359,331,336,Nenhuma,111,45
502,38.34,153,39,80,88,195,63,137,Nenhuma,48,115
503,38.42,34,106,41,149,113,127,77,Nenhuma,43,72
503,38.42,55,140,59,206,203,173,131,Expositor 1,66,144
503,38.42,56,161,14,187,88,174,51,Nenhuma,26,73
503,38.42,67,139,24,163,65,151,45,Nenhuma,23,40
503,38.42,77,17,87,60,171,38,129,Nenhuma,42,84
503,38.42,130,393,57,425,136,409,96,Nenhuma,31,78
503,38.42,132,345,29,396,128,370,79,Nenhuma,51,99
503,38.42,150,313,22,363,81,338,51,Nenhuma,50,59
503,38.42,151,275,313,386,359,330,336,Nenhuma,111,45
503,38.42,153,39,80,87,195,63,137,Nenhuma,47,115
504,38.49,34,106,41,151,114,128,77,Nenhuma,44,73
504,38.49,55,141,59,207,204,174,131,Expositor 1,66,144
504,38.49,56,161,14,187,84,174,49,Nenhuma,25,69
504,38.49,67,138,25,163,66,151,45,Nenhuma,24,41
504,38.49,77,16,86,60,171,38,129,Nenhuma,43,84
504,38.49,130,393,57,425,136,409,96,Nenhuma,31,78
504,38.49,132,345,29,396,128,370,79,Nenhuma,50,98
504,38.49,150,313,22,363,81,338,52,Nenhuma,49,58
504,38.49,151,273,313,386,359,330,336,Nenhuma,112,45
504,38.49,153,42,80,90,196,66,138,Nenhuma,48,116
504,38.49,155,106,44,150,148,128,96,Nenhuma,44,104
505,38.57,34,106,41,151,116,128,78,Nenhuma,45,75
505,38.57,55,144,59,209,204,176,131,Expositor 1,65,145
505,38.57,56,162,14,187,81,174,48,Nenhuma,24,66
505,38.57,67,136,25,165,73,151,49,Nenhuma,28,48
505,38.57,77,15,86,60,173,37,130,Nenhuma,44,86
505,38.57,130,393,55,425,136,409,95,Nenhuma,32,80
505,38.57,132,344,29,396,129,370,79,Nenhuma,51,100
505,38.57,150,313,22,363,82,338,52,Nenhuma,50,59
505,38.57,151,272,312,385,359,329,335,Nenhuma,112,46
505,38.57,153,41,79,88,192,64,135,Nenhuma,46,113
505,38.57,155,106,44,154,157,130,100,Expositor 1,47,113
506,38.65,34,105,41,152,117,128,79,Nenhuma,46,76
506,38.65,55,145,59,210,204,178,131,Expositor 1,64,145
506,38.65,56,163,14,186,79,174,47,Nenhuma,23,64
506,38.65,67,134,24,164,76,149,50,Nenhuma,30,52
506,38.65,77,11,86,73,211,42,149,Nenhuma,62,124
506,38.65,130,393,56,425,136,409,96,Nenhuma,32,79
506,38.65,132,336,28,390,131,363,80,Nenhuma,54,103
506,38.65,150,312,22,362,82,337,52,Nenhuma,50,60
506,38.65,151,272,312,385,359,328,335,Nenhuma,112,46
506,38.65,153,42,79,88,192,65,135,Nenhuma,45,113
506,38.65,155,107,44,156,160,131,102,Expositor 1,49,116
507,38.72,34,105,40,152,119,128,80,Nenhuma,47,78
507,38.72,55,148,59,212,204,180,131,Expositor 1,64,145
507,38.72,56,163,15,186,77,175,46,Nenhuma,23,61
507,38.72,67,132,24,166,83,149,53,Nenhuma,33,59
507,38.72,77,9,85,79,224,44,154,Nenhuma,69,139
507,38.72,130,393,56,425,136,409,96,Nenhuma,32,79
507,38.72,132,330,27,386,128,358,77,Nenhuma,55,100
507,38.72,150,312,22,363,83,337,52,Nenhuma,50,61
507,38.72,151,272,312,384,358,328,335,Nenhuma,111,45
507,38.72,153,42,78,88,191,65,135,Nenhuma,45,113
507,38.72,155,107,44,157,161,132,102,Expositor 1,49,117
508,38.8,55,152,59,215,203,183,131,Expositor 1,63,143
508,38.8,56,164,15,186,74,175,45,Nenhuma,22,58
508,38.8,67,131,24,165,84,148,54,Nenhuma,34,60
508,38.8,77,9,86,80,230,45,158,Nenhuma,70,143
508,38.8,130,393,57,425,136,409,96,Nenhuma,32,78
508,38.8,132,328,27,385,126,356,77,Nenhuma,56,99
508,38.8,150,311,22,363,84,337,53,Nenhuma,51,62
508,38.8,151,273,312,383,358,328,335,Nenhuma,110,45
508,38.8,153,42,78,88,191,65,135,Nenhuma,45,112
508,38.8,155,108,44,156,156,132,100,Expositor 1,47,112
509,38.88,55,155,59,219,204,187,132,Expositor 1,63,144
509,38.88,56,164,15,186,71,175,43,Nenhuma,21,56
509,38.88,67,133,24,168,86,150,55,Nenhuma,34,62
509,38.88,77,10,86,80,232,45,159,Nenhuma,70,145
509,38.88,130,392,55,426,136,409,95,Nenhuma,33,80
509,38.88,132,327,28,386,130,357,79,Nenhuma,59,101
509,38.88,150,311,22,363,85,337,53,Nenhuma,52,63
509,38.88,151,273,312,384,358,328,335,Nenhuma,111,45
509,38.88,153,42,78,88,190,65,134,Nenhuma,45,111
509,38.88,155,109,43,155,154,132,99,Nenhuma,46,110
510,38.95,55,158,60,221,203,189,132,Expositor 1,62,142
510,38.95,56,164,15,186,70,175,42,Nenhuma,21,55
510,38.95,67,134,24,168,88,151,56,Nenhuma,34,63
510,38.95,77,11,87,80,232,46,160,Nenhuma,69,145
510,38.95,130,392,54,426,136,409,95,Nenhuma,33,81
510,38.95,132,330,28,390,130,360,79,Nenhuma,59,102
510,38.95,151,272,312,384,358,328,335,Nenhuma,111,46
510,38.95,155,109,44,155,152,132,98,Nenhuma,46,108
511,39.03,55,159,60,222,203,191,132,Expositor 1,62,142
511,39.03,56,165,15,185,66,175,40,Nenhuma,20,51
511,39.03,67,133,24,169,93,151,59,Nenhuma,36,68
511,39.03,77,12,87,80,233,46,160,Nenhuma,68,146
511,39.03,130,393,55,426,136,409,95,Nenhuma,33,80
511,39.03,132,338,29,394,127,366,78,Nenhuma,56,97
511,39.03,150,313,22,361,78,337,50,Nenhuma,47,56
511,39.03,151,272,312,384,358,328,335,Nenhuma,111,46
511,39.03,155,108,44,155,155,131,99,Nenhuma,47,111
512,39.1,55,160,61,223,204,191,132,Expositor 1,62,143
512,39.1,56,165,14,185,64,175,39,Nenhuma,20,49
512,39.1,67,131,24,172,103,151,63,Nenhuma,40,79
512,39.1,77,13,87,80,233,46,160,Nenhuma,67,146
512,39.1,130,393,54,427,136,410,95,Nenhuma,33,81
512,39.1,132,341,29,396,125,369,77,Nenhuma,54,95
512,39.1,150,315,21,360,75,337,48,Nenhuma,44,53
512,39.1,151,271,312,384,358,328,335,Nenhuma,112,46
512,39.1,155,106,43,156,160,131,102,Expositor 1,49,117
513,39.18,55,162,61,224,205,193,133,Expositor 1,62,143
513,39.18,56,164,14,186,64,175,39,Nenhuma,21,49
513,39.18,67,130,24,175,113,152,68,Nenhuma,45,89
513,39.18,77,14,87,80,233,47,160,Nenhuma,66,145
513,39.18,130,392,53,426,136,409,94,Nenhuma,34,82
513,39.18,132,342,30,396,127,369,78,Nenhuma,54,96
513,39.18,150,315,21,360,75,337,48,Nenhuma,44,53
513,39.18,151,271,311,384,359,327,335,Nenhuma,113,47
513,39.18,155,106,43,157,162,132,102,Expositor 1,50,119
514,39.26,55,164,61,227,204,196,132,Expositor 1,62,143
514,39.26,56,164,14,186,66,175,40,Nenhuma,22,51
514,39.26,67,130,24,176,117,153,70,Nenhuma,45,93
514,39.26,77,14,85,80,234,47,160,Nenhuma,66,148
514,39.26,130,392,53,427,136,409,94,Nenhuma,34,82
514,39.26,132,343,30,396,127,370,78,Nenhuma,52,96
514,39.26,150,315,21,359,74,337,48,Nenhuma,44,53
514,39.26,151,272,311,383,358,328,335,Nenhuma,111,46
514,39.26,155,106,42,156,161,131,102,Expositor 1,50,118
515,39.33,55,167,61,229,204,198,132,Expositor 1,62,143
515,39.33,56,163,16,186,69,175,42,Nenhuma,22,52
515,39.33,67,132,23,178,117,155,70,Nenhuma,45,93
515,39.33,77,14,84,80,234,47,159,Nenhuma,66,149
515,39.33,130,392,52,426,136,409,94,Nenhuma,34,83
515,39.33,132,344,31,396,126,370,78,Nenhuma,51,95
515,39.33,150,315,21,359,74,337,48,Nenhuma,44,52
515,39.33,151,271,310,385,358,328,334,Nenhuma,113,47
515,39.33,155,105,42,156,162,131,102,Expositor 1,50,119
516,39.41,55,169,61,233,209,201,135,Expositor 1,64,148
516,39.41,56,161,16,188,78,174,47,Nenhuma,26,62
516,39.41,67,131,24,175,116,153,70,Nenhuma,43,92
516,39.41,77,14,84,79,233,47,159,Nenhuma,64,148
516,39.41,130,392,54,426,136,409,95,Nenhuma,33,81
516,39.41,132,345,31,396,124,370,77,Nenhuma,50,93
516,39.41,151,270,310,385,358,327,334,Nenhuma,114,47
516,39.41,155,105,43,156,162,131,102,Expositor 1,50,118
517,39.49,55,171,61,235,212,203,136,Expositor 1,64,150
517,39.49,56,160,17,188,82,174,49,Nenhuma,27,65
517,39.49,67,131,24,174,116,153,70,Nenhuma,42,91
517,39.49,77,15,85,78,232,47,159,Nenhuma,63,147
517,39.49,130,392,56,426,136,409,96,Nenhuma,33,79
517,39.49,132,345,31,395,124,370,77,Nenhuma,49,93
517,39.49,151,270,309,384,357,327,333,Nenhuma,114,48
517,39.49,155,105,43,155,161,130,102,Expositor 1,50,117
517,39.49,157,161,16,188,111,174,63,Nenhuma,26,95
518,39.56,55,173,62,236,209,205,135,Expositor 1,62,146
518,39.56,56,160,17,188,83,174,50,Nenhuma,28,66
518,39.56,67,131,24,173,116,152,70,Nenhuma,42,91
518,39.56,77,16,85,78,232,47,159,Nenhuma,62,146
518,39.56,130,392,57,426,136,409,96,Nenhuma,33,78
518,39.56,132,345,31,394,123,370,77,Nenhuma,49,92
518,39.56,151,269,309,385,357,327,333,Nenhuma,115,48
518,39.56,155,105,43,155,160,130,101,Expositor 1,49,116
518,39.56,157,162,16,187,108,175,62,Nenhuma,25,92
518,39.56,159,40,75,67,130,53,103,Nenhuma,27,55
519,39.64,55,175,63,235,207,205,135,Expositor 1,60,143
519,39.64,56,160,17,189,84,174,50,Nenhuma,28,66
519,39.64,67,132,24,173,117,152,71,Nenhuma,41,92
519,39.64,77,16,85,78,232,47,158,Nenhuma,61,147
519,39.64,130,392,57,425,136,409,96,Nenhuma,33,78
519,39.64,132,346,30,395,125,371,77,Nenhuma,49,94
519,39.64,151,267,306,387,357,327,332,Nenhuma,119,51
519,39.64,155,106,43,155,159,130,101,Expositor 1,49,115
519,39.64,157,161,16,188,114,175,65,Nenhuma,27,98
519,39.64,159,39,74,67,131,53,103,Nenhuma,27,56
520,39.72,55,177,64,236,204,206,134,Expositor 1,59,139
520,39.72,56,160,17,189,85,174,51,Nenhuma,28,67
520,39.72,67,132,24,174,118,153,71,Nenhuma,41,94
520,39.72,77,16,86,77,232,47,159,Nenhuma,60,146
520,39.72,130,392,56,425,136,409,96,Nenhuma,33,79
520,39.72,132,346,30,396,125,371,77,Nenhuma,49,95
520,39.72,150,317,22,358,72,337,47,Nenhuma,41,49
520,39.72,151,267,306,387,357,327,332,Nenhuma,120,51
520,39.72,155,107,43,156,159,131,101,Expositor 1,48,115
520,39.72,157,161,16,188,116,175,66,Nenhuma,27,100
520,39.72,159,38,73,67,132,53,102,Nenhuma,28,58
521,39.79,55,180,67,237,202,209,134,Expositor 1,57,135
521,39.79,67,133,24,174,117,153,70,Nenhuma,41,93
521,39.79,77,16,87,76,232,46,160,Nenhuma,59,145
521,39.79,130,392,56,425,136,408,96,Nenhuma,33,79
521,39.79,132,347,30,395,125,371,77,Nenhuma,48,95
521,39.79,150,316,22,358,71,337,46,Nenhuma,42,48
521,39.79,151,267,305,387,357,327,331,Nenhuma,120,52
521,39.79,155,108,44,157,159,132,101,Expositor 1,48,115
521,39.79,157,160,16,188,117,174,66,Nenhuma,27,101
521,39.79,159,37,72,67,132,52,102,Nenhuma,29,59
522,39.87,55,183,65,241,201,212,133,Expositor 1,57,136
522,39.87,67,134,24,174,116,154,70,Nenhuma,40,92
522,39.87,77,17,87,76,232,46,160,Nenhuma,58,144
522,39.87,130,391,54,426,136,408,95,Nenhuma,34,81
522,39.87,132,347,30,395,125,371,77,Nenhuma,47,95
522,39.87,150,315,22,358,71,337,47,Nenhuma,42,48
522,39.87,151,268,306,386,357,327,332,Nenhuma,118,51
522,39.87,155,109,44,156,159,132,102,Expositor 1,47,114
522,39.87,157,161,16,188,116,174,66,Nenhuma,27,100
522,39.87,159,37,72,67,133,52,102,Nenhuma,29,61
523,39.95,55,186,66,244,202,215,134,Expositor 1,57,136
523,39.95,67,134,24,173,116,153,70,Nenhuma,39,91
523,39.95,77,17,87,76,232,47,160,Nenhuma,58,144
523,39.95,130,391,53,426,136,408,94,Nenhuma,34,82
523,39.95,132,347,29,394,125,370,77,Nenhuma,47,95
523,39.95,150,315,22,359,72,337,47,Nenhuma,43,49
523,39.95,151,268,306,385,357,327,332,Nenhuma,117,51
523,39.95,155,108,44,156,159,132,101,Expositor 1,47,115
523,39.95,157,161,16,188,115,174,65,Nenhuma,27,99
523,39.95,159,36,71,66,133,51,102,Nenhuma,30,61
524,40.02,55,187,68,244,202,216,135,Expositor 1,57,133
524,40.02,67,134,24,172,115,153,70,Nenhuma,38,90
524,40.02,77,18,88,76,233,47,160,Nenhuma,57,144
524,40.02,130,391,55,426,136,408,95,Nenhuma,34,80
524,40.02,132,348,29,395,125,371,77,Nenhuma,47,95
524,40.02,150,313,22,359,74,336,48,Nenhuma,45,51
524,40.02,151,266,304,388,358,327,331,Nenhuma,121,53
524,40.02,155,109,44,156,159,132,101,Expositor 1,47,115
524,40.02,157,161,16,188,114,175,65,Nenhuma,26,98
524,40.02,159,33,71,65,135,49,103,Nenhuma,31,64
525,40.1,55,188,68,243,199,216,134,Expositor 1,55,130
525,40.1,67,134,24,172,114,153,69,Nenhuma,38,89
525,40.1,77,19,91,75,232,47,162,Nenhuma,56,141
525,40.1,130,391,56,425,136,408,96,Nenhuma,33,79
525,40.1,132,349,29,396,125,372,77,Nenhuma,47,96
525,40.1,150,313,23,359,74,336,48,Nenhuma,45,51
525,40.1,151,267,304,388,358,327,331,Nenhuma,121,54
525,40.1,155,108,44,156,159,132,101,Expositor 1,47,115
525,40.1,157,161,16,188,115,175,65,Nenhuma,27,98
525,40.1,159,31,71,64,136,48,104,Nenhuma,32,65
526,40.17,55,189,69,243,192,216,131,Expositor 1,53,123
526,40.17,67,134,24,172,114,153,69,Nenhuma,38,90
526,40.17,77,19,90,76,232,47,161,Nenhuma,56,141
526,40.17,130,391,54,425,136,408,95,Nenhuma,34,81
526,40.17,132,349,28,397,126,373,77,Nenhuma,47,97
526,40.17,150,313,23,359,74,336,48,Nenhuma,45,51
526,40.17,151,269,305,386,358,327,331,Nenhuma,117,52
526,40.17,155,108,44,155,158,132,101,Expositor 1,47,114
526,40.17,157,161,16,189,115,175,65,Nenhuma,27,99
526,40.17,159,32,71,65,137,49,104,Nenhuma,32,65
527,40.25,55,190,69,242,187,216,128,Expositor 1,51,118
527,40.25,67,134,24,172,116,153,70,Nenhuma,38,91
527,40.25,77,19,90,76,232,47,161,Nenhuma,56,142
527,40.25,130,391,53,426,136,408,94,Nenhuma,34,82
527,40.25,132,348,28,395,126,372,77,Nenhuma,47,97
527,40.25,150,313,23,358,74,335,48,Nenhuma,45,51
527,40.25,151,269,304,387,358,328,331,Nenhuma,118,53
527,40.25,155,109,44,156,158,132,101,Expositor 1,47,114
527,40.25,157,161,16,189,118,175,67,Nenhuma,27,102
527,40.25,159,33,71,65,135,49,103,Nenhuma,31,63
528,40.33,55,191,71,246,194,219,132,Expositor 1,54,122
528,40.33,67,133,24,171,117,152,71,Nenhuma,38,92
528,40.33,77,19,89,75,232,47,160,Nenhuma,56,142
528,40.33,130,391,52,426,136,408,94,Nenhuma,35,83
528,40.33,132,347,28,394,126,370,77,Nenhuma,47,98
528,40.33,150,311,26,356,76,333,51,Nenhuma,45,50
528,40.33,151,268,302,388,357,328,330,Nenhuma,120,55
528,40.33,155,110,44,157,159,133,101,Expositor 1,46,114
528,40.33,157,161,15,188,118,175,66,Nenhuma,27,103
528,40.33,159,34,71,65,133,49,102,Nenhuma,31,62
529,40.4,55,191,72,247,197,219,134,Expositor 1,56,125
529,40.4,67,133,24,171,117,152,71,Nenhuma,37,92
529,40.4,77,18,89,75,232,47,160,Nenhuma,56,143
529,40.4,130,391,51,426,136,408,93,Nenhuma,35,84
529,40.4,132,347,27,394,126,371,76,Nenhuma,46,98
529,40.4,150,310,26,355,76,333,51,Nenhuma,45,50
529,40.4,151,268,302,388,357,328,330,Nenhuma,119,55
529,40.4,155,111,44,157,159,134,102,Expositor 1,46,114
529,40.4,157,161,15,189,119,175,67,Nenhuma,27,103
529,40.4,159,33,71,65,133,49,102,Nenhuma,31,61
530,40.48,55,190,73,248,199,219,136,Expositor 1,58,126
530,40.48,67,133,24,171,117,152,70,Nenhuma,37,93
530,40.48,77,19,89,75,232,47,161,Nenhuma,56,142
530,40.48,130,391,51,426,136,408,93,Nenhuma,35,84
530,40.48,132,348,27,395,127,371,77,Nenhuma,47,100
530,40.48,150,309,27,356,77,332,52,Nenhuma,46,50
530,40.48,151,269,302,387,357,328,330,Nenhuma,118,55
530,40.48,155,109,43,156,159,132,101,Expositor 1,47,116
530,40.48,157,161,15,188,117,175,66,Nenhuma,27,101
530,40.48,159,34,71,65,133,50,102,Nenhuma,30,61
531,40.56,55,198,74,257,201,227,137,Expositor 1,59,127
531,40.56,67,134,24,171,116,152,70,Nenhuma,37,92
531,40.56,77,20,90,75,231,47,161,Nenhuma,55,140
531,40.56,130,391,50,427,136,409,93,Nenhuma,35,85
531,40.56,132,346,27,394,130,370,79,Nenhuma,48,102
531,40.56,150,309,26,356,78,332,52,Nenhuma,47,51
531,40.56,151,273,306,384,358,328,332,Nenhuma,111,51
531,40.56,155,107,43,155,160,131,101,Expositor 1,47,116
531,40.56,157,162,15,188,116,175,66,Nenhuma,26,100
531,40.56,159,34,71,65,133,49,102,Nenhuma,31,61
532,40.63,55,197,75,258,201,228,138,Expositor 1,60,126
532,40.63,67,134,24,171,116,152,70,Nenhuma,37,91
532,40.63,77,20,90,75,231,47,161,Nenhuma,54,140
532,40.63,130,391,49,427,136,409,92,Nenhuma,35,86
532,40.63,132,346,28,394,130,370,79,Nenhuma,47,101
532,40.63,150,308,26,357,79,333,52,Nenhuma,48,53
532,40.63,151,276,309,381,358,328,333,Nenhuma,104,48
532,40.63,155,105,43,153,159,129,101,Expositor 1,47,116
532,40.63,157,162,15,188,116,175,66,Nenhuma,26,100
532,40.63,159,34,71,65,133,49,102,Nenhuma,31,62
533,40.71,55,197,76,260,202,229,139,Expositor 1,62,125
533,40.71,67,133,24,171,117,152,70,Nenhuma,37,92
533,40.71,77,19,90,74,231,47,161,Nenhuma,55,141
533,40.71,130,392,48,427,136,409,92,Nenhuma,35,87
533,40.71,132,347,28,394,130,371,79,Nenhuma,47,101
533,40.71,150,307,24,357,79,332,51,Nenhuma,50,55
533,40.71,151,277,310,381,358,329,334,Nenhuma,103,48
533,40.71,155,104,43,152,159,128,101,Expositor 1,48,115
533,40.71,157,162,16,188,116,175,66,Nenhuma,26,100
533,40.71,159,34,71,65,134,49,103,Nenhuma,31,62
534,40.79,55,199,79,263,205,231,142,Expositor 1,64,125
534,40.79,67,134,24,172,117,153,70,Nenhuma,37,93
534,40.79,77,19,90,74,232,47,161,Nenhuma,54,141
534,40.79,130,392,48,427,136,410,92,Nenhuma,35,87
534,40.79,132,347,28,394,130,371,79,Nenhuma,47,101
534,40.79,150,307,23,357,79,332,51,Nenhuma,50,55
534,40.79,151,277,311,381,358,329,334,Nenhuma,103,47
534,40.79,155,103,44,151,159,127,101,Expositor 1,48,114
534,40.79,157,162,15,188,116,175,65,Nenhuma,26,100
534,40.79,159,33,71,65,134,49,103,Nenhuma,31,63
535,40.86,55,199,80,264,206,232,143,Expositor 1,65,126
535,40.86,67,133,24,172,118,153,71,Nenhuma,38,94
535,40.86,77,19,91,74,231,47,161,Nenhuma,54,140
535,40.86,130,392,47,427,136,410,91,Nenhuma,35,88
535,40.86,132,347,28,395,130,371,79,Nenhuma,47,102
535,40.86,150,306,22,358,79,332,50,Nenhuma,51,56
535,40.86,151,278,311,380,358,329,335,Nenhuma,101,46
535,40.86,155,102,44,151,159,127,101,Expositor 1,49,114
535,40.86,157,162,15,188,116,175,65,Nenhuma,26,100
535,40.86,159,33,71,65,135,49,103,Nenhuma,31,63
535,40.86,161,98,41,142,126,120,84,Nenhuma,44,84
536,40.94,55,200,81,266,205,233,143,Expositor 1,65,124
536,40.94,67,133,23,172,119,153,71,Nenhuma,38,95
536,40.94,77,20,91,74,231,47,161,Nenhuma,54,140
536,40.94,130,392,47,427,136,410,91,Nenhuma,34,88
536,40.94,132,347,27,394,130,371,79,Nenhuma,47,102
536,40.94,150,306,22,357,79,332,50,Nenhuma,50,56
536,40.94,151,277,311,380,358,329,334,Nenhuma,102,46
536,40.94,155,102,44,151,159,126,102,Expositor 1,49,114
536,40.94,157,162,15,188,115,175,65,Nenhuma,26,100
536,40.94,159,33,71,64,135,49,103,Nenhuma,31,63
536,40.94,161,97,42,142,126,119,84,Nenhuma,44,84
537,41.01,55,202,82,267,201,234,141,Expositor 1,64,119
537,41.01,67,134,23,174,122,154,73,Nenhuma,39,98
537,41.01,77,19,91,73,232,46,161,Nenhuma,54,140
537,41.01,130,392,48,427,136,410,92,Nenhuma,34,87
537,41.01,132,346,27,393,129,370,78,Nenhuma,47,101
537,41.01,150,307,24,357,79,332,51,Nenhuma,49,54
537,41.01,151,277,311,380,358,329,334,Nenhuma,103,46
537,41.01,155,101,45,151,159,126,102,Expositor 1,49,113
537,41.01,157,162,15,188,114,175,65,Nenhuma,26,98
537,41.01,159,33,71,65,135,49,103,Nenhuma,31,63
537,41.01,161,98,44,145,133,121,88,Nenhuma,47,89
538,41.09,55,204,82,268,198,236,140,Expositor 1,64,116
538,41.09,67,134,23,174,121,154,72,Nenhuma,39,97
538,41.09,77,19,90,73,232,46,161,Nenhuma,54,141
538,41.09,130,393,48,427,136,410,92,Nenhuma,34,87
538,41.09,132,345,27,392,130,369,79,Nenhuma,47,102
538,41.09,150,309,26,356,78,332,52,Nenhuma,47,52
538,41.09,151,278,311,380,357,329,334,Nenhuma,102,46
538,41.09,155,101,45,150,159,126,102,Expositor 1,49,113
538,41.09,157,162,15,188,114,175,65,Nenhuma,26,98
538,41.09,159,34,72,65,135,50,103,Nenhuma,31,62
538,41.09,161,98,45,144,134,121,90,Nenhuma,46,88
539,41.17,55,210,83,276,199,243,141,Expositor 1,66,115
539,41.17,67,135,23,175,120,155,72,Nenhuma,39,96
539,41.17,77,19,90,73,232,46,161,Nenhuma,54,141
539,41.17,130,393,48,427,136,410,92,Nenhuma,34,87
539,41.17,132,344,28,392,132,368,80,Nenhuma,48,103
539,41.17,150,309,26,358,80,333,53,Nenhuma,49,54
539,41.17,151,278,312,380,357,329,335,Nenhuma,102,45
539,41.17,155,100,45,150,159,125,102,Expositor 1,49,113
539,41.17,157,162,15,188,114,175,64,Nenhuma,26,99
539,41.17,159,34,72,65,136,50,104,Nenhuma,31,63
539,41.17,161,98,46,143,131,121,89,Nenhuma,44,84
540,41.24,55,209,84,276,199,243,141,Expositor 1,66,115
540,41.24,67,135,23,175,120,155,72,Nenhuma,39,96
540,41.24,77,19,90,73,232,46,161,Nenhuma,54,141
540,41.24,130,393,48,426,136,410,92,Nenhuma,33,87
540,41.24,132,346,28,393,130,369,79,Nenhuma,46,101
540,41.24,150,309,26,359,81,334,53,Nenhuma,49,55
540,41.24,151,278,312,380,357,329,335,Nenhuma,102,45
540,41.24,157,162,15,188,114,175,64,Nenhuma,26,99
540,41.24,159,34,72,66,136,50,104,Nenhuma,31,63
540,41.24,161,99,46,142,128,120,87,Nenhuma,43,82
541,41.32,55,211,85,277,199,244,142,Expositor 1,66,114
541,41.32,67,135,23,175,120,155,72,Nenhuma,40,96
541,41.32,77,19,90,73,232,46,161,Nenhuma,54,141
541,41.32,130,393,48,426,136,410,92,Nenhuma,33,87
541,41.32,132,346,28,393,129,369,78,Nenhuma,46,101
541,41.32,150,309,25,359,81,334,53,Nenhuma,50,55
541,41.32,151,278,312,380,357,329,335,Nenhuma,102,45
541,41.32,157,162,15,188,114,175,64,Nenhuma,26,99
541,41.32,159,33,72,65,137,49,105,Nenhuma,32,64
541,41.32,161,99,46,141,126,120,86,Nenhuma,42,80
542,41.4,55,217,92,282,201,250,146,Expositor 1,64,109
542,41.4,67,135,23,176,118,156,71,Nenhuma,40,94
542,41.4,77,19,91,73,232,46,161,Nenhuma,53,140
542,41.4,130,393,47,426,136,410,91,Nenhuma,33,88
542,41.4,132,345,28,393,130,369,79,Nenhuma,47,102
542,41.4,150,309,24,360,81,334,53,Nenhuma,51,57
542,41.4,151,277,312,380,357,329,335,Nenhuma,103,45
542,41.4,157,162,14,188,114,175,64,Nenhuma,26,99
542,41.4,159,33,73,66,139,49,106,Nenhuma,33,66
542,41.4,161,99,46,142,126,121,86,Nenhuma,42,79
543,41.47,55,225,95,286,197,255,146,Expositor 1,60,101
543,41.47,67,135,24,175,118,155,71,Nenhuma,40,93
543,41.47,77,19,91,73,232,46,162,Nenhuma,53,140
543,41.47,130,393,47,426,136,410,91,Nenhuma,33,88
543,41.47,132,345,28,393,130,369,79,Nenhuma,47,102
543,41.47,150,308,23,360,82,334,52,Nenhuma,51,58
543,41.47,151,277,312,380,357,329,335,Nenhuma,102,45
543,41.47,157,162,14,188,114,175,64,Nenhuma,26,100
543,41.47,159,32,73,66,140,49,106,Nenhuma,33,67
543,41.47,161,100,46,143,126,122,86,Nenhuma,42,79
543,41.47,164,133,22,166,127,149,74,Nenhuma,33,105
544,41.55,55,228,97,288,196,258,146,Expositor 1,59,99
544,41.55,67,134,24,175,118,154,71,Nenhuma,40,93
544,41.55,77,19,92,72,232,46,162,Nenhuma,53,140
544,41.55,130,393,49,426,136,410,92,Nenhuma,32,86
544,41.55,132,345,27,393,132,369,80,Nenhuma,48,105
544,41.55,150,309,23,360,82,334,52,Nenhuma,51,59
544,41.55,151,277,313,381,358,329,335,Nenhuma,103,45
544,41.55,157,162,14,188,114,175,64,Nenhuma,26,100
544,41.55,159,32,73,66,141,49,107,Nenhuma,34,68
544,41.55,161,102,44,144,125,123,85,Nenhuma,42,80
544,41.55,164,133,22,166,127,149,74,Nenhuma,33,105
545,41.63,55,232,98,290,196,261,147,Expositor 1,58,97
545,41.63,67,134,24,174,118,154,71,Nenhuma,40,94
545,41.63,77,19,92,72,232,45,162,Nenhuma,53,139
545,41.63,130,393,51,426,136,410,93,Nenhuma,32,84
545,41.63,132,345,27,393,134,369,81,Nenhuma,48,106
545,41.63,150,308,23,360,82,334,53,Nenhuma,51,59
545,41.63,151,277,313,381,358,329,335,Nenhuma,104,45
545,41.63,157,162,14,188,114,175,64,Nenhuma,26,100
545,41.63,159,33,73,67,142,50,107,Nenhuma,34,69
545,41.63,161,103,44,146,125,124,85,Nenhuma,42,81
545,41.63,164,132,22,165,127,148,75,Nenhuma,33,105
546,41.7,55,235,100,292,195,264,148,Expositor 1,56,95
546,41.7,67,134,25,174,119,154,72,Nenhuma,40,94
546,41.7,77,25,94,67,196,46,145,Nenhuma,42,102
546,41.7,130,394,52,425,136,410,94,Nenhuma,31,83
546,41.7,132,344,27,393,136,369,82,Nenhuma,49,108
546,41.7,150,308,25,357,81,332,53,Nenhuma,49,55
546,41.7,151,277,313,380,358,329,335,Nenhuma,103,45
546,41.7,157,161,14,188,114,175,64,Nenhuma,26,100
546,41.7,159,31,72,65,139,48,105,Nenhuma,33,67
546,41.7,161,103,44,146,125,125,84,Nenhuma,42,81
546,41.7,164,131,23,164,127,148,75,Nenhuma,33,104
547,41.78,67,134,25,174,119,154,72,Nenhuma,40,94
547,41.78,77,27,95,66,182,46,139,Nenhuma,39,86
547,41.78,130,394,52,425,136,410,94,Nenhuma,31,83
547,41.78,132,344,28,393,136,369,82,Nenhuma,48,107
547,41.78,150,307,27,356,82,331,54,Nenhuma,48,55
547,41.78,151,277,313,380,358,329,335,Nenhuma,102,44
547,41.78,157,161,14,188,114,175,64,Nenhuma,27,100
547,41.78,159,30,72,63,138,47,105,Nenhuma,33,66
547,41.78,161,103,44,147,126,125,85,Nenhuma,43,82
547,41.78,164,131,23,164,127,148,75,Nenhuma,33,104
548,41.85,67,134,25,174,118,154,71,Nenhuma,40,93
548,41.85,77,19,93,74,215,46,154,Nenhuma,55,122
548,41.85,130,394,54,425,136,410,95,Nenhuma,31,81
548,41.85,132,344,28,393,135,369,81,Nenhuma,48,107
548,41.85,150,307,27,355,82,331,55,Nenhuma,48,55
548,41.85,151,277,314,379,358,328,336,Nenhuma,102,44
548,41.85,157,161,14,188,114,175,64,Nenhuma,27,100
548,41.85,159,31,72,65,138,48,105,Nenhuma,33,66
548,41.85,161,104,44,148,127,126,85,Nenhuma,43,83
548,41.85,164,131,23,164,127,147,75,Nenhuma,32,104
548,41.85,166,283,117,346,246,315,182,Nenhuma,63,129
549,41.93,67,134,24,174,117,154,70,Nenhuma,40,93
549,41.93,77,16,93,75,225,45,159,Nenhuma,59,132
549,41.93,130,394,54,425,136,410,95,Nenhuma,31,81
549,41.93,132,344,28,393,137,369,83,Nenhuma,49,108
549,41.93,150,307,27,355,83,331,55,Nenhuma,48,55
549,41.93,151,276,313,380,358,328,335,Nenhuma,103,44
549,41.93,157,160,14,188,114,174,64,Nenhuma,27,100
549,41.93,159,30,71,65,141,48,106,Nenhuma,35,69
549,41.93,161,104,44,148,128,126,86,Nenhuma,44,84
549,41.93,166,290,121,358,260,324,191,Nenhuma,67,138
550,42.01,67,134,24,174,116,154,70,Nenhuma,40,92
550,42.01,77,15,93,78,231,46,162,Nenhuma,63,138
550,42.01,130,394,54,425,136,410,95,Nenhuma,31,81
550,42.01,132,345,28,392,130,368,79,Nenhuma,46,101
550,42.01,150,306,28,355,83,331,55,Nenhuma,48,55
550,42.01,151,274,312,382,358,328,335,Nenhuma,107,46
550,42.01,157,160,14,188,114,174,64,Nenhuma,27,100
550,42.01,159,29,71,65,142,47,107,Nenhuma,35,71
550,42.01,161,104,43,149,129,127,86,Nenhuma,45,85
550,42.01,166,294,129,377,299,335,214,Nenhuma,82,169
551,42.08,67,134,24,174,116,154,70,Nenhuma,39,91
551,42.08,77,15,93,79,233,47,163,Nenhuma,64,140
551,42.08,130,394,55,425,136,409,95,Nenhuma,31,80
551,42.08,132,345,28,389,125,367,76,Nenhuma,44,97
551,42.08,150,306,28,350,79,328,54,Nenhuma,44,50
551,42.08,151,275,312,382,358,328,335,Nenhuma,107,46
551,42.08,157,161,15,188,114,174,65,Nenhuma,27,99
551,42.08,159,29,71,66,145,47,108,Nenhuma,37,74
551,42.08,161,105,44,150,129,127,87,Nenhuma,45,85
551,42.08,166,301,137,388,317,344,227,Nenhuma,86,180
552,42.16,67,135,24,174,115,155,69,Nenhuma,39,91
552,42.16,77,14,93,80,235,47,164,Nenhuma,65,141
552,42.16,130,393,56,425,136,409,96,Nenhuma,31,79
552,42.16,132,339,28,385,123,362,75,Nenhuma,46,95
552,42.16,150,304,28,350,81,327,54,Nenhuma,46,52
552,42.16,151,275,312,382,358,328,335,Nenhuma,107,46
552,42.16,157,160,15,188,114,174,65,Nenhuma,27,99
552,42.16,159,29,70,66,147,48,109,Nenhuma,37,76
552,42.16,161,104,44,150,130,127,87,Nenhuma,45,85
552,42.16,166,308,142,396,326,352,234,Nenhuma,87,183
553,42.24,67,136,24,175,115,155,69,Nenhuma,38,90
553,42.24,77,14,93,80,235,47,164,Nenhuma,66,141
553,42.24,130,394,55,425,136,409,95,Nenhuma,31,80
553,42.24,132,345,27,391,123,368,75,Nenhuma,45,95
553,42.24,150,303,28,351,82,327,55,Nenhuma,47,54
553,42.24,151,275,313,382,359,328,336,Nenhuma,107,46
553,42.24,157,160,15,188,114,174,65,Nenhuma,27,99
553,42.24,159,29,70,66,146,48,108,Nenhuma,36,75
553,42.24,161,104,44,150,132,127,88,Nenhuma,46,87
553,42.24,166,318,146,405,327,362,237,Nenhuma,86,180
554,42.31,67,136,24,175,114,155,69,Nenhuma,38,90
554,42.31,77,14,94,80,234,47,164,Nenhuma,66,140
554,42.31,130,393,55,424,136,409,95,Nenhuma,31,80
554,42.31,132,347,28,392,123,370,76,Nenhuma,44,94
554,42.31,150,302,27,350,82,326,54,Nenhuma,47,54
554,42.31,151,270,309,386,359,328,334,Nenhuma,115,49
554,42.31,157,160,16,188,114,174,65,Nenhuma,27,98
554,42.31,159,30,70,65,143,48,107,Nenhuma,35,72
554,42.31,161,102,44,149,134,126,89,Nenhuma,47,89
554,42.31,166,324,151,410,328,367,239,Nenhuma,85,176
555,42.39,67,136,23,175,114,156,69,Nenhuma,38,90
555,42.39,77,11,93,79,234,45,164,Nenhuma,67,141
555,42.39,130,393,54,425,136,409,95,Nenhuma,32,81
555,42.39,132,345,28,390,123,368,75,Nenhuma,45,95
555,42.39,150,302,27,350,82,326,54,Nenhuma,47,54
555,42.39,151,269,307,387,359,328,333,Nenhuma,117,51
555,42.39,157,160,16,188,114,174,65,Nenhuma,27,98
555,42.39,159,31,71,65,142,48,106,Nenhuma,34,70
555,42.39,161,100,44,148,134,124,89,Nenhuma,47,89
555,42.39,166,335,164,425,349,380,256,Nenhuma,90,184
556,42.47,67,136,23,175,114,156,69,Nenhuma,38,90
556,42.47,77,10,93,77,235,44,164,Nenhuma,67,141
556,42.47,130,393,53,425,136,409,94,Nenhuma,32,82
556,42.47,132,344,28,390,123,367,75,Nenhuma,45,95
556,42.47,150,301,27,349,82,325,55,Nenhuma,47,54
556,42.47,151,268,305,388,359,328,332,Nenhuma,120,53
556,42.47,157,160,16,188,114,174,65,Nenhuma,27,98
556,42.47,159,32,71,65,141,48,106,Nenhuma,33,69
556,42.47,161,100,44,147,132,123,88,Nenhuma,46,87
556,42.47,166,339,163,433,356,386,259,Nenhuma,94,192
557,42.54,67,136,23,175,115,155,69,Nenhuma,38,92
557,42.54,77,13,92,65,197,39,144,Nenhuma,51,104
557,42.54,130,392,53,425,136,409,94,Nenhuma,32,82
557,42.54,132,344,28,389,123,367,75,Nenhuma,45,95
557,42.54,150,301,27,349,82,325,55,Nenhuma,47,54
557,42.54,151,269,307,385,359,327,333,Nenhuma,115,51
557,42.54,157,160,16,188,114,174,65,Nenhuma,28,98
557,42.54,159,31,72,66,143,48,108,Nenhuma,34,71
557,42.54,161,99,44,147,134,123,89,Nenhuma,48,89
557,42.54,166,351,177,443,359,397,268,Nenhuma,91,182
558,42.62,67,135,23,174,117,155,70,Nenhuma,38,94
558,42.62,77,12,92,56,181,34,136,Nenhuma,44,89
558,42.62,130,392,53,425,136,409,94,Nenhuma,32,82
558,42.62,132,343,27,389,123,366,75,Nenhuma,45,95
558,42.62,151,268,305,385,358,327,332,Nenhuma,116,52
558,42.62,157,160,16,188,114,174,65,Nenhuma,28,98
558,42.62,159,30,72,68,152,49,112,Nenhuma,38,79
558,42.62,161,99,44,147,135,123,89,Nenhuma,48,91
558,42.62,166,362,188,451,360,406,274,Expositor 2,88,172
559,42.69,67,135,23,174,119,154,71,Nenhuma,38,96
559,42.69,77,10,91,56,186,33,139,Nenhuma,46,94
559,42.69,130,392,53,425,136,408,94,Nenhuma,32,82
559,42.69,132,343,27,390,123,366,75,Nenhuma,46,95
559,42.69,151,268,305,384,358,326,331,Nenhuma,115,52
559,42.69,157,160,16,188,114,174,65,Nenhuma,28,98
559,42.69,159,29,73,68,155,48,114,Nenhuma,38,82
559,42.69,161,99,44,146,132,123,88,Nenhuma,46,88
559,42.69,166,369,193,457,360,413,277,Expositor 2,88,167
560,42.77,67,135,23,174,119,154,71,Nenhuma,38,96
560,42.77,77,12,93,54,178,33,135,Nenhuma,42,85
560,42.77,130,392,49,426,136,409,92,Nenhuma,34,86
560,42.77,132,346,28,392,125,369,76,Nenhuma,45,96
560,42.77,151,264,303,385,358,325,330,Nenhuma,121,55
560,42.77,157,160,16,188,114,174,65,Nenhuma,28,98
560,42.77,159,29,73,68,156,48,114,Nenhuma,39,83
560,42.77,161,99,44,147,136,123,90,Nenhuma,47,91
560,42.77,166,380,207,466,360,423,284,Expositor 2,85,152
560,42.77,167,30,71,73,176,51,123,Nenhuma,43,104
560,42.77,168,9,92,72,240,41,166,Nenhuma,62,147
561,42.85,67,135,23,174,119,154,71,Nenhuma,38,96
561,42.85,77,12,93,54,175,33,134,Nenhuma,41,81
561,42.85,130,392,48,426,136,409,92,Nenhuma,34,87
561,42.85,132,348,28,393,125,370,77,Nenhuma,45,96
561,42.85,151,263,301,386,358,324,329,Nenhuma,122,56
561,42.85,157,160,16,188,114,174,65,Nenhuma,28,98
561,42.85,159,28,73,68,158,48,115,Nenhuma,40,84
561,42.85,161,100,44,147,135,123,90,Nenhuma,47,90
561,42.85,166,381,215,468,359,424,287,Expositor 2,86,144
561,42.85,167,29,71,73,177,51,124,Nenhuma,43,106
561,42.85,168,10,92,73,241,41,166,Nenhuma,62,148
562,42.92,67,135,22,174,120,154,71,Nenhuma,39,97
562,42.92,77,12,94,52,172,32,133,Nenhuma,39,78
562,42.92,130,392,48,426,136,409,92,Nenhuma,34,87
562,42.92,132,348,28,392,125,370,77,Nenhuma,44,96
562,42.92,151,259,299,383,358,321,328,Nenhuma,123,58
562,42.92,157,160,17,188,114,174,66,Nenhuma,28,97
562,42.92,159,28,73,69,159,48,116,Nenhuma,40,86
562,42.92,161,99,44,148,138,124,91,Nenhuma,48,93
562,42.92,166,391,228,475,359,433,294,Expositor 2,83,130
562,42.92,167,29,71,74,179,51,125,Nenhuma,44,108
562,42.92,168,9,94,71,240,40,167,Nenhuma,62,146
563,43.0,77,9,93,53,180,31,136,Nenhuma,43,87
563,43.0,130,392,49,426,136,409,92,Nenhuma,33,86
563,43.0,132,348,29,392,125,370,77,Nenhuma,44,96
563,43.0,151,254,293,387,358,321,325,Nenhuma,133,64
563,43.0,157,159,16,188,114,174,65,Nenhuma,28,98
563,43.0,161,99,44,148,140,124,92,Nenhuma,49,96
563,43.0,166,396,236,480,359,438,297,Expositor 2,83,122
563,43.0,167,29,70,73,179,51,125,Nenhuma,44,108
563,43.0,168,8,94,70,240,39,167,Nenhuma,61,145
564,43.08,77,9,92,53,181,31,137,Nenhuma,44,89
564,43.08,130,392,50,426,136,409,93,Nenhuma,33,85
564,43.08,132,348,29,392,125,370,77,Nenhuma,44,96
564,43.08,151,255,291,389,357,322,324,Nenhuma,134,66
564,43.08,157,159,16,188,114,173,65,Nenhuma,28,98
564,43.08,161,97,43,150,148,124,95,Nenhuma,53,104
564,43.08,166,418,246,495,359,457,302,Nenhuma,77,112
564,43.08,167,29,71,72,176,51,123,Nenhuma,42,104
564,43.08,168,8,94,70,240,39,167,Nenhuma,62,145
565,43.15,77,8,92,52,180,30,136,Nenhuma,43,88
565,43.15,130,392,50,426,136,409,93,Nenhuma,33,85
565,43.15,132,346,29,390,125,368,77,Nenhuma,44,96
565,43.15,151,251,285,394,357,322,321,Nenhuma,142,72
565,43.15,157,159,16,187,114,173,65,Nenhuma,28,98
565,43.15,161,97,43,151,151,124,97,Nenhuma,53,107
565,43.15,166,428,255,503,362,465,309,Nenhuma,74,107
565,43.15,167,29,71,72,177,51,124,Nenhuma,43,106
565,43.15,168,8,94,70,240,39,167,Nenhuma,62,145
566,43.23,77,7,92,51,179,29,135,Nenhuma,43,87
566,43.23,130,393,50,426,136,409,93,Nenhuma,33,85
566,43.23,132,346,29,390,125,368,77,Nenhuma,44,96
566,43.23,151,252,285,391,357,322,321,Nenhuma,139,72
566,43.23,157,158,17,187,114,173,66,Nenhuma,29,97
566,43.23,161,97,43,151,151,124,97,Nenhuma,53,107
566,43.23,166,439,263,510,366,474,315,Nenhuma,71,102
566,43.23,167,29,71,72,177,51,124,Nenhuma,43,106
566,43.23,168,8,94,70,240,39,167,Nenhuma,61,145
566,43.23,170,101,43,144,122,122,83,Nenhuma,42,79
566,43.23,171,390,261,502,358,446,309,Nenhuma,111,96
567,43.31,77,7,92,50,178,28,135,Nenhuma,42,86
567,43.31,130,393,51,426,136,409,93,Nenhuma,32,84
567,43.31,132,345,29,389,125,367,77,Nenhuma,44,96
567,43.31,151,250,284,390,357,320,320,Nenhuma,139,73
567,43.31,157,158,16,188,115,173,66,Nenhuma,29,99
567,43.31,159,31,71,70,151,50,111,Nenhuma,38,80
567,43.31,161,97,43,151,152,124,98,Nenhuma,53,108
567,43.31,166,443,275,504,359,474,317,Nenhuma,60,83
567,43.31,167,29,71,72,178,51,124,Nenhuma,43,107
567,43.31,168,9,94,72,241,40,167,Nenhuma,62,147
567,43.31,170,101,43,144,122,122,83,Nenhuma,42,79
567,43.31,171,398,270,500,358,449,314,Nenhuma,102,87
568,43.38,67,121,19,144,72,132,45,Nenhuma,22,52
568,43.38,130,393,51,426,136,410,93,Nenhuma,32,84
568,43.38,132,345,29,390,126,367,77,Nenhuma,44,97
568,43.38,151,230,284,371,357,301,320,Nenhuma,140,73
568,43.38,157,158,16,188,115,173,65,Nenhuma,29,99
568,43.38,159,31,71,69,151,50,111,Nenhuma,37,80
568,43.38,161,98,43,149,150,124,97,Nenhuma,51,106
568,43.38,166,452,286,506,358,479,322,Nenhuma,53,71
568,43.38,167,29,71,72,178,51,124,Nenhuma,43,107
568,43.38,168,9,94,72,240,41,167,Nenhuma,62,145
568,43.38,170,100,42,144,122,122,82,Nenhuma,43,80
568,43.38,171,403,279,496,357,450,318,Nenhuma,92,77
569,43.46,67,121,18,143,68,132,43,Nenhuma,22,49
569,43.46,130,393,51,426,136,410,93,Nenhuma,32,84
569,43.46,132,345,29,391,128,368,78,Nenhuma,45,99
569,43.46,151,220,286,356,357,288,321,Nenhuma,135,71
569,43.46,157,158,17,188,115,173,66,Nenhuma,29,97
569,43.46,159,33,70,67,141,50,106,Nenhuma,34,70
569,43.46,161,99,43,149,147,124,95,Nenhuma,50,103
569,43.46,164,142,25,171,115,156,70,Nenhuma,29,90
569,43.46,166,462,295,510,359,486,327,Nenhuma,47,63
569,43.46,167,29,71,72,179,51,125,Nenhuma,43,108
569,43.46,168,11,95,74,242,42,168,Nenhuma,63,147
569,43.46,170,102,42,145,121,123,81,Nenhuma,42,79
569,43.46,171,417,293,496,357,457,325,Nenhuma,78,63
570,43.53,67,121,19,143,66,132,43,Nenhuma,22,46
570,43.53,130,393,52,426,136,410,94,Nenhuma,32,83
570,43.53,132,346,29,391,127,369,78,Nenhuma,44,98
570,43.53,151,216,284,354,357,285,321,Nenhuma,138,72
570,43.53,157,159,17,188,115,174,66,Nenhuma,29,97
570,43.53,159,33,70,65,135,49,102,Nenhuma,32,65
570,43.53,161,102,43,147,136,124,90,Nenhuma,45,92
570,43.53,164,141,25,172,115,157,70,Nenhuma,30,90
570,43.53,166,472,304,515,361,493,333,Nenhuma,42,56
570,43.53,168,12,94,76,242,44,168,Nenhuma,63,147
570,43.53,170,102,41,145,121,124,81,Nenhuma,42,79
570,43.53,171,426,304,495,357,460,331,Nenhuma,69,53
570,43.53,172,249,287,337,356,293,322,Nenhuma,87,69
571,43.61,67,120,19,141,63,130,41,Nenhuma,20,43
571,43.61,130,393,53,425,136,409,94,Nenhuma,31,82
571,43.61,132,348,29,393,129,370,79,Nenhuma,44,100
571,43.61,151,212,283,352,357,282,320,Nenhuma,140,73
571,43.61,157,159,17,189,115,174,66,Nenhuma,29,97
571,43.61,159,35,69,65,130,50,99,Nenhuma,30,61
571,43.61,161,103,43,147,131,125,87,Nenhuma,43,87
571,43.61,164,142,25,172,115,157,70,Nenhuma,30,90
571,43.61,166,482,314,519,363,501,338,Nenhuma,36,48
571,43.61,168,16,92,83,242,49,167,Nenhuma,66,150
571,43.61,170,103,41,145,120,124,81,Nenhuma,42,78
571,43.61,171,435,314,492,358,464,336,Nenhuma,56,43
571,43.61,172,246,289,332,357,289,323,Nenhuma,85,68
572,43.69,67,120,19,139,60,129,39,Nenhuma,19,40
572,43.69,130,393,53,425,136,409,94,Nenhuma,31,82
572,43.69,132,348,29,393,129,371,79,Nenhuma,44,100
572,43.69,151,208,282,350,356,279,319,Nenhuma,142,74
572,43.69,157,158,17,189,115,174,66,Nenhuma,30,97
572,43.69,159,36,68,66,128,51,98,Nenhuma,30,60
572,43.69,161,103,43,145,125,124,84,Nenhuma,41,81
572,43.69,164,142,25,172,114,157,69,Nenhuma,30,89
572,43.69,168,18,90,86,241,52,166,Nenhuma,68,151
572,43.69,170,103,41,145,120,124,80,Nenhuma,42,78
572,43.69,171,445,323,489,358,467,340,Nenhuma,44,34
572,43.69,172,244,291,328,357,286,324,Nenhuma,84,66
573,43.76,67,119,19,137,57,128,38,Nenhuma,17,37
573,43.76,130,393,52,426,136,409,94,Nenhuma,32,83
573,43.76,132,349,29,394,132,371,80,Nenhuma,45,102
573,43.76,157,158,17,189,114,174,66,Nenhuma,30,97
573,43.76,159,35,67,65,127,50,97,Nenhuma,30,59
573,43.76,161,103,43,146,126,125,85,Nenhuma,43,82
573,43.76,164,143,25,173,114,158,69,Nenhuma,30,89
573,43.76,168,19,88,89,241,54,165,Nenhuma,70,152
573,43.76,171,454,333,486,358,470,345,Nenhuma,32,24
573,43.76,172,244,297,321,358,282,327,Nenhuma,77,60
574,43.84,130,393,50,426,136,409,93,Nenhuma,32,85
574,43.84,132,349,29,393,130,371,79,Nenhuma,43,100
574,43.84,157,159,17,189,114,174,66,Nenhuma,30,97
574,43.84,159,36,67,66,125,51,96,Nenhuma,29,58
574,43.84,161,104,43,145,121,124,82,Nenhuma,41,77
574,43.84,168,19,88,91,241,55,164,Nenhuma,71,153
574,43.84,172,241,297,318,358,280,327,Nenhuma,77,60
575,43.92,67,119,19,142,66,131,42,Nenhuma,23,47
575,43.92,130,393,49,426,136,409,92,Nenhuma,33,86
575,43.92,132,349,29,394,134,372,82,Nenhuma,45,104
575,43.92,157,158,17,189,114,174,66,Nenhuma,30,97
575,43.92,159,37,67,65,121,51,94,Nenhuma,27,54
575,43.92,161,105,43,146,118,125,81,Nenhuma,41,74
575,43.92,168,18,87,91,240,55,163,Nenhuma,72,153
575,43.92,172,239,299,314,358,277,328,Nenhuma,74,58
576,43.99,67,119,18,143,67,131,43,Nenhuma,23,48
576,43.99,130,393,49,426,136,410,92,Nenhuma,33,86
576,43.99,132,350,30,395,136,372,83,Nenhuma,45,105
576,43.99,157,158,17,189,114,174,66,Nenhuma,30,97
576,43.99,159,38,66,65,119,51,93,Nenhuma,26,53
576,43.99,161,105,43,148,118,127,81,Nenhuma,42,75
576,43.99,168,17,86,91,240,54,163,Nenhuma,73,154
576,43.99,172,240,304,310,358,275,331,Nenhuma,69,53
577,44.07,67,119,18,142,66,130,42,Nenhuma,23,47
577,44.07,130,393,50,426,136,409,93,Nenhuma,32,85
577,44.07,132,350,30,395,135,373,82,Nenhuma,44,104
577,44.07,157,158,17,189,114,174,66,Nenhuma,30,97
577,44.07,159,38,66,64,117,51,92,Nenhuma,25,51
577,44.07,161,106,43,153,120,130,81,Nenhuma,46,77
577,44.07,168,16,85,92,241,54,163,Nenhuma,75,156
577,44.07,172,239,307,305,358,272,332,Nenhuma,66,51
578,44.15,67,118,18,142,65,130,42,Nenhuma,23,46
578,44.15,130,393,52,426,136,409,94,Nenhuma,32,83
578,44.15,132,350,30,394,135,372,83,Nenhuma,44,105
578,44.15,157,159,17,190,114,174,66,Nenhuma,30,97
578,44.15,159,39,66,64,115,51,90,Nenhuma,25,49
578,44.15,161,104,42,153,125,128,84,Nenhuma,49,82
578,44.15,168,17,84,93,241,55,162,Nenhuma,76,157
578,44.15,172,237,309,301,358,269,333,Nenhuma,63,48
579,44.22,67,118,18,141,64,130,41,Nenhuma,22,46
579,44.22,130,393,52,425,136,409,94,Nenhuma,32,83
579,44.22,132,350,30,393,132,371,81,Nenhuma,43,101
579,44.22,157,159,17,190,114,174,66,Nenhuma,30,97
579,44.22,159,39,65,64,113,52,89,Nenhuma,24,47
579,44.22,161,104,42,156,128,130,85,Nenhuma,52,86
579,44.22,168,18,84,94,241,56,162,Nenhuma,76,156
579,44.22,172,236,312,296,358,266,335,Nenhuma,60,46
580,44.3,130,393,52,426,136,409,94,Nenhuma,32,83
580,44.3,132,349,31,391,130,370,80,Nenhuma,42,99
580,44.3,157,159,17,190,114,175,66,Nenhuma,30,97
580,44.3,161,106,42,162,134,134,88,Nenhuma,56,92
580,44.3,168,17,85,94,241,56,163,Nenhuma,76,155
581,44.37,130,394,52,425,136,410,94,Nenhuma,31,83
581,44.37,132,351,31,392,127,371,79,Nenhuma,41,96
581,44.37,157,159,17,190,114,175,66,Nenhuma,30,97
581,44.37,161,109,41,166,138,138,90,Nenhuma,57,96
581,44.37,168,17,85,94,241,55,163,Nenhuma,76,155
582,44.45,130,394,52,425,136,410,94,Nenhuma,31,83
582,44.45,132,351,31,391,125,371,78,Nenhuma,40,94
582,44.45,150,297,21,351,86,324,53,Nenhuma,54,64
582,44.45,157,159,17,190,114,175,66,Nenhuma,30,97
582,44.45,159,38,64,67,119,52,92,Nenhuma,28,54
582,44.45,161,105,38,177,161,141,99,Nenhuma,71,123
582,44.45,168,17,87,93,240,55,163,Nenhuma,76,153
583,44.53,130,393,51,425,136,409,93,Nenhuma,32,84
583,44.53,132,349,30,391,127,370,79,Nenhuma,42,97
583,44.53,150,297,20,351,86,324,53,Nenhuma,54,65
583,44.53,157,159,17,189,114,174,66,Nenhuma,30,97
583,44.53,159,39,64,67,118,53,91,Nenhuma,28,53
583,44.53,161,108,37,181,168,144,103,Expositor 1,73,131
583,44.53,168,16,86,93,240,54,163,Nenhuma,76,153
584,44.6,130,392,52,425,136,409,94,Nenhuma,32,83
584,44.6,132,349,30,390,127,369,78,Nenhuma,41,97
584,44.6,150,296,20,351,86,324,53,Nenhuma,55,65
584,44.6,157,159,17,189,114,174,66,Nenhuma,30,97
584,44.6,159,39,64,67,117,53,91,Nenhuma,27,53
584,44.6,161,110,36,184,172,147,104,Expositor 1,73,135
584,44.6,168,16,86,93,240,55,163,Nenhuma,77,153
585,44.68,130,393,54,425,136,409,95,Nenhuma,31,81
585,44.68,132,348,30,390,127,369,78,Nenhuma,41,96
585,44.68,150,296,20,352,86,324,53,Nenhuma,55,66
585,44.68,157,159,17,189,114,174,66,Nenhuma,30,97
585,44.68,159,39,63,67,116,53,90,Nenhuma,27,52
585,44.68,161,113,36,184,173,149,104,Expositor 1,71,136
585,44.68,168,16,86,94,240,55,163,Nenhuma,77,154
585,44.68,175,108,19,136,118,122,69,Nenhuma,27,98
585,44.68,176,127,39,168,131,147,85,Nenhuma,40,92
586,44.76,130,392,54,424,136,408,95,Nenhuma,32,81
586,44.76,132,348,30,390,127,369,78,Nenhuma,41,96
586,44.76,157,159,17,190,114,174,66,Nenhuma,30,97
586,44.76,161,115,37,184,174,149,105,Expositor 1,69,136
586,44.76,168,16,84,95,241,55,162,Nenhuma,78,156
586,44.76,175,108,20,136,119,122,69,Nenhuma,28,99
586,44.76,176,127,39,170,136,148,87,Nenhuma,42,97
587,44.83,130,392,54,424,136,408,95,Nenhuma,32,81
587,44.83,157,159,17,189,114,174,66,Nenhuma,30,97
587,44.83,161,116,36,184,173,150,105,Expositor 1,67,136
587,44.83,168,16,84,95,241,55,162,Nenhuma,78,156
587,44.83,175,109,20,137,119,123,69,Nenhuma,28,99
587,44.83,176,129,39,169,129,149,84,Nenhuma,40,90
588,44.91,130,391,54,424,136,408,95,Nenhuma,32,81
588,44.91,157,159,16,190,114,174,65,Nenhuma,30,98
588,44.91,161,117,37,183,173,150,105,Expositor 1,65,136
588,44.91,168,16,86,94,241,55,163,Nenhuma,78,154
588,44.91,175,108,20,136,120,122,70,Nenhuma,28,99
588,44.91,176,129,39,168,126,149,82,Nenhuma,39,87
589,44.99,130,391,54,424,136,408,95,Nenhuma,33,81
589,44.99,157,159,16,190,114,174,65,Nenhuma,30,98
589,44.99,161,118,36,182,172,150,104,Expositor 1,63,136
589,44.99,168,15,85,94,241,55,163,Nenhuma,79,155
589,44.99,175,108,21,136,120,122,70,Nenhuma,27,98
589,44.99,176,128,36,170,130,149,83,Nenhuma,41,93
590,45.06,130,391,54,424,136,408,95,Nenhuma,33,81
590,45.06,157,160,16,190,114,175,65,Nenhuma,30,98
590,45.06,161,119,35,181,173,150,104,Expositor 1,62,137
590,45.06,168,16,85,96,241,56,163,Nenhuma,79,156
590,45.06,175,108,21,135,120,122,71,Nenhuma,27,98
590,45.06,176,128,36,170,129,149,83,Nenhuma,41,92
591,45.14,130,391,54,425,136,408,95,Nenhuma,33,81
591,45.14,157,160,16,190,114,175,65,Nenhuma,30,98
591,45.14,161,120,36,181,173,150,104,Expositor 1,61,136
591,45.14,168,15,83,95,241,55,162,Nenhuma,80,158
591,45.14,175,108,20,136,120,122,70,Nenhuma,27,99
591,45.14,176,128,37,170,128,149,83,Nenhuma,41,91
591,45.14,177,469,306,540,358,504,332,Nenhuma,71,52
592,45.22,130,391,56,424,136,408,96,Nenhuma,33,79
592,45.22,157,160,16,190,114,175,65,Nenhuma,30,98
592,45.22,161,120,36,180,172,150,104,Expositor 1,60,136
592,45.22,168,11,85,90,242,51,163,Nenhuma,78,156
592,45.22,175,107,21,135,120,121,71,Nenhuma,27,99
592,45.22,176,128,37,169,126,148,82,Nenhuma,40,89
592,45.22,177,460,298,541,358,500,328,Nenhuma,81,59
593,45.29,130,391,57,424,136,408,96,Nenhuma,33,78
593,45.29,132,349,30,391,123,370,76,Nenhuma,41,93
593,45.29,157,160,16,190,114,175,65,Nenhuma,30,98
593,45.29,159,33,65,66,129,50,97,Nenhuma,33,63
593,45.29,161,121,36,180,172,150,104,Expositor 1,59,136
593,45.29,168,9,85,86,241,48,163,Nenhuma,76,155
593,45.29,175,107,21,134,121,121,71,Nenhuma,27,99
593,45.29,176,126,37,169,130,148,84,Nenhuma,42,92
593,45.29,177,455,295,542,358,499,327,Nenhuma,86,63
594,45.37,130,391,56,425,136,408,96,Nenhuma,33,79
594,45.37,132,349,29,393,126,371,77,Nenhuma,43,97
594,45.37,157,160,16,190,114,175,65,Nenhuma,30,98
594,45.37,159,33,65,66,130,49,98,Nenhuma,33,64
594,45.37,161,122,36,181,172,152,104,Expositor 1,59,136
594,45.37,168,9,87,84,241,46,164,Nenhuma,74,153
594,45.37,175,106,22,134,121,120,71,Nenhuma,27,99
594,45.37,176,126,37,170,134,148,85,Nenhuma,44,96
594,45.37,177,451,291,543,358,497,325,Nenhuma,91,67
594,45.37,178,373,279,541,357,457,318,Nenhuma,168,77
595,45.44,130,391,56,425,136,408,96,Nenhuma,34,79
595,45.44,132,349,29,392,126,370,77,Nenhuma,43,97
595,45.44,157,159,16,190,115,175,66,Nenhuma,30,98
595,45.44,159,33,65,66,131,49,98,Nenhuma,33,65
595,45.44,161,123,35,182,172,153,104,Expositor 1,58,136
595,45.44,167,32,67,67,156,49,111,Nenhuma,35,89
595,45.44,168,9,89,82,241,45,165,Nenhuma,72,151
595,45.44,175,107,22,134,120,120,71,Nenhuma,27,97
595,45.44,176,125,37,171,138,148,87,Nenhuma,46,100
595,45.44,177,447,287,543,359,495,323,Nenhuma,96,71
595,45.44,178,369,272,552,357,460,315,Nenhuma,182,85
596,45.52,130,391,54,426,136,408,95,Nenhuma,34,81
596,45.52,132,349,28,393,128,371,78,Nenhuma,44,99
596,45.52,157,159,16,190,115,175,66,Nenhuma,30,98
596,45.52,159,31,67,66,136,48,101,Nenhuma,35,69
596,45.52,161,124,35,183,173,153,104,Expositor 1,59,138
596,45.52,167,31,66,68,161,49,114,Nenhuma,37,95
596,45.52,168,7,91,77,239,42,165,Nenhuma,69,147
596,45.52,175,107,23,133,120,120,71,Nenhuma,26,97
596,45.52,176,124,35,172,139,148,87,Nenhuma,47,103
596,45.52,178,367,263,565,357,466,310,Nenhuma,197,94
596,45.52,179,191,322,296,359,243,340,Nenhuma,104,36
597,45.6,130,390,54,426,136,408,95,Nenhuma,35,81
597,45.6,132,349,28,393,127,371,77,Nenhuma,44,99
597,45.6,157,159,16,189,116,174,66,Nenhuma,30,99
597,45.6,159,30,67,66,137,48,102,Nenhuma,35,70
597,45.6,161,124,35,184,174,154,105,Expositor 1,60,139
597,45.6,167,32,67,67,156,49,111,Nenhuma,34,89
597,45.6,168,10,97,76,239,43,168,Nenhuma,66,142
597,45.6,175,107,22,134,120,121,71,Nenhuma,26,98
597,45.6,176,124,35,172,139,148,87,Nenhuma,47,104
597,45.6,178,365,256,574,358,469,307,Nenhuma,208,101
597,45.6,179,191,320,300,358,245,339,Nenhuma,108,38
598,45.67,130,390,54,426,136,408,95,Nenhuma,35,81
598,45.67,132,349,28,393,126,371,77,Nenhuma,44,98
598,45.67,157,159,16,189,116,174,66,Nenhuma,30,99
598,45.67,159,30,67,66,138,48,102,Nenhuma,36,71
598,45.67,161,125,35,186,176,155,105,Expositor 1,60,140
598,45.67,167,31,67,65,154,48,111,Nenhuma,34,86
598,45.67,168,9,94,77,239,43,167,Nenhuma,67,145
598,45.67,175,107,22,134,120,121,71,Nenhuma,26,98
598,45.67,176,124,34,172,140,148,87,Nenhuma,47,106
598,45.67,178,368,250,583,358,475,304,Nenhuma,214,108
598,45.67,179,194,318,305,358,249,338,Nenhuma,111,39
599,45.75,130,390,52,426,136,408,94,Nenhuma,36,83
599,45.75,132,350,28,393,125,371,77,Nenhuma,43,96
599,45.75,151,209,313,297,357,253,335,Nenhuma,87,44
599,45.75,157,158,16,190,116,174,66,Nenhuma,31,99
599,45.75,159,29,67,66,139,48,103,Nenhuma,36,71
599,45.75,161,124,34,182,170,153,102,Expositor 1,57,135
599,45.75,167,29,67,64,156,47,111,Nenhuma,35,89
599,45.75,168,9,93,78,241,44,167,Nenhuma,68,147
599,45.75,175,108,22,135,121,121,71,Nenhuma,26,98
599,45.75,176,125,34,172,141,148,88,Nenhuma,47,107
599,45.75,178,368,241,591,357,479,299,Expositor 2,222,115
599,45.75,179,194,316,310,357,252,337,Nenhuma,116,41
600,45.83,130,390,53,426,136,408,94,Nenhuma,35,82
600,45.83,132,350,29,393,124,372,76,Nenhuma,42,94
600,45.83,151,208,313,298,358,253,335,Nenhuma,89,44
600,45.83,157,158,16,189,116,174,66,Nenhuma,31,99
600,45.83,161,125,34,183,171,154,103,Expositor 1,58,136
600,45.83,167,28,67,64,158,46,112,Nenhuma,36,91
600,45.83,168,6,92,75,241,41,166,Nenhuma,68,148
600,45.83,175,108,22,134,121,121,71,Nenhuma,26,98
600,45.83,176,125,35,173,145,149,90,Nenhuma,48,110
600,45.83,178,370,238,592,357,481,297,Expositor 2,222,119
600,45.83,179,193,314,314,357,254,336,Nenhuma,121,43
601,45.9,130,390,53,426,136,408,94,Nenhuma,35,82
601,45.9,132,351,29,394,124,373,77,Nenhuma,42,94
601,45.9,151,210,313,300,358,255,335,Nenhuma,89,44
601,45.9,157,158,16,189,117,174,67,Nenhuma,31,100
601,45.9,161,125,34,183,171,154,103,Expositor 1,58,137
601,45.9,167,28,67,65,160,47,113,Nenhuma,36,93
601,45.9,168,6,93,74,241,40,167,Nenhuma,68,148
601,45.9,175,108,21,135,122,122,72,Nenhuma,27,100
601,45.9,176,125,36,175,150,150,93,Nenhuma,49,114
601,45.9,178,377,238,590,357,484,297,Expositor 2,213,118
601,45.9,179,193,312,319,357,256,334,Nenhuma,126,44
602,45.98,130,390,53,426,136,408,94,Nenhuma,35,82
602,45.98,132,351,29,394,124,372,76,Nenhuma,43,94
602,45.98,151,210,313,300,358,255,335,Nenhuma,90,44
602,45.98,157,157,16,189,117,173,67,Nenhuma,31,100
602,45.98,161,125,34,184,172,155,103,Expositor 1,58,138
602,45.98,167,29,66,65,160,47,113,Nenhuma,36,93
602,45.98,168,5,93,73,241,39,167,Nenhuma,67,147
602,45.98,175,108,21,136,122,122,72,Nenhuma,27,101
602,45.98,176,125,36,175,155,150,96,Nenhuma,50,119
602,45.98,178,381,238,587,357,484,297,Expositor 2,205,118
603,46.06,130,389,52,426,136,408,94,Nenhuma,36,83
603,46.06,132,351,29,394,123,372,76,Nenhuma,43,94
603,46.06,151,210,311,304,358,257,334,Nenhuma,94,46
603,46.06,157,157,16,189,117,173,67,Nenhuma,32,100
603,46.06,161,139,47,190,173,165,110,Expositor 1,50,125
603,46.06,167,29,66,65,158,47,112,Nenhuma,35,91
603,46.06,168,4,96,71,241,38,168,Nenhuma,66,145
603,46.06,175,108,21,136,123,122,72,Nenhuma,27,101
603,46.06,176,125,37,175,157,150,97,Nenhuma,50,120
603,46.06,178,384,235,586,357,485,296,Expositor 2,201,121
604,46.13,130,388,50,426,136,407,93,Nenhuma,37,85
604,46.13,132,346,30,388,123,367,76,Nenhuma,42,92
604,46.13,151,209,308,307,358,258,333,Nenhuma,98,49
604,46.13,157,153,16,193,145,173,81,Nenhuma,40,128
604,46.13,161,143,54,190,173,166,113,Expositor 1,46,118
604,46.13,167,30,67,65,157,47,112,Nenhuma,34,89
604,46.13,168,4,98,70,242,37,170,Nenhuma,66,143
604,46.13,175,108,21,135,123,121,72,Nenhuma,27,101
604,46.13,176,124,38,175,160,150,99,Nenhuma,50,122
604,46.13,178,384,233,582,356,483,295,Expositor 2,197,123
605,46.21,130,388,49,426,136,407,92,Nenhuma,38,86
605,46.21,132,344,30,387,122,366,76,Nenhuma,42,92
605,46.21,151,208,305,311,358,259,331,Nenhuma,103,52
605,46.21,157,148,18,192,163,170,91,Nenhuma,43,144
605,46.21,161,145,56,189,172,167,114,Expositor 1,44,115
605,46.21,167,28,67,65,163,47,115,Nenhuma,36,95
605,46.21,168,4,99,69,242,36,170,Nenhuma,65,142
605,46.21,175,108,21,134,122,121,72,Nenhuma,26,100
605,46.21,176,124,38,175,163,149,101,Expositor 1,50,124
605,46.21,178,387,232,579,357,483,294,Expositor 2,192,125
605,46.21,181,159,16,186,131,172,73,Nenhuma,27,114
606,46.28,130,388,49,426,136,407,92,Nenhuma,38,86
606,46.28,132,343,30,386,122,365,76,Nenhuma,42,92
606,46.28,151,205,302,313,358,259,330,Nenhuma,108,55
606,46.28,157,148,25,191,170,170,97,Nenhuma,43,145
606,46.28,161,147,58,191,172,169,115,Expositor 1,43,114
606,46.28,167,28,67,66,165,47,116,Nenhuma,37,98
606,46.28,168,4,99,69,242,36,170,Nenhuma,65,142
606,46.28,175,108,21,135,122,122,71,Nenhuma,26,100
606,46.28,176,124,39,174,164,149,101,Expositor 1,50,125
606,46.28,178,391,231,577,357,484,294,Expositor 2,186,125
606,46.28,181,160,16,187,128,173,72,Nenhuma,26,111
607,46.36,130,387,48,425,136,406,92,Nenhuma,38,87
607,46.36,132,342,29,385,121,364,75,Nenhuma,43,92
607,46.36,151,204,300,314,358,259,329,Nenhuma,110,57
607,46.36,157,148,20,192,172,170,96,Nenhuma,44,151
607,46.36,161,146,53,190,172,168,112,Expositor 1,43,118
607,46.36,167,29,67,66,165,47,116,Nenhuma,37,98
607,46.36,168,4,98,69,242,36,170,Nenhuma,65,143
607,46.36,175,108,21,134,122,121,72,Nenhuma,26,101
607,46.36,176,124,39,174,164,149,101,Expositor 1,49,125
607,46.36,178,391,228,574,357,483,292,Expositor 2,183,129
607,46.36,181,165,17,185,99,175,58,Nenhuma,20,82
608,46.44,130,387,50,425,136,406,93,Nenhuma,37,85
608,46.44,132,342,29,384,121,363,75,Nenhuma,42,92
608,46.44,151,202,298,315,358,258,328,Nenhuma,112,59
608,46.44,157,149,19,193,173,171,96,Nenhuma,43,154
608,46.44,161,147,54,191,172,169,113,Expositor 1,43,117
608,46.44,167,29,66,66,165,48,116,Nenhuma,37,98
608,46.44,168,4,97,70,242,37,169,Nenhuma,65,144
608,46.44,175,108,21,134,122,121,72,Nenhuma,26,101
608,46.44,176,124,38,174,166,149,102,Expositor 1,49,127
608,46.44,178,390,220,576,357,483,289,Expositor 2,185,136
608,46.44,181,168,18,184,82,176,50,Nenhuma,15,64
609,46.51,130,388,52,425,136,407,94,Nenhuma,37,83
609,46.51,132,341,29,384,121,362,75,Nenhuma,42,92
609,46.51,151,204,298,315,358,259,328,Nenhuma,110,59
609,46.51,157,152,17,193,164,172,90,Nenhuma,40,146
609,46.51,161,148,43,194,172,171,107,Expositor 1,45,128
609,46.51,167,29,66,66,166,48,116,Nenhuma,37,99
609,46.51,168,4,97,70,241,37,169,Nenhuma,65,143
609,46.51,175,109,29,134,127,121,78,Nenhuma,25,97
609,46.51,176,123,38,172,166,148,102,Expositor 1,48,127
609,46.51,178,390,211,577,355,484,283,Expositor 2,187,144
609,46.51,181,166,18,184,91,175,54,Nenhuma,18,72
610,46.59,130,388,50,426,136,407,93,Nenhuma,37,85
610,46.59,132,339,30,384,121,361,75,Nenhuma,44,90
610,46.59,151,205,299,314,358,260,328,Nenhuma,108,58
610,46.59,157,151,17,192,170,172,94,Nenhuma,41,152
610,46.59,161,153,25,193,142,173,84,Nenhuma,40,116
610,46.59,167,30,67,66,167,48,117,Nenhuma,36,99
610,46.59,168,5,97,70,241,37,169,Nenhuma,65,143
610,46.59,175,109,30,134,127,121,78,Nenhuma,25,97
610,46.59,176,122,39,170,165,146,102,Expositor 1,48,126
610,46.59,178,390,201,577,352,484,277,Expositor 2,186,150
610,46.59,181,168,18,184,80,176,49,Nenhuma,15,62
611,46.67,130,388,50,426,136,407,93,Nenhuma,37,85
611,46.67,132,338,33,385,121,361,77,Nenhuma,47,88
611,46.67,151,206,299,313,358,260,328,Nenhuma,106,58
611,46.67,157,151,17,193,172,172,94,Nenhuma,41,155
611,46.67,161,155,19,192,127,174,73,Nenhuma,36,108
611,46.67,167,29,67,66,167,48,117,Nenhuma,36,100
611,46.67,168,5,97,70,240,38,169,Nenhuma,64,142
611,46.67,175,109,30,134,128,121,79,Nenhuma,25,97
611,46.67,176,122,40,169,165,145,102,Expositor 1,47,124
611,46.67,178,392,196,573,350,483,273,Expositor 2,181,153
611,46.67,181,170,18,183,70,176,44,Nenhuma,13,52
612,46.74,130,389,50,426,136,407,93,Nenhuma,37,85
612,46.74,132,337,33,384,121,361,77,Nenhuma,46,87
612,46.74,151,208,300,313,358,260,329,Nenhuma,105,57
612,46.74,157,151,15,191,173,171,94,Nenhuma,40,157
612,46.74,159,27,68,78,173,53,120,Nenhuma,51,105
612,46.74,161,156,16,191,117,174,67,Nenhuma,34,100
612,46.74,167,29,67,65,168,47,118,Nenhuma,36,100
612,46.74,168,5,96,70,239,38,168,Nenhuma,64,142
612,46.74,175,109,31,134,128,121,80,Nenhuma,25,97
612,46.74,176,120,40,168,165,144,103,Expositor 1,47,124
612,46.74,178,399,190,560,332,480,261,Expositor 2,161,141
612,46.74,181,172,18,182,60,177,39,Nenhuma,10,41
613,46.82,130,389,51,426,136,407,93,Nenhuma,37,84
613,46.82,132,337,33,383,121,360,77,Nenhuma,46,87
613,46.82,151,209,301,313,358,261,329,Nenhuma,103,56
613,46.82,157,151,15,191,173,171,94,Nenhuma,40,158
613,46.82,159,26,67,74,171,50,119,Nenhuma,48,104
613,46.82,161,156,16,190,114,173,65,Nenhuma,33,98
613,46.82,167,29,67,62,159,45,113,Nenhuma,33,91
613,46.82,168,6,96,70,239,38,168,Nenhuma,64,142
613,46.82,176,120,41,167,164,143,102,Expositor 1,46,123
613,46.82,178,403,186,551,321,477,254,Expositor 2,148,135
614,46.9,130,389,51,425,136,407,93,Nenhuma,36,84
614,46.9,132,336,34,382,120,359,77,Nenhuma,46,86
614,46.9,151,209,300,312,358,261,329,Nenhuma,102,57
614,46.9,157,151,15,191,173,171,94,Nenhuma,39,157
614,46.9,159,25,67,71,169,48,118,Nenhuma,45,102
614,46.9,161,156,15,190,114,173,65,Nenhuma,33,98
614,46.9,167,28,67,61,158,45,112,Nenhuma,32,91
614,46.9,168,6,95,71,238,38,167,Nenhuma,64,143
614,46.9,176,117,42,164,165,141,103,Expositor 1,46,122
614,46.9,178,403,181,544,314,473,248,Expositor 2,140,132
615,46.97,130,389,52,425,136,407,94,Nenhuma,36,83
615,46.97,151,210,300,312,358,261,329,Nenhuma,102,57
615,46.97,157,151,15,190,174,171,94,Nenhuma,39,158
615,46.97,159,26,67,71,170,48,119,Nenhuma,45,102
615,46.97,161,156,15,190,114,173,65,Nenhuma,33,98
615,46.97,167,25,67,65,171,45,119,Nenhuma,39,103
615,46.97,168,6,95,71,238,38,167,Nenhuma,64,143
615,46.97,176,115,42,162,165,139,104,Expositor 1,47,122
615,46.97,178,398,178,536,312,467,245,Expositor 2,137,133
616,47.05,130,389,54,425,136,407,95,Nenhuma,35,81
616,47.05,151,208,298,313,358,261,328,Nenhuma,105,59
616,47.05,157,152,15,190,173,171,94,Nenhuma,38,157
616,47.05,159,26,67,72,173,49,120,Nenhuma,46,105
616,47.05,161,157,16,191,114,174,65,Nenhuma,33,98
616,47.05,167,25,68,63,167,44,118,Nenhuma,37,99
616,47.05,168,6,95,70,238,38,167,Nenhuma,64,142
616,47.05,176,112,43,160,165,136,104,Expositor 1,48,122
616,47.05,178,389,175,533,320,461,248,Expositor 2,143,145
617,47.12,130,390,55,424,136,407,95,Nenhuma,34,80
617,47.12,151,207,296,314,358,261,327,Nenhuma,107,61
617,47.12,157,152,15,190,173,171,94,Nenhuma,37,157
617,47.12,159,25,68,71,172,48,120,Nenhuma,45,104
617,47.12,161,157,16,191,114,174,65,Nenhuma,33,98
617,47.12,167,22,68,65,172,43,120,Nenhuma,42,103
617,47.12,168,5,95,70,238,38,166,Nenhuma,64,142
617,47.12,176,109,44,159,165,134,104,Expositor 1,49,120
617,47.12,178,386,171,533,318,459,245,Expositor 2,146,147
618,47.2,130,390,56,424,136,407,96,Nenhuma,34,79
618,47.2,151,206,295,315,358,261,326,Nenhuma,108,62
618,47.2,157,153,15,190,173,171,94,Nenhuma,37,158
618,47.2,159,26,68,72,172,49,120,Nenhuma,45,104
618,47.2,161,157,16,191,114,174,65,Nenhuma,33,98
618,47.2,167,20,68,65,173,43,120,Nenhuma,44,104
618,47.2,176,108,44,158,164,133,104,Expositor 1,49,120
618,47.2,178,383,166,532,317,458,241,Expositor 2,148,150
618,47.2,183,358,174,522,355,440,265,Expositor 2,164,181
619,47.28,130,389,56,424,136,406,96,Nenhuma,34,79
619,47.28,151,207,295,314,358,260,326,Nenhuma,107,62
619,47.28,157,153,16,190,173,171,95,Nenhuma,36,157
619,47.28,159,20,81,65,175,42,128,Nenhuma,44,94
619,47.28,161,157,16,191,114,174,65,Nenhuma,33,98
619,47.28,167,22,68,66,171,44,119,Nenhuma,43,103
619,47.28,176,108,44,158,164,133,104,Expositor 1,50,119
619,47.28,178,380,162,532,315,456,238,Expositor 2,151,153
619,47.28,183,351,162,520,352,436,257,Expositor 2,168,190
620,47.35,130,389,56,424,136,406,96,Nenhuma,34,79
620,47.35,151,207,295,313,358,260,326,Nenhuma,106,62
620,47.35,157,153,16,190,173,171,95,Nenhuma,36,157
620,47.35,159,18,86,63,176,40,131,Nenhuma,45,90
620,47.35,161,157,16,191,114,174,65,Nenhuma,33,98
620,47.35,167,23,68,66,170,45,119,Nenhuma,43,102
620,47.35,176,108,45,159,164,133,104,Expositor 1,50,119
620,47.35,183,348,156,514,348,431,252,Expositor 2,166,191
621,47.43,130,389,57,423,136,406,96,Nenhuma,34,78
621,47.43,151,207,295,312,358,260,326,Nenhuma,105,62
621,47.43,157,154,16,190,173,172,94,Nenhuma,35,156
621,47.43,159,13,86,59,175,36,131,Nenhuma,45,89
621,47.43,161,157,16,191,115,174,65,Nenhuma,33,98
621,47.43,167,24,68,66,171,45,119,Nenhuma,42,103
621,47.43,176,109,45,160,164,134,105,Expositor 1,51,118
621,47.43,183,345,152,500,336,422,244,Expositor 2,155,183
622,47.51,130,389,57,423,136,406,96,Nenhuma,34,78
622,47.51,151,208,295,312,358,260,326,Nenhuma,104,62
622,47.51,157,154,16,190,173,172,95,Nenhuma,35,156
622,47.51,159,13,88,60,175,36,131,Nenhuma,46,87
622,47.51,161,157,16,191,115,174,66,Nenhuma,33,99
622,47.51,167,24,68,68,173,46,120,Nenhuma,44,105
622,47.51,176,109,45,160,164,134,105,Expositor 1,51,119
622,47.51,183,352,150,480,305,416,227,Expositor 2,128,155
623,47.58,151,208,295,312,358,260,326,Nenhuma,104,62
623,47.58,157,154,16,190,173,172,94,Nenhuma,35,157
623,47.58,159,12,89,59,176,35,133,Nenhuma,46,86
623,47.58,161,158,16,191,115,174,66,Nenhuma,33,98
623,47.58,167,24,68,69,175,46,121,Nenhuma,45,107
623,47.58,176,108,45,161,165,134,105,Expositor 1,52,119
623,47.58,183,348,143,467,289,408,216,Expositor 2,118,146
624,47.66,132,329,29,377,118,353,74,Nenhuma,47,89
624,47.66,151,208,294,311,358,260,326,Nenhuma,103,63
624,47.66,157,154,16,190,173,172,94,Nenhuma,35,157
624,47.66,159,11,91,57,177,34,134,Nenhuma,46,86
624,47.66,161,158,16,191,115,175,66,Nenhuma,33,98
624,47.66,167,23,68,70,176,46,122,Nenhuma,46,108
624,47.66,176,107,46,160,165,134,105,Expositor 1,52,118
624,47.66,183,346,140,460,284,403,212,Expositor 2,114,143
625,47.74,130,387,58,422,136,405,97,Nenhuma,35,77
625,47.74,132,328,28,376,118,352,73,Nenhuma,47,89
625,47.74,151,207,295,310,358,259,327,Nenhuma,102,63
625,47.74,157,156,17,190,173,173,95,Nenhuma,34,156
625,47.74,159,10,92,56,178,33,135,Nenhuma,45,85
625,47.74,161,159,17,191,115,175,66,Nenhuma,32,98
625,47.74,167,22,68,69,176,46,122,Nenhuma,47,108
625,47.74,176,108,48,160,165,134,106,Expositor 1,52,116
625,47.74,183,334,131,445,274,390,203,Nenhuma,111,143
626,47.81,130,386,58,422,135,404,97,Nenhuma,35,76
626,47.81,132,328,28,376,118,352,73,Nenhuma,47,89
626,47.81,151,207,295,309,358,258,327,Nenhuma,101,63
626,47.81,157,156,17,190,173,173,95,Nenhuma,34,155
626,47.81,159,16,72,65,166,41,119,Nenhuma,48,93
626,47.81,161,159,16,191,115,175,66,Nenhuma,32,98
626,47.81,167,23,68,70,175,47,121,Nenhuma,47,107
626,47.81,176,106,48,159,165,133,107,Expositor 1,53,116
626,47.81,183,317,126,449,302,383,214,Nenhuma,132,176
627,47.89,130,384,57,422,135,403,96,Nenhuma,37,78
627,47.89,132,327,28,375,118,351,73,Nenhuma,47,89
627,47.89,151,207,295,308,358,258,326,Nenhuma,100,63
627,47.89,157,155,17,189,173,172,95,Nenhuma,33,156
627,47.89,159,17,69,65,166,41,117,Nenhuma,47,96
627,47.89,161,158,16,191,115,175,66,Nenhuma,32,98
627,47.89,167,23,68,70,175,47,121,Nenhuma,46,107
627,47.89,176,107,53,159,165,133,109,Expositor 1,51,111
627,47.89,183,303,119,442,311,373,215,Nenhuma,138,191
628,47.96,130,385,57,423,135,404,96,Nenhuma,37,78
628,47.96,151,208,294,308,358,258,326,Nenhuma,100,63
628,47.96,157,155,16,189,173,172,94,Nenhuma,33,156
628,47.96,159,19,69,65,165,42,117,Nenhuma,46,96
628,47.96,161,158,16,191,114,175,65,Nenhuma,32,98
628,47.96,167,24,67,71,175,47,121,Nenhuma,47,107
628,47.96,168,5,90,74,239,39,165,Nenhuma,68,149
628,47.96,176,109,56,160,166,134,111,Expositor 1,51,109
628,47.96,183,298,112,435,309,367,210,Nenhuma,137,197
628,47.96,186,11,88,46,174,28,131,Nenhuma,34,85
629,48.04,130,386,57,424,135,405,96,Nenhuma,37,78
629,48.04,151,208,294,307,358,258,326,Nenhuma,99,63
629,48.04,157,156,16,189,173,172,94,Nenhuma,33,157
629,48.04,159,20,68,64,165,42,116,Nenhuma,44,96
629,48.04,161,158,16,191,114,175,65,Nenhuma,32,97
629,48.04,167,23,67,70,175,47,121,Nenhuma,46,107
629,48.04,168,5,89,74,239,40,164,Nenhuma,68,150
629,48.04,176,111,60,160,165,136,112,Expositor 1,49,105
629,48.04,183,291,106,430,307,361,207,Nenhuma,139,201
629,48.04,186,11,83,48,175,29,129,Nenhuma,37,91
630,48.12,130,387,56,426,135,407,96,Nenhuma,38,79
630,48.12,132,341,27,384,111,362,69,Nenhuma,43,83
630,48.12,151,208,294,307,358,257,326,Nenhuma,99,63
630,48.12,157,156,16,189,173,172,94,Nenhuma,32,157
630,48.12,159,8,68,76,217,42,143,Nenhuma,68,148
630,48.12,161,158,16,191,115,175,66,Nenhuma,32,98
630,48.12,167,24,67,71,175,47,121,Nenhuma,47,107
630,48.12,168,1,92,69,243,35,168,Nenhuma,67,151
630,48.12,175,109,22,135,115,122,68,Nenhuma,25,92
630,48.12,176,115,64,162,165,139,115,Expositor 1,47,101
630,48.12,183,283,100,426,305,354,203,Nenhuma,142,204
630,48.12,186,11,82,49,175,30,129,Nenhuma,38,93
630,48.12,187,313,106,398,270,355,188,Nenhuma,85,163
630,48.12,189,155,55,187,174,171,114,Expositor 1,31,118
631,48.19,130,389,56,427,136,408,96,Nenhuma,37,79
631,48.19,132,341,27,387,118,364,72,Nenhuma,45,90
631,48.19,151,207,294,306,357,257,326,Nenhuma,98,63
631,48.19,157,156,15,189,173,172,94,Nenhuma,32,157
631,48.19,159,6,67,77,222,42,145,Nenhuma,70,154
631,48.19,161,158,16,191,115,175,66,Nenhuma,32,98
631,48.19,167,24,67,72,175,48,121,Nenhuma,47,108
631,48.19,168,0,92,66,244,33,168,Nenhuma,66,152
631,48.19,175,109,21,136,119,122,70,Nenhuma,26,97
631,48.19,176,118,66,164,166,141,116,Expositor 1,46,99
631,48.19,183,276,95,421,304,348,199,Nenhuma,145,208
631,48.19,186,11,80,50,176,31,128,Nenhuma,39,95
631,48.19,187,302,102,394,279,348,191,Nenhuma,91,176
631,48.19,189,155,52,187,174,171,113,Expositor 1,31,121
632,48.27,130,389,55,427,136,408,95,Nenhuma,37,80
632,48.27,132,342,28,387,119,364,74,Nenhuma,45,91
632,48.27,151,207,294,306,357,256,326,Nenhuma,98,63
632,48.27,157,156,15,189,173,173,94,Nenhuma,32,157
632,48.27,159,1,69,78,241,39,155,Nenhuma,77,172
632,48.27,161,158,16,191,116,174,66,Nenhuma,32,99
632,48.27,167,23,67,69,174,46,121,Nenhuma,46,106
632,48.27,168,1,96,65,245,33,171,Nenhuma,64,148
632,48.27,175,109,20,136,118,122,69,Nenhuma,26,98
632,48.27,176,120,68,165,166,143,117,Expositor 1,45,97
632,48.27,186,11,79,51,176,31,127,Nenhuma,39,96
632,48.27,187,294,100,388,283,341,192,Nenhuma,93,182
632,48.27,189,155,50,187,174,171,112,Expositor 1,32,123
633,48.35,130,389,55,427,136,408,95,Nenhuma,37,80
633,48.35,132,342,28,387,120,365,74,Nenhuma,45,91
633,48.35,151,207,294,305,357,256,326,Nenhuma,97,63
633,48.35,157,156,15,189,173,173,94,Nenhuma,32,157
633,48.35,159,0,68,79,246,39,157,Nenhuma,80,178
633,48.35,161,158,17,190,116,174,66,Nenhuma,32,98
633,48.35,167,23,67,70,174,47,121,Nenhuma,46,106
633,48.35,168,0,96,64,246,32,171,Nenhuma,64,149
633,48.35,175,109,20,136,118,122,69,Nenhuma,27,98
633,48.35,176,122,70,166,167,144,118,Expositor 1,43,96
633,48.35,187,287,96,381,282,334,189,Nenhuma,94,185
633,48.35,189,154,47,188,174,171,110,Expositor 1,33,126
634,48.42,130,390,53,428,136,409,94,Nenhuma,38,82
634,48.42,132,342,28,387,121,364,74,Nenhuma,44,93
634,48.42,151,206,294,305,358,255,326,Nenhuma,98,64
634,48.42,157,157,17,188,173,173,95,Nenhuma,31,155
634,48.42,159,-1,67,81,252,39,160,Nenhuma,82,184
634,48.42,161,158,17,190,116,174,67,Nenhuma,32,98
634,48.42,167,26,67,73,174,49,121,Nenhuma,47,106
634,48.42,168,0,98,63,245,32,171,Nenhuma,62,147
634,48.42,175,111,20,142,129,127,74,Nenhuma,31,109
634,48.42,176,124,71,167,167,146,119,Expositor 1,43,95
634,48.42,187,278,95,370,276,324,186,Nenhuma,91,181
635,48.5,130,390,53,428,136,409,94,Nenhuma,37,82
635,48.5,132,342,27,386,121,364,74,Nenhuma,44,93
635,48.5,151,205,293,305,358,255,325,Nenhuma,99,64
635,48.5,157,157,17,188,173,173,95,Nenhuma,31,155
635,48.5,159,-3,67,82,258,39,162,Nenhuma,85,191
635,48.5,161,158,17,190,116,174,66,Nenhuma,32,98
635,48.5,167,26,68,73,174,50,121,Nenhuma,47,106
635,48.5,168,0,97,63,245,31,171,Nenhuma,63,148
635,48.5,175,111,20,143,127,127,73,Nenhuma,32,106
635,48.5,176,128,71,172,168,150,119,Expositor 1,44,97
635,48.5,187,273,92,358,261,315,176,Nenhuma,84,169
636,48.58,130,390,53,427,136,409,94,Nenhuma,37,82
636,48.58,132,342,27,386,120,364,74,Nenhuma,43,92
636,48.58,151,205,293,305,358,255,325,Nenhuma,99,65
636,48.58,157,157,17,188,173,173,95,Nenhuma,31,155
636,48.58,161,158,17,190,115,174,66,Nenhuma,31,98
636,48.58,167,25,68,73,174,49,121,Nenhuma,47,106
636,48.58,168,0,97,63,246,31,171,Nenhuma,63,148
636,48.58,175,111,20,144,127,128,74,Nenhuma,33,106
636,48.58,176,129,70,174,168,151,119,Expositor 1,44,97
636,48.58,187,271,88,352,252,311,170,Nenhuma,80,163
636,48.58,191,25,69,61,164,43,116,Nenhuma,36,94
636,48.58,192,301,27,347,94,324,60,Nenhuma,46,67
637,48.65,130,390,54,427,136,409,95,Nenhuma,37,81
637,48.65,132,342,27,386,120,364,74,Nenhuma,43,92
637,48.65,151,206,292,304,358,255,325,Nenhuma,98,65
637,48.65,157,157,17,188,173,173,95,Nenhuma,31,156
637,48.65,161,159,17,190,115,174,66,Nenhuma,31,98
637,48.65,167,25,68,73,174,49,121,Nenhuma,47,106
637,48.65,168,0,94,63,245,31,170,Nenhuma,63,150
637,48.65,175,112,20,145,123,129,72,Nenhuma,32,102
637,48.65,176,129,70,174,168,152,119,Expositor 1,45,98
637,48.65,183,241,83,336,219,288,151,Expositor 1,94,135
637,48.65,187,269,85,337,224,303,155,Nenhuma,68,138
637,48.65,189,160,87,182,174,171,130,Expositor 1,22,86
637,48.65,191,25,70,61,164,43,117,Nenhuma,36,93
637,48.65,192,300,26,347,94,323,60,Nenhuma,47,68
638,48.73,130,389,54,427,136,408,95,Nenhuma,37,81
638,48.73,132,343,27,386,120,364,74,Nenhuma,43,93
638,48.73,151,206,292,304,358,255,325,Nenhuma,97,65
638,48.73,161,159,17,191,115,175,66,Nenhuma,31,97
638,48.73,167,25,68,73,174,49,121,Nenhuma,47,106
638,48.73,168,-1,92,62,245,30,169,Nenhuma,64,152
638,48.73,175,111,20,146,127,129,74,Nenhuma,34,106
638,48.73,176,131,70,177,169,154,120,Expositor 1,46,99
638,48.73,183,234,79,327,212,281,145,Expositor 1,92,132
638,48.73,187,268,84,327,203,297,144,Expositor 1,59,119
638,48.73,189,160,88,183,173,171,130,Expositor 1,22,84
638,48.73,191,24,70,61,164,43,117,Nenhuma,36,93
638,48.73,192,299,25,346,95,323,60,Nenhuma,47,69
639,48.8,130,389,55,426,136,408,95,Nenhuma,36,80
639,48.8,132,343,27,386,120,364,74,Nenhuma,42,93
639,48.8,151,206,292,303,358,255,325,Nenhuma,97,65
639,48.8,161,158,17,190,117,174,67,Nenhuma,31,99
639,48.8,167,26,68,74,174,50,121,Nenhuma,48,106
639,48.8,168,0,94,62,245,31,169,Nenhuma,63,150
639,48.8,175,111,21,146,126,129,74,Nenhuma,34,105
639,48.8,176,131,71,179,170,155,120,Expositor 1,47,99
639,48.8,183,228,75,318,205,273,140,Expositor 1,90,129
639,48.8,187,262,82,319,196,291,139,Expositor 1,56,114
639,48.8,189,161,91,182,173,171,132,Expositor 1,21,81
639,48.8,191,24,70,61,164,42,117,Nenhuma,36,93
639,48.8,192,298,25,346,95,322,60,Nenhuma,47,69
640,48.88,130,389,55,426,136,407,95,Nenhuma,37,80
640,48.88,132,341,27,384,121,363,74,Nenhuma,43,93
640,48.88,151,206,292,303,358,254,325,Nenhuma,97,65
640,48.88,161,159,17,191,117,175,67,Nenhuma,31,99
640,48.88,167,24,68,73,177,49,122,Nenhuma,49,109
640,48.88,168,1,99,62,244,31,172,Nenhuma,61,144
640,48.88,175,110,20,148,133,129,76,Nenhuma,37,112
640,48.88,176,127,70,174,170,151,120,Expositor 1,46,99
640,48.88,183,223,75,307,191,265,133,Expositor 1,83,115
640,48.88,187,257,79,312,189,284,134,Expositor 1,54,110
640,48.88,189,160,90,183,174,172,132,Expositor 1,22,84
640,48.88,191,26,70,62,163,44,116,Nenhuma,36,92
640,48.88,192,297,20,345,90,321,55,Nenhuma,47,69
641,48.96,130,388,54,426,136,407,95,Nenhuma,37,81
641,48.96,132,341,27,385,121,363,74,Nenhuma,43,94
641,48.96,151,206,292,303,357,255,325,Nenhuma,97,65
641,48.96,161,159,17,191,117,175,67,Nenhuma,31,99
641,48.96,167,28,68,81,183,55,126,Nenhuma,53,115
641,48.96,168,2,102,63,244,32,173,Nenhuma,61,142
641,48.96,175,109,20,148,135,129,77,Nenhuma,38,115
641,48.96,176,126,70,171,168,149,119,Expositor 1,45,98
641,48.96,183,232,73,310,184,271,129,Expositor 1,77,111
641,48.96,187,252,77,304,182,278,130,Expositor 1,52,105
641,48.96,189,160,90,183,174,172,132,Expositor 1,23,84
641,48.96,191,26,70,62,162,44,116,Nenhuma,36,92
641,48.96,192,297,19,344,87,321,53,Nenhuma,46,67
642,49.03,130,389,54,427,136,408,95,Nenhuma,37,81
642,49.03,132,342,26,385,121,364,74,Nenhuma,43,94
642,49.03,151,206,291,304,357,255,324,Nenhuma,97,66
642,49.03,161,159,17,191,116,175,66,Nenhuma,31,98
642,49.03,167,28,68,82,181,55,124,Nenhuma,53,113
642,49.03,168,1,102,62,244,32,173,Nenhuma,61,141
642,49.03,175,110,19,148,136,129,78,Nenhuma,38,116
642,49.03,176,125,70,170,168,148,119,Expositor 1,44,97
642,49.03,183,217,72,296,182,257,127,Expositor 1,79,109
642,49.03,189,160,89,183,175,172,132,Expositor 1,23,85
642,49.03,191,25,69,63,164,44,116,Nenhuma,37,95
642,49.03,192,295,18,343,88,319,53,Nenhuma,47,70
643,49.11,130,389,53,427,136,408,94,Nenhuma,37,82
643,49.11,132,341,26,384,121,363,74,Nenhuma,43,94
643,49.11,151,206,291,304,357,255,324,Nenhuma,97,66
643,49.11,161,159,17,191,116,175,66,Nenhuma,31,99
643,49.11,167,29,68,83,182,56,125,Nenhuma,54,114
643,49.11,168,1,102,63,244,32,173,Nenhuma,61,142
643,49.11,175,110,19,149,137,129,78,Nenhuma,39,118
643,49.11,176,125,70,169,168,147,119,Expositor 1,44,97
643,49.11,183,209,71,291,182,250,127,Expositor 1,82,111
643,49.11,189,159,86,184,174,172,130,Expositor 1,24,87
643,49.11,191,25,69,63,165,44,117,Nenhuma,37,96
643,49.11,192,294,17,344,90,319,54,Nenhuma,49,72
644,49.19,130,390,53,427,136,408,94,Nenhuma,37,82
644,49.19,132,342,26,385,121,364,74,Nenhuma,43,94
644,49.19,151,206,291,303,357,255,324,Nenhuma,97,66
644,49.19,161,159,16,190,116,174,66,Nenhuma,31,99
644,49.19,167,27,68,80,178,54,123,Nenhuma,52,110
644,49.19,168,1,101,64,244,32,172,Nenhuma,62,143
644,49.19,175,109,20,145,126,127,73,Nenhuma,35,105
644,49.19,176,125,70,168,167,146,118,Expositor 1,43,97
644,49.19,183,200,69,288,188,244,129,Expositor 1,87,119
644,49.19,189,159,87,184,173,172,130,Expositor 1,24,86
644,49.19,191,25,69,63,164,44,116,Nenhuma,37,95
644,49.19,192,295,18,344,91,320,54,Nenhuma,49,73
645,49.26,130,390,54,427,136,408,95,Nenhuma,37,81
645,49.26,132,342,26,386,121,364,74,Nenhuma,43,94
645,49.26,151,206,291,303,357,254,324,Nenhuma,97,66
645,49.26,161,158,16,190,116,174,66,Nenhuma,31,99
645,49.26,167,27,68,78,176,52,122,Nenhuma,51,107
645,49.26,168,1,101,64,244,32,172,Nenhuma,62,143
645,49.26,175,109,20,144,124,127,72,Nenhuma,34,103
645,49.26,176,124,70,167,167,145,118,Expositor 1,42,96
645,49.26,183,194,69,285,192,239,131,Expositor 1,90,122
645,49.26,187,225,70,284,188,254,129,Expositor 1,59,117
645,49.26,189,159,86,184,173,172,129,Expositor 1,24,86
645,49.26,191,25,68,62,164,44,116,Nenhuma,37,95
645,49.26,192,294,17,343,91,319,54,Nenhuma,49,73
646,49.34,130,389,55,426,136,408,95,Nenhuma,36,80
646,49.34,132,339,26,383,121,361,74,Nenhuma,43,94
646,49.34,151,205,291,302,357,254,324,Nenhuma,96,66
646,49.34,161,158,16,190,116,174,66,Nenhuma,31,99
646,49.34,167,27,68,78,175,52,122,Nenhuma,51,106
646,49.34,168,1,100,64,244,32,172,Nenhuma,62,143
646,49.34,175,110,20,144,121,127,71,Nenhuma,34,101
646,49.34,176,124,70,167,167,146,118,Expositor 1,42,96
646,49.34,183,186,69,280,198,233,134,Expositor 1,93,128
646,49.34,187,214,70,273,183,243,126,Expositor 1,58,113
646,49.34,189,159,87,184,173,172,130,Expositor 1,24,85
646,49.34,191,25,68,62,164,44,116,Nenhuma,37,95
646,49.34,192,293,18,341,90,317,54,Nenhuma,48,72
647,49.42,130,389,57,425,136,407,96,Nenhuma,36,78
647,49.42,132,337,26,379,117,358,72,Nenhuma,42,90
647,49.42,151,204,291,302,357,253,324,Nenhuma,97,66
647,49.42,161,158,16,190,116,174,66,Nenhuma,31,99
647,49.42,167,27,69,78,175,52,122,Nenhuma,51,106
647,49.42,168,2,100,64,244,33,172,Nenhuma,62,143
647,49.42,175,110,20,145,121,128,70,Nenhuma,34,101
647,49.42,176,124,70,168,167,146,118,Expositor 1,43,97
647,49.42,183,179,68,273,197,226,132,Expositor 1,94,129
647,49.42,187,206,69,266,182,236,126,Expositor 1,60,113
647,49.42,189,159,87,184,172,172,130,Expositor 1,24,85
647,49.42,191,24,68,64,170,44,119,Nenhuma,39,101
647,49.42,192,294,18,340,87,317,53,Nenhuma,46,69
648,49.49,130,389,57,425,136,407,96,Nenhuma,36,78
648,49.49,132,334,27,377,118,355,73,Nenhuma,42,90
648,49.49,151,205,291,302,357,253,324,Nenhuma,96,66
648,49.49,161,158,16,190,116,174,66,Nenhuma,31,99
648,49.49,167,26,69,78,175,52,122,Nenhuma,51,106
648,49.49,168,2,100,65,244,34,172,Nenhuma,62,144
648,49.49,175,110,19,145,121,128,70,Nenhuma,34,101
648,49.49,176,124,70,168,167,146,119,Expositor 1,43,97
648,49.49,183,172,66,267,195,220,131,Expositor 1,94,129
648,49.49,187,194,68,264,194,229,131,Expositor 1,69,125
648,49.49,189,159,87,183,172,171,130,Expositor 1,24,85
648,49.49,191,23,68,64,173,44,121,Nenhuma,40,104
648,49.49,192,294,18,340,87,317,53,Nenhuma,45,69
649,49.57,130,389,58,425,136,407,97,Nenhuma,36,77
649,49.57,132,334,27,376,118,355,72,Nenhuma,42,90
649,49.57,151,206,291,302,357,254,324,Nenhuma,96,66
649,49.57,161,162,17,187,93,174,55,Nenhuma,24,75
649,49.57,167,25,68,77,175,51,121,Nenhuma,51,106
649,49.57,168,2,100,66,249,34,174,Nenhuma,64,149
649,49.57,175,111,19,146,121,128,70,Nenhuma,34,101
649,49.57,176,126,69,170,167,148,118,Expositor 1,44,98
649,49.57,183,170,66,267,202,218,134,Expositor 1,97,135
649,49.57,187,196,66,258,178,227,122,Expositor 1,62,111
649,49.57,189,159,87,183,172,171,130,Expositor 1,24,85
649,49.57,191,23,68,63,172,43,120,Nenhuma,40,104
649,49.57,192,293,18,339,87,316,52,Nenhuma,45,69
650,49.64,130,389,57,426,136,407,96,Nenhuma,36,78
650,49.64,132,330,29,373,118,352,74,Nenhuma,42,89
650,49.64,151,206,292,301,357,254,325,Nenhuma,95,65
650,49.64,161,163,17,186,82,174,50,Nenhuma,22,64
650,49.64,167,25,67,78,175,51,121,Nenhuma,52,108
650,49.64,168,2,100,67,253,34,176,Nenhuma,65,153
650,49.64,175,111,19,146,121,128,70,Nenhuma,34,101
650,49.64,176,127,69,173,168,150,118,Expositor 1,46,99
650,49.64,183,168,65,264,202,216,133,Expositor 1,96,137
650,49.64,187,190,65,252,175,221,120,Expositor 1,61,110
650,49.64,189,159,88,183,172,171,130,Expositor 1,24,84
650,49.64,191,23,68,63,172,43,120,Nenhuma,40,104
650,49.64,192,294,18,339,86,316,52,Nenhuma,44,67
651,49.72,130,390,57,427,136,408,96,Nenhuma,36,78
651,49.72,132,330,29,373,118,352,74,Nenhuma,42,88
651,49.72,151,207,292,302,357,254,325,Nenhuma,94,65
651,49.72,161,163,17,186,79,174,48,Nenhuma,22,61
651,49.72,167,24,66,77,174,50,120,Nenhuma,52,108
651,49.72,168,2,100,69,257,35,179,Nenhuma,66,157
651,49.72,175,111,19,146,120,129,70,Nenhuma,34,101
651,49.72,176,125,69,172,168,149,118,Expositor 1,46,99
651,49.72,183,162,63,259,202,210,132,Expositor 1,97,138
651,49.72,187,192,64,253,175,222,120,Expositor 1,61,110
651,49.72,189,159,88,183,172,171,130,Expositor 1,23,84
651,49.72,191,22,67,63,171,42,119,Nenhuma,40,104
651,49.72,192,294,18,338,85,316,52,Nenhuma,43,67
652,49.8,130,390,56,427,136,409,96,Nenhuma,36,79
652,49.8,132,335,29,380,118,358,73,Nenhuma,45,88
652,49.8,151,207,292,302,357,254,325,Nenhuma,94,65
652,49.8,157,163,18,186,115,174,66,Nenhuma,22,97
652,49.8,161,164,18,185,76,175,47,Nenhuma,20,58
652,49.8,167,24,64,78,175,51,120,Nenhuma,54,110
652,49.8,168,4,101,72,260,38,181,Nenhuma,67,158
652,49.8,175,115,19,141,89,128,54,Nenhuma,25,69
652,49.8,176,123,69,170,168,147,118,Expositor 1,46,99
652,49.8,183,171,63,258,191,214,127,Expositor 1,87,128
652,49.8,187,191,63,246,159,219,111,Expositor 1,54,96
652,49.8,191,22,66,62,172,42,119,Nenhuma,40,106
652,49.8,192,294,18,338,86,316,52,Nenhuma,44,67
653,49.87,130,390,54,428,136,409,95,Nenhuma,37,81
653,49.87,132,335,29,383,119,359,74,Nenhuma,47,90
653,49.87,151,208,294,301,357,254,326,Nenhuma,92,63
653,49.87,157,163,17,186,115,175,66,Nenhuma,23,98
653,49.87,161,165,18,184,72,175,45,Nenhuma,19,54
653,49.87,167,24,64,79,175,51,119,Nenhuma,54,111
653,49.87,168,5,101,72,259,39,180,Nenhuma,67,157
653,49.87,175,116,19,141,86,128,53,Nenhuma,25,66
653,49.87,176,123,69,169,168,146,118,Expositor 1,46,98
653,49.87,183,166,62,253,190,209,126,Expositor 1,87,128
653,49.87,187,189,62,245,160,217,111,Expositor 1,56,98
653,49.87,191,22,65,62,172,42,118,Nenhuma,40,107
653,49.87,192,294,18,338,86,316,52,Nenhuma,43,67
654,49.95,130,390,54,427,136,409,95,Nenhuma,37,81
654,49.95,132,334,27,384,120,359,74,Nenhuma,50,92
654,49.95,151,209,294,301,357,255,326,Nenhuma,92,63
654,49.95,157,162,17,187,115,175,66,Nenhuma,24,98
654,49.95,161,165,18,184,69,175,43,Nenhuma,18,50
654,49.95,167,24,63,79,175,51,119,Nenhuma,55,111
654,49.95,168,5,102,72,258,38,180,Nenhuma,66,155
654,49.95,175,115,20,141,85,128,52,Nenhuma,25,64
654,49.95,176,122,68,169,168,146,118,Expositor 1,46,99
654,49.95,183,161,60,248,189,205,124,Expositor 1,87,128
654,49.95,187,183,59,244,167,213,113,Expositor 1,61,108
654,49.95,189,159,89,183,172,171,130,Expositor 1,24,82
654,49.95,191,23,64,65,172,44,118,Nenhuma,41,107
654,49.95,192,293,18,337,86,315,52,Nenhuma,43,67
655,50.03,130,390,54,427,136,409,95,Nenhuma,36,81
655,50.03,132,333,27,385,120,359,74,Nenhuma,52,93
655,50.03,151,209,295,301,357,255,326,Nenhuma,92,62
655,50.03,157,162,16,187,113,175,65,Nenhuma,25,96
655,50.03,167,24,63,79,175,51,119,Nenhuma,55,111
655,50.03,168,5,103,71,257,38,180,Nenhuma,65,153
655,50.03,175,115,20,141,84,128,52,Nenhuma,26,63
655,50.03,176,122,68,169,168,146,118,Expositor 1,46,99
655,50.03,183,156,59,244,187,200,123,Expositor 1,87,128
655,50.03,187,181,58,242,166,211,112,Expositor 1,61,107
655,50.03,189,159,89,183,171,171,130,Expositor 1,23,82
655,50.03,191,22,63,64,172,43,118,Nenhuma,41,108
655,50.03,192,293,18,337,86,315,52,Nenhuma,43,67
656,50.1,130,391,55,427,136,409,95,Nenhuma,36,80
656,50.1,132,332,27,385,121,359,74,Nenhuma,53,93
656,50.1,151,210,295,302,357,256,326,Nenhuma,92,62
656,50.1,157,164,17,187,102,175,59,Nenhuma,23,84
656,50.1,161,165,18,186,73,175,45,Nenhuma,21,55
656,50.1,167,21,63,75,174,48,118,Nenhuma,54,110
656,50.1,168,5,105,70,257,37,181,Nenhuma,65,152
656,50.1,175,114,21,141,86,128,53,Nenhuma,27,65
656,50.1,176,122,67,168,167,145,117,Expositor 1,46,99
656,50.1,186,6,105,56,224,31,165,Nenhuma,50,119
656,50.1,187,176,57,243,176,210,116,Expositor 1,67,119
656,50.1,189,159,89,183,171,171,130,Expositor 1,23,81
656,50.1,191,22,63,64,173,43,118,Nenhuma,42,109
656,50.1,192,293,18,336,86,315,52,Nenhuma,43,67
657,50.18,130,392,57,427,136,409,96,Nenhuma,35,78
657,50.18,132,332,27,386,121,359,74,Nenhuma,54,93
657,50.18,151,210,295,302,357,256,326,Nenhuma,92,62
657,50.18,157,164,17,187,98,175,58,Nenhuma,22,80
657,50.18,161,165,18,186,71,176,44,Nenhuma,20,53
657,50.18,167,21,63,75,174,48,118,Nenhuma,54,110
657,50.18,168,5,106,71,259,38,183,Nenhuma,66,152
657,50.18,175,114,20,142,86,128,53,Nenhuma,28,66
657,50.18,176,121,67,168,167,145,117,Expositor 1,46,100
657,50.18,186,5,106,56,226,31,166,Nenhuma,50,120
657,50.18,187,166,56,225,166,195,111,Expositor 1,59,110
657,50.18,189,159,90,183,171,171,130,Expositor 1,23,81
657,50.18,191,25,63,76,191,50,127,Nenhuma,50,128
657,50.18,192,293,18,336,86,314,52,Nenhuma,43,67
658,50.26,130,392,58,427,136,409,97,Nenhuma,34,77
658,50.26,132,330,26,386,121,358,73,Nenhuma,55,94
658,50.26,151,210,295,302,357,256,326,Nenhuma,92,62
658,50.26,157,165,17,186,94,176,56,Nenhuma,21,76
658,50.26,161,166,18,186,69,176,43,Nenhuma,19,51
658,50.26,167,20,63,73,173,47,118,Nenhuma,53,110
658,50.26,168,5,107,70,256,37,182,Nenhuma,64,149
658,50.26,175,113,20,142,87,128,53,Nenhuma,28,67
658,50.26,176,121,66,167,167,144,116,Expositor 1,45,100
658,50.26,186,5,107,56,228,31,168,Nenhuma,50,121
658,50.26,187,161,54,220,164,190,109,Expositor 1,58,109
658,50.26,191,29,62,79,184,54,123,Nenhuma,50,121
658,50.26,192,293,18,336,87,314,53,Nenhuma,43,68
659,50.33,130,392,58,427,136,410,97,Nenhuma,34,77
659,50.33,132,330,25,386,121,358,73,Nenhuma,56,95
659,50.33,151,210,295,302,357,256,326,Nenhuma,92,62
659,50.33,157,166,17,186,90,176,54,Nenhuma,20,72
659,50.33,161,167,18,185,61,176,39,Nenhuma,18,43
659,50.33,167,19,63,71,173,45,118,Nenhuma,51,109
659,50.33,168,5,107,70,258,37,182,Nenhuma,65,150
659,50.33,175,113,20,142,87,128,53,Nenhuma,29,67
659,50.33,176,121,66,166,166,143,116,Expositor 1,45,99
659,50.33,186,5,108,56,230,31,169,Nenhuma,51,121
659,50.33,187,168,54,227,164,198,109,Expositor 1,59,109
659,50.33,191,29,63,78,178,53,120,Nenhuma,48,114
659,50.33,192,292,18,336,87,314,53,Nenhuma,43,68
660,50.41,130,393,58,427,136,410,97,Nenhuma,34,77
660,50.41,132,328,25,385,121,357,73,Nenhuma,56,96
660,50.41,151,210,295,303,357,256,326,Nenhuma,92,62
660,50.41,157,165,17,187,90,176,54,Nenhuma,21,72
660,50.41,161,168,18,185,59,176,38,Nenhuma,17,41
660,50.41,167,20,66,67,167,44,116,Nenhuma,46,100
660,50.41,168,5,106,71,258,38,182,Nenhuma,66,152
660,50.41,175,113,19,143,87,128,53,Nenhuma,29,67
660,50.41,176,120,66,165,166,143,116,Expositor 1,45,99
660,50.41,187,168,55,227,163,198,109,Expositor 1,58,108
660,50.41,191,27,64,74,175,50,119,Nenhuma,47,111
660,50.41,192,292,18,336,88,314,53,Nenhuma,43,69
661,50.48,130,393,57,427,136,410,96,Nenhuma,34,78
661,50.48,132,329,24,385,121,357,73,Nenhuma,56,96
661,50.48,151,210,295,303,357,257,326,Nenhuma,92,62
661,50.48,157,165,18,187,90,176,54,Nenhuma,22,72
661,50.48,161,168,18,184,56,176,37,Nenhuma,16,38
661,50.48,167,21,68,64,164,43,116,Nenhuma,43,96
661,50.48,168,4,107,70,259,37,183,Nenhuma,66,151
661,50.48,175,112,20,142,87,127,54,Nenhuma,29,66
661,50.48,176,121,65,166,165,143,115,Expositor 1,45,100
661,50.48,187,167,55,227,166,197,111,Expositor 1,59,111
661,50.48,191,28,65,76,174,52,120,Nenhuma,47,109
661,50.48,192,292,18,336,88,314,53,Nenhuma,43,69
662,50.56,130,393,57,427,136,410,96,Nenhuma,33,78
662,50.56,132,331,24,389,121,360,73,Nenhuma,57,97
662,50.56,151,211,295,303,357,257,326,Nenhuma,91,62
662,50.56,157,165,18,186,84,176,51,Nenhuma,21,66
662,50.56,161,169,18,184,53,176,35,Nenhuma,14,35
662,50.56,167,21,68,64,164,43,116,Nenhuma,42,95
662,50.56,168,4,106,72,259,38,182,Nenhuma,67,153
662,50.56,175,112,20,142,86,127,53,Nenhuma,29,66
662,50.56,176,121,63,166,165,144,114,Expositor 1,45,102
662,50.56,187,164,54,224,165,194,110,Expositor 1,60,111
662,50.56,191,28,65,77,175,53,120,Nenhuma,48,109
662,50.56,192,292,18,336,88,314,53,Nenhuma,44,70
663,50.64,130,393,57,426,136,410,96,Nenhuma,33,78
663,50.64,132,332,23,390,121,361,72,Nenhuma,57,97
663,50.64,151,212,295,304,357,258,326,Nenhuma,91,62
663,50.64,157,164,18,188,90,176,54,Nenhuma,23,72
663,50.64,167,22,67,67,169,44,118,Nenhuma,45,102
663,50.64,168,5,104,73,259,39,182,Nenhuma,68,154
663,50.64,175,112,20,142,86,127,53,Nenhuma,30,66
663,50.64,176,120,62,166,165,143,114,Expositor 1,45,103
663,50.64,187,158,57,212,164,185,110,Expositor 1,54,106
663,50.64,191,29,65,79,175,54,120,Nenhuma,50,110
663,50.64,192,292,18,336,89,314,53,Nenhuma,44,70
664,50.71,130,393,57,426,136,410,96,Nenhuma,33,78
664,50.71,132,334,23,391,121,362,72,Nenhuma,57,97
664,50.71,151,213,296,305,357,259,327,Nenhuma,92,61
664,50.71,157,166,18,186,74,176,46,Nenhuma,20,56
664,50.71,167,23,67,70,174,46,120,Nenhuma,47,107
664,50.71,168,5,102,73,258,39,180,Nenhuma,68,156
664,50.71,175,111,20,141,88,126,54,Nenhuma,30,67
664,50.71,176,120,61,166,165,143,113,Expositor 1,45,103
664,50.71,187,157,59,208,163,182,111,Expositor 1,50,103
664,50.71,191,30,66,82,177,56,122,Nenhuma,51,110
664,50.71,192,292,18,337,90,314,54,Nenhuma,44,71
665,50.79,130,393,57,427,136,410,96,Nenhuma,33,78
665,50.79,132,335,23,393,121,364,72,Nenhuma,57,97
665,50.79,151,213,296,306,357,259,327,Nenhuma,92,61
665,50.79,157,166,18,186,69,176,44,Nenhuma,19,50
665,50.79,167,23,68,67,169,45,119,Nenhuma,43,101
665,50.79,168,5,100,75,258,40,179,Nenhuma,69,158
665,50.79,175,110,20,141,88,126,54,Nenhuma,30,67
665,50.79,176,121,61,165,165,143,113,Expositor 1,44,104
665,50.79,187,157,61,205,163,181,112,Expositor 1,48,102
665,50.79,191,28,67,78,174,53,120,Nenhuma,49,106
665,50.79,192,292,18,337,90,315,54,Nenhuma,45,71
666,50.87,130,393,58,427,136,410,97,Nenhuma,33,77
666,50.87,132,337,23,393,121,365,72,Nenhuma,56,97
666,50.87,151,214,296,307,357,261,327,Nenhuma,92,61
666,50.87,157,166,18,186,70,176,44,Nenhuma,20,52
666,50.87,167,25,70,67,167,46,118,Nenhuma,41,97
666,50.87,168,5,100,75,259,40,179,Nenhuma,70,158
666,50.87,175,110,20,140,88,125,54,Nenhuma,30,67
666,50.87,176,120,61,165,166,143,114,Expositor 1,44,104
666,50.87,183,156,61,226,168,191,114,Expositor 1,69,106
666,50.87,186,9,99,52,199,31,149,Nenhuma,42,99
666,50.87,187,155,61,202,165,179,113,Expositor 1,47,103
666,50.87,191,30,69,79,171,54,120,Nenhuma,48,102
666,50.87,192,292,18,337,90,315,54,Nenhuma,44,71
667,50.94,130,393,58,426,136,410,97,Nenhuma,32,77
667,50.94,132,338,23,393,120,366,72,Nenhuma,55,96
667,50.94,151,216,296,308,357,262,327,Nenhuma,92,61
667,50.94,157,166,18,186,67,176,42,Nenhuma,20,48
667,50.94,167,26,70,66,166,46,118,Nenhuma,40,96
667,50.94,168,5,100,75,259,40,179,Nenhuma,70,159
667,50.94,175,110,20,140,88,125,54,Nenhuma,30,67
667,50.94,176,120,61,165,166,143,114,Expositor 1,44,105
667,50.94,183,155,61,224,166,189,113,Expositor 1,68,105
667,50.94,186,8,92,53,200,31,146,Nenhuma,44,108
667,50.94,187,151,61,198,165,175,113,Expositor 1,47,103
667,50.94,191,31,71,78,170,54,120,Nenhuma,47,99
667,50.94,192,292,18,337,90,314,54,Nenhuma,44,71
668,51.02,130,393,59,426,136,410,97,Nenhuma,32,76
668,51.02,132,338,23,393,121,365,72,Nenhuma,55,97
668,51.02,151,216,296,309,357,263,327,Nenhuma,92,61
668,51.02,157,165,18,187,66,176,42,Nenhuma,21,48
668,51.02,167,26,70,68,169,47,120,Nenhuma,41,98
668,51.02,168,4,98,71,254,38,176,Nenhuma,67,155
668,51.02,175,110,20,140,87,125,54,Nenhuma,29,67
668,51.02,176,121,61,166,167,143,114,Expositor 1,44,105
668,51.02,183,153,61,221,164,187,112,Expositor 1,68,103
668,51.02,186,7,95,54,216,30,155,Nenhuma,47,121
668,51.02,187,151,61,199,165,175,113,Expositor 1,47,103
668,51.02,191,32,71,81,171,57,121,Nenhuma,48,99
668,51.02,192,292,18,337,91,314,55,Nenhuma,45,72
669,51.1,130,393,58,426,136,410,97,Nenhuma,32,77
669,51.1,132,337,23,391,121,364,72,Nenhuma,54,97
669,51.1,151,218,297,310,357,264,327,Nenhuma,92,60
669,51.1,157,165,18,187,66,176,42,Nenhuma,22,48
669,51.1,167,27,70,70,171,48,121,Nenhuma,42,101
669,51.1,168,4,97,71,253,38,175,Nenhuma,67,156
669,51.1,175,110,20,140,87,125,54,Nenhuma,29,66
669,51.1,176,120,61,165,167,143,114,Expositor 1,45,106
669,51.1,183,151,60,219,163,185,111,Expositor 1,67,102
669,51.1,186,7,91,51,203,29,147,Nenhuma,43,112
669,51.1,187,160,63,208,167,184,115,Expositor 1,48,103
669,51.1,191,33,72,81,171,57,121,Nenhuma,48,98
669,51.1,192,292,18,337,91,315,55,Nenhuma,45,72
670,51.17,130,393,58,426,136,410,97,Nenhuma,32,77
670,51.17,132,336,23,390,122,363,73,Nenhuma,54,98
670,51.17,151,218,297,311,357,265,327,Nenhuma,92,60
670,51.17,157,165,17,188,66,176,42,Nenhuma,22,48
670,51.17,167,28,70,71,173,50,121,Nenhuma,42,103
670,51.17,168,4,97,71,253,38,175,Nenhuma,67,156
670,51.17,175,110,20,140,86,125,53,Nenhuma,29,65
670,51.17,176,118,60,163,166,141,113,Expositor 1,45,105
670,51.17,186,7,90,50,203,29,146,Nenhuma,43,113
670,51.17,187,161,64,211,169,186,117,Expositor 1,50,105
670,51.17,191,34,73,82,170,58,122,Nenhuma,47,97
670,51.17,192,293,19,337,91,315,55,Nenhuma,44,71
671,51.25,130,393,58,426,136,410,97,Nenhuma,32,77
671,51.25,132,335,24,388,122,362,73,Nenhuma,53,97
671,51.25,151,220,297,313,357,266,327,Nenhuma,93,60
671,51.25,157,164,17,188,69,176,43,Nenhuma,24,51
671,51.25,167,30,70,73,175,51,122,Nenhuma,43,105
671,51.25,168,7,98,72,252,40,175,Nenhuma,65,153
671,51.25,175,111,21,139,85,125,53,Nenhuma,28,64
671,51.25,176,118,59,162,162,140,110,Expositor 1,44,102
671,51.25,186,6,96,54,226,30,161,Nenhuma,47,129
671,51.25,187,159,65,208,166,184,116,Expositor 1,48,101
671,51.25,191,31,71,91,194,61,132,Nenhuma,60,122
671,51.25,192,293,19,337,91,315,55,Nenhuma,44,71
672,51.33,130,393,57,426,136,410,96,Nenhuma,33,78
672,51.33,132,336,24,387,121,362,73,Nenhuma,51,96
672,51.33,151,221,297,314,357,268,327,Nenhuma,93,60
672,51.33,157,164,18,188,68,176,43,Nenhuma,24,50
672,51.33,167,31,70,75,174,53,122,Nenhuma,43,104
672,51.33,168,7,98,72,251,40,175,Nenhuma,65,153
672,51.33,175,111,21,139,85,125,53,Nenhuma,28,63
672,51.33,176,118,56,161,153,140,104,Expositor 1,42,96
672,51.33,186,10,97,49,200,29,148,Nenhuma,38,102
672,51.33,187,154,65,209,176,182,120,Expositor 1,54,110
672,51.33,191,31,71,92,196,62,134,Nenhuma,61,124
672,51.33,192,293,19,339,92,316,55,Nenhuma,45,73
673,51.4,130,393,57,427,136,410,96,Nenhuma,33,78
673,51.4,132,336,25,387,121,361,73,Nenhuma,50,95
673,51.4,151,221,296,315,357,268,327,Nenhuma,94,61
673,51.4,157,164,18,189,69,176,44,Nenhuma,25,51
673,51.4,167,33,70,77,174,55,122,Nenhuma,44,104
673,51.4,168,7,98,73,251,40,174,Nenhuma,65,153
673,51.4,175,110,21,139,84,125,52,Nenhuma,28,63
673,51.4,176,118,54,161,151,139,103,Expositor 1,43,97
673,51.4,186,13,97,46,186,29,142,Nenhuma,33,89
673,51.4,187,156,66,212,177,184,122,Expositor 1,55,111
673,51.4,191,31,72,93,198,62,135,Nenhuma,62,126
673,51.4,192,293,19,339,92,316,55,Nenhuma,46,73
674,51.48,130,394,57,427,136,410,96,Nenhuma,33,78
674,51.48,132,336,25,386,121,361,73,Nenhuma,50,95
674,51.48,151,221,296,316,357,268,327,Nenhuma,95,61
674,51.48,157,163,18,190,72,176,45,Nenhuma,26,54
674,51.48,167,35,70,82,176,59,123,Nenhuma,46,106
674,51.48,168,8,97,73,251,40,174,Nenhuma,65,153
674,51.48,175,110,21,138,84,124,52,Nenhuma,28,62
674,51.48,176,115,52,161,157,138,105,Expositor 1,46,104
674,51.48,186,14,98,45,182,29,140,Nenhuma,31,83
674,51.48,187,157,66,219,193,188,130,Expositor 1,62,126
674,51.48,191,32,72,95,201,63,136,Nenhuma,63,128
674,51.48,192,294,19,341,92,318,55,Nenhuma,46,73
675,51.55,130,394,56,427,136,410,96,Nenhuma,33,79
675,51.55,132,336,25,386,121,361,73,Nenhuma,50,95
675,51.55,151,221,296,317,357,269,327,Nenhuma,95,61
675,51.55,157,162,18,190,75,176,46,Nenhuma,28,57
675,51.55,167,36,70,85,177,61,123,Nenhuma,48,107
675,51.55,176,113,51,160,155,136,103,Expositor 1,46,103
675,51.55,183,148,64,216,170,182,117,Expositor 1,67,105
675,51.55,186,14,98,45,179,29,139,Nenhuma,31,80
675,51.55,187,153,65,220,200,186,133,Expositor 1,66,134
675,51.55,192,294,19,339,91,316,55,Nenhuma,45,71
676,51.63,130,394,57,427,136,410,96,Nenhuma,32,78
676,51.63,132,336,25,386,121,361,73,Nenhuma,50,95
676,51.63,151,221,295,318,357,269,326,Nenhuma,96,62
676,51.63,157,161,18,190,77,176,47,Nenhuma,28,59
676,51.63,167,36,70,86,177,61,123,Nenhuma,49,107
676,51.63,176,111,50,158,152,135,101,Expositor 1,47,102
676,51.63,183,153,65,221,170,187,117,Expositor 1,68,105
676,51.63,186,14,96,45,178,29,137,Nenhuma,31,81
676,51.63,187,158,66,226,201,192,133,Expositor 1,68,135
676,51.63,192,294,19,339,90,317,55,Nenhuma,45,70
677,51.71,130,393,58,426,136,410,97,Nenhuma,32,77
677,51.71,151,221,293,319,357,270,325,Nenhuma,98,64
677,51.71,157,159,17,192,85,176,51,Nenhuma,32,67
677,51.71,167,38,70,87,175,62,123,Nenhuma,49,104
677,51.71,168,5,88,74,252,40,170,Nenhuma,68,164
677,51.71,176,109,48,158,153,133,101,Expositor 1,49,105
677,51.71,183,152,65,220,170,186,117,Expositor 1,67,105
677,51.71,186,14,96,45,176,29,136,Nenhuma,30,79
677,51.71,187,162,66,230,201,196,133,Expositor 1,68,135
677,51.71,192,294,19,339,90,316,54,Nenhuma,45,70
678,51.78,130,393,58,426,136,410,97,Nenhuma,32,77
678,51.78,151,219,291,321,357,270,324,Nenhuma,101,66
678,51.78,157,159,17,192,86,176,52,Nenhuma,32,69
678,51.78,167,39,70,88,175,64,123,Nenhuma,49,104
678,51.78,168,6,87,74,252,40,170,Nenhuma,67,165
678,51.78,176,107,47,157,153,132,100,Expositor 1,49,106
678,51.78,183,152,65,219,170,186,117,Expositor 1,67,105
678,51.78,186,14,96,44,173,29,135,Nenhuma,30,77
678,51.78,187,167,66,234,194,201,130,Expositor 1,66,127
678,51.78,192,293,19,339,90,316,54,Nenhuma,45,71
679,51.86,130,393,57,426,136,410,96,Nenhuma,32,78
679,51.86,132,355,30,410,134,382,82,Nenhuma,54,104
679,51.86,151,217,288,322,357,270,323,Nenhuma,105,69
679,51.86,157,160,17,191,82,176,49,Nenhuma,30,65
679,51.86,167,40,71,89,175,65,123,Nenhuma,49,104
679,51.86,168,6,90,73,254,40,172,Nenhuma,66,163
679,51.86,176,105,46,159,160,132,103,Expositor 1,53,114
679,51.86,183,151,65,219,170,185,117,Expositor 1,67,104
679,51.86,186,15,96,44,171,29,133,Nenhuma,29,75
679,51.86,187,172,68,236,187,204,127,Expositor 1,64,119
679,51.86,192,293,19,339,91,316,55,Nenhuma,46,72
680,51.94,130,393,55,426,136,410,95,Nenhuma,33,80
680,51.94,132,355,30,408,135,382,82,Nenhuma,52,105
680,51.94,151,217,286,323,357,270,321,Nenhuma,105,70
680,51.94,157,160,17,190,80,175,49,Nenhuma,29,62
680,51.94,167,41,71,91,176,66,123,Nenhuma,49,104
680,51.94,168,7,90,72,255,40,173,Nenhuma,65,164
680,51.94,176,104,45,160,163,132,104,Expositor 1,56,118
680,51.94,186,12,91,46,180,29,136,Nenhuma,34,89
680,51.94,187,176,68,242,186,209,127,Expositor 1,65,117
680,51.94,192,293,18,340,91,316,55,Nenhuma,46,72
681,52.01,130,394,58,426,136,410,97,Nenhuma,32,77
681,52.01,132,357,30,410,136,383,83,Nenhuma,53,105
681,52.01,151,219,285,324,357,272,321,Nenhuma,104,71
681,52.01,157,160,17,189,80,175,48,Nenhuma,29,63
681,52.01,167,37,70,86,168,62,119,Nenhuma,48,98
681,52.01,168,5,95,69,257,37,176,Nenhuma,63,161
681,52.01,176,103,44,160,164,131,104,Expositor 1,57,119
681,52.01,186,12,90,46,179,29,135,Nenhuma,34,89
681,52.01,187,182,69,255,197,218,133,Expositor 1,72,127
681,52.01,189,160,92,184,170,172,131,Expositor 1,23,78
681,52.01,192,294,20,339,91,316,55,Nenhuma,45,70
681,52.01,203,175,287,320,356,248,321,Nenhuma,144,69
682,52.09,130,394,58,426,136,410,97,Nenhuma,32,77
682,52.09,132,358,31,412,137,385,84,Nenhuma,53,106
682,52.09,151,218,283,326,357,272,320,Nenhuma,107,73
682,52.09,157,160,17,190,82,175,49,Nenhuma,30,65
682,52.09,167,36,70,86,169,61,119,Nenhuma,50,99
682,52.09,168,6,99,68,260,37,180,Nenhuma,62,160
682,52.09,176,102,44,159,164,131,104,Expositor 1,57,120
682,52.09,186,12,89,46,179,29,134,Nenhuma,34,89
682,52.09,187,181,69,260,206,220,137,Expositor 1,78,136
682,52.09,189,160,90,185,171,172,131,Expositor 1,24,80
682,52.09,192,294,20,339,89,316,54,Nenhuma,45,69
682,52.09,203,174,284,324,357,249,321,Nenhuma,150,73
683,52.17,130,393,52,428,136,410,94,Nenhuma,34,83
683,52.17,132,359,31,414,138,387,85,Nenhuma,54,107
683,52.17,151,218,281,326,356,272,319,Nenhuma,108,75
683,52.17,157,160,17,190,81,175,49,Nenhuma,29,63
683,52.17,167,33,70,86,172,60,121,Nenhuma,52,102
683,52.17,168,5,103,68,263,37,183,Nenhuma,62,159
683,52.17,176,101,44,159,164,130,104,Expositor 1,57,120
683,52.17,186,12,89,46,178,29,133,Nenhuma,34,88
683,52.17,187,178,71,259,214,219,143,Expositor 1,81,142
683,52.17,189,160,90,185,172,173,131,Expositor 1,24,82
683,52.17,192,293,20,338,89,316,54,Nenhuma,45,69
683,52.17,203,175,283,326,357,250,320,Nenhuma,150,73
684,52.24,130,393,47,429,136,411,91,Nenhuma,35,88
684,52.24,151,216,280,325,356,271,318,Nenhuma,109,76
684,52.24,157,161,17,190,81,175,49,Nenhuma,29,63
684,52.24,167,29,70,82,174,55,122,Nenhuma,52,104
684,52.24,168,4,104,66,263,35,184,Nenhuma,62,158
684,52.24,176,101,44,159,164,130,104,Expositor 1,58,120
684,52.24,187,182,72,261,209,222,141,Expositor 1,78,136
684,52.24,189,161,89,186,172,173,131,Expositor 1,25,83
684,52.24,192,293,20,338,89,316,54,Nenhuma,45,68
684,52.24,203,175,283,328,357,252,320,Nenhuma,152,74
685,52.32,130,384,39,424,135,404,87,Nenhuma,39,96
685,52.32,151,215,278,326,356,271,317,Nenhuma,110,78
685,52.32,157,161,17,190,80,175,49,Nenhuma,29,62
685,52.32,167,26,70,79,177,53,123,Nenhuma,53,107
685,52.32,168,3,105,66,262,35,184,Nenhuma,62,156
685,52.32,176,100,44,159,165,130,104,Expositor 1,58,120
685,52.32,187,183,73,262,208,223,140,Expositor 1,78,134
685,52.32,189,161,89,186,173,173,131,Expositor 1,25,83
685,52.32,192,293,20,338,88,316,54,Nenhuma,44,68
685,52.32,203,176,282,330,357,253,319,Nenhuma,153,74
686,52.39,130,381,35,423,135,402,85,Nenhuma,41,99
686,52.39,151,207,277,320,356,264,317,Nenhuma,112,79
686,52.39,157,161,17,190,80,175,49,Nenhuma,29,62
686,52.39,167,26,70,79,179,52,125,Nenhuma,52,108
686,52.39,168,3,108,66,262,34,185,Nenhuma,62,154
686,52.39,176,100,44,159,165,130,104,Expositor 1,59,120
686,52.39,187,184,75,261,208,222,141,Expositor 1,77,132
686,52.39,189,159,77,188,173,174,125,Expositor 1,28,95
686,52.39,192,293,20,338,88,316,54,Nenhuma,45,68
686,52.39,203,176,281,332,357,254,319,Nenhuma,155,75
687,52.47,130,381,35,424,135,403,85,Nenhuma,43,100
687,52.47,151,199,276,316,356,257,316,Nenhuma,117,80
687,52.47,157,161,18,190,80,176,49,Nenhuma,29,62
687,52.47,167,26,70,78,180,52,125,Nenhuma,52,109
687,52.47,168,4,110,66,262,35,186,Nenhuma,62,152
687,52.47,176,99,44,159,165,129,104,Expositor 1,59,120
687,52.47,187,180,80,256,208,218,144,Expositor 1,75,128
687,52.47,189,159,80,187,173,173,126,Expositor 1,27,92
687,52.47,192,293,20,339,88,316,54,Nenhuma,45,68
688,52.55,130,382,35,425,135,404,85,Nenhuma,43,100
688,52.55,151,196,275,315,356,256,315,Nenhuma,119,80
688,52.55,157,161,18,191,80,176,49,Nenhuma,29,62
688,52.55,167,26,71,78,181,52,126,Nenhuma,51,110
688,52.55,168,6,113,70,263,38,188,Nenhuma,63,150
688,52.55,176,99,44,158,164,129,104,Expositor 1,59,119
688,52.55,187,181,84,258,212,220,148,Expositor 1,76,127
688,52.55,189,159,84,186,173,173,128,Expositor 1,26,88
688,52.55,191,31,69,92,190,61,130,Nenhuma,60,121
688,52.55,192,293,20,339,88,316,54,Nenhuma,45,68
689,52.62,130,383,37,426,135,405,86,Nenhuma,43,98
689,52.62,151,188,265,322,356,255,310,Nenhuma,133,90
689,52.62,157,161,18,191,80,176,49,Nenhuma,29,62
689,52.62,167,25,70,78,182,51,126,Nenhuma,52,112
689,52.62,168,8,116,73,264,41,190,Nenhuma,64,147
689,52.62,176,98,44,158,164,128,104,Expositor 1,60,120
689,52.62,187,184,87,262,217,223,152,Expositor 1,78,129
689,52.62,189,158,83,185,172,172,127,Expositor 1,26,89
689,52.62,191,18,105,77,215,48,160,Nenhuma,59,110
689,52.62,192,293,20,338,88,316,54,Nenhuma,45,68
690,52.7,130,385,38,428,135,406,87,Nenhuma,42,97
690,52.7,151,193,266,327,357,260,311,Nenhuma,133,91
690,52.7,157,161,18,191,80,176,49,Nenhuma,29,62
690,52.7,167,25,69,76,181,51,125,Nenhuma,51,111
690,52.7,168,13,116,82,273,48,195,Nenhuma,69,156
690,52.7,176,98,45,158,165,128,105,Expositor 1,60,120
690,52.7,187,186,90,264,217,225,153,Expositor 1,77,126
690,52.7,189,158,89,183,172,171,130,Expositor 1,25,82
690,52.7,191,17,108,76,218,46,163,Nenhuma,59,109
690,52.7,192,293,20,338,88,316,54,Nenhuma,45,68
691,52.78,130,386,39,428,135,407,87,Nenhuma,42,96
691,52.78,151,189,262,327,357,258,310,Nenhuma,138,94
691,52.78,157,161,18,191,81,176,49,Nenhuma,29,62
691,52.78,167,25,69,75,179,50,124,Nenhuma,49,109
691,52.78,168,15,117,86,276,51,196,Nenhuma,71,158
691,52.78,176,98,45,159,166,128,105,Expositor 1,61,121
691,52.78,183,189,91,261,195,225,143,Expositor 1,72,103
691,52.78,187,188,92,265,219,227,155,Expositor 1,77,126
691,52.78,189,158,89,183,172,170,130,Expositor 1,25,82
691,52.78,191,16,112,74,220,45,166,Nenhuma,58,108
691,52.78,192,293,20,339,88,316,54,Nenhuma,45,68
692,52.85,130,386,38,428,136,407,87,Nenhuma,42,97
692,52.85,151,187,260,328,357,257,309,Nenhuma,141,97
692,52.85,167,24,68,74,179,49,124,Nenhuma,49,111
692,52.85,168,16,118,89,278,52,198,Nenhuma,73,160
692,52.85,176,98,46,159,167,128,106,Expositor 1,61,121
692,52.85,183,198,95,270,197,234,146,Expositor 1,71,101
692,52.85,187,189,94,267,221,228,157,Expositor 1,77,126
692,52.85,189,156,92,181,172,168,132,Expositor 1,25,80
692,52.85,191,15,115,73,223,44,169,Nenhuma,57,107
692,52.85,192,293,20,338,88,316,54,Nenhuma,45,68
693,52.93,130,386,38,429,136,407,87,Nenhuma,42,97
693,52.93,151,186,258,328,357,257,308,Nenhuma,142,99
693,52.93,167,24,68,72,177,48,122,Nenhuma,48,109
693,52.93,168,18,118,93,280,56,199,Nenhuma,74,161
693,52.93,176,98,46,161,170,130,108,Expositor 1,62,123
693,52.93,183,196,96,269,196,232,146,Expositor 1,72,99
693,52.93,187,190,96,268,223,229,159,Expositor 1,78,127
693,52.93,189,155,92,180,172,168,132,Expositor 1,24,80
693,52.93,192,293,20,338,88,316,54,Nenhuma,45,68
694,53.01,130,395,44,436,137,415,91,Nenhuma,40,93
694,53.01,151,184,255,329,357,256,306,Nenhuma,144,101
694,53.01,167,26,67,71,170,49,118,Nenhuma,45,103
694,53.01,168,21,118,95,280,58,199,Nenhuma,74,162
694,53.01,176,99,45,162,170,130,108,Expositor 1,63,124
694,53.01,183,192,97,267,198,229,148,Expositor 1,74,100
694,53.01,189,153,96,178,174,166,135,Expositor 1,25,78
694,53.01,192,292,20,338,87,315,53,Nenhuma,45,67
694,53.01,206,161,17,190,115,176,66,Nenhuma,29,97
695,53.08,130,393,45,435,139,414,92,Nenhuma,42,93
695,53.08,151,183,254,329,357,256,306,Nenhuma,145,103
695,53.08,167,25,67,71,169,48,118,Nenhuma,45,102
695,53.08,168,20,118,99,293,59,205,Nenhuma,79,174
695,53.08,176,101,45,167,172,134,108,Expositor 1,65,127
695,53.08,183,190,100,267,199,229,150,Expositor 1,76,99
695,53.08,189,153,96,178,174,165,135,Expositor 1,24,77
695,53.08,192,292,20,338,87,315,53,Nenhuma,45,67
695,53.08,206,161,17,190,115,175,66,Nenhuma,29,97
696,53.16,130,394,45,438,141,416,93,Nenhuma,44,95
696,53.16,151,189,254,332,357,261,306,Nenhuma,143,103
696,53.16,167,25,66,70,169,48,117,Nenhuma,45,102
696,53.16,168,24,117,105,297,64,207,Nenhuma,81,180
696,53.16,176,103,45,170,174,136,109,Expositor 1,67,129
696,53.16,183,190,101,266,196,228,148,Expositor 1,75,94
696,53.16,189,152,97,177,175,165,136,Expositor 1,24,77
696,53.16,192,292,20,338,87,315,53,Nenhuma,45,67
696,53.16,206,161,18,190,115,175,66,Nenhuma,29,97
697,53.23,130,398,46,445,142,422,94,Nenhuma,47,95
697,53.23,151,189,254,330,357,259,306,Nenhuma,141,103
697,53.23,167,25,66,70,168,47,117,Nenhuma,44,101
697,53.23,168,30,119,117,311,74,215,Nenhuma,86,191
697,53.23,176,104,44,173,175,139,110,Expositor 1,69,130
697,53.23,183,189,102,265,195,227,149,Expositor 1,76,93
697,53.23,189,152,98,176,175,164,136,Expositor 1,24,76
697,53.23,192,292,20,337,86,315,53,Nenhuma,45,66
697,53.23,206,161,18,190,115,175,66,Nenhuma,28,97
698,53.31,130,397,48,460,179,429,113,Expositor 2,62,130
698,53.31,151,186,254,327,358,256,306,Nenhuma,140,103
698,53.31,168,36,122,123,312,79,217,Nenhuma,87,189
698,53.31,176,104,44,174,176,139,110,Expositor 1,70,131
698,53.31,183,187,102,265,195,226,149,Expositor 1,77,92
698,53.31,192,292,20,337,86,315,53,Nenhuma,45,66
698,53.31,206,161,18,190,115,175,66,Nenhuma,28,96
698,53.31,208,26,66,61,135,44,101,Nenhuma,35,68
699,53.39,130,401,48,469,193,435,121,Expositor 2,67,144
699,53.39,151,187,254,326,358,256,306,Nenhuma,139,103
699,53.39,168,42,126,129,313,85,220,Nenhuma,87,186
699,53.39,176,101,44,173,179,137,112,Expositor 1,71,134
699,53.39,183,184,102,264,195,224,149,Expositor 1,79,93
699,53.39,192,292,20,337,86,314,53,Nenhuma,44,66
699,53.39,206,161,18,189,115,175,66,Nenhuma,28,96
699,53.39,208,25,67,63,140,44,103,Nenhuma,38,73
700,53.46,130,405,49,474,199,440,124,Expositor 2,68,149
700,53.46,151,186,253,326,358,256,305,Nenhuma,139,104
700,53.46,167,24,65,64,160,44,113,Nenhuma,40,94
700,53.46,168,45,129,132,313,88,221,Nenhuma,87,183
700,53.46,176,100,45,173,182,137,113,Expositor 1,72,136
700,53.46,183,181,103,263,198,222,151,Expositor 1,82,95
700,53.46,192,292,20,338,87,315,53,Nenhuma,46,67
700,53.46,206,161,18,189,114,175,66,Nenhuma,28,96
700,53.46,208,24,67,63,142,44,104,Nenhuma,38,75
700,53.46,209,338,49,372,121,355,85,Nenhuma,33,71
701,53.54,130,409,51,476,202,443,126,Expositor 2,67,151
701,53.54,151,186,252,325,357,255,305,Nenhuma,138,104
701,53.54,167,25,66,64,159,45,113,Nenhuma,39,93
701,53.54,168,48,131,137,314,93,222,Nenhuma,88,182
701,53.54,176,101,46,173,183,137,114,Expositor 1,72,136
701,53.54,183,178,103,263,201,220,152,Expositor 1,85,98
701,53.54,192,292,19,339,87,316,53,Nenhuma,47,68
701,53.54,206,161,18,189,114,175,66,Nenhuma,28,96
701,53.54,208,24,67,64,144,44,106,Nenhuma,39,76
701,53.54,209,338,49,372,121,355,85,Nenhuma,33,71
702,53.62,130,412,51,478,203,445,127,Expositor 2,66,152
702,53.62,151,186,253,324,357,255,305,Nenhuma,138,104
702,53.62,167,25,66,64,160,44,113,Nenhuma,38,93
702,53.62,168,51,133,140,312,95,223,Nenhuma,89,178
702,53.62,176,102,47,174,184,138,115,Expositor 1,72,136
702,53.62,183,176,104,264,204,220,154,Expositor 1,88,100
702,53.62,192,292,20,340,87,316,54,Nenhuma,47,67
702,53.62,206,161,18,189,114,175,66,Nenhuma,28,96
702,53.62,208,23,67,64,146,44,107,Nenhuma,40,78
702,53.62,209,339,50,371,120,355,85,Nenhuma,32,70
703,53.69,130,417,53,482,206,449,130,Expositor 2,65,153
703,53.69,151,185,252,323,357,254,304,Nenhuma,137,104
703,53.69,167,26,66,65,161,45,114,Nenhuma,38,94
703,53.69,168,50,135,140,312,95,224,Nenhuma,89,177
703,53.69,176,102,47,174,184,138,116,Expositor 1,72,136
703,53.69,183,175,104,264,205,220,154,Expositor 1,88,100
703,53.69,192,292,20,340,89,316,54,Nenhuma,48,69
703,53.69,206,161,18,189,114,175,66,Nenhuma,28,96
703,53.69,209,339,50,371,120,355,85,Nenhuma,32,70
703,53.69,211,105,47,155,137,130,92,Nenhuma,49,90
704,53.77,130,418,56,482,210,450,133,Expositor 2,64,153
704,53.77,151,187,252,324,357,255,305,Nenhuma,137,105
704,53.77,167,26,66,65,162,46,114,Nenhuma,38,95
704,53.77,168,48,135,139,313,93,224,Nenhuma,90,177
704,53.77,176,103,47,175,183,139,115,Expositor 1,71,136
704,53.77,183,175,105,264,204,220,155,Expositor 1,88,99
704,53.77,192,291,20,340,89,316,54,Nenhuma,48,69
704,53.77,206,161,18,189,114,175,66,Nenhuma,28,96
704,53.77,209,339,50,371,120,355,85,Nenhuma,32,70
704,53.77,211,105,47,156,139,130,93,Nenhuma,50,92
704,53.77,212,419,61,454,204,437,133,Expositor 2,34,142
704,53.77,213,389,61,429,134,409,97,Nenhuma,40,73
705,53.85,130,422,59,488,218,455,139,Expositor 2,65,158
705,53.85,151,196,251,331,357,263,304,Nenhuma,134,106
705,53.85,167,27,66,65,162,46,114,Nenhuma,38,95
705,53.85,168,47,135,139,313,93,224,Nenhuma,91,177
705,53.85,176,103,47,175,183,139,115,Expositor 1,71,136
705,53.85,183,175,106,263,205,219,155,Expositor 1,88,99
705,53.85,192,292,20,341,89,316,54,Nenhuma,48,68
705,53.85,206,161,18,189,114,175,66,Nenhuma,28,96
705,53.85,211,107,47,157,137,132,92,Nenhuma,50,90
705,53.85,212,420,62,454,202,437,132,Expositor 2,33,140
705,53.85,213,386,61,427,135,407,98,Nenhuma,40,74
706,53.92,130,423,64,490,226,456,145,Expositor 2,66,161
706,53.92,151,200,251,332,357,266,304,Nenhuma,131,106
706,53.92,167,27,66,65,163,46,115,Nenhuma,38,96
706,53.92,168,44,136,136,313,90,225,Nenhuma,91,177
706,53.92,176,103,47,175,183,139,115,Expositor 1,71,136
706,53.92,183,175,105,264,204,220,155,Expositor 1,88,99
706,53.92,191,22,66,147,313,85,190,Nenhuma,124,247
706,53.92,192,293,20,342,89,317,54,Nenhuma,48,68
706,53.92,206,161,18,190,114,176,66,Nenhuma,28,96
706,53.92,211,106,47,158,140,132,93,Nenhuma,51,93
706,53.92,212,420,62,454,202,437,132,Expositor 2,33,139
706,53.92,213,385,61,425,135,405,98,Nenhuma,40,74
707,54.0,130,423,67,490,228,456,147,Expositor 2,67,161
707,54.0,151,192,251,323,356,257,304,Nenhuma,130,105
707,54.0,167,26,66,64,163,45,115,Nenhuma,37,96
707,54.0,168,44,136,136,313,90,224,Nenhuma,91,176
707,54.0,176,103,47,175,184,139,115,Expositor 1,72,137
707,54.0,183,176,105,264,204,220,155,Expositor 1,88,99
707,54.0,191,22,64,151,319,87,191,Nenhuma,128,254
707,54.0,192,293,20,342,89,318,54,Nenhuma,49,68
707,54.0,206,161,18,190,114,176,66,Nenhuma,28,96
707,54.0,209,339,49,373,121,356,85,Nenhuma,34,72
707,54.0,211,104,47,157,141,131,94,Nenhuma,52,94
707,54.0,212,420,63,454,202,437,133,Expositor 2,33,139
707,54.0,213,385,60,425,134,405,97,Nenhuma,39,74
708,54.07,130,426,69,493,229,459,149,Expositor 2,67,160
708,54.07,151,198,251,326,357,262,304,Nenhuma,128,105
708,54.07,157,136,23,177,112,157,68,Nenhuma,40,88
708,54.07,167,26,66,63,161,45,114,Nenhuma,36,94
708,54.07,168,44,136,135,312,90,224,Nenhuma,91,176
708,54.07,176,103,47,175,183,139,115,Expositor 1,72,136
708,54.07,183,176,103,266,206,221,154,Expositor 1,90,102
708,54.07,191,23,62,155,324,89,193,Nenhuma,132,262
708,54.07,192,293,20,343,90,318,55,Nenhuma,50,70
708,54.07,206,161,18,190,114,176,66,Nenhuma,29,96
708,54.07,209,339,48,373,122,356,85,Nenhuma,34,73
708,54.07,211,104,47,158,143,131,95,Nenhuma,54,96
708,54.07,212,448,70,487,226,468,148,Expositor 2,38,156
708,54.07,213,384,58,424,133,404,96,Nenhuma,39,74
709,54.15,130,429,72,495,230,462,151,Expositor 2,66,157
709,54.15,151,197,251,324,357,261,304,Nenhuma,127,106
709,54.15,157,136,24,176,112,156,68,Nenhuma,39,87
709,54.15,167,27,66,62,160,44,113,Nenhuma,35,93
709,54.15,168,44,136,135,312,90,224,Nenhuma,91,176
709,54.15,176,103,47,175,183,139,115,Expositor 1,71,135
709,54.15,183,177,99,270,207,224,153,Expositor 1,93,107
709,54.15,191,23,60,159,330,91,195,Nenhuma,135,269
709,54.15,192,293,20,343,90,318,55,Nenhuma,50,70
709,54.15,206,161,17,190,114,176,66,Nenhuma,29,97
709,54.15,209,339,48,374,122,356,85,Nenhuma,34,73
709,54.15,211,105,47,159,142,132,94,Nenhuma,54,95
709,54.15,212,453,76,492,229,472,153,Expositor 2,38,152
709,54.15,213,383,56,423,131,403,94,Nenhuma,39,75
710,54.23,130,431,77,497,231,464,154,Expositor 2,65,154
710,54.23,151,192,251,318,357,255,304,Nenhuma,126,105
710,54.23,157,139,23,178,113,158,68,Nenhuma,38,89
710,54.23,167,28,67,63,159,45,113,Nenhuma,34,91
710,54.23,168,45,137,136,311,90,224,Nenhuma,90,174
710,54.23,176,102,47,174,183,138,115,Expositor 1,72,136
710,54.23,183,179,95,274,206,227,150,Expositor 1,95,111
710,54.23,192,293,19,343,89,318,54,Nenhuma,50,70
710,54.23,206,161,17,190,114,176,66,Nenhuma,29,97
710,54.23,209,339,48,374,122,357,85,Nenhuma,35,74
710,54.23,211,105,47,159,140,132,94,Nenhuma,53,92
710,54.23,212,458,79,498,234,478,156,Expositor 2,39,154
710,54.23,213,383,56,422,130,402,93,Nenhuma,38,74
711,54.3,130,433,80,498,230,465,155,Expositor 2,64,150
711,54.3,151,189,251,316,356,252,303,Nenhuma,126,105
711,54.3,157,141,23,179,112,160,68,Nenhuma,37,89
711,54.3,167,28,67,64,159,46,113,Nenhuma,35,92
711,54.3,168,50,137,143,314,96,225,Nenhuma,93,176
711,54.3,176,101,48,173,183,137,116,Expositor 1,72,134
711,54.3,183,179,91,276,206,227,149,Expositor 1,97,114
711,54.3,192,294,19,344,89,319,54,Nenhuma,50,70
711,54.3,206,160,17,190,114,175,66,Nenhuma,30,97
711,54.3,209,338,47,374,122,356,85,Nenhuma,35,74
711,54.3,211,102,49,154,138,128,94,Nenhuma,52,89
711,54.3,212,464,81,504,238,484,160,Expositor 2,39,156
711,54.3,213,382,56,420,130,401,93,Nenhuma,37,74
712,54.38,130,430,82,497,232,463,157,Expositor 2,66,150
712,54.38,151,189,250,317,357,253,304,Nenhuma,128,106
712,54.38,157,141,23,179,114,160,68,Nenhuma,37,90
712,54.38,167,29,67,64,160,46,113,Nenhuma,35,93
712,54.38,168,55,136,153,318,104,227,Expositor 1,98,181
712,54.38,176,98,49,171,182,135,116,Expositor 1,72,133
712,54.38,183,179,89,277,206,228,148,Expositor 1,98,116
712,54.38,187,112,20,151,87,131,53,Nenhuma,39,66
712,54.38,192,294,18,344,89,319,54,Nenhuma,50,70
712,54.38,206,159,16,190,115,175,65,Nenhuma,30,98
712,54.38,209,338,48,374,123,356,85,Nenhuma,35,74
712,54.38,211,101,49,153,138,127,94,Nenhuma,51,89
712,54.38,212,469,84,510,242,489,163,Expositor 2,40,158
712,54.38,213,381,55,418,130,400,92,Nenhuma,37,74
713,54.46,130,428,83,497,237,462,160,Expositor 2,69,154
713,54.46,151,189,251,317,357,253,304,Nenhuma,127,106
713,54.46,157,140,23,178,115,159,69,Nenhuma,38,91
713,54.46,167,28,67,65,165,47,116,Nenhuma,37,98
713,54.46,168,57,137,155,319,106,228,Expositor 1,98,182
713,54.46,176,96,50,170,182,133,116,Expositor 1,73,131
713,54.46,183,179,88,277,206,228,147,Expositor 1,97,117
713,54.46,187,111,19,149,84,130,52,Nenhuma,37,64
713,54.46,191,45,68,172,326,108,197,Expositor 1,127,257
713,54.46,192,294,18,344,89,319,53,Nenhuma,50,70
713,54.46,206,159,16,190,115,175,66,Nenhuma,31,98
713,54.46,209,338,48,374,123,356,85,Nenhuma,36,74
713,54.46,211,101,49,153,138,127,94,Nenhuma,51,89
713,54.46,213,380,52,418,129,399,91,Nenhuma,37,77
714,54.53,130,423,84,495,242,459,163,Expositor 2,71,157
714,54.53,151,194,253,319,357,257,305,Nenhuma,125,104
714,54.53,157,139,23,178,116,159,70,Nenhuma,38,92
714,54.53,167,29,66,68,170,48,118,Nenhuma,39,103
714,54.53,168,62,140,162,321,112,231,Expositor 1,99,181
714,54.53,176,94,49,170,182,132,116,Expositor 1,75,133
714,54.53,183,179,88,276,205,228,146,Expositor 1,96,117
714,54.53,187,111,19,150,89,130,54,Nenhuma,39,70
714,54.53,191,46,67,176,330,111,199,Expositor 1,130,262
714,54.53,192,294,18,344,89,319,53,Nenhuma,50,70
714,54.53,206,159,16,191,115,175,66,Nenhuma,31,98
714,54.53,209,338,48,375,123,357,85,Nenhuma,36,75
714,54.53,211,98,50,158,151,128,100,Expositor 1,60,101
714,54.53,213,380,52,417,129,398,91,Nenhuma,37,77
715,54.61,130,421,85,494,249,457,167,Expositor 2,73,164
715,54.61,151,191,251,317,357,254,304,Nenhuma,126,106
715,54.61,167,30,66,71,172,50,119,Nenhuma,40,106
715,54.61,168,67,142,167,322,117,232,Expositor 1,99,179
715,54.61,176,89,51,166,182,128,116,Expositor 1,76,131
715,54.61,183,181,87,276,205,228,146,Expositor 1,95,118
715,54.61,187,110,19,152,93,131,56,Nenhuma,41,74
715,54.61,191,47,66,180,335,113,200,Expositor 1,132,268
715,54.61,192,294,18,344,89,319,53,Nenhuma,50,70
715,54.61,206,159,16,191,115,175,66,Nenhuma,31,98
715,54.61,209,340,48,376,122,358,85,Nenhuma,36,73
715,54.61,211,92,50,156,154,124,102,Expositor 1,63,104
715,54.61,213,380,53,416,129,398,91,Nenhuma,35,75
716,54.69,130,419,85,494,252,456,169,Expositor 2,74,166
716,54.69,151,201,250,326,358,264,304,Nenhuma,124,107
716,54.69,167,30,66,72,173,51,120,Nenhuma,41,106
716,54.69,168,69,141,170,321,120,231,Expositor 1,100,180
716,54.69,176,88,51,167,182,127,117,Expositor 1,78,130
716,54.69,183,184,88,277,204,231,146,Expositor 1,92,116
716,54.69,187,110,19,152,94,131,56,Nenhuma,41,74
716,54.69,191,48,65,183,339,116,202,Expositor 1,135,273
716,54.69,192,294,18,345,89,319,53,Nenhuma,50,70
716,54.69,206,159,16,191,115,175,65,Nenhuma,32,98
716,54.69,208,22,65,70,163,46,114,Nenhuma,48,98
716,54.69,209,340,48,376,122,358,85,Nenhuma,36,74
716,54.69,211,88,51,155,156,122,103,Expositor 1,66,104
716,54.69,213,379,53,415,129,397,91,Nenhuma,36,76
717,54.76,130,418,85,492,253,455,169,Expositor 2,74,168
717,54.76,151,208,250,329,358,268,304,Nenhuma,121,107
717,54.76,167,30,66,71,172,50,119,Nenhuma,41,105
717,54.76,168,67,120,177,321,122,221,Expositor 1,110,201
717,54.76,176,86,52,167,182,127,117,Expositor 1,80,130
717,54.76,183,188,88,278,203,233,146,Expositor 1,89,115
717,54.76,187,111,18,152,93,131,56,Nenhuma,40,75
717,54.76,206,158,16,191,114,175,65,Nenhuma,32,97
717,54.76,208,22,64,70,164,46,114,Nenhuma,48,99
717,54.76,209,341,48,378,123,359,85,Nenhuma,37,75
717,54.76,211,86,52,155,159,121,105,Expositor 1,68,107
717,54.76,213,378,53,414,129,396,91,Nenhuma,36,76
718,54.84,130,417,86,492,258,454,172,Expositor 2,74,172
718,54.84,151,210,250,328,358,269,304,Nenhuma,118,107
718,54.84,157,144,23,180,110,162,66,Nenhuma,35,87
718,54.84,167,31,67,72,171,51,119,Nenhuma,41,103
718,54.84,168,69,112,181,321,125,217,Expositor 1,112,209
718,54.84,176,88,51,170,182,129,117,Expositor 1,81,131
718,54.84,183,193,87,281,201,237,144,Expositor 1,87,114
718,54.84,187,112,18,151,90,131,54,Nenhuma,39,72
718,54.84,189,147,100,175,181,161,141,Expositor 1,27,81
718,54.84,206,159,16,192,114,176,65,Nenhuma,32,97
718,54.84,208,23,64,68,162,46,113,Nenhuma,45,97
718,54.84,209,344,47,382,124,363,86,Nenhuma,37,76
718,54.84,211,85,51,155,159,120,105,Expositor 1,69,108
718,54.84,213,377,52,413,129,395,90,Nenhuma,36,76
719,54.91,130,415,85,492,265,453,175,Expositor 2,76,179
719,54.91,151,212,250,327,358,269,304,Nenhuma,115,107
719,54.91,157,143,23,180,111,162,67,Nenhuma,36,88
719,54.91,167,31,67,72,171,51,119,Nenhuma,41,104
719,54.91,168,73,113,183,321,128,217,Expositor 1,109,207
719,54.91,176,88,51,169,183,128,117,Expositor 1,81,131
719,54.91,183,202,86,287,198,244,142,Expositor 1,85,112
719,54.91,187,113,19,151,89,132,54,Nenhuma,37,70
719,54.91,189,147,100,175,182,161,141,Expositor 1,28,81
719,54.91,206,160,16,192,113,176,65,Nenhuma,32,97
719,54.91,208,24,65,67,161,46,113,Nenhuma,42,96
719,54.91,209,345,48,383,124,364,86,Nenhuma,37,75
719,54.91,211,86,51,154,157,120,104,Expositor 1,68,106
720,54.99,130,408,88,486,272,447,180,Expositor 2,78,183
720,54.99,151,214,253,325,358,269,305,Nenhuma,110,104
720,54.99,157,143,23,180,111,161,67,Nenhuma,36,88
720,54.99,167,31,67,74,171,53,119,Nenhuma,42,104
720,54.99,168,79,119,185,322,132,220,Expositor 1,105,202
720,54.99,176,87,47,172,183,130,115,Expositor 1,84,135
720,54.99,183,211,87,294,195,253,141,Expositor 1,83,108
720,54.99,187,113,20,149,87,131,53,Nenhuma,36,67
720,54.99,189,147,100,175,182,161,141,Expositor 1,28,81
720,54.99,192,293,19,341,88,317,53,Nenhuma,48,68
720,54.99,206,159,16,191,113,175,65,Nenhuma,32,96
720,54.99,208,24,65,67,162,46,114,Nenhuma,43,97
720,54.99,209,345,47,383,123,364,85,Nenhuma,38,75
720,54.99,211,86,50,154,156,120,103,Expositor 1,67,105
721,55.07,130,401,92,479,274,440,183,Expositor 2,78,182
721,55.07,151,216,254,323,358,269,306,Nenhuma,107,103
721,55.07,157,143,23,180,112,161,67,Nenhuma,36,88
721,55.07,167,31,67,74,171,52,119,Nenhuma,42,103
721,55.07,168,90,131,190,323,140,227,Expositor 1,100,192
721,55.07,176,89,49,173,183,131,116,Expositor 1,84,134
721,55.07,183,215,87,297,194,256,140,Expositor 1,82,106
721,55.07,187,112,20,149,88,131,54,Nenhuma,36,67
721,55.07,189,146,101,175,182,161,141,Expositor 1,28,81
721,55.07,192,293,19,341,87,317,53,Nenhuma,47,68
721,55.07,206,159,16,191,114,175,65,Nenhuma,32,97
721,55.07,208,24,65,68,163,46,114,Nenhuma,43,98
721,55.07,209,345,47,383,123,364,85,Nenhuma,38,76
721,55.07,211,90,50,151,144,120,97,Nenhuma,61,94
722,55.14,130,396,94,475,276,436,185,Expositor 2,78,181
722,55.14,151,217,254,322,358,269,306,Nenhuma,105,103
722,55.14,167,31,67,74,171,53,119,Nenhuma,42,103
722,55.14,168,95,134,194,322,144,228,Expositor 1,98,188
722,55.14,176,90,49,174,184,132,117,Expositor 1,84,134
722,55.14,183,219,88,301,193,260,140,Expositor 1,82,104
722,55.14,187,112,20,149,89,131,54,Nenhuma,37,68
722,55.14,189,146,101,175,182,160,142,Expositor 1,28,81
722,55.14,192,294,20,341,87,317,53,Nenhuma,47,67
722,55.14,206,159,16,191,114,175,65,Nenhuma,32,97
722,55.14,208,24,65,68,164,46,115,Nenhuma,44,98
722,55.14,209,345,46,383,123,364,85,Nenhuma,38,76
722,55.14,211,93,51,149,137,121,94,Nenhuma,56,85
722,55.14,213,379,55,414,130,397,93,Nenhuma,34,75
723,55.22,130,394,96,472,278,433,187,Expositor 2,78,181
723,55.22,151,217,254,322,358,269,306,Nenhuma,104,103
723,55.22,167,31,68,74,172,52,120,Nenhuma,43,104
723,55.22,168,101,135,198,322,149,229,Expositor 1,97,186
723,55.22,176,90,49,174,184,132,117,Expositor 1,84,135
723,55.22,183,219,88,302,192,261,140,Expositor 1,82,104
723,55.22,187,112,20,149,88,130,54,Nenhuma,36,67
723,55.22,192,293,20,341,87,317,53,Nenhuma,47,67
723,55.22,206,159,16,192,114,175,65,Nenhuma,32,97
723,55.22,209,344,46,383,123,363,84,Nenhuma,38,76
723,55.22,211,93,52,148,135,121,93,Nenhuma,55,82
723,55.22,213,379,55,414,130,396,93,Nenhuma,34,75
723,55.22,221,111,21,144,73,127,47,Nenhuma,33,52
724,55.3,130,391,98,467,277,429,187,Expositor 2,75,179
724,55.3,151,219,255,321,358,270,306,Nenhuma,101,102
724,55.3,167,30,67,74,173,52,120,Nenhuma,43,105
724,55.3,168,110,131,208,321,159,226,Expositor 1,98,190
724,55.3,176,90,49,174,185,132,117,Expositor 1,84,135
724,55.3,183,220,87,304,192,262,140,Expositor 1,83,104
724,55.3,187,112,20,147,85,130,53,Nenhuma,35,64
724,55.3,192,293,20,341,88,317,54,Nenhuma,47,68
724,55.3,206,159,16,192,113,175,65,Nenhuma,32,97
724,55.3,209,343,46,381,122,362,84,Nenhuma,37,75
724,55.3,211,95,55,147,131,121,93,Nenhuma,52,76
724,55.3,213,378,50,414,131,396,91,Nenhuma,35,81
724,55.3,221,109,21,143,73,126,47,Nenhuma,33,52
725,55.37,130,385,99,459,277,422,188,Expositor 2,74,177
725,55.37,151,220,255,320,358,270,306,Nenhuma,100,102
725,55.37,167,31,67,75,173,53,120,Nenhuma,43,106
725,55.37,168,116,126,214,318,165,222,Expositor 1,98,191
725,55.37,176,89,49,174,185,132,117,Expositor 1,84,135
725,55.37,183,220,87,305,192,263,140,Expositor 1,84,104
725,55.37,187,111,20,147,84,129,52,Nenhuma,35,64
725,55.37,192,293,20,341,88,317,54,Nenhuma,47,68
725,55.37,206,158,16,191,113,174,65,Nenhuma,33,96
725,55.37,209,343,48,379,121,361,84,Nenhuma,36,73
725,55.37,211,97,56,149,130,123,93,Nenhuma,52,73
725,55.37,213,378,51,412,132,395,92,Nenhuma,34,80
725,55.37,221,110,21,146,77,128,49,Nenhuma,36,56
726,55.45,130,371,97,448,278,410,188,Expositor 2,76,180
726,55.45,151,221,255,320,358,271,306,Nenhuma,99,102
726,55.45,167,31,67,75,174,53,120,Nenhuma,44,107
726,55.45,168,122,121,221,318,171,220,Expositor 1,98,197
726,55.45,183,218,87,302,192,260,140,Expositor 1,84,104
726,55.45,187,111,20,146,83,128,52,Nenhuma,34,63
726,55.45,192,292,20,340,89,316,55,Nenhuma,47,68
726,55.45,206,158,16,191,113,174,65,Nenhuma,33,96
726,55.45,209,343,48,379,121,361,84,Nenhuma,36,72
726,55.45,211,99,57,151,127,125,92,Nenhuma,51,69
726,55.45,213,378,52,411,130,394,91,Nenhuma,32,77
726,55.45,221,110,21,147,78,129,49,Nenhuma,36,57
727,55.53,130,356,96,434,279,395,187,Nenhuma,78,182
727,55.53,151,222,255,320,358,271,306,Nenhuma,98,102
727,55.53,167,31,66,76,174,54,120,Nenhuma,44,107
727,55.53,168,126,118,223,316,175,217,Expositor 1,97,198
727,55.53,183,217,87,302,192,259,139,Expositor 1,84,105
727,55.53,187,110,20,145,82,128,51,Nenhuma,34,62
727,55.53,192,292,20,339,89,316,55,Nenhuma,47,68
727,55.53,206,158,16,191,113,175,65,Nenhuma,33,96
727,55.53,209,341,48,378,122,360,85,Nenhuma,36,74
727,55.53,211,100,56,154,125,127,91,Nenhuma,53,69
727,55.53,213,377,52,410,130,394,91,Nenhuma,32,77
727,55.53,221,110,21,147,78,128,49,Nenhuma,36,57
728,55.6,130,345,94,424,278,384,186,Nenhuma,79,184
728,55.6,151,222,256,319,358,271,307,Nenhuma,96,101
728,55.6,157,136,25,170,107,153,66,Nenhuma,33,81
728,55.6,167,31,67,76,175,54,121,Nenhuma,44,107
728,55.6,168,133,116,228,312,180,214,Expositor 1,94,195
728,55.6,183,217,86,302,192,259,139,Expositor 1,85,105
728,55.6,192,292,21,339,89,316,55,Nenhuma,47,68
728,55.6,206,159,16,192,113,176,65,Nenhuma,33,96
728,55.6,209,341,48,378,122,360,85,Nenhuma,36,74
728,55.6,211,101,54,157,125,129,89,Nenhuma,55,71
728,55.6,213,377,51,410,130,393,91,Nenhuma,33,78
728,55.6,221,111,21,142,70,126,45,Nenhuma,31,49
729,55.68,130,338,91,417,276,377,184,Nenhuma,79,185
729,55.68,151,223,256,319,358,271,307,Nenhuma,96,101
729,55.68,157,136,26,170,107,153,66,Nenhuma,34,81
729,55.68,167,31,67,76,175,54,121,Nenhuma,44,107
729,55.68,168,137,116,230,311,183,213,Expositor 1,93,194
729,55.68,183,217,86,304,193,260,140,Expositor 1,87,106
729,55.68,192,291,20,341,92,316,56,Nenhuma,49,72
729,55.68,206,160,16,192,111,176,64,Nenhuma,32,94
729,55.68,209,341,48,378,122,360,85,Nenhuma,36,74
729,55.68,211,103,52,161,125,132,88,Nenhuma,57,73
729,55.68,213,376,51,409,130,393,90,Nenhuma,33,78
729,55.68,221,111,20,142,70,126,45,Nenhuma,31,49
730,55.75,130,331,82,412,272,372,177,Nenhuma,80,189
730,55.75,151,223,257,318,358,271,307,Nenhuma,95,100
730,55.75,157,136,25,170,106,153,66,Nenhuma,34,81
730,55.75,167,31,67,76,175,54,121,Nenhuma,45,107
730,55.75,168,139,117,231,310,185,213,Expositor 1,91,193
730,55.75,183,212,87,298,193,255,140,Expositor 1,86,106
730,55.75,192,291,20,341,93,316,56,Nenhuma,49,73
730,55.75,206,160,16,192,111,176,64,Nenhuma,31,94
730,55.75,209,341,48,378,122,360,85,Nenhuma,36,74
730,55.75,211,103,50,163,124,133,87,Nenhuma,59,74
730,55.75,221,110,20,141,69,126,45,Nenhuma,30,48
731,55.83,130,327,82,405,267,366,174,Nenhuma,78,184
731,55.83,151,224,257,318,358,271,307,Nenhuma,94,100
731,55.83,157,136,26,170,107,153,67,Nenhuma,34,81
731,55.83,167,31,68,76,175,54,121,Nenhuma,44,107
731,55.83,168,140,117,231,310,185,214,Expositor 1,90,193
731,55.83,183,209,87,295,193,252,140,Expositor 1,86,106
731,55.83,192,291,20,341,93,316,57,Nenhuma,50,73
731,55.83,206,160,16,192,112,176,64,Nenhuma,32,95
731,55.83,211,103,49,164,124,133,86,Nenhuma,60,75
731,55.83,221,110,20,141,69,126,45,Nenhuma,30,48
732,55.91,130,319,80,398,265,359,172,Nenhuma,79,184
732,55.91,151,223,257,317,358,270,307,Nenhuma,93,100
732,55.91,157,136,25,170,107,153,66,Nenhuma,34,81
732,55.91,167,31,67,77,176,54,121,Nenhuma,46,109
732,55.91,168,141,117,230,310,185,213,Expositor 1,89,192
732,55.91,183,208,87,293,193,250,140,Expositor 1,85,106
732,55.91,192,290,20,341,94,316,57,Nenhuma,50,74
732,55.91,206,159,16,192,113,176,65,Nenhuma,32,96
732,55.91,211,103,48,165,125,134,87,Nenhuma,61,76
732,55.91,213,370,50,398,114,384,82,Nenhuma,27,64
733,55.98,130,314,78,394,263,354,170,Nenhuma,79,185
733,55.98,151,223,258,316,358,269,308,Nenhuma,92,99
733,55.98,157,135,25,170,106,152,65,Nenhuma,34,81
733,55.98,167,30,67,77,176,53,121,Nenhuma,46,109
733,55.98,168,141,116,230,309,185,213,Expositor 1,88,192
733,55.98,183,207,88,293,193,250,141,Expositor 1,85,105
733,55.98,206,159,16,192,113,176,65,Nenhuma,32,96
733,55.98,211,102,48,166,126,134,87,Nenhuma,63,78
733,55.98,213,370,49,398,115,384,82,Nenhuma,28,65
733,55.98,221,117,21,143,63,130,42,Nenhuma,26,42
734,56.06,130,301,73,381,261,341,167,Nenhuma,80,187
734,56.06,151,225,260,316,358,270,309,Nenhuma,90,97
734,56.06,157,135,25,170,108,153,66,Nenhuma,34,82
734,56.06,167,30,67,76,175,53,121,Nenhuma,46,108
734,56.06,168,142,117,230,309,186,213,Expositor 1,87,192
734,56.06,183,205,88,291,195,248,142,Expositor 1,86,106
734,56.06,192,306,17,353,85,330,51,Nenhuma,46,67
734,56.06,206,159,16,192,113,176,65,Nenhuma,32,96
734,56.06,209,340,48,376,121,358,84,Nenhuma,35,73
734,56.06,211,100,50,164,130,132,90,Nenhuma,63,79
734,56.06,213,369,49,397,114,383,81,Nenhuma,27,64
734,56.06,221,117,21,143,62,130,41,Nenhuma,25,41
735,56.14,130,289,67,367,251,328,159,Nenhuma,78,183
735,56.14,151,226,261,315,358,270,309,Nenhuma,89,96
735,56.14,157,136,25,171,108,153,66,Nenhuma,35,83
735,56.14,167,30,66,77,175,53,121,Nenhuma,47,108
735,56.14,168,142,116,230,309,186,212,Expositor 1,87,193
735,56.14,183,202,88,290,196,246,142,Expositor 1,87,108
735,56.14,192,307,17,357,90,332,54,Nenhuma,49,72
735,56.14,206,159,16,192,114,176,65,Nenhuma,32,97
735,56.14,209,340,48,376,120,358,84,Nenhuma,35,72
735,56.14,211,97,52,158,127,127,90,Nenhuma,60,75
735,56.14,213,368,49,395,112,382,81,Nenhuma,27,63
735,56.14,221,113,21,140,64,127,42,Nenhuma,26,43
736,56.21,130,282,62,359,243,320,152,Nenhuma,77,180
736,56.21,151,226,262,315,358,271,310,Nenhuma,88,95
736,56.21,157,135,25,171,109,153,67,Nenhuma,35,84
736,56.21,167,29,66,78,176,54,121,Nenhuma,48,109
736,56.21,168,143,117,229,309,186,213,Expositor 1,86,192
736,56.21,183,201,87,290,197,245,142,Expositor 1,89,110
736,56.21,192,308,16,358,92,333,54,Nenhuma,50,76
736,56.21,206,159,16,192,113,176,65,Nenhuma,32,96
736,56.21,209,340,48,375,120,358,84,Nenhuma,35,72
736,56.21,211,98,53,159,127,129,90,Nenhuma,60,74
736,56.21,213,367,48,394,111,381,80,Nenhuma,27,62
736,56.21,221,113,21,140,64,126,42,Nenhuma,27,43
737,56.29,130,279,62,353,233,316,147,Nenhuma,73,171
737,56.29,151,226,263,314,358,270,310,Nenhuma,88,94
737,56.29,157,135,25,170,107,153,66,Nenhuma,34,82
737,56.29,167,30,66,78,176,54,121,Nenhuma,48,109
737,56.29,168,143,117,229,309,186,213,Expositor 1,85,192
737,56.29,183,200,87,291,197,246,142,Expositor 1,90,110
737,56.29,192,308,16,359,93,333,54,Nenhuma,51,77
737,56.29,206,159,16,191,113,175,65,Nenhuma,32,96
737,56.29,209,340,47,375,120,358,84,Nenhuma,35,72
737,56.29,211,99,53,161,129,130,91,Nenhuma,61,75
737,56.29,221,113,21,139,64,126,42,Nenhuma,26,43
737,56.29,225,190,86,316,299,253,193,Expositor 1,125,212
738,56.37,130,279,62,340,199,309,130,Nenhuma,60,137
738,56.37,151,226,263,314,358,270,310,Nenhuma,88,94
738,56.37,157,135,25,170,107,153,66,Nenhuma,34,82
738,56.37,167,30,66,79,177,55,122,Nenhuma,48,110
738,56.37,168,145,119,228,309,186,214,Expositor 1,83,190
738,56.37,183,202,87,292,197,247,142,Expositor 1,90,109
738,56.37,192,307,15,360,96,333,56,Nenhuma,52,80
738,56.37,206,159,16,192,113,175,65,Nenhuma,32,96
738,56.37,211,100,52,165,132,133,92,Nenhuma,64,79
738,56.37,221,112,21,139,63,126,42,Nenhuma,26,42
738,56.37,225,190,85,315,298,253,192,Expositor 1,125,212
739,56.44,130,281,61,336,184,308,122,Nenhuma,55,122
739,56.44,151,226,263,314,358,270,310,Nenhuma,88,94
739,56.44,157,136,24,170,104,153,64,Nenhuma,33,79
739,56.44,167,30,66,79,177,55,122,Nenhuma,49,110
739,56.44,168,145,119,228,309,186,214,Expositor 1,82,189
739,56.44,183,201,87,291,197,246,142,Expositor 1,90,109
739,56.44,192,308,15,358,92,333,54,Nenhuma,49,76
739,56.44,206,159,16,192,113,175,65,Nenhuma,32,96
739,56.44,211,101,50,168,134,134,92,Nenhuma,67,83
739,56.44,221,112,21,138,62,125,41,Nenhuma,26,41
739,56.44,225,190,86,314,298,252,192,Expositor 1,124,212
740,56.52,130,282,60,334,173,308,117,Nenhuma,52,113
740,56.52,151,227,263,315,358,271,310,Nenhuma,87,94
740,56.52,157,136,24,170,103,153,63,Nenhuma,33,79
740,56.52,167,30,66,79,175,54,121,Nenhuma,48,108
740,56.52,168,145,119,228,309,186,214,Expositor 1,82,190
740,56.52,183,200,87,290,196,245,141,Expositor 1,90,109
740,56.52,192,308,16,358,93,333,55,Nenhuma,50,77
740,56.52,206,159,16,191,114,175,65,Nenhuma,32,97
740,56.52,211,99,49,171,139,135,94,Nenhuma,71,89
740,56.52,225,192,86,317,301,254,194,Expositor 1,125,215
741,56.6,130,282,59,332,164,307,112,Nenhuma,50,104
741,56.6,151,228,263,316,358,272,310,Nenhuma,87,94
741,56.6,157,136,24,169,103,153,63,Nenhuma,33,79
741,56.6,167,30,66,79,176,54,121,Nenhuma,49,109
741,56.6,168,145,119,227,309,186,214,Expositor 1,82,190
741,56.6,183,199,87,289,196,244,141,Expositor 1,90,109
741,56.6,192,308,17,357,93,333,55,Nenhuma,49,76
741,56.6,206,159,16,191,114,175,65,Nenhuma,32,97
741,56.6,211,99,49,169,138,134,93,Nenhuma,70,89
741,56.6,225,185,86,309,302,247,194,Expositor 1,124,216
742,56.67,130,281,58,331,155,306,107,Nenhuma,49,97
742,56.67,151,228,263,315,358,271,310,Nenhuma,87,94
742,56.67,157,136,23,169,102,152,63,Nenhuma,33,78
742,56.67,167,29,66,78,176,54,121,Nenhuma,49,109
742,56.67,168,145,118,227,309,186,214,Expositor 1,81,190
742,56.67,183,198,86,290,196,244,141,Expositor 1,91,109
742,56.67,192,307,17,358,95,332,56,Nenhuma,50,77
742,56.67,206,159,16,191,110,175,63,Nenhuma,31,93
742,56.67,211,99,48,169,138,134,93,Nenhuma,69,90
742,56.67,225,184,85,307,302,246,194,Expositor 1,122,216
743,56.75,130,279,56,325,147,302,102,Nenhuma,45,90
743,56.75,151,228,262,315,358,271,310,Nenhuma,87,95
743,56.75,167,30,66,78,175,54,121,Nenhuma,48,108
743,56.75,168,145,118,227,309,186,214,Expositor 1,81,191
743,56.75,183,202,86,297,196,250,141,Expositor 1,94,109
743,56.75,192,307,18,357,96,332,57,Nenhuma,50,78
743,56.75,206,160,16,191,108,175,62,Nenhuma,30,91
743,56.75,211,96,47,172,148,134,97,Nenhuma,75,100
743,56.75,225,191,86,314,303,253,194,Expositor 1,122,216
744,56.82,130,277,55,320,138,298,97,Nenhuma,42,83
744,56.82,151,227,262,315,358,271,310,Nenhuma,88,95
744,56.82,167,29,67,77,174,53,121,Nenhuma,47,106
744,56.82,168,145,117,227,309,186,213,Expositor 1,81,192
744,56.82,183,200,86,295,197,247,141,Expositor 1,95,110
744,56.82,192,307,18,357,96,332,57,Nenhuma,50,77
744,56.82,206,160,16,190,105,175,61,Nenhuma,30,88
744,56.82,208,28,66,66,158,47,112,Nenhuma,38,91
744,56.82,211,96,46,173,151,135,99,Nenhuma,76,104
744,56.82,225,192,86,314,303,253,195,Expositor 1,122,216
745,56.9,130,275,53,314,130,295,92,Nenhuma,38,76
745,56.9,151,227,262,315,358,271,310,Nenhuma,88,95
745,56.9,157,136,23,168,99,152,61,Nenhuma,32,75
745,56.9,167,29,67,76,174,52,121,Nenhuma,47,106
745,56.9,168,144,116,227,309,186,213,Expositor 1,82,193
745,56.9,183,197,86,292,196,245,141,Expositor 1,94,109
745,56.9,192,305,18,358,103,332,61,Nenhuma,53,84
745,56.9,206,160,16,190,105,175,61,Nenhuma,30,88
745,56.9,208,27,67,65,159,46,113,Nenhuma,37,92
745,56.9,211,97,47,173,153,135,100,Expositor 1,75,105
745,56.9,225,191,86,314,303,252,194,Expositor 1,122,216
746,56.98,151,227,262,315,358,271,310,Nenhuma,88,95
746,56.98,157,137,23,168,98,152,61,Nenhuma,31,74
746,56.98,167,28,68,74,174,51,121,Nenhuma,46,105
746,56.98,168,144,116,226,309,185,212,Expositor 1,81,193
746,56.98,183,197,86,292,196,244,141,Expositor 1,94,109
746,56.98,192,306,19,356,97,331,58,Nenhuma,49,77
746,56.98,206,160,16,190,104,175,60,Nenhuma,30,87
746,56.98,208,27,67,64,161,45,114,Nenhuma,37,94
746,56.98,211,99,47,172,152,136,100,Expositor 1,72,104
746,56.98,225,191,86,313,303,252,194,Expositor 1,122,216
747,57.05,151,227,262,314,358,271,310,Nenhuma,87,95
747,57.05,157,137,24,169,100,153,62,Nenhuma,32,76
747,57.05,167,27,68,73,175,50,122,Nenhuma,45,106
747,57.05,168,145,115,226,309,185,212,Expositor 1,81,194
747,57.05,183,197,86,292,196,245,141,Expositor 1,94,109
747,57.05,192,303,19,360,111,331,65,Nenhuma,57,91
747,57.05,206,160,16,190,104,175,60,Nenhuma,30,87
747,57.05,208,27,67,63,161,45,114,Nenhuma,36,93
747,57.05,211,100,47,171,152,136,100,Expositor 1,71,104
747,57.05,225,200,86,325,308,263,197,Expositor 1,125,222
748,57.13,151,227,262,314,358,271,310,Nenhuma,87,95
748,57.13,157,137,24,169,100,153,62,Nenhuma,32,75
748,57.13,167,27,69,73,177,50,123,Nenhuma,46,107
748,57.13,168,145,115,226,309,185,212,Expositor 1,81,194
748,57.13,176,248,54,315,167,281,111,Expositor 1,66,112
748,57.13,183,198,87,292,197,245,142,Expositor 1,94,109
748,57.13,192,301,20,361,117,331,68,Nenhuma,59,97
748,57.13,206,160,16,190,104,175,60,Nenhuma,30,87
748,57.13,208,26,67,62,162,44,115,Nenhuma,36,94
748,57.13,211,101,48,171,153,136,100,Expositor 1,70,104
748,57.13,213,363,47,400,138,382,93,Nenhuma,36,90
748,57.13,225,193,86,314,303,254,195,Expositor 1,120,216
749,57.21,151,226,263,314,358,270,310,Nenhuma,87,94
749,57.21,157,137,24,169,99,153,62,Nenhuma,32,75
749,57.21,167,26,69,72,178,49,124,Nenhuma,46,108
749,57.21,168,145,115,226,309,185,212,Expositor 1,81,194
749,57.21,176,248,52,306,157,277,104,Expositor 1,58,104
749,57.21,183,197,87,292,197,244,142,Expositor 1,94,109
749,57.21,192,305,20,357,104,331,62,Nenhuma,52,84
749,57.21,206,159,16,190,104,175,60,Nenhuma,31,87
749,57.21,208,25,68,61,163,43,116,Nenhuma,36,94
749,57.21,209,342,48,377,122,359,85,Nenhuma,34,73
749,57.21,211,101,48,170,153,136,101,Expositor 1,68,104
749,57.21,213,364,48,399,139,382,93,Nenhuma,35,90
749,57.21,225,199,87,322,306,261,197,Expositor 1,122,218
750,57.28,151,227,263,314,358,270,310,Nenhuma,87,94
750,57.28,157,137,24,169,99,153,61,Nenhuma,31,75
750,57.28,167,27,70,73,178,50,124,Nenhuma,46,108
750,57.28,168,144,112,226,310,185,211,Expositor 1,82,197
750,57.28,176,247,50,297,138,272,94,Nenhuma,49,88
750,57.28,183,197,87,292,198,245,142,Expositor 1,95,111
750,57.28,192,306,20,356,100,331,60,Nenhuma,49,80
750,57.28,206,159,16,190,102,175,59,Nenhuma,30,85
750,57.28,208,25,70,61,164,43,117,Nenhuma,35,93
750,57.28,209,343,48,378,123,361,86,Nenhuma,34,75
750,57.28,211,102,50,169,152,135,101,Expositor 1,66,102
750,57.28,213,363,48,399,139,381,94,Nenhuma,35,90
750,57.28,225,197,87,315,301,256,194,Expositor 1,118,213
751,57.36,151,227,263,314,358,270,310,Nenhuma,87,94
751,57.36,157,137,24,168,99,153,61,Nenhuma,31,75
751,57.36,167,27,71,74,179,50,125,Nenhuma,46,108
751,57.36,168,144,112,226,310,185,211,Expositor 1,82,198
751,57.36,176,244,50,293,139,268,94,Nenhuma,49,88
751,57.36,183,196,86,293,199,245,143,Expositor 1,96,113
751,57.36,192,306,20,356,100,331,60,Nenhuma,49,80
751,57.36,206,160,16,190,100,175,58,Nenhuma,29,83
751,57.36,208,25,70,60,164,43,117,Nenhuma,35,93
751,57.36,209,344,48,378,123,361,86,Nenhuma,33,75
751,57.36,211,103,52,168,152,136,102,Expositor 1,65,99
751,57.36,213,363,48,399,140,381,94,Nenhuma,35,91
751,57.36,225,196,86,314,300,255,193,Expositor 1,117,213
752,57.44,151,226,263,314,358,270,310,Nenhuma,87,94
752,57.44,167,28,71,77,184,53,127,Nenhuma,49,113
752,57.44,168,145,113,226,310,186,212,Expositor 1,81,197
752,57.44,176,239,48,291,142,265,95,Nenhuma,52,94
752,57.44,183,196,86,292,199,244,142,Expositor 1,95,113
752,57.44,192,305,20,356,100,331,60,Nenhuma,50,80
752,57.44,206,161,16,190,97,175,57,Nenhuma,29,80
752,57.44,208,24,71,60,164,42,118,Nenhuma,35,93
752,57.44,209,344,48,378,124,361,86,Nenhuma,33,76
752,57.44,211,104,54,168,151,136,103,Expositor 1,63,97
752,57.44,213,364,48,398,139,381,94,Nenhuma,34,90
752,57.44,225,190,85,307,301,248,193,Expositor 1,116,215
753,57.51,151,227,262,314,358,270,310,Nenhuma,87,95
753,57.51,167,28,71,77,182,52,127,Nenhuma,48,110
753,57.51,168,145,113,226,311,186,212,Expositor 1,81,197
753,57.51,176,240,48,292,140,266,94,Nenhuma,51,92
753,57.51,183,196,84,292,197,244,141,Expositor 1,95,113
753,57.51,192,305,20,356,101,331,60,Nenhuma,50,81
753,57.51,206,161,16,189,94,175,55,Nenhuma,28,77
753,57.51,208,24,71,60,165,42,118,Nenhuma,35,93
753,57.51,209,344,48,378,124,361,86,Nenhuma,33,76
753,57.51,211,104,56,167,152,136,104,Expositor 1,62,95
753,57.51,213,363,48,398,140,381,94,Nenhuma,35,92
753,57.51,225,189,85,306,300,247,193,Expositor 1,116,215
754,57.59,151,227,262,314,358,270,310,Nenhuma,87,95
754,57.59,167,27,72,76,181,52,126,Nenhuma,48,109
754,57.59,168,145,112,227,311,186,211,Expositor 1,81,198
754,57.59,176,234,47,292,151,263,99,Nenhuma,58,103
754,57.59,183,197,84,292,197,245,140,Expositor 1,94,113
754,57.59,192,306,19,355,99,331,59,Nenhuma,49,80
754,57.59,206,161,16,190,93,175,55,Nenhuma,28,76
754,57.59,209,344,48,378,124,361,86,Nenhuma,33,76
754,57.59,211,105,57,168,152,136,105,Expositor 1,62,94
754,57.59,213,363,48,398,141,380,95,Nenhuma,35,93
754,57.59,225,188,85,304,300,246,192,Expositor 1,116,215
754,57.59,232,190,262,313,358,251,310,Nenhuma,123,95
755,57.66,151,227,262,314,358,270,310,Nenhuma,87,95
755,57.66,167,26,70,77,182,52,126,Nenhuma,50,111
755,57.66,168,145,112,227,311,186,211,Expositor 1,81,198
755,57.66,176,230,46,282,132,256,89,Nenhuma,51,85
755,57.66,183,199,84,292,197,245,140,Expositor 1,93,112
755,57.66,192,306,18,356,99,331,58,Nenhuma,49,80
755,57.66,206,161,16,189,92,175,54,Nenhuma,28,75
755,57.66,211,104,57,168,152,136,104,Expositor 1,63,94
755,57.66,213,362,48,398,143,380,95,Nenhuma,36,94
755,57.66,225,190,83,304,297,247,190,Expositor 1,113,214
755,57.66,232,189,262,313,358,251,310,Nenhuma,124,95
756,57.74,151,227,262,314,358,271,310,Nenhuma,87,95
756,57.74,167,25,67,78,182,52,124,Nenhuma,52,115
756,57.74,168,145,112,227,311,186,211,Expositor 1,81,198
756,57.74,176,230,46,281,129,255,87,Nenhuma,50,83
756,57.74,183,198,84,291,196,245,140,Expositor 1,92,111
756,57.74,192,306,18,356,98,331,58,Nenhuma,49,79
756,57.74,206,161,16,189,90,175,53,Nenhuma,28,73
756,57.74,211,104,56,169,151,136,103,Expositor 1,64,95
756,57.74,225,192,82,305,298,249,190,Expositor 1,112,215
756,57.74,232,190,262,314,358,252,310,Nenhuma,124,95
757,57.82,151,226,262,313,358,270,310,Nenhuma,87,95
757,57.82,167,23,64,77,182,50,123,Nenhuma,53,118
757,57.82,168,145,111,227,311,186,211,Expositor 1,81,199
757,57.82,176,224,45,270,117,247,81,Nenhuma,46,72
757,57.82,183,200,85,292,196,246,140,Expositor 1,92,110
757,57.82,192,306,18,354,96,330,57,Nenhuma,47,77
757,57.82,206,160,16,190,93,175,55,Nenhuma,29,76
757,57.82,211,104,52,170,151,137,102,Expositor 1,66,99
757,57.82,225,197,83,309,298,253,191,Expositor 1,112,215
757,57.82,232,190,261,314,358,252,309,Nenhuma,124,96
758,57.89,151,225,261,313,358,269,309,Nenhuma,87,96
758,57.89,167,21,63,74,181,48,122,Nenhuma,53,117
758,57.89,168,145,110,226,310,186,210,Expositor 1,81,199
758,57.89,176,220,44,267,116,244,80,Nenhuma,47,71
758,57.89,183,202,85,294,195,248,140,Expositor 1,92,109
758,57.89,192,306,18,354,95,330,57,Nenhuma,47,77
758,57.89,206,160,16,190,96,175,56,Nenhuma,30,79
758,57.89,211,105,50,171,151,138,100,Expositor 1,66,101
758,57.89,225,199,83,312,299,256,191,Expositor 1,112,215
758,57.89,232,190,261,314,358,252,309,Nenhuma,124,96
759,57.97,151,225,261,313,358,269,309,Nenhuma,87,96
759,57.97,167,20,65,72,181,46,123,Nenhuma,51,116
759,57.97,168,145,110,226,310,186,210,Expositor 1,80,199
759,57.97,176,218,43,267,115,242,79,Nenhuma,48,72
759,57.97,183,205,85,298,195,251,140,Expositor 1,93,109
759,57.97,192,306,18,354,95,330,57,Nenhuma,48,77
759,57.97,206,159,16,191,97,175,57,Nenhuma,31,80
759,57.97,211,105,48,172,151,138,99,Nenhuma,66,102
759,57.97,225,200,83,313,299,257,191,Expositor 1,113,215
759,57.97,232,190,261,314,358,252,309,Nenhuma,124,96
760,58.05,151,225,261,313,358,269,309,Nenhuma,87,96
760,58.05,167,21,65,73,182,47,124,Nenhuma,52,116
760,58.05,168,146,110,226,310,186,210,Expositor 1,80,199
760,58.05,176,215,42,266,117,240,79,Nenhuma,51,74
760,58.05,183,203,85,297,195,250,140,Expositor 1,94,109
760,58.05,192,306,18,355,97,330,57,Nenhuma,49,79
760,58.05,206,158,16,192,102,175,59,Nenhuma,33,85
760,58.05,211,104,44,172,151,138,97,Nenhuma,67,106
760,58.05,225,200,82,314,300,257,191,Expositor 1,113,217
761,58.12,151,225,261,312,358,268,309,Nenhuma,87,96
761,58.12,167,20,65,72,182,46,123,Nenhuma,51,117
761,58.12,168,146,110,226,309,186,210,Expositor 1,80,199
761,58.12,176,211,40,265,117,238,79,Nenhuma,53,76
761,58.12,183,200,85,295,196,248,140,Expositor 1,94,111
761,58.12,192,306,17,355,96,330,57,Nenhuma,48,78
761,58.12,206,157,16,193,107,175,61,Nenhuma,35,91
761,58.12,211,106,42,173,150,139,96,Nenhuma,67,107
761,58.12,225,202,83,316,302,259,193,Expositor 1,114,219
762,58.2,151,224,261,312,358,268,309,Nenhuma,87,96
762,58.2,167,20,64,72,182,46,123,Nenhuma,51,117
762,58.2,168,146,111,226,309,186,210,Expositor 1,80,198
762,58.2,176,209,38,266,119,238,79,Nenhuma,56,81
762,58.2,183,202,85,297,196,249,140,Expositor 1,95,111
762,58.2,192,305,17,355,96,330,57,Nenhuma,49,78
762,58.2,206,157,16,193,110,175,63,Nenhuma,35,93
762,58.2,211,108,41,174,150,141,95,Nenhuma,65,108
762,58.2,225,202,83,316,301,259,192,Expositor 1,114,217
763,58.28,151,224,261,312,358,268,309,Nenhuma,87,96
763,58.28,167,21,65,73,182,47,123,Nenhuma,51,116
763,58.28,168,146,111,226,309,186,210,Expositor 1,79,198
763,58.28,176,206,37,264,120,235,79,Nenhuma,57,82
763,58.28,183,202,84,298,198,250,141,Expositor 1,96,113
763,58.28,192,306,17,354,96,330,57,Nenhuma,48,78
763,58.28,206,157,16,193,112,175,64,Nenhuma,36,96
763,58.28,211,109,39,174,150,142,94,Nenhuma,64,110
763,58.28,225,201,83,316,302,259,193,Expositor 1,114,218
764,58.35,151,224,261,312,358,268,309,Nenhuma,87,96
764,58.35,167,23,69,73,182,48,125,Nenhuma,50,113
764,58.35,168,146,111,226,310,186,211,Expositor 1,79,199
764,58.35,176,202,37,261,122,231,80,Nenhuma,58,84
764,58.35,183,204,84,302,198,253,141,Expositor 1,97,114
764,58.35,192,305,17,355,96,330,57,Nenhuma,49,78
764,58.35,206,156,15,193,113,175,64,Nenhuma,36,97
764,58.35,208,25,76,61,170,43,123,Nenhuma,36,94
764,58.35,211,111,38,174,150,142,94,Nenhuma,63,111
764,58.35,225,201,83,315,302,258,192,Expositor 1,113,218
765,58.43,151,224,261,312,358,268,309,Nenhuma,88,96
765,58.43,167,23,70,73,182,48,126,Nenhuma,50,111
765,58.43,168,146,112,225,310,186,211,Expositor 1,79,198
765,58.43,176,197,36,258,125,227,81,Nenhuma,60,88
765,58.43,183,203,82,303,200,253,141,Expositor 1,100,118
765,58.43,192,305,17,354,95,330,56,Nenhuma,48,77
765,58.43,206,156,15,193,113,175,64,Nenhuma,36,97
765,58.43,208,24,76,60,169,42,122,Nenhuma,36,93
765,58.43,211,113,38,173,149,143,94,Nenhuma,60,110
765,58.43,225,201,81,315,302,258,192,Expositor 1,114,221
766,58.5,151,224,261,312,358,268,309,Nenhuma,88,96
766,58.5,167,22,70,71,181,46,125,Nenhuma,49,111
766,58.5,168,146,113,225,310,186,212,Expositor 1,78,197
766,58.5,176,191,36,253,129,222,83,Nenhuma,62,92
766,58.5,183,202,84,303,203,252,143,Expositor 1,100,118
766,58.5,192,305,17,355,97,330,57,Nenhuma,49,80
766,58.5,206,157,15,194,114,175,65,Nenhuma,36,98
766,58.5,208,23,76,60,169,42,123,Nenhuma,36,93
766,58.5,211,113,38,172,149,143,94,Nenhuma,59,111
766,58.5,225,200,82,315,306,258,194,Expositor 1,115,223
767,58.58,151,224,260,312,358,268,309,Nenhuma,88,97
767,58.58,167,22,72,71,181,46,126,Nenhuma,48,108
767,58.58,168,146,114,225,311,186,212,Expositor 1,78,196
767,58.58,176,188,36,250,131,219,83,Nenhuma,62,94
767,58.58,183,202,84,303,203,253,143,Expositor 1,100,118
767,58.58,192,305,17,355,99,330,58,Nenhuma,50,81
767,58.58,206,156,15,193,115,174,65,Nenhuma,36,99
767,58.58,208,24,76,61,168,42,122,Nenhuma,36,92
767,58.58,211,113,37,172,149,143,93,Nenhuma,59,112
767,58.58,213,364,48,398,139,381,94,Nenhuma,33,90
767,58.58,225,200,82,316,306,258,194,Expositor 1,115,224
768,58.66,151,223,260,312,358,268,309,Nenhuma,88,97
768,58.66,167,23,72,72,182,48,127,Nenhuma,49,109
768,58.66,168,146,114,225,311,186,212,Expositor 1,78,196
768,58.66,176,183,35,247,133,215,84,Nenhuma,63,98
768,58.66,183,203,84,302,201,253,143,Expositor 1,99,116
768,58.66,192,305,17,356,101,330,59,Nenhuma,51,83
768,58.66,206,155,15,192,115,173,65,Nenhuma,36,99
768,58.66,208,25,76,62,166,43,121,Nenhuma,36,90
768,58.66,211,114,37,172,149,143,93,Nenhuma,57,112
768,58.66,213,364,48,398,139,381,94,Nenhuma,33,90
768,58.66,225,201,82,316,306,259,194,Expositor 1,114,223
769,58.73,151,223,259,312,358,267,308,Nenhuma,89,98
769,58.73,167,23,71,78,190,50,130,Nenhuma,54,119
769,58.73,168,147,115,225,311,186,213,Expositor 1,78,195
769,58.73,176,179,34,243,135,211,84,Nenhuma,64,101
769,58.73,183,203,84,302,200,253,142,Expositor 1,99,116
769,58.73,192,304,17,356,101,330,59,Nenhuma,51,83
769,58.73,206,154,17,191,115,173,66,Nenhuma,36,98
769,58.73,208,25,76,61,166,43,121,Nenhuma,36,90
769,58.73,211,115,36,172,149,144,93,Nenhuma,56,112
769,58.73,213,364,48,398,139,381,94,Nenhuma,33,90
769,58.73,225,202,82,317,306,259,194,Expositor 1,114,223
770,58.81,151,223,258,313,358,268,308,Nenhuma,90,99
770,58.81,167,27,73,78,185,52,129,Nenhuma,50,111
770,58.81,168,147,115,226,311,186,213,Expositor 1,78,195
770,58.81,176,177,33,241,137,209,85,Nenhuma,64,103
770,58.81,183,203,84,302,198,253,141,Expositor 1,98,114
770,58.81,192,304,17,356,103,330,60,Nenhuma,51,85
770,58.81,206,155,16,191,115,173,65,Nenhuma,36,98
770,58.81,208,25,76,61,166,43,121,Nenhuma,36,90
770,58.81,211,116,38,171,149,143,93,Nenhuma,54,111
770,58.81,213,364,48,398,139,381,94,Nenhuma,33,90
770,58.81,225,202,82,317,306,260,194,Expositor 1,114,223
771,58.89,151,221,258,311,358,266,308,Nenhuma,89,99
771,58.89,167,29,75,77,181,53,128,Nenhuma,47,105
771,58.89,168,146,115,224,310,185,212,Expositor 1,78,195
771,58.89,176,174,32,238,139,206,86,Nenhuma,64,106
771,58.89,183,204,84,302,197,253,141,Expositor 1,97,113
771,58.89,192,305,17,355,102,330,60,Nenhuma,50,84
771,58.89,206,155,16,191,116,173,66,Nenhuma,36,99
771,58.89,208,25,76,61,166,43,121,Nenhuma,36,89
771,58.89,211,115,35,170,150,143,93,Nenhuma,54,114
771,58.89,213,364,48,397,139,381,94,Nenhuma,33,90
771,58.89,225,203,83,318,305,260,194,Expositor 1,114,221
771,58.89,232,185,257,313,357,249,307,Nenhuma,127,99
772,58.96,151,220,258,309,358,265,308,Nenhuma,89,99
772,58.96,167,29,75,78,185,53,130,Nenhuma,49,110
772,58.96,168,146,115,224,310,185,212,Expositor 1,78,195
772,58.96,176,174,32,237,139,206,86,Nenhuma,63,106
772,58.96,183,204,84,301,197,252,141,Expositor 1,96,112
772,58.96,192,305,17,355,100,330,59,Nenhuma,50,82
772,58.96,206,156,16,190,107,173,61,Nenhuma,34,91
772,58.96,211,115,35,169,151,142,93,Nenhuma,54,115
772,58.96,213,364,48,397,140,381,94,Nenhuma,33,91
772,58.96,225,203,83,318,305,261,194,Expositor 1,114,222
772,58.96,232,185,256,313,356,249,306,Nenhuma,127,100
773,59.04,151,210,257,301,358,256,307,Nenhuma,91,100
773,59.04,167,29,75,80,191,54,133,Nenhuma,51,116
773,59.04,168,146,115,224,310,185,213,Expositor 1,78,195
773,59.04,176,175,32,238,139,206,86,Nenhuma,62,106
773,59.04,183,204,84,300,196,252,140,Expositor 1,95,111
773,59.04,192,305,17,355,100,330,59,Nenhuma,49,82
773,59.04,206,155,16,189,105,172,60,Nenhuma,33,89
773,59.04,211,116,37,169,152,143,95,Nenhuma,52,114
773,59.04,213,364,48,397,140,380,94,Nenhuma,33,91
773,59.04,225,204,83,318,306,261,195,Expositor 1,114,222
773,59.04,232,185,256,313,356,249,306,Nenhuma,128,100
774,59.12,151,212,259,301,358,257,308,Nenhuma,89,98
774,59.12,167,30,75,78,184,54,130,Nenhuma,48,108
774,59.12,168,145,114,223,310,184,212,Expositor 1,78,196
774,59.12,176,176,31,237,138,206,85,Nenhuma,61,106
774,59.12,183,203,85,298,196,251,140,Expositor 1,94,110
774,59.12,192,305,17,355,100,330,59,Nenhuma,50,82
774,59.12,206,155,15,189,104,172,60,Nenhuma,33,88
774,59.12,211,118,40,170,153,144,96,Nenhuma,51,113
774,59.12,225,204,84,319,308,262,196,Expositor 1,115,223
774,59.12,232,184,256,313,356,249,306,Nenhuma,128,100
775,59.19,151,212,263,297,357,254,310,Nenhuma,85,93
775,59.19,167,31,75,80,185,55,130,Nenhuma,48,110
775,59.19,168,144,114,222,311,183,212,Expositor 1,77,196
775,59.19,176,175,31,235,138,205,85,Nenhuma,60,106
775,59.19,183,204,85,298,195,251,140,Expositor 1,94,109
775,59.19,192,304,17,354,99,329,58,Nenhuma,49,81
775,59.19,206,156,15,186,89,171,52,Nenhuma,29,73
775,59.19,211,119,42,170,153,144,98,Nenhuma,50,111
775,59.19,225,203,84,318,309,260,197,Expositor 1,115,224
776,59.27,151,209,268,292,357,251,312,Nenhuma,82,89
776,59.27,167,31,75,83,194,57,134,Nenhuma,52,119
776,59.27,168,142,114,219,311,181,212,Expositor 1,77,196
776,59.27,176,174,30,234,138,204,84,Nenhuma,59,107
776,59.27,183,205,86,299,194,252,140,Expositor 1,94,108
776,59.27,192,305,19,353,99,329,59,Nenhuma,48,79
776,59.27,206,156,15,185,84,170,50,Nenhuma,28,68
776,59.27,211,118,42,167,153,142,98,Nenhuma,49,110
776,59.27,225,202,85,317,310,259,197,Expositor 1,115,225
777,59.34,151,208,268,290,357,249,313,Nenhuma,81,88
777,59.34,167,30,75,82,194,56,134,Nenhuma,52,118
777,59.34,168,142,114,218,311,180,212,Expositor 1,76,196
777,59.34,176,174,29,233,139,204,84,Nenhuma,59,109
777,59.34,183,204,86,298,194,251,140,Expositor 1,93,108
777,59.34,192,304,19,352,97,328,58,Nenhuma,48,78
777,59.34,206,156,15,184,82,170,49,Nenhuma,27,66
777,59.34,211,119,42,169,153,144,98,Nenhuma,49,110
777,59.34,225,201,85,316,311,258,198,Expositor 1,114,225
778,59.42,151,207,269,288,357,248,313,Nenhuma,80,87
778,59.42,167,29,75,83,197,56,136,Nenhuma,53,122
778,59.42,168,142,114,217,311,179,212,Expositor 1,75,196
778,59.42,176,175,29,233,138,204,83,Nenhuma,58,108
778,59.42,183,205,86,299,195,252,141,Expositor 1,94,108
778,59.42,192,304,18,352,97,328,57,Nenhuma,48,78
778,59.42,206,156,15,183,80,170,47,Nenhuma,26,64
778,59.42,211,123,44,173,153,148,98,Nenhuma,49,109
778,59.42,225,203,85,317,310,260,198,Expositor 1,113,224
779,59.5,151,206,270,286,357,246,314,Nenhuma,80,87
779,59.5,167,28,75,82,199,55,137,Nenhuma,53,123
779,59.5,168,142,114,216,310,179,212,Expositor 1,74,196
779,59.5,176,175,29,232,136,203,82,Nenhuma,57,107
779,59.5,183,205,87,301,196,253,141,Expositor 1,95,109
779,59.5,192,304,18,352,96,328,57,Nenhuma,48,78
779,59.5,206,157,15,183,77,170,46,Nenhuma,25,61
779,59.5,211,123,45,173,153,148,99,Nenhuma,49,107
779,59.5,225,203,86,317,310,260,198,Expositor 1,114,224
780,59.57,167,31,75,85,201,58,138,Nenhuma,54,126
780,59.57,168,143,114,215,305,179,209,Expositor 1,72,191
780,59.57,176,175,28,232,136,203,82,Nenhuma,56,108
780,59.57,183,205,87,301,196,253,141,Expositor 1,96,109
780,59.57,192,303,18,352,97,328,58,Nenhuma,49,78
780,59.57,211,124,45,173,153,149,99,Nenhuma,49,107
780,59.57,225,204,86,321,317,262,201,Expositor 1,117,230
781,59.65,167,30,75,84,201,57,138,Nenhuma,54,125
781,59.65,168,143,114,214,302,179,208,Expositor 1,70,188
781,59.65,176,175,27,230,135,202,81,Nenhuma,55,107
781,59.65,183,207,87,303,196,255,142,Expositor 1,96,109
781,59.65,192,303,18,352,97,327,58,Nenhuma,49,78
781,59.65,211,125,46,174,153,149,99,Nenhuma,48,107
781,59.65,225,207,88,324,316,266,202,Expositor 1,117,228
782,59.73,167,29,75,83,200,56,137,Nenhuma,53,125
782,59.73,168,144,114,215,303,180,208,Expositor 1,70,189
782,59.73,176,174,27,229,135,201,81,Nenhuma,55,108
782,59.73,183,207,87,303,196,255,142,Expositor 1,96,108
782,59.73,192,303,20,352,96,327,58,Nenhuma,48,76
782,59.73,211,125,46,174,153,150,100,Expositor 1,48,106
782,59.73,225,209,88,327,317,268,202,Expositor 1,118,228
783,59.8,167,30,75,83,200,56,137,Nenhuma,52,125
783,59.8,168,145,112,216,304,181,208,Expositor 1,71,192
783,59.8,176,173,26,228,135,201,81,Nenhuma,54,108
783,59.8,183,207,88,304,196,255,142,Expositor 1,96,108
783,59.8,192,303,20,351,95,327,57,Nenhuma,48,75
783,59.8,211,126,47,173,151,150,99,Nenhuma,46,104
783,59.8,225,205,87,322,314,264,201,Expositor 1,116,227
783,59.8,235,486,210,589,352,538,281,Expositor 2,103,142
784,59.88,167,34,75,86,198,60,136,Nenhuma,52,123
784,59.88,168,145,112,219,308,182,210,Expositor 1,73,195
784,59.88,176,172,26,227,135,200,80,Nenhuma,54,109
784,59.88,183,202,88,300,199,251,143,Expositor 1,98,111
784,59.88,192,303,20,351,95,327,57,Nenhuma,47,74
784,59.88,208,35,76,73,167,54,122,Nenhuma,38,91
784,59.88,211,127,47,173,151,150,99,Nenhuma,46,103
784,59.88,225,203,87,320,315,261,201,Expositor 1,117,227
784,59.88,235,471,207,578,355,524,281,Expositor 2,107,147
785,59.96,167,33,74,85,196,59,135,Nenhuma,51,122
785,59.96,168,146,113,220,310,183,212,Expositor 1,74,197
785,59.96,176,169,24,219,123,194,73,Nenhuma,49,99
785,59.96,183,199,88,297,199,248,143,Expositor 1,97,111
785,59.96,192,303,20,350,94,327,57,Nenhuma,47,74
785,59.96,208,35,76,74,168,54,122,Nenhuma,38,91
785,59.96,211,138,47,185,148,162,97,Nenhuma,47,101
785,59.96,225,206,89,325,318,266,204,Expositor 1,118,229
785,59.96,235,461,201,574,356,518,279,Expositor 2,112,154
785,59.96,236,136,46,171,114,154,80,Nenhuma,34,67
786,60.03,167,34,74,84,192,59,133,Nenhuma,50,118
786,60.03,168,145,113,221,312,183,213,Expositor 1,75,199
786,60.03,176,169,24,215,115,192,70,Nenhuma,45,91
786,60.03,183,198,88,296,201,247,144,Expositor 1,98,113
786,60.03,192,303,20,350,94,327,57,Nenhuma,47,73
786,60.03,208,36,76,74,168,55,122,Nenhuma,38,92
786,60.03,211,141,47,189,149,165,98,Nenhuma,48,101
786,60.03,225,206,89,326,319,266,204,Expositor 1,119,229
786,60.03,235,455,195,573,356,514,276,Expositor 2,117,161
786,60.03,236,138,47,172,113,155,80,Nenhuma,34,66
787,60.11,167,35,74,84,189,59,132,Nenhuma,48,114
787,60.11,168,146,114,222,311,184,213,Expositor 1,75,197
787,60.11,176,170,25,213,110,191,67,Nenhuma,43,85
787,60.11,183,196,88,295,203,246,145,Expositor 1,98,115
787,60.11,192,304,25,350,96,327,61,Nenhuma,46,71
787,60.11,208,37,76,75,168,56,122,Nenhuma,38,92
787,60.11,211,142,48,191,147,166,97,Nenhuma,48,99
787,60.11,225,204,88,324,319,264,203,Expositor 1,120,230
787,60.11,235,450,189,572,357,511,273,Expositor 2,121,168
787,60.11,236,139,47,173,113,156,80,Nenhuma,34,66
788,60.18,167,36,75,85,190,60,132,Nenhuma,48,115
788,60.18,168,146,115,222,312,184,213,Expositor 1,75,196
788,60.18,176,169,24,211,107,190,66,Nenhuma,42,83
788,60.18,183,196,87,295,203,245,145,Expositor 1,98,116
788,60.18,192,302,25,350,97,326,61,Nenhuma,48,72
788,60.18,211,139,48,188,148,164,98,Nenhuma,48,99
788,60.18,225,203,87,322,317,263,202,Expositor 1,119,229
788,60.18,235,449,186,572,357,510,271,Expositor 2,122,171
788,60.18,236,140,49,177,121,159,85,Nenhuma,37,71
789,60.26,167,39,74,90,192,65,133,Nenhuma,50,118
789,60.26,168,146,116,222,312,184,214,Expositor 1,75,195
789,60.26,176,168,24,209,105,188,65,Nenhuma,41,81
789,60.26,183,196,87,293,203,245,145,Expositor 1,97,116
789,60.26,192,302,25,351,97,326,61,Nenhuma,49,72
789,60.26,211,139,49,187,148,163,98,Nenhuma,47,98
789,60.26,225,202,87,322,318,262,202,Expositor 1,120,231
789,60.26,235,447,183,570,355,508,269,Expositor 2,122,172
789,60.26,236,142,50,179,123,160,86,Nenhuma,37,72
790,60.34,167,41,74,90,186,65,130,Nenhuma,49,112
790,60.34,168,146,117,222,312,184,214,Expositor 1,76,194
790,60.34,176,167,24,207,103,187,63,Nenhuma,40,79
790,60.34,183,196,87,293,204,245,145,Expositor 1,97,116
790,60.34,192,301,25,352,97,326,61,Nenhuma,50,72
790,60.34,211,140,50,187,147,163,98,Nenhuma,46,97
790,60.34,225,202,87,323,317,263,202,Expositor 1,120,230
790,60.34,235,447,184,567,355,507,269,Expositor 2,120,171
790,60.34,236,143,51,181,124,162,88,Nenhuma,37,72
791,60.41,167,40,74,94,196,67,135,Nenhuma,53,121
791,60.41,168,145,117,222,312,184,215,Expositor 1,76,194
791,60.41,183,198,87,295,204,247,145,Expositor 1,97,117
791,60.41,192,301,25,352,98,327,61,Nenhuma,51,73
791,60.41,211,141,49,186,142,163,96,Nenhuma,44,93
791,60.41,225,202,87,323,318,263,202,Expositor 1,121,231
791,60.41,235,447,179,569,355,508,267,Expositor 2,121,175
791,60.41,236,144,52,182,126,163,89,Nenhuma,38,73
792,60.49,167,37,74,93,201,65,138,Nenhuma,56,126
792,60.49,168,145,118,222,311,183,214,Expositor 1,76,193
792,60.49,183,193,87,288,204,241,145,Expositor 1,95,117
792,60.49,192,301,24,353,99,327,62,Nenhuma,52,75
792,60.49,211,142,49,186,142,164,96,Nenhuma,43,92
792,60.49,225,202,87,325,322,263,205,Expositor 1,123,235
792,60.49,235,447,174,570,355,509,264,Expositor 2,123,180
793,60.57,167,36,74,92,202,64,138,Nenhuma,56,127
793,60.57,168,144,118,222,311,183,214,Expositor 1,77,193
793,60.57,183,193,87,287,205,240,146,Expositor 1,93,117
793,60.57,192,301,24,354,99,327,62,Nenhuma,52,75
793,60.57,206,104,72,131,131,118,102,Expositor 1,26,58
793,60.57,211,144,50,188,144,166,97,Nenhuma,43,94
793,60.57,225,202,87,325,322,263,205,Expositor 1,122,234
793,60.57,235,448,173,571,355,509,264,Expositor 2,122,182
794,60.64,167,35,75,92,203,64,139,Nenhuma,57,128
794,60.64,168,144,118,222,311,183,214,Expositor 1,78,193
794,60.64,183,196,87,289,205,242,146,Expositor 1,92,117
794,60.64,192,302,24,353,97,327,61,Nenhuma,51,72
794,60.64,206,103,74,131,131,117,103,Expositor 1,27,57
794,60.64,208,34,75,80,188,57,131,Nenhuma,45,113
794,60.64,211,147,50,190,146,168,98,Nenhuma,43,95
794,60.64,225,200,88,324,324,262,206,Expositor 1,123,236
794,60.64,235,450,172,572,356,511,264,Expositor 2,122,183
795,60.72,167,35,75,92,205,64,140,Nenhuma,57,129
795,60.72,168,144,120,222,311,183,216,Expositor 1,77,191
795,60.72,183,196,87,288,204,242,146,Expositor 1,91,116
795,60.72,192,302,25,352,96,327,60,Nenhuma,50,71
795,60.72,206,100,77,128,134,114,105,Expositor 1,27,56
795,60.72,208,34,74,80,190,57,132,Nenhuma,46,115
795,60.72,211,154,49,199,145,176,97,Nenhuma,44,96
795,60.72,225,201,88,325,323,263,205,Expositor 1,123,235
795,60.72,235,449,172,570,356,509,264,Expositor 2,121,184
795,60.72,242,254,310,332,358,293,334,Nenhuma,77,47
796,60.8,167,35,75,93,206,64,140,Nenhuma,58,131
796,60.8,168,144,122,222,312,183,217,Expositor 1,77,189
796,60.8,183,194,88,283,203,238,145,Expositor 1,88,115
796,60.8,192,301,25,353,96,327,60,Nenhuma,51,71
796,60.8,206,98,80,125,136,111,108,Expositor 1,26,56
796,60.8,208,34,74,80,192,57,133,Nenhuma,46,117
796,60.8,211,155,49,200,147,177,98,Nenhuma,44,97
796,60.8,225,203,88,325,320,264,204,Expositor 1,122,231
796,60.8,235,449,172,569,356,509,264,Expositor 2,119,184
796,60.8,242,257,306,340,358,299,332,Nenhuma,83,51
797,60.87,167,34,75,93,206,64,140,Nenhuma,58,131
797,60.87,168,143,122,221,312,182,217,Expositor 1,78,189
797,60.87,183,194,88,281,203,238,145,Expositor 1,86,115
797,60.87,192,302,25,352,94,327,59,Nenhuma,50,69
797,60.87,206,95,83,122,138,108,111,Expositor 1,26,55
797,60.87,208,34,74,81,193,57,134,Nenhuma,47,118
797,60.87,211,156,48,199,143,178,95,Nenhuma,43,94
797,60.87,225,204,88,324,316,264,202,Expositor 1,120,227
797,60.87,235,450,171,569,355,509,263,Expositor 2,118,184
797,60.87,242,256,304,343,358,299,331,Nenhuma,87,53
797,60.87,243,111,27,159,155,135,91,Nenhuma,48,128
798,60.95,167,35,75,93,206,64,140,Nenhuma,58,131
798,60.95,168,142,123,221,312,182,218,Expositor 1,78,188
798,60.95,183,195,88,279,202,237,145,Expositor 1,84,113
798,60.95,192,302,25,352,94,327,59,Nenhuma,49,69
798,60.95,208,34,74,82,195,58,134,Nenhuma,47,120
798,60.95,211,159,48,200,136,179,92,Nenhuma,40,87
798,60.95,225,204,89,324,316,264,202,Expositor 1,120,226
798,60.95,235,451,172,567,353,509,263,Expositor 2,115,181
798,60.95,242,248,302,340,358,294,330,Nenhuma,91,55
798,60.95,243,110,25,159,156,134,91,Nenhuma,48,130
799,61.02,167,35,75,93,205,64,140,Nenhuma,58,130
799,61.02,168,141,124,221,314,181,219,Expositor 1,79,189
799,61.02,183,195,88,278,202,237,145,Expositor 1,82,113
799,61.02,192,301,23,353,93,327,58,Nenhuma,51,70
799,61.02,211,161,48,199,129,180,88,Nenhuma,38,81
799,61.02,225,204,89,324,315,264,202,Expositor 1,119,226
799,61.02,235,453,175,562,347,507,261,Expositor 2,109,172
799,61.02,242,243,298,342,358,293,328,Nenhuma,98,59
799,61.02,243,113,23,164,157,138,90,Nenhuma,50,134
800,61.1,167,35,75,93,204,64,140,Nenhuma,57,128
800,61.1,168,140,126,221,316,180,221,Expositor 1,80,189
800,61.1,183,203,86,290,204,247,145,Expositor 1,86,118
800,61.1,192,301,23,353,95,327,59,Nenhuma,52,71
800,61.1,211,163,48,200,127,182,87,Nenhuma,37,79
800,61.1,225,204,89,324,315,264,202,Expositor 1,119,226
800,61.1,232,238,274,346,357,292,316,Nenhuma,107,83
800,61.1,235,451,174,561,347,506,260,Expositor 2,109,172
800,61.1,242,242,295,344,357,293,326,Nenhuma,102,62
800,61.1,243,114,19,166,158,140,89,Nenhuma,52,139
801,61.18,167,36,76,94,204,65,140,Nenhuma,57,128
801,61.18,168,138,126,221,318,180,222,Expositor 1,82,192
801,61.18,183,207,85,294,205,250,145,Expositor 1,87,119
801,61.18,192,301,23,354,97,327,60,Nenhuma,53,73
801,61.18,211,165,48,201,125,183,86,Nenhuma,36,77
801,61.18,225,204,86,314,296,259,191,Expositor 1,110,209
801,61.18,232,240,278,347,358,294,318,Nenhuma,106,79
801,61.18,235,452,180,557,349,504,265,Expositor 2,105,168
801,61.18,242,241,293,347,357,294,325,Nenhuma,105,64
801,61.18,243,111,18,165,160,138,89,Nenhuma,54,142
801,61.18,246,160,47,217,185,188,116,Expositor 1,56,138
802,61.25,167,36,76,93,204,65,140,Nenhuma,57,128
802,61.25,168,136,126,221,322,178,224,Expositor 1,84,196
802,61.25,183,208,85,296,205,252,145,Expositor 1,88,120
802,61.25,192,301,23,354,97,328,60,Nenhuma,52,73
802,61.25,211,167,47,203,123,185,85,Nenhuma,35,75
802,61.25,225,201,85,309,295,255,190,Expositor 1,108,210
802,61.25,232,252,278,354,358,303,318,Nenhuma,102,79
802,61.25,235,452,182,557,350,504,266,Expositor 2,104,168
802,61.25,242,240,291,349,358,294,324,Nenhuma,109,66
802,61.25,243,109,18,164,161,137,90,Nenhuma,54,142
802,61.25,246,160,46,217,185,189,115,Expositor 1,57,139
803,61.33,167,36,76,93,202,64,139,Nenhuma,56,126
803,61.33,168,132,128,220,327,176,228,Expositor 1,87,199
803,61.33,183,209,84,297,206,253,145,Expositor 1,88,121
803,61.33,192,302,24,354,97,328,60,Nenhuma,52,73
803,61.33,208,37,75,78,178,57,127,Nenhuma,41,102
803,61.33,225,203,85,300,277,252,181,Expositor 1,96,191
803,61.33,232,247,268,364,357,306,312,Nenhuma,117,89
803,61.33,235,457,190,557,352,507,271,Expositor 2,100,162
803,61.33,243,109,17,164,162,137,89,Nenhuma,55,145
803,61.33,246,159,46,220,194,190,120,Expositor 1,60,148
804,61.41,151,252,245,360,357,306,301,Nenhuma,108,111
804,61.41,167,35,76,90,200,62,138,Nenhuma,55,124
804,61.41,168,128,129,218,331,173,230,Expositor 1,90,202
804,61.41,183,209,84,298,206,254,145,Expositor 1,89,121
804,61.41,192,301,24,354,97,328,60,Nenhuma,52,72
804,61.41,208,36,75,76,176,56,126,Nenhuma,40,100
804,61.41,225,206,85,296,262,251,173,Expositor 1,89,177
804,61.41,232,250,266,368,357,309,312,Nenhuma,118,90
804,61.41,235,464,198,549,336,506,267,Expositor 2,85,137
804,61.41,243,108,15,165,163,137,89,Nenhuma,56,147
804,61.41,246,160,46,222,197,191,122,Expositor 1,62,150
805,61.48,151,252,241,367,356,310,299,Nenhuma,115,115
805,61.48,167,34,75,89,200,61,137,Nenhuma,54,124
805,61.48,168,125,130,217,333,171,232,Expositor 1,91,203
805,61.48,183,210,84,299,206,255,145,Expositor 1,89,122
805,61.48,192,301,24,354,97,328,60,Nenhuma,52,72
805,61.48,208,36,75,76,176,56,126,Nenhuma,40,101
805,61.48,225,206,87,293,259,250,173,Expositor 1,87,172
805,61.48,232,252,265,372,357,312,311,Nenhuma,119,91
805,61.48,235,465,203,547,334,506,268,Expositor 2,82,130
805,61.48,243,108,13,165,164,136,88,Nenhuma,57,150
805,61.48,246,160,46,223,198,192,122,Expositor 1,62,151
806,61.56,151,251,234,373,356,312,295,Nenhuma,122,122
806,61.56,167,35,75,91,201,63,138,Nenhuma,55,126
806,61.56,168,122,132,216,334,169,233,Expositor 1,93,202
806,61.56,192,302,25,354,97,328,61,Nenhuma,52,72
806,61.56,208,36,75,76,176,56,125,Nenhuma,40,101
806,61.56,225,205,89,291,258,248,174,Expositor 1,85,168
806,61.56,232,254,264,376,356,315,310,Nenhuma,121,92
806,61.56,235,465,206,547,334,506,270,Expositor 2,82,127
806,61.56,243,131,40,169,139,150,89,Nenhuma,37,98
806,61.56,246,160,47,223,199,192,123,Expositor 1,62,151
807,61.64,151,253,233,376,356,314,294,Nenhuma,123,123
807,61.64,167,35,74,92,203,64,138,Nenhuma,57,128
807,61.64,168,118,134,213,334,165,234,Expositor 1,94,200
807,61.64,176,99,39,141,126,120,83,Nenhuma,42,86
807,61.64,192,301,24,354,97,328,60,Nenhuma,52,72
807,61.64,208,36,75,76,176,56,125,Nenhuma,40,100
807,61.64,225,200,94,284,258,242,176,Expositor 1,83,163
807,61.64,235,462,207,547,336,504,272,Expositor 2,85,129
807,61.64,243,133,41,170,137,151,89,Nenhuma,36,95
807,61.64,246,160,48,223,199,191,124,Expositor 1,62,151
808,61.71,151,253,220,386,355,320,288,Nenhuma,133,134
808,61.71,167,35,74,93,205,64,139,Nenhuma,58,131
808,61.71,168,114,139,208,334,161,236,Expositor 1,93,194
808,61.71,176,97,40,138,127,118,83,Nenhuma,40,86
808,61.71,192,301,22,354,97,328,59,Nenhuma,53,74
808,61.71,208,36,75,76,175,56,125,Nenhuma,40,100
808,61.71,225,197,96,279,259,238,178,Expositor 1,82,163
808,61.71,235,454,210,546,347,500,279,Expositor 2,92,136
808,61.71,236,171,52,208,116,189,84,Nenhuma,37,64
808,61.71,243,134,40,180,163,157,101,Expositor 1,45,122
808,61.71,246,159,50,221,199,190,125,Expositor 1,61,149
809,61.79,151,253,215,389,355,321,285,Nenhuma,136,139
809,61.79,167,35,73,94,205,64,139,Nenhuma,58,131
809,61.79,168,109,139,205,335,157,237,Expositor 1,96,196
809,61.79,176,97,40,137,127,117,84,Nenhuma,39,86
809,61.79,183,197,93,279,207,238,150,Expositor 1,82,113
809,61.79,192,301,22,354,96,328,59,Nenhuma,53,74
809,61.79,225,195,95,277,260,236,178,Expositor 1,82,164
809,61.79,235,449,215,544,353,496,284,Expositor 2,95,137
809,61.79,236,172,52,212,114,192,83,Nenhuma,39,62
809,61.79,243,136,41,182,165,159,103,Expositor 1,46,124
809,61.79,246,160,50,221,198,191,124,Expositor 1,60,147
810,61.87,151,262,209,403,355,332,282,Nenhuma,140,145
810,61.87,167,36,73,93,203,65,138,Nenhuma,57,129
810,61.87,168,100,140,199,342,149,241,Expositor 1,98,202
810,61.87,176,94,41,134,128,114,84,Nenhuma,39,86
810,61.87,183,192,93,274,207,233,150,Expositor 1,81,113
810,61.87,192,300,22,353,96,327,59,Nenhuma,53,74
810,61.87,225,191,94,274,260,232,177,Expositor 1,82,166
810,61.87,235,452,222,546,355,499,289,Expositor 2,93,132
810,61.87,236,175,51,217,114,196,82,Nenhuma,41,62
810,61.87,243,141,41,181,146,161,93,Nenhuma,40,105
810,61.87,246,163,49,224,198,193,124,Expositor 1,61,148
811,61.94,151,264,207,407,355,336,281,Nenhuma,142,148
811,61.94,167,35,73,93,203,64,138,Nenhuma,57,129
811,61.94,168,94,141,193,347,143,244,Expositor 1,98,205
811,61.94,176,91,42,130,128,111,85,Nenhuma,39,86
811,61.94,183,188,96,270,209,229,152,Expositor 1,81,112
811,61.94,192,298,20,352,95,325,58,Nenhuma,54,74
811,61.94,225,189,94,271,258,230,176,Expositor 1,81,163
811,61.94,235,456,230,546,356,501,293,Expositor 2,89,126
811,61.94,236,177,50,226,120,202,85,Nenhuma,48,69
811,61.94,243,138,45,184,167,161,106,Expositor 1,45,122
811,61.94,246,163,49,225,199,194,124,Expositor 1,61,150
812,62.02,151,278,198,426,355,352,277,Nenhuma,148,157
812,62.02,167,35,73,92,203,63,138,Nenhuma,57,129
812,62.02,168,91,143,190,349,140,246,Expositor 1,98,206
812,62.02,176,96,40,136,128,116,84,Nenhuma,39,87
812,62.02,183,183,95,267,212,225,154,Expositor 1,83,116
812,62.02,192,297,20,350,94,324,57,Nenhuma,53,73
812,62.02,225,187,95,267,256,227,175,Expositor 1,79,160
812,62.02,235,457,235,545,357,501,296,Expositor 2,88,121
812,62.02,236,183,50,229,113,206,81,Nenhuma,45,63
812,62.02,243,139,46,186,173,163,110,Expositor 1,46,127
812,62.02,246,164,50,226,201,195,125,Expositor 1,61,151
813,62.09,151,275,193,428,355,351,274,Nenhuma,152,162
813,62.09,167,33,73,82,185,58,129,Nenhuma,49,111
813,62.09,168,91,145,188,350,140,247,Expositor 1,97,205
813,62.09,176,93,40,133,128,113,84,Nenhuma,39,87
813,62.09,183,178,96,263,215,220,155,Expositor 1,85,118
813,62.09,192,299,24,349,92,324,58,Nenhuma,50,68
813,62.09,225,186,96,264,254,225,175,Expositor 1,78,157
813,62.09,235,455,242,540,357,498,299,Expositor 2,84,115
813,62.09,236,185,48,235,115,210,82,Nenhuma,49,67
813,62.09,243,140,45,188,177,164,111,Expositor 1,48,131
813,62.09,246,164,50,227,202,195,126,Expositor 1,62,152
814,62.17,151,277,189,433,355,355,272,Nenhuma,155,165
814,62.17,167,31,73,78,182,55,128,Nenhuma,47,108
814,62.17,168,92,146,188,351,140,249,Expositor 1,96,204
814,62.17,176,91,41,131,129,111,85,Nenhuma,39,87
814,62.17,183,175,98,260,217,217,157,Expositor 1,84,118
814,62.17,192,298,22,348,90,323,56,Nenhuma,50,67
814,62.17,235,453,247,535,357,494,302,Nenhuma,82,109
814,62.17,236,186,47,238,118,212,83,Nenhuma,52,71
814,62.17,243,140,44,188,177,164,110,Expositor 1,48,132
815,62.25,151,274,186,431,356,353,271,Nenhuma,157,170
815,62.25,167,30,73,77,180,53,127,Nenhuma,46,106
815,62.25,168,92,148,188,351,140,250,Expositor 1,95,203
815,62.25,176,88,41,128,130,108,85,Nenhuma,39,88
815,62.25,183,172,101,256,220,214,160,Expositor 1,84,119
815,62.25,192,297,20,348,89,323,55,Nenhuma,51,68
815,62.25,235,448,252,529,357,489,304,Nenhuma,81,105
815,62.25,236,185,46,244,128,215,87,Nenhuma,59,81
815,62.25,243,141,45,190,179,166,112,Expositor 1,48,134
816,62.32,151,274,184,431,356,352,270,Nenhuma,157,172
816,62.32,167,29,73,77,181,53,127,Nenhuma,47,107
816,62.32,168,93,148,190,351,142,250,Expositor 1,96,202
816,62.32,176,100,40,133,108,117,74,Nenhuma,32,68
816,62.32,183,169,102,254,223,211,162,Expositor 1,84,121
816,62.32,192,296,20,347,89,322,54,Nenhuma,51,68
816,62.32,235,445,255,526,357,486,306,Nenhuma,80,101
816,62.32,236,189,47,245,124,217,85,Nenhuma,55,77
816,62.32,243,137,36,187,177,162,106,Expositor 1,50,141
817,62.4,151,275,180,435,356,355,268,Nenhuma,160,176
817,62.4,167,29,73,76,181,53,127,Nenhuma,47,107
817,62.4,168,94,150,190,350,142,250,Expositor 1,95,200
817,62.4,176,99,40,131,107,115,74,Nenhuma,31,67
817,62.4,183,166,104,252,227,209,165,Expositor 1,85,123
817,62.4,192,297,19,347,86,322,52,Nenhuma,49,66
817,62.4,235,443,258,523,358,483,308,Nenhuma,79,99
817,62.4,236,194,48,243,113,218,80,Nenhuma,48,64
817,62.4,243,134,32,186,176,160,104,Expositor 1,51,143
818,62.48,151,277,177,440,356,358,267,Nenhuma,163,179
818,62.48,167,29,73,76,180,52,126,Nenhuma,46,107
818,62.48,168,93,150,189,350,141,250,Expositor 1,96,200
818,62.48,176,98,40,137,123,118,81,Nenhuma,38,83
818,62.48,183,164,106,248,229,206,167,Expositor 1,84,122
818,62.48,192,295,18,345,86,320,52,Nenhuma,50,68
818,62.48,235,440,260,520,358,480,309,Nenhuma,79,97
818,62.48,236,197,48,242,108,220,78,Nenhuma,45,59
818,62.48,243,135,34,184,170,159,102,Expositor 1,49,136
818,62.48,251,365,49,399,139,382,94,Nenhuma,34,90
819,62.55,151,264,179,424,356,344,267,Nenhuma,159,176
819,62.55,167,28,73,75,179,52,126,Nenhuma,46,106
819,62.55,168,92,150,189,350,140,250,Expositor 1,96,200
819,62.55,176,99,40,137,122,118,81,Nenhuma,37,82
819,62.55,183,163,108,245,229,204,169,Expositor 1,82,121
819,62.55,192,294,19,343,85,318,52,Nenhuma,49,66
819,62.55,235,439,262,519,358,479,310,Nenhuma,80,95
819,62.55,236,198,48,243,106,220,77,Nenhuma,45,57
819,62.55,243,135,34,183,166,159,100,Expositor 1,47,131
819,62.55,251,365,49,399,139,382,94,Nenhuma,34,90
820,62.63,151,256,179,418,356,337,267,Nenhuma,162,177
820,62.63,167,28,73,74,179,51,126,Nenhuma,46,106
820,62.63,168,90,151,188,353,139,252,Expositor 1,98,202
820,62.63,176,100,40,136,115,118,78,Nenhuma,35,75
820,62.63,183,159,109,242,231,201,170,Expositor 1,83,122
820,62.63,192,292,18,341,86,317,52,Nenhuma,49,68
820,62.63,235,437,264,518,358,478,311,Nenhuma,80,93
820,62.63,236,196,48,246,110,221,79,Nenhuma,49,62
820,62.63,243,136,36,183,164,159,100,Expositor 1,46,128
820,62.63,251,365,49,399,139,382,94,Nenhuma,33,90
821,62.71,151,268,178,427,355,347,266,Nenhuma,159,177
821,62.71,167,29,73,75,180,52,126,Nenhuma,46,107
821,62.71,168,89,152,188,355,138,253,Expositor 1,98,202
821,62.71,176,102,40,134,108,118,74,Nenhuma,32,68
821,62.71,183,157,110,240,233,198,172,Expositor 1,83,122
821,62.71,192,291,17,341,86,316,52,Nenhuma,50,68
821,62.71,225,160,108,240,270,200,189,Expositor 1,79,161
821,62.71,235,436,268,516,358,476,313,Nenhuma,79,89
821,62.71,236,197,48,247,110,222,79,Nenhuma,49,62
821,62.71,243,137,37,183,162,160,99,Nenhuma,46,124
821,62.71,251,365,49,399,139,382,94,Nenhuma,33,90
822,62.78,151,268,177,426,355,347,266,Nenhuma,158,177
822,62.78,167,29,72,77,181,53,127,Nenhuma,47,108
822,62.78,168,87,153,186,355,136,254,Expositor 1,99,202
822,62.78,176,102,40,134,107,118,73,Nenhuma,32,67
822,62.78,183,154,111,238,235,196,173,Expositor 1,83,123
822,62.78,192,290,17,340,86,315,52,Nenhuma,49,68
822,62.78,225,160,109,233,253,197,181,Expositor 1,73,143
822,62.78,235,431,272,508,358,469,315,Nenhuma,77,86
822,62.78,236,198,49,249,111,223,80,Nenhuma,50,62
822,62.78,243,136,37,182,157,159,97,Nenhuma,45,120
822,62.78,251,365,49,399,139,382,94,Nenhuma,33,90
823,62.86,151,266,177,424,355,345,266,Nenhuma,158,178
823,62.86,167,28,72,75,178,51,125,Nenhuma,46,105
823,62.86,168,83,153,183,355,133,254,Expositor 1,99,202
823,62.86,176,102,40,135,108,118,74,Nenhuma,33,68
823,62.86,183,151,113,235,236,193,174,Expositor 1,83,123
823,62.86,192,290,17,341,88,315,52,Nenhuma,50,70
823,62.86,225,162,110,230,239,196,174,Expositor 1,68,129
823,62.86,235,428,277,502,357,465,317,Nenhuma,74,80
823,62.86,236,197,49,252,117,224,83,Nenhuma,54,68
823,62.86,243,137,37,181,152,159,94,Nenhuma,43,115
823,62.86,251,365,49,399,139,382,94,Nenhuma,33,90
824,62.93,151,264,176,421,355,342,266,Nenhuma,157,178
824,62.93,167,28,72,74,177,51,125,Nenhuma,45,104
824,62.93,168,82,154,181,355,131,254,Expositor 1,98,201
824,62.93,176,101,39,135,107,118,73,Nenhuma,33,68
824,62.93,192,290,17,341,87,316,52,Nenhuma,50,70
824,62.93,225,160,110,227,235,194,172,Expositor 1,67,125
824,62.93,232,413,283,510,357,462,320,Nenhuma,96,74
824,62.93,235,427,280,498,357,462,319,Nenhuma,71,76
824,62.93,236,197,50,255,124,226,87,Nenhuma,58,74
824,62.93,243,138,38,180,148,159,93,Nenhuma,42,109
824,62.93,246,199,49,253,178,226,113,Expositor 1,53,129
824,62.93,251,365,48,400,139,383,94,Nenhuma,34,90
825,63.01,151,267,176,423,355,345,266,Nenhuma,155,178
825,63.01,167,29,73,76,180,52,127,Nenhuma,47,107
825,63.01,168,79,155,178,354,129,255,Expositor 1,98,199
825,63.01,176,101,39,135,109,118,74,Nenhuma,34,69
825,63.01,192,290,18,340,87,315,53,Nenhuma,49,69
825,63.01,225,153,110,227,247,190,178,Expositor 1,73,136
825,63.01,232,420,292,510,357,465,325,Nenhuma,90,65
825,63.01,235,426,284,494,357,460,321,Nenhuma,67,73
825,63.01,236,199,50,258,126,228,88,Nenhuma,59,75
825,63.01,243,138,37,180,146,159,92,Nenhuma,42,109
825,63.01,246,202,49,257,186,230,117,Expositor 1,55,136
825,63.01,251,365,49,399,139,382,94,Nenhuma,34,90
826,63.09,151,267,177,422,355,345,266,Nenhuma,155,178
826,63.09,167,28,73,79,188,54,130,Nenhuma,50,115
826,63.09,168,77,156,176,354,127,255,Expositor 1,98,197
826,63.09,176,101,39,136,110,118,75,Nenhuma,35,70
826,63.09,192,291,18,340,87,316,52,Nenhuma,49,69
826,63.09,225,152,110,224,242,188,176,Expositor 1,71,132
826,63.09,232,435,296,518,358,477,327,Nenhuma,82,61
826,63.09,235,424,288,489,358,457,323,Nenhuma,64,69
826,63.09,236,200,50,260,127,230,89,Nenhuma,60,76
826,63.09,243,136,30,182,147,159,89,Nenhuma,45,117
826,63.09,246,203,49,260,188,232,118,Expositor 1,56,139
826,63.09,251,365,49,399,140,382,94,Nenhuma,34,91
827,63.16,151,269,175,424,355,347,265,Nenhuma,155,180
827,63.16,167,28,72,81,191,54,132,Nenhuma,52,119
827,63.16,168,74,157,174,354,124,255,Expositor 1,100,197
827,63.16,176,98,40,137,120,118,80,Nenhuma,39,80
827,63.16,192,292,18,341,86,316,52,Nenhuma,48,68
827,63.16,225,150,113,220,240,185,176,Expositor 1,69,127
827,63.16,232,445,298,524,358,485,328,Nenhuma,79,59
827,63.16,236,201,50,262,128,232,89,Nenhuma,60,77
827,63.16,243,133,23,181,144,157,84,Nenhuma,47,120
827,63.16,246,209,49,265,190,237,120,Expositor 1,56,140
827,63.16,251,365,49,399,140,382,94,Nenhuma,33,91
828,63.24,151,267,175,422,355,344,265,Nenhuma,155,180
828,63.24,167,28,72,81,196,54,134,Nenhuma,53,123
828,63.24,168,72,157,173,353,123,255,Expositor 1,101,196
828,63.24,176,99,40,138,119,118,79,Nenhuma,38,79
828,63.24,192,293,20,340,86,317,53,Nenhuma,46,66
828,63.24,225,150,116,217,239,184,177,Expositor 1,67,122
828,63.24,232,454,300,531,358,492,329,Nenhuma,76,57
828,63.24,243,133,21,179,135,156,78,Nenhuma,46,114
828,63.24,246,212,53,267,190,240,121,Expositor 1,54,136
828,63.24,251,365,49,399,140,382,94,Nenhuma,33,91
828,63.24,255,409,310,491,358,450,334,Nenhuma,81,48
829,63.32,151,271,175,425,355,348,265,Nenhuma,153,180
829,63.32,167,26,72,81,198,54,135,Nenhuma,54,126
829,63.32,168,71,157,174,353,122,255,Expositor 1,103,195
829,63.32,176,99,40,137,120,118,80,Nenhuma,38,80
829,63.32,192,293,20,340,85,316,53,Nenhuma,46,65
829,63.32,225,149,120,216,239,183,179,Expositor 1,66,119
829,63.32,232,463,302,537,358,500,330,Nenhuma,74,55
829,63.32,243,134,20,180,133,157,76,Nenhuma,46,112
829,63.32,246,217,55,271,189,244,122,Expositor 1,54,134
829,63.32,251,365,49,399,139,382,94,Nenhuma,33,90
829,63.32,255,409,313,485,359,447,336,Nenhuma,76,45
830,63.39,151,266,174,420,354,343,264,Nenhuma,154,179
830,63.39,167,26,72,80,198,53,135,Nenhuma,54,125
830,63.39,168,69,158,174,354,122,256,Expositor 1,105,196
830,63.39,176,101,40,135,110,118,75,Nenhuma,34,70
830,63.39,192,293,20,339,85,316,52,Nenhuma,46,65
830,63.39,225,149,122,215,240,182,181,Expositor 1,66,117
830,63.39,243,134,20,182,132,158,76,Nenhuma,47,111
830,63.39,246,222,53,277,187,250,120,Expositor 1,54,133
830,63.39,251,365,49,399,139,382,94,Nenhuma,33,90
830,63.39,255,408,317,480,359,444,338,Nenhuma,71,42
831,63.47,151,287,173,437,352,362,262,Nenhuma,149,179
831,63.47,167,27,72,80,195,54,133,Nenhuma,53,123
831,63.47,168,69,157,176,354,123,255,Expositor 1,106,196
831,63.47,176,103,40,134,105,119,72,Nenhuma,31,65
831,63.47,192,295,23,339,85,317,54,Nenhuma,44,62
831,63.47,225,149,124,216,241,182,182,Expositor 1,67,117
831,63.47,243,134,20,182,132,158,76,Nenhuma,48,111
831,63.47,246,226,54,279,184,253,119,Expositor 1,53,129
831,63.47,251,365,49,398,139,382,94,Nenhuma,33,90
831,63.47,255,408,320,474,359,441,340,Nenhuma,66,39
832,63.55,151,297,172,441,351,369,262,Nenhuma,144,178
832,63.55,167,27,72,79,192,53,132,Nenhuma,52,120
832,63.55,168,70,158,178,354,124,256,Expositor 1,108,196
832,63.55,176,103,40,134,104,118,72,Nenhuma,31,64
832,63.55,192,296,23,341,87,318,55,Nenhuma,44,63
832,63.55,225,148,125,216,242,182,183,Expositor 1,67,116
832,63.55,243,133,20,183,133,158,76,Nenhuma,49,113
832,63.55,246,228,57,281,184,255,120,Expositor 1,52,127
832,63.55,251,365,49,399,140,382,94,Nenhuma,33,91
833,63.62,151,291,171,436,352,363,262,Nenhuma,144,181
833,63.62,167,28,71,80,189,54,130,Nenhuma,51,117
833,63.62,168,72,160,179,354,126,257,Expositor 1,107,193
833,63.62,176,103,40,134,102,118,71,Nenhuma,30,62
833,63.62,192,295,22,342,89,319,56,Nenhuma,46,66
833,63.62,225,148,125,215,241,181,183,Expositor 1,67,115
833,63.62,243,133,20,183,133,158,76,Nenhuma,50,112
833,63.62,246,233,57,286,183,260,120,Expositor 1,52,125
833,63.62,251,365,49,399,140,382,94,Nenhuma,33,91
833,63.62,257,91,71,132,153,112,112,Expositor 1,41,82
834,63.7,151,302,170,443,352,373,261,Nenhuma,140,181
834,63.7,167,29,71,81,191,55,131,Nenhuma,52,119
834,63.7,168,75,163,181,354,128,258,Expositor 1,106,190
834,63.7,176,104,40,134,101,119,70,Nenhuma,30,61
834,63.7,192,296,21,344,91,320,56,Nenhuma,47,69
834,63.7,225,146,126,217,247,181,186,Expositor 1,71,121
834,63.7,243,134,20,183,131,158,75,Nenhuma,49,110
834,63.7,246,234,58,288,185,261,121,Expositor 1,53,126
834,63.7,251,365,49,399,140,382,94,Nenhuma,33,91
834,63.7,257,90,71,133,154,112,112,Expositor 1,42,83
835,63.77,151,310,170,447,353,378,261,Nenhuma,137,182
835,63.77,167,29,72,86,200,57,136,Nenhuma,56,127
835,63.77,168,79,167,183,354,131,260,Expositor 1,104,186
835,63.77,176,104,40,134,100,119,70,Nenhuma,29,60
835,63.77,183,132,125,232,281,182,203,Expositor 1,99,156
835,63.77,192,296,21,344,91,320,56,Nenhuma,48,69
835,63.77,225,145,127,215,247,180,187,Expositor 1,70,120
835,63.77,243,133,20,184,133,159,76,Nenhuma,51,112
835,63.77,246,238,61,291,184,265,122,Expositor 1,52,122
835,63.77,251,365,49,399,140,382,94,Nenhuma,33,91
835,63.77,257,91,71,132,152,112,111,Expositor 1,41,81
836,63.85,151,314,169,449,355,382,262,Nenhuma,134,185
836,63.85,167,30,72,89,203,59,137,Nenhuma,58,130
836,63.85,168,81,170,184,354,132,262,Expositor 1,102,183
836,63.85,176,104,40,133,99,119,69,Nenhuma,29,58
836,63.85,183,132,125,230,288,181,206,Expositor 1,98,162
836,63.85,192,296,21,344,92,320,56,Nenhuma,48,70
836,63.85,225,146,125,215,243,181,184,Expositor 1,69,117
836,63.85,243,132,20,184,133,158,77,Nenhuma,51,112
836,63.85,246,239,62,293,187,266,125,Expositor 1,53,124
836,63.85,251,365,49,399,139,382,94,Nenhuma,33,90
836,63.85,257,91,71,132,152,112,111,Expositor 1,41,81
837,63.93,151,320,168,452,355,386,261,Nenhuma,131,186
837,63.93,167,31,72,90,203,61,138,Nenhuma,59,130
837,63.93,168,84,174,185,354,134,264,Expositor 1,100,179
837,63.93,176,104,40,133,98,119,69,Nenhuma,28,57
837,63.93,183,132,124,230,294,181,209,Expositor 1,97,169
837,63.93,192,296,21,344,92,320,57,Nenhuma,48,70
837,63.93,225,145,124,216,244,181,184,Expositor 1,70,119
837,63.93,243,132,20,183,130,157,75,Nenhuma,51,110
837,63.93,246,242,64,294,182,268,123,Expositor 1,51,117
837,63.93,251,366,49,399,139,382,94,Nenhuma,33,90
837,63.93,257,91,71,132,152,112,111,Expositor 1,41,81
838,64.0,151,324,168,453,355,389,262,Nenhuma,129,187
838,64.0,167,31,72,91,200,61,136,Nenhuma,59,128
838,64.0,168,88,179,186,354,137,267,Expositor 1,97,175
838,64.0,183,132,124,229,297,181,210,Expositor 1,96,173
838,64.0,225,145,124,216,244,181,184,Expositor 1,71,119
838,64.0,243,132,20,183,129,157,74,Nenhuma,51,109
838,64.0,246,245,72,293,180,269,126,Expositor 1,47,108
838,64.0,251,366,48,399,139,382,94,Nenhuma,32,90
838,64.0,257,91,71,132,152,112,111,Expositor 1,41,81
838,64.0,261,29,72,79,182,54,127,Nenhuma,50,109
839,64.08,151,327,168,452,355,390,261,Nenhuma,125,186
839,64.08,167,31,72,91,201,61,137,Nenhuma,60,128
839,64.08,168,91,181,187,353,139,267,Expositor 1,96,171
839,64.08,183,134,122,228,295,181,209,Expositor 1,93,172
839,64.08,192,295,22,341,90,318,56,Nenhuma,46,68
839,64.08,225,144,125,215,244,180,184,Expositor 1,70,118
839,64.08,243,132,20,183,128,158,74,Nenhuma,50,107
839,64.08,246,249,76,295,180,272,128,Expositor 1,45,103
839,64.08,251,366,49,399,138,383,93,Nenhuma,32,89
839,64.08,261,28,73,77,180,53,126,Nenhuma,48,107
839,64.08,262,310,153,349,250,329,201,Nenhuma,38,96
840,64.16,151,328,168,451,355,390,262,Nenhuma,122,187
840,64.16,167,32,72,92,202,62,137,Nenhuma,60,129
840,64.16,168,92,182,188,353,140,268,Expositor 1,95,171
840,64.16,176,98,40,139,124,118,82,Nenhuma,40,84
840,64.16,183,137,121,227,291,182,206,Expositor 1,89,170
840,64.16,192,295,22,340,89,318,56,Nenhuma,44,66
840,64.16,225,147,121,216,236,181,179,Expositor 1,69,115
840,64.16,243,131,20,183,130,157,75,Nenhuma,52,110
840,64.16,246,250,73,298,180,274,127,Expositor 1,47,107
840,64.16,251,366,48,399,138,382,93,Nenhuma,32,89
840,64.16,261,28,73,77,180,53,126,Nenhuma,48,107
840,64.16,262,313,158,350,254,332,206,Nenhuma,37,95
841,64.23,151,330,167,450,355,390,261,Nenhuma,120,187
841,64.23,167,32,72,93,203,62,138,Nenhuma,60,130
841,64.23,168,95,186,189,353,142,270,Expositor 1,94,167
841,64.23,176,98,40,139,126,118,83,Nenhuma,40,86
841,64.23,183,138,120,226,290,182,205,Expositor 1,87,169
841,64.23,192,295,22,340,89,317,56,Nenhuma,44,66
841,64.23,225,147,120,216,233,182,177,Expositor 1,68,113
841,64.23,243,130,19,185,137,158,78,Nenhuma,54,117
841,64.23,246,253,75,300,180,277,127,Expositor 1,46,105
841,64.23,251,366,49,399,138,382,93,Nenhuma,32,89
841,64.23,261,28,73,77,179,52,126,Nenhuma,48,106
841,64.23,262,316,160,354,255,335,208,Nenhuma,37,94
842,64.31,151,331,166,449,353,390,260,Nenhuma,118,187
842,64.31,168,96,190,189,354,142,272,Expositor 1,92,163
842,64.31,176,101,40,137,116,119,78,Nenhuma,36,76
842,64.31,183,137,120,225,292,181,206,Expositor 1,88,171
842,64.31,192,295,22,336,83,316,52,Nenhuma,41,61
842,64.31,225,143,118,220,245,182,181,Expositor 1,76,127
842,64.31,243,132,19,184,129,158,74,Nenhuma,51,110
842,64.31,246,256,76,302,179,279,128,Expositor 1,45,103
842,64.31,251,366,49,399,138,382,93,Nenhuma,32,89
842,64.31,261,28,73,76,179,52,126,Nenhuma,48,106
842,64.31,262,319,163,356,258,337,210,Nenhuma,37,95
843,64.39,151,331,166,448,354,390,260,Nenhuma,116,188
843,64.39,168,97,189,190,353,144,271,Expositor 1,93,163
843,64.39,176,101,40,138,119,119,79,Nenhuma,37,79
843,64.39,183,138,117,226,290,182,204,Expositor 1,87,172
843,64.39,192,294,22,336,83,315,52,Nenhuma,41,60
843,64.39,225,143,117,220,246,181,182,Expositor 1,77,128
843,64.39,243,130,19,186,137,158,78,Nenhuma,55,118
843,64.39,246,259,78,304,179,282,128,Expositor 1,44,101
843,64.39,251,366,49,399,139,382,94,Nenhuma,33,89
843,64.39,261,28,73,76,179,52,126,Nenhuma,48,106
843,64.39,262,322,165,360,259,341,212,Nenhuma,37,94
844,64.46,151,333,167,447,354,390,261,Nenhuma,114,187
844,64.46,168,97,188,191,353,144,270,Expositor 1,94,164
844,64.46,176,100,40,138,120,119,80,Nenhuma,37,80
844,64.46,183,139,116,225,287,182,202,Expositor 1,85,171
844,64.46,192,288,18,332,82,310,50,Nenhuma,44,64
844,64.46,225,142,117,220,246,181,182,Expositor 1,77,128
844,64.46,243,132,19,183,127,157,73,Nenhuma,51,107
844,64.46,251,366,49,399,139,382,94,Nenhuma,32,89
844,64.46,261,27,72,76,179,52,125,Nenhuma,48,107
844,64.46,262,326,167,363,260,345,214,Nenhuma,37,93
845,64.54,151,333,167,446,355,390,261,Nenhuma,113,188
845,64.54,168,96,188,190,353,143,271,Expositor 1,94,164
845,64.54,176,101,40,135,111,118,75,Nenhuma,33,71
845,64.54,183,139,114,225,289,182,201,Expositor 1,85,174
845,64.54,192,285,17,329,80,307,48,Nenhuma,43,63
845,64.54,225,145,113,220,238,182,176,Expositor 1,75,124
845,64.54,243,133,20,182,122,157,71,Nenhuma,49,102
845,64.54,251,366,50,398,139,382,94,Nenhuma,32,89
845,64.54,261,27,72,76,179,51,125,Nenhuma,48,107
845,64.54,262,328,167,366,261,347,214,Nenhuma,37,94
846,64.61,151,334,167,445,355,390,261,Nenhuma,111,188
846,64.61,168,95,186,190,353,142,270,Expositor 1,95,167
846,64.61,176,99,40,137,122,118,81,Nenhuma,38,82
846,64.61,183,142,112,222,278,182,195,Expositor 1,80,165
846,64.61,192,282,16,326,80,304,48,Nenhuma,43,64
846,64.61,225,144,113,220,238,182,175,Expositor 1,75,125
846,64.61,243,132,20,182,120,157,70,Nenhuma,49,100
846,64.61,251,366,49,399,139,382,94,Nenhuma,33,89
846,64.61,261,28,72,76,179,52,125,Nenhuma,48,107
846,64.61,262,329,167,367,262,348,214,Nenhuma,37,94
847,64.69,151,335,167,445,355,390,261,Nenhuma,109,187
847,64.69,168,96,192,188,353,142,273,Expositor 1,92,161
847,64.69,176,99,40,139,126,119,83,Nenhuma,40,86
847,64.69,183,143,110,221,270,182,190,Expositor 1,77,159
847,64.69,192,280,14,326,81,303,48,Nenhuma,45,67
847,64.69,225,144,112,219,237,182,175,Expositor 1,75,125
847,64.69,243,133,20,182,120,158,70,Nenhuma,49,99
847,64.69,246,267,84,310,179,289,132,Expositor 1,43,94
847,64.69,251,366,49,399,139,382,94,Nenhuma,33,89
847,64.69,261,28,72,76,178,52,125,Nenhuma,47,106
847,64.69,262,331,167,369,261,350,214,Nenhuma,38,94
848,64.77,151,335,167,443,355,389,261,Nenhuma,108,187
848,64.77,168,95,188,190,354,142,271,Expositor 1,94,165
848,64.77,176,99,40,139,127,119,83,Nenhuma,40,87
848,64.77,183,143,108,221,270,182,189,Expositor 1,78,161
848,64.77,192,279,13,325,82,302,48,Nenhuma,46,68
848,64.77,225,144,112,219,237,181,174,Expositor 1,75,125
848,64.77,243,132,20,183,121,157,70,Nenhuma,50,101
848,64.77,246,270,86,312,179,291,133,Expositor 1,42,93
848,64.77,251,365,49,399,139,382,94,Nenhuma,33,90
848,64.77,261,29,73,76,178,52,125,Nenhuma,47,104
848,64.77,262,333,169,371,261,352,215,Nenhuma,37,92
849,64.84,151,335,167,443,355,389,261,Nenhuma,107,187
849,64.84,168,94,183,191,353,142,268,Expositor 1,96,170
849,64.84,176,98,40,139,129,119,84,Nenhuma,41,89
849,64.84,183,147,107,216,249,181,178,Expositor 1,69,141
849,64.84,192,278,13,324,81,301,47,Nenhuma,45,67
849,64.84,243,130,19,182,122,156,71,Nenhuma,52,102
849,64.84,246,271,78,320,182,296,130,Expositor 1,48,103
849,64.84,251,366,49,399,139,382,94,Nenhuma,33,90
849,64.84,261,29,73,76,178,52,126,Nenhuma,46,104
849,64.84,262,333,170,372,261,352,216,Nenhuma,38,91
850,64.92,151,336,169,441,355,389,262,Nenhuma,105,186
850,64.92,168,93,181,191,353,142,267,Expositor 1,97,171
850,64.92,176,101,40,136,113,119,76,Nenhuma,34,73
850,64.92,183,150,107,213,232,181,170,Expositor 1,62,124
850,64.92,192,277,13,324,82,301,48,Nenhuma,46,68
850,64.92,243,129,20,184,127,156,74,Nenhuma,55,107
850,64.92,246,274,77,323,182,298,129,Expositor 1,49,104
850,64.92,251,366,49,399,140,382,94,Nenhuma,33,90
850,64.92,261,30,74,77,179,53,127,Nenhuma,46,104
850,64.92,262,335,172,373,263,354,217,Nenhuma,38,91
851,65.0,151,337,169,441,355,389,262,Nenhuma,104,186
851,65.0,168,92,176,192,353,142,265,Expositor 1,99,177
851,65.0,176,103,40,135,108,119,74,Nenhuma,32,68
851,65.0,183,151,107,211,227,181,167,Expositor 1,60,120
851,65.0,192,277,13,324,82,300,47,Nenhuma,46,69
851,65.0,225,138,108,226,257,182,182,Expositor 1,87,149
851,65.0,243,127,20,185,130,156,75,Nenhuma,57,110
851,65.0,246,277,77,324,173,301,125,Nenhuma,47,96
851,65.0,251,366,49,399,139,382,94,Nenhuma,33,89
851,65.0,261,30,73,80,184,55,129,Nenhuma,49,110
851,65.0,262,337,173,375,264,356,218,Nenhuma,38,90
852,65.07,151,337,169,441,356,389,262,Nenhuma,103,186
852,65.07,168,92,170,193,352,143,261,Expositor 1,101,181
852,65.07,176,103,40,136,109,119,74,Nenhuma,33,69
852,65.07,183,150,109,214,234,182,171,Expositor 1,64,125
852,65.07,192,276,11,324,84,300,47,Nenhuma,48,72
852,65.07,225,134,108,230,278,182,193,Expositor 1,95,170
852,65.07,243,127,20,185,130,156,75,Nenhuma,57,109
852,65.07,246,279,84,323,170,301,127,Nenhuma,43,86
852,65.07,251,366,50,399,139,383,94,Nenhuma,33,89
852,65.07,261,31,73,80,184,55,129,Nenhuma,49,110
852,65.07,262,339,175,377,265,358,220,Nenhuma,38,90
853,65.15,151,338,170,441,356,389,263,Nenhuma,102,185
853,65.15,168,91,163,194,349,142,256,Expositor 1,102,185
853,65.15,176,101,40,137,115,119,77,Nenhuma,35,75
853,65.15,183,151,109,214,231,182,170,Expositor 1,62,122
853,65.15,192,276,11,324,84,300,47,Nenhuma,48,72
853,65.15,225,134,109,232,289,183,199,Expositor 1,97,180
853,65.15,243,127,20,185,130,156,75,Nenhuma,57,109
853,65.15,246,280,83,326,169,303,126,Nenhuma,45,85
853,65.15,251,366,50,399,139,383,94,Nenhuma,33,89
853,65.15,261,33,73,88,195,61,134,Nenhuma,55,121
854,65.23,151,338,170,440,356,389,263,Nenhuma,101,185
854,65.23,168,90,158,194,347,142,252,Expositor 1,103,188
854,65.23,176,100,40,137,118,119,79,Nenhuma,37,78
854,65.23,183,151,109,214,228,182,169,Expositor 1,63,119
854,65.23,192,276,10,324,83,300,47,Nenhuma,48,72
854,65.23,225,135,109,231,290,183,199,Expositor 1,95,181
854,65.23,243,126,20,186,132,156,76,Nenhuma,59,111
854,65.23,246,283,84,327,168,305,126,Nenhuma,44,83
854,65.23,251,366,49,399,138,383,94,Nenhuma,33,89
854,65.23,261,32,74,87,195,60,135,Nenhuma,55,121
855,65.3,151,338,172,438,356,388,264,Nenhuma,100,183
855,65.3,168,88,151,193,345,140,248,Expositor 1,105,193
855,65.3,176,100,40,137,119,119,79,Nenhuma,37,79
855,65.3,183,150,109,214,228,182,169,Expositor 1,64,118
855,65.3,192,277,11,325,83,301,47,Nenhuma,47,72
855,65.3,225,137,109,229,286,183,198,Expositor 1,91,177
855,65.3,243,126,20,186,132,156,76,Nenhuma,59,111
855,65.3,246,286,85,329,166,307,126,Nenhuma,43,81
855,65.3,251,366,49,399,138,382,93,Nenhuma,33,89
855,65.3,261,33,74,88,197,60,135,Nenhuma,55,122
856,65.38,151,337,172,436,355,387,264,Nenhuma,99,182
856,65.38,168,85,148,192,346,138,247,Expositor 1,106,197
856,65.38,176,99,40,137,122,118,81,Nenhuma,37,81
856,65.38,183,151,109,213,226,182,167,Expositor 1,62,116
856,65.38,192,276,10,324,83,300,47,Nenhuma,48,72
856,65.38,225,141,109,224,268,183,188,Expositor 1,82,159
856,65.38,243,126,20,186,133,156,77,Nenhuma,59,112
856,65.38,246,288,86,331,165,309,126,Nenhuma,42,79
856,65.38,251,366,49,399,138,382,93,Nenhuma,33,89
856,65.38,261,31,76,81,185,56,131,Nenhuma,50,109
857,65.45,151,334,172,434,355,384,263,Nenhuma,99,182
857,65.45,168,82,145,190,344,136,245,Expositor 1,107,198
857,65.45,176,98,40,138,125,118,82,Nenhuma,39,85
857,65.45,183,151,109,213,223,182,166,Expositor 1,61,113
857,65.45,192,275,10,324,85,300,48,Nenhuma,49,74
857,65.45,225,140,108,225,274,182,191,Expositor 1,85,166
857,65.45,243,128,21,188,133,158,77,Nenhuma,59,112
857,65.45,251,366,49,399,138,382,93,Nenhuma,33,89
857,65.45,261,28,76,77,183,52,129,Nenhuma,49,106
858,65.53,151,331,172,430,355,381,263,Nenhuma,98,182
858,65.53,168,80,143,187,342,134,242,Expositor 1,107,198
858,65.53,176,99,40,138,126,118,83,Nenhuma,39,86
858,65.53,183,152,109,212,220,182,165,Expositor 1,59,111
858,65.53,192,275,10,324,85,299,47,Nenhuma,49,74
858,65.53,225,137,107,226,283,181,195,Expositor 1,89,175
858,65.53,243,127,21,187,132,157,76,Nenhuma,59,110
858,65.53,251,366,48,399,137,382,93,Nenhuma,33,89
858,65.53,261,29,76,78,183,54,130,Nenhuma,49,106
858,65.53,269,289,77,374,249,332,163,Nenhuma,85,171
859,65.61,151,318,172,420,355,369,263,Nenhuma,101,183
859,65.61,168,79,142,187,341,133,242,Expositor 1,107,199
859,65.61,176,98,40,138,127,118,83,Nenhuma,39,87
859,65.61,192,274,7,325,85,299,46,Nenhuma,50,77
859,65.61,225,136,107,225,284,180,195,Expositor 1,89,177
859,65.61,243,128,21,186,130,157,75,Nenhuma,58,109
859,65.61,251,366,48,399,138,382,93,Nenhuma,33,90
859,65.61,261,29,77,78,182,54,129,Nenhuma,49,105
859,65.61,269,291,79,374,248,333,164,Nenhuma,83,169
860,65.68,151,319,171,422,355,370,263,Nenhuma,102,184
860,65.68,168,77,140,184,337,131,238,Expositor 1,106,197
860,65.68,176,99,40,138,126,118,83,Nenhuma,38,86
860,65.68,192,273,7,324,85,299,46,Nenhuma,51,77
860,65.68,225,133,106,222,281,178,193,Expositor 1,89,174
860,65.68,243,130,21,185,124,158,72,Nenhuma,55,102
860,65.68,251,366,47,399,140,382,94,Nenhuma,33,92
860,65.68,261,29,77,78,180,54,128,Nenhuma,48,103
860,65.68,269,299,81,374,236,336,158,Nenhuma,75,154
861,65.76,151,319,170,422,355,371,263,Nenhuma,103,185
861,65.76,168,76,139,182,333,129,236,Expositor 1,105,194
861,65.76,176,99,40,138,126,118,83,Nenhuma,38,85
861,65.76,192,272,6,324,85,298,45,Nenhuma,51,78
861,65.76,225,133,105,223,282,178,194,Expositor 1,90,176
861,65.76,243,132,22,186,120,159,71,Nenhuma,53,97
861,65.76,251,366,47,399,140,382,94,Nenhuma,32,92
861,65.76,261,29,76,77,180,53,128,Nenhuma,48,103
861,65.76,269,306,84,377,230,342,157,Nenhuma,70,146
862,65.84,151,321,170,425,356,373,263,Nenhuma,103,185
862,65.84,168,76,138,180,331,128,235,Expositor 1,104,192
862,65.84,176,99,39,138,127,118,83,Nenhuma,38,87
862,65.84,192,272,5,324,85,298,45,Nenhuma,51,79
862,65.84,225,130,105,221,281,176,193,Expositor 1,90,175
862,65.84,243,134,23,186,119,160,71,Nenhuma,52,96
862,65.84,251,366,47,399,140,382,94,Nenhuma,32,92
862,65.84,261,30,76,80,183,55,129,Nenhuma,50,107
862,65.84,269,308,86,386,251,347,169,Nenhuma,78,164
863,65.91,151,308,170,415,355,361,262,Nenhuma,107,185
863,65.91,168,76,138,180,331,128,235,Expositor 1,104,192
863,65.91,176,99,39,138,128,119,83,Nenhuma,39,88
863,65.91,225,129,105,218,274,173,190,Expositor 1,89,168
863,65.91,243,133,22,185,117,159,70,Nenhuma,52,94
863,65.91,251,366,47,399,140,382,94,Nenhuma,32,92
863,65.91,261,29,74,80,184,55,129,Nenhuma,51,109
863,65.91,269,313,88,389,251,351,170,Nenhuma,76,162
864,65.99,151,302,170,413,355,357,262,Nenhuma,110,185
864,65.99,168,77,138,181,331,129,234,Expositor 1,104,192
864,65.99,176,99,39,139,128,119,83,Nenhuma,39,89
864,65.99,225,135,106,221,268,178,187,Expositor 1,86,161
864,65.99,243,138,37,184,117,161,77,Nenhuma,45,80
864,65.99,251,366,47,399,140,382,94,Nenhuma,33,92
864,65.99,261,28,74,77,181,53,127,Nenhuma,49,107
864,65.99,269,320,90,393,246,357,168,Nenhuma,72,155
865,66.07,151,300,168,414,355,357,261,Nenhuma,114,187
865,66.07,168,77,138,180,331,128,235,Expositor 1,103,192
865,66.07,176,100,38,139,129,119,84,Nenhuma,39,90
865,66.07,225,135,106,222,268,179,187,Expositor 1,86,161
865,66.07,243,137,38,184,119,161,79,Nenhuma,46,81
865,66.07,261,28,74,77,181,52,127,Nenhuma,49,107
865,66.07,269,338,92,408,239,373,166,Nenhuma,69,146
866,66.14,151,298,165,417,354,357,260,Nenhuma,118,189
866,66.14,168,78,141,179,331,129,236,Expositor 1,101,190
866,66.14,176,100,39,139,129,120,84,Nenhuma,39,89
866,66.14,225,136,107,221,262,178,184,Expositor 1,84,154
866,66.14,243,134,31,185,120,160,75,Nenhuma,50,89
866,66.14,261,27,73,84,196,56,134,Nenhuma,57,123
866,66.14,269,346,94,413,231,380,163,Nenhuma,67,136
867,66.22,151,296,164,418,354,357,259,Nenhuma,121,190
867,66.22,168,79,140,180,332,130,236,Expositor 1,101,191
867,66.22,176,101,39,139,127,120,83,Nenhuma,38,87
867,66.22,225,140,107,221,255,180,181,Expositor 1,81,147
867,66.22,243,134,30,185,121,160,75,Nenhuma,51,90
867,66.22,261,28,73,86,199,57,136,Nenhuma,58,126
867,66.22,269,350,97,416,227,383,162,Nenhuma,65,129
868,66.29,151,294,166,417,354,356,260,Nenhuma,122,188
868,66.29,168,79,139,181,332,130,235,Expositor 1,101,193
868,66.29,176,101,39,139,127,120,83,Nenhuma,38,87
868,66.29,225,142,106,224,253,183,180,Expositor 1,81,146
868,66.29,243,133,31,186,124,160,77,Nenhuma,52,92
868,66.29,261,29,74,87,200,58,137,Nenhuma,58,126
868,66.29,269,353,99,418,225,385,162,Nenhuma,64,125
869,66.37,151,293,167,417,354,355,261,Nenhuma,123,187
869,66.37,168,79,134,182,332,131,233,Expositor 1,102,197
869,66.37,176,101,39,140,127,120,83,Nenhuma,38,87
869,66.37,225,144,107,224,250,184,179,Expositor 1,80,142
869,66.37,243,136,39,185,126,161,82,Nenhuma,48,86
869,66.37,261,29,74,87,200,58,137,Nenhuma,58,125
869,66.37,269,355,100,419,222,387,161,Nenhuma,63,122
870,66.45,151,293,167,418,354,356,261,Nenhuma,125,187
870,66.45,168,81,137,182,332,131,234,Expositor 1,100,195
870,66.45,176,101,40,140,128,121,84,Nenhuma,39,88
870,66.45,225,149,107,228,248,188,178,Expositor 1,79,141
870,66.45,243,137,42,184,126,161,84,Nenhuma,47,84
870,66.45,261,29,74,88,202,59,138,Nenhuma,58,127
870,66.45,269,360,101,421,216,391,158,Nenhuma,60,114
871,66.52,151,293,166,420,354,356,260,Nenhuma,127,188
871,66.52,168,82,138,182,332,132,235,Expositor 1,99,194
871,66.52,176,101,40,141,130,121,85,Nenhuma,39,90
871,66.52,225,149,107,229,248,189,178,Expositor 1,79,140
871,66.52,243,137,42,184,127,161,84,Nenhuma,46,84
871,66.52,246,371,102,417,179,394,141,Nenhuma,45,76
871,66.52,261,29,74,89,203,59,139,Nenhuma,59,128
871,66.52,269,366,103,424,213,395,158,Nenhuma,58,110
872,66.6,151,291,166,419,354,355,260,Nenhuma,127,188
872,66.6,168,84,139,182,333,133,236,Expositor 1,98,193
872,66.6,176,101,40,141,128,121,84,Nenhuma,39,88
872,66.6,225,152,107,232,247,192,177,Expositor 1,79,139
872,66.6,243,138,43,183,127,161,85,Nenhuma,45,83
872,66.6,246,377,104,426,182,401,143,Expositor 2,49,77
872,66.6,261,29,74,90,204,59,139,Nenhuma,60,130
872,66.6,269,371,104,427,210,399,157,Nenhuma,56,105
873,66.68,151,288,167,417,354,352,261,Nenhuma,128,187
873,66.68,168,85,140,182,333,133,237,Expositor 1,97,193
873,66.68,176,101,40,140,127,120,83,Nenhuma,39,87
873,66.68,225,154,108,234,250,194,179,Expositor 1,79,141
873,66.68,243,137,43,185,130,161,87,Nenhuma,47,86
873,66.68,246,380,107,432,187,406,147,Expositor 2,51,80
873,66.68,261,28,69,89,200,59,135,Nenhuma,60,131
873,66.68,269,377,106,431,208,404,157,Expositor 2,53,101
874,66.75,151,290,167,419,354,354,261,Nenhuma,129,187
874,66.75,168,85,141,182,333,134,237,Expositor 1,96,191
874,66.75,176,102,40,140,123,121,81,Nenhuma,37,83
874,66.75,225,155,109,235,251,195,180,Expositor 1,80,142
874,66.75,243,137,46,185,133,161,89,Nenhuma,47,86
874,66.75,246,381,110,438,196,410,153,Expositor 2,56,86
874,66.75,261,30,71,89,200,59,136,Nenhuma,59,128
875,66.83,151,289,167,419,354,354,261,Nenhuma,130,187
875,66.83,168,86,141,181,332,134,236,Expositor 1,95,190
875,66.83,176,104,40,138,114,121,77,Nenhuma,34,74
875,66.83,225,158,110,237,252,197,181,Expositor 1,79,142
875,66.83,243,135,46,187,143,161,95,Nenhuma,51,97
875,66.83,246,390,114,448,204,419,159,Expositor 2,58,89
875,66.83,261,30,73,89,201,59,137,Nenhuma,59,127
876,66.91,151,288,167,419,354,353,261,Nenhuma,130,187
876,66.91,168,86,142,181,331,134,237,Expositor 1,94,189
876,66.91,176,102,40,139,117,121,78,Nenhuma,36,77
876,66.91,225,159,111,238,253,198,182,Expositor 1,79,141
876,66.91,243,134,46,187,145,161,95,Nenhuma,52,99
876,66.91,246,393,117,454,210,424,164,Expositor 2,60,93
876,66.91,261,30,73,89,200,59,137,Nenhuma,58,126
877,66.98,151,289,167,420,354,354,261,Nenhuma,131,187
877,66.98,168,87,142,181,331,134,237,Expositor 1,94,189
877,66.98,176,101,40,139,119,120,79,Nenhuma,37,79
877,66.98,225,161,111,239,251,200,181,Expositor 1,77,139
877,66.98,243,133,42,187,145,160,93,Nenhuma,53,102
877,66.98,246,402,123,461,217,432,170,Expositor 2,59,93
877,66.98,261,30,73,89,200,59,136,Nenhuma,59,127
878,67.06,151,289,167,421,354,355,261,Nenhuma,131,187
878,67.06,168,86,142,181,331,134,236,Expositor 1,94,189
878,67.06,176,102,40,139,118,120,79,Nenhuma,37,78
878,67.06,225,162,112,239,251,201,181,Expositor 1,76,138
878,67.06,243,135,44,186,144,161,94,Nenhuma,51,100
878,67.06,246,409,127,469,221,439,174,Expositor 2,59,94
878,67.06,261,29,73,88,199,58,136,Nenhuma,58,125
879,67.14,151,289,167,421,354,355,261,Nenhuma,132,187
879,67.14,168,87,142,181,331,134,237,Expositor 1,93,189
879,67.14,176,102,39,140,117,121,78,Nenhuma,38,77
879,67.14,225,164,113,241,252,202,182,Expositor 1,76,139
879,67.14,243,136,44,186,144,161,94,Nenhuma,50,99
879,67.14,246,413,129,474,226,444,177,Expositor 2,60,97
879,67.14,261,28,73,87,199,57,136,Nenhuma,58,126
879,67.14,277,414,128,469,282,441,205,Expositor 2,54,154
880,67.21,151,287,167,421,355,354,261,Nenhuma,133,188
880,67.21,168,86,142,180,332,133,237,Expositor 1,94,190
880,67.21,176,101,39,137,114,119,77,Nenhuma,36,75
880,67.21,225,165,113,241,251,203,182,Expositor 1,75,137
880,67.21,243,132,41,189,155,161,98,Nenhuma,56,113
880,67.21,246,419,131,480,229,449,180,Expositor 2,61,98
880,67.21,251,367,49,399,139,383,94,Nenhuma,31,89
880,67.21,261,28,73,85,194,56,133,Nenhuma,56,121
880,67.21,277,418,131,475,289,447,210,Expositor 2,56,158
880,67.21,279,92,71,125,148,109,110,Expositor 1,32,77
881,67.29,151,286,167,420,355,353,261,Nenhuma,134,188
881,67.29,168,86,142,180,332,133,237,Expositor 1,93,190
881,67.29,176,100,39,136,114,118,76,Nenhuma,36,74
881,67.29,225,165,114,240,252,203,183,Expositor 1,75,138
881,67.29,243,132,43,190,162,161,102,Expositor 1,57,119
881,67.29,246,424,133,486,232,455,183,Expositor 2,61,99
881,67.29,251,367,50,399,138,383,94,Nenhuma,31,88
881,67.29,261,28,73,82,189,55,131,Nenhuma,53,115
881,67.29,277,413,134,478,313,445,223,Expositor 2,64,178
881,67.29,279,93,71,125,148,109,110,Expositor 1,32,76
882,67.36,151,284,167,419,355,351,261,Nenhuma,135,188
882,67.36,168,86,141,180,332,133,237,Expositor 1,94,191
882,67.36,176,100,39,137,115,118,77,Nenhuma,37,75
882,67.36,225,165,114,241,254,203,184,Expositor 1,75,139
882,67.36,243,132,45,190,166,161,105,Expositor 1,57,121
882,67.36,246,429,135,492,236,460,186,Expositor 2,62,100
882,67.36,251,367,50,399,138,383,94,Nenhuma,31,88
882,67.36,261,29,73,83,192,56,133,Nenhuma,54,118
882,67.36,277,417,139,486,330,451,234,Expositor 2,69,190
882,67.36,279,92,71,126,149,109,110,Expositor 1,33,77
883,67.44,151,283,167,419,356,351,261,Nenhuma,135,188
883,67.44,168,86,141,180,332,133,237,Expositor 1,93,191
883,67.44,176,100,39,137,114,118,77,Nenhuma,36,74
883,67.44,225,165,115,241,256,203,185,Expositor 1,75,141
883,67.44,243,132,46,189,168,161,107,Expositor 1,56,121
883,67.44,251,367,50,399,138,383,94,Nenhuma,31,88
883,67.44,261,27,73,78,183,53,128,Nenhuma,50,109
883,67.44,277,422,143,494,338,458,241,Expositor 2,72,195
883,67.44,279,94,71,128,149,111,110,Expositor 1,33,77
884,67.52,151,281,167,418,356,350,262,Nenhuma,136,188
884,67.52,168,87,141,180,332,133,237,Expositor 1,93,191
884,67.52,176,101,40,136,109,119,74,Nenhuma,34,69
884,67.52,225,166,115,241,253,203,184,Expositor 1,74,138
884,67.52,243,132,44,189,168,161,106,Expositor 1,56,124
884,67.52,261,27,74,76,180,51,127,Nenhuma,49,106
884,67.52,277,431,148,505,345,468,246,Expositor 2,74,196
884,67.52,279,96,71,129,147,112,109,Expositor 1,33,75
884,67.52,280,31,72,88,203,59,138,Nenhuma,57,130
885,67.59,151,278,167,417,356,348,262,Nenhuma,138,188
885,67.59,168,87,141,180,332,134,236,Expositor 1,93,191
885,67.59,176,102,40,136,108,119,74,Nenhuma,34,68
885,67.59,225,167,115,240,251,203,183,Expositor 1,73,136
885,67.59,243,133,43,189,167,161,105,Expositor 1,55,124
885,67.59,261,26,74,75,180,51,127,Nenhuma,48,106
885,67.59,277,437,152,512,342,474,247,Expositor 2,74,189
885,67.59,279,96,71,130,147,113,109,Expositor 1,33,75
885,67.59,280,31,72,88,204,60,138,Nenhuma,57,131
886,67.67,151,277,167,417,356,347,262,Nenhuma,139,188
886,67.67,168,87,141,180,332,134,236,Expositor 1,92,191
886,67.67,176,102,40,137,107,119,73,Nenhuma,34,67
886,67.67,225,167,115,240,251,203,183,Expositor 1,72,136
886,67.67,243,134,41,188,166,161,104,Expositor 1,54,124
886,67.67,251,368,51,400,138,384,95,Nenhuma,32,87
886,67.67,261,27,74,75,180,51,127,Nenhuma,48,106
886,67.67,277,446,158,522,344,484,251,Expositor 2,76,185
886,67.67,279,96,71,131,147,114,109,Expositor 1,34,76
886,67.67,280,31,73,88,204,59,139,Nenhuma,57,130
887,67.75,151,276,167,417,356,347,262,Nenhuma,140,188
887,67.75,168,88,140,180,331,134,236,Expositor 1,92,191
887,67.75,176,102,40,136,106,119,73,Nenhuma,34,66
887,67.75,225,167,115,240,251,203,183,Expositor 1,72,136
887,67.75,243,134,41,188,166,161,104,Expositor 1,53,124
887,67.75,251,368,52,400,138,384,95,Nenhuma,32,86
887,67.75,261,27,74,75,179,51,126,Nenhuma,47,105
887,67.75,277,453,162,531,344,492,253,Expositor 2,77,182
887,67.75,279,95,71,131,148,113,109,Expositor 1,35,77
887,67.75,280,31,73,88,204,59,139,Nenhuma,57,130
888,67.82,151,276,168,418,356,347,262,Nenhuma,141,188
888,67.82,168,88,140,181,331,134,236,Expositor 1,92,190
888,67.82,176,102,40,137,105,119,72,Nenhuma,34,65
888,67.82,225,167,115,239,251,203,183,Expositor 1,72,136
888,67.82,243,134,42,187,166,161,104,Expositor 1,52,124
888,67.82,251,366,53,399,138,382,95,Nenhuma,32,85
888,67.82,261,27,74,74,179,51,126,Nenhuma,47,105
888,67.82,277,456,169,538,353,497,261,Expositor 2,81,184
888,67.82,279,95,71,130,147,113,109,Expositor 1,35,75
888,67.82,280,30,73,87,201,59,137,Nenhuma,56,127
889,67.9,151,274,168,417,356,346,262,Nenhuma,143,188
889,67.9,168,88,140,181,332,134,236,Expositor 1,92,191
889,67.9,176,102,40,137,106,120,73,Nenhuma,35,66
889,67.9,225,167,115,239,252,203,184,Expositor 1,72,136
889,67.9,243,135,43,187,165,161,104,Expositor 1,51,121
889,67.9,251,364,53,397,138,380,96,Nenhuma,32,85
889,67.9,261,29,73,79,184,54,128,Nenhuma,49,110
889,67.9,277,460,176,544,356,502,266,Expositor 2,83,180
889,67.9,279,94,71,130,147,112,109,Expositor 1,35,75
889,67.9,280,31,73,88,202,59,137,Nenhuma,57,128
890,67.98,151,273,167,418,356,346,261,Nenhuma,144,188
890,67.98,168,88,140,181,332,134,236,Expositor 1,92,191
890,67.98,176,101,39,138,109,120,74,Nenhuma,36,69
890,67.98,225,167,116,240,254,203,185,Expositor 1,72,138
890,67.98,243,135,42,186,164,161,103,Expositor 1,50,122
890,67.98,251,363,54,396,138,380,96,Nenhuma,33,84
890,67.98,261,29,73,77,180,53,126,Nenhuma,48,107
890,67.98,277,463,182,548,356,505,269,Expositor 2,85,173
890,67.98,279,93,71,130,147,112,109,Expositor 1,36,75
890,67.98,280,30,73,87,200,59,136,Nenhuma,56,127
891,68.05,151,273,166,418,356,346,261,Nenhuma,145,189
891,68.05,168,87,140,180,332,134,236,Expositor 1,92,191
891,68.05,176,101,39,138,110,120,75,Nenhuma,37,71
891,68.05,225,166,116,240,258,203,187,Expositor 1,74,141
891,68.05,243,135,40,186,164,160,102,Expositor 1,51,124
891,68.05,251,363,54,396,138,379,96,Nenhuma,33,84
891,68.05,261,29,72,80,186,54,129,Nenhuma,51,114
891,68.05,277,468,187,553,361,510,274,Expositor 2,85,174
891,68.05,279,93,72,129,147,111,110,Expositor 1,36,75
891,68.05,280,31,73,87,201,59,137,Nenhuma,56,128
892,68.13,151,273,165,419,356,346,260,Nenhuma,146,190
892,68.13,168,87,140,179,332,133,236,Expositor 1,92,191
892,68.13,176,100,39,139,115,120,77,Nenhuma,39,75
892,68.13,225,165,116,241,260,203,188,Expositor 1,75,144
892,68.13,243,134,39,185,164,160,101,Expositor 1,51,125
892,68.13,251,362,55,396,139,379,97,Nenhuma,33,84
892,68.13,261,30,72,79,183,54,127,Nenhuma,49,110
892,68.13,277,473,192,559,367,516,279,Expositor 2,85,175
892,68.13,279,92,73,128,147,110,110,Expositor 1,35,74
892,68.13,280,31,70,89,200,60,135,Nenhuma,57,129
893,68.2,151,272,165,420,356,346,260,Nenhuma,147,190
893,68.2,168,87,140,179,332,133,236,Expositor 1,92,191
893,68.2,176,99,39,140,119,120,79,Nenhuma,41,79
893,68.2,225,165,116,240,261,203,188,Expositor 1,75,145
893,68.2,243,134,39,185,164,160,101,Expositor 1,50,125
893,68.2,251,362,55,396,139,379,97,Nenhuma,33,84
893,68.2,261,30,72,80,181,55,127,Nenhuma,49,108
893,68.2,277,478,196,564,372,521,284,Expositor 2,86,176
893,68.2,279,92,73,128,147,110,110,Expositor 1,36,74
893,68.2,280,31,70,89,200,60,135,Nenhuma,58,130
894,68.28,151,272,164,421,356,347,260,Nenhuma,148,191
894,68.28,168,87,140,179,332,133,236,Expositor 1,92,191
894,68.28,176,99,39,140,119,120,79,Nenhuma,41,79
894,68.28,225,165,116,240,260,203,188,Expositor 1,74,143
894,68.28,243,134,38,185,163,159,101,Expositor 1,50,125
894,68.28,251,362,55,396,139,379,97,Nenhuma,33,84
894,68.28,261,29,72,80,184,55,128,Nenhuma,50,111
894,68.28,279,90,74,127,149,109,111,Expositor 1,36,75
894,68.28,280,31,69,90,201,61,135,Nenhuma,58,131
895,68.36,151,272,164,421,356,346,260,Nenhuma,148,191
895,68.36,168,87,140,179,332,133,236,Expositor 1,92,191
895,68.36,176,99,39,140,120,120,79,Nenhuma,41,80
895,68.36,225,166,116,239,258,203,187,Expositor 1,73,142
895,68.36,243,134,37,184,163,159,100,Expositor 1,49,125
895,68.36,251,363,55,397,139,380,97,Nenhuma,34,83
895,68.36,261,29,72,79,182,54,127,Nenhuma,49,109
895,68.36,279,89,74,126,151,108,112,Expositor 1,36,76
895,68.36,280,31,69,89,200,60,135,Nenhuma,58,130
896,68.43,151,272,164,421,356,346,260,Nenhuma,148,191
896,68.43,168,87,140,179,332,133,236,Expositor 1,92,191
896,68.43,176,99,39,140,121,120,80,Nenhuma,41,81
896,68.43,225,166,116,238,256,202,186,Expositor 1,72,140
896,68.43,243,134,37,184,163,159,100,Expositor 1,49,125
896,68.43,251,362,55,396,139,379,97,Nenhuma,33,83
896,68.43,261,30,72,79,181,55,127,Nenhuma,49,108
896,68.43,279,90,74,126,149,108,112,Expositor 1,35,74
896,68.43,280,31,69,89,200,60,135,Nenhuma,58,130
897,68.51,151,272,164,421,356,346,260,Nenhuma,148,191
897,68.51,168,87,140,179,332,133,236,Expositor 1,92,192
897,68.51,176,99,39,140,120,120,80,Nenhuma,41,81
897,68.51,225,166,116,238,254,202,185,Expositor 1,71,138
897,68.51,243,134,37,183,163,159,100,Expositor 1,48,125
897,68.51,251,363,55,397,139,380,97,Nenhuma,34,84
897,68.51,261,29,72,79,182,54,127,Nenhuma,50,109
897,68.51,279,90,75,126,149,108,112,Expositor 1,35,74
897,68.51,280,31,69,90,200,60,135,Nenhuma,58,131
898,68.59,151,272,165,420,356,346,260,Nenhuma,147,190
898,68.59,168,87,140,179,332,133,236,Expositor 1,92,192
898,68.59,176,100,39,140,119,120,79,Nenhuma,39,79
898,68.59,225,167,116,237,252,202,184,Expositor 1,70,136
898,68.59,243,135,39,183,163,159,101,Expositor 1,48,124
898,68.59,251,363,55,397,139,380,97,Nenhuma,33,84
898,68.59,261,27,72,76,180,51,126,Nenhuma,48,107
898,68.59,279,91,75,126,149,108,112,Expositor 1,35,74
898,68.59,280,29,71,87,199,58,135,Nenhuma,57,127
898,68.59,285,517,226,638,357,578,291,Expositor 2,121,131
899,68.66,151,272,165,420,356,346,260,Nenhuma,148,190
899,68.66,168,87,139,179,332,133,236,Expositor 1,92,192
899,68.66,176,100,39,139,117,119,78,Nenhuma,38,77
899,68.66,225,167,116,237,252,202,184,Expositor 1,70,136
899,68.66,243,135,39,183,163,159,101,Expositor 1,47,123
899,68.66,251,363,55,397,139,380,97,Nenhuma,33,84
899,68.66,261,28,72,81,188,54,130,Nenhuma,52,115
899,68.66,279,91,75,127,150,109,112,Expositor 1,35,75
899,68.66,280,29,71,87,199,58,135,Nenhuma,57,127
899,68.66,285,523,224,644,356,583,290,Expositor 2,120,131
900,68.74,151,272,164,421,356,346,260,Nenhuma,148,191
900,68.74,168,87,139,179,332,133,235,Expositor 1,91,192
900,68.74,176,100,39,138,117,119,78,Nenhuma,38,77
900,68.74,225,167,115,238,252,202,184,Expositor 1,71,137
900,68.74,243,135,39,183,163,159,101,Expositor 1,47,123
900,68.74,251,363,54,397,140,380,97,Nenhuma,34,85
900,68.74,261,28,72,85,197,57,135,Nenhuma,56,124
900,68.74,279,91,75,127,150,109,113,Expositor 1,35,75
900,68.74,280,29,71,87,199,58,135,Nenhuma,57,128
900,68.74,285,531,230,646,356,589,293,Expositor 2,114,126
901,68.82,151,272,164,420,356,346,260,Nenhuma,148,191
901,68.82,168,87,139,178,331,133,235,Expositor 1,91,192
901,68.82,176,100,39,138,117,119,78,Nenhuma,38,78
901,68.82,225,166,115,238,253,202,184,Expositor 1,71,138
901,68.82,243,135,39,183,163,159,101,Expositor 1,47,123
901,68.82,251,363,54,398,140,380,97,Nenhuma,34,85
901,68.82,261,27,71,79,185,53,128,Nenhuma,51,113
901,68.82,279,91,75,127,151,109,113,Expositor 1,36,76
901,68.82,280,29,71,87,199,58,135,Nenhuma,57,128
901,68.82,285,536,231,650,357,593,294,Expositor 2,113,125
902,68.89,151,273,164,421,356,347,260,Nenhuma,148,191
902,68.89,168,87,139,178,331,132,235,Expositor 1,91,192
902,68.89,176,100,39,138,117,119,78,Nenhuma,38,78
902,68.89,225,167,115,238,253,202,184,Expositor 1,70,137
902,68.89,243,135,40,182,163,159,101,Expositor 1,47,122
902,68.89,251,363,54,398,140,380,97,Nenhuma,34,85
902,68.89,261,27,71,77,180,52,126,Nenhuma,49,108
902,68.89,279,91,75,127,151,109,113,Expositor 1,36,76
902,68.89,285,542,233,654,357,598,295,Expositor 2,112,123
902,68.89,286,300,26,345,115,322,70,Nenhuma,45,88
902,68.89,287,254,4,292,97,273,50,Nenhuma,38,92
903,68.97,151,273,164,421,356,347,260,Nenhuma,147,191
903,68.97,168,87,139,178,331,132,235,Expositor 1,91,192
903,68.97,176,100,39,138,118,119,78,Nenhuma,38,79
903,68.97,225,166,115,238,253,202,184,Expositor 1,71,137
903,68.97,243,135,40,182,163,159,101,Expositor 1,47,122
903,68.97,251,364,54,398,139,381,96,Nenhuma,34,85
903,68.97,261,28,72,76,178,52,125,Nenhuma,47,106
903,68.97,279,91,75,127,151,109,113,Expositor 1,36,76
903,68.97,285,547,234,658,357,603,296,Nenhuma,111,122
903,68.97,286,307,28,342,98,325,63,Nenhuma,35,69
903,68.97,287,254,3,292,96,273,49,Nenhuma,38,92
904,69.04,151,273,164,421,356,347,260,Nenhuma,147,191
904,69.04,168,86,139,178,331,132,235,Expositor 1,91,192
904,69.04,176,99,38,139,119,119,79,Nenhuma,39,80
904,69.04,225,166,115,238,253,202,184,Expositor 1,71,137
904,69.04,243,135,39,182,163,159,101,Expositor 1,47,123
904,69.04,251,363,53,398,139,381,96,Nenhuma,34,85
904,69.04,261,29,72,76,177,52,124,Nenhuma,47,105
904,69.04,279,91,75,127,152,109,113,Expositor 1,36,76
904,69.04,286,310,28,344,96,327,62,Nenhuma,34,67
904,69.04,287,254,3,292,95,273,49,Nenhuma,38,92
905,69.12,151,274,164,421,356,347,260,Nenhuma,147,191
905,69.12,168,87,139,178,331,133,235,Expositor 1,91,192
905,69.12,176,100,38,139,119,119,79,Nenhuma,39,80
905,69.12,225,166,116,238,255,202,185,Expositor 1,71,139
905,69.12,243,135,38,182,163,158,100,Expositor 1,47,124
905,69.12,251,364,54,399,139,382,96,Nenhuma,34,84
905,69.12,261,29,72,76,177,53,125,Nenhuma,47,104
905,69.12,279,91,76,127,152,109,114,Expositor 1,35,75
905,69.12,286,311,29,347,101,329,65,Nenhuma,36,71
905,69.12,287,254,3,292,96,273,49,Nenhuma,38,93
906,69.2,151,274,164,421,356,347,260,Nenhuma,147,191
906,69.2,168,87,139,178,331,133,235,Expositor 1,91,192
906,69.2,176,100,39,138,119,119,79,Nenhuma,38,79
906,69.2,225,166,116,238,255,202,185,Expositor 1,71,139
906,69.2,243,135,37,182,163,158,100,Expositor 1,47,125
906,69.2,251,365,54,399,138,382,96,Nenhuma,34,84
906,69.2,261,29,72,76,177,53,124,Nenhuma,46,104
906,69.2,279,91,77,126,152,109,114,Expositor 1,35,75
906,69.2,286,312,30,349,104,330,67,Nenhuma,36,73
906,69.2,287,254,2,292,96,273,49,Nenhuma,38,93
907,69.27,151,274,164,421,356,347,260,Nenhuma,147,191
907,69.27,168,87,139,178,331,133,235,Expositor 1,91,192
907,69.27,176,100,39,138,119,119,79,Nenhuma,38,80
907,69.27,225,166,115,238,254,202,185,Expositor 1,71,139
907,69.27,243,134,36,182,163,158,100,Expositor 1,48,127
907,69.27,251,365,54,399,138,382,96,Nenhuma,34,84
907,69.27,261,29,72,76,176,52,124,Nenhuma,46,103
907,69.27,279,91,76,127,152,109,114,Expositor 1,35,75
907,69.27,286,317,29,351,99,334,64,Nenhuma,34,69
907,69.27,287,255,2,293,96,274,49,Nenhuma,38,94
908,69.35,151,274,164,421,356,347,260,Nenhuma,147,191
908,69.35,168,87,139,178,331,133,235,Expositor 1,91,192
908,69.35,176,100,39,139,122,119,80,Nenhuma,39,82
908,69.35,225,167,115,238,254,202,184,Expositor 1,71,139
908,69.35,243,134,35,183,163,158,99,Nenhuma,48,128
908,69.35,251,365,54,399,138,382,96,Nenhuma,34,84
908,69.35,261,29,73,76,177,52,125,Nenhuma,46,104
908,69.35,279,91,76,127,152,109,114,Expositor 1,35,75
908,69.35,286,318,28,356,106,337,67,Nenhuma,37,77
908,69.35,287,255,2,294,96,275,49,Nenhuma,38,94
909,69.43,151,274,164,421,356,348,260,Nenhuma,146,191
909,69.43,168,88,139,179,332,133,236,Expositor 1,91,192
909,69.43,176,100,40,138,120,119,80,Nenhuma,38,80
909,69.43,225,167,115,238,254,203,184,Expositor 1,71,139
909,69.43,243,135,35,183,164,159,99,Nenhuma,47,128
909,69.43,251,364,54,399,138,381,96,Nenhuma,34,84
909,69.43,261,29,73,76,178,52,126,Nenhuma,46,104
909,69.43,279,90,75,126,152,108,113,Expositor 1,36,76
909,69.43,286,321,28,364,116,342,72,Nenhuma,42,88
909,69.43,287,255,2,293,97,274,49,Nenhuma,37,94
910,69.5,151,274,164,421,356,348,260,Nenhuma,146,191
910,69.5,168,88,139,179,332,133,236,Expositor 1,91,192
910,69.5,176,101,40,137,115,119,77,Nenhuma,36,75
910,69.5,225,167,114,238,251,202,182,Expositor 1,70,137
910,69.5,243,135,36,183,163,159,99,Nenhuma,47,127
910,69.5,251,364,55,397,135,381,95,Nenhuma,33,79
910,69.5,261,29,73,75,178,52,126,Nenhuma,46,104
910,69.5,279,90,74,127,152,108,113,Expositor 1,36,77
910,69.5,286,323,28,359,102,341,65,Nenhuma,35,73
910,69.5,287,255,2,292,97,274,49,Nenhuma,37,94
911,69.58,151,274,164,421,356,348,260,Nenhuma,146,191
911,69.58,168,87,139,179,332,133,236,Expositor 1,91,193
911,69.58,176,101,40,137,114,119,77,Nenhuma,35,74
911,69.58,225,167,114,238,250,202,182,Expositor 1,70,136
911,69.58,243,135,36,183,163,159,99,Nenhuma,47,127
911,69.58,251,364,58,397,136,381,97,Nenhuma,32,77
911,69.58,261,29,74,75,178,52,126,Nenhuma,46,104
911,69.58,279,90,73,127,152,108,113,Expositor 1,36,79
911,69.58,286,327,31,358,95,342,63,Nenhuma,30,63
911,69.58,287,255,3,292,97,274,50,Nenhuma,36,93
912,69.66,151,274,164,420,356,347,260,Nenhuma,146,191
912,69.66,168,87,139,179,333,133,236,Expositor 1,91,193
912,69.66,176,102,40,137,114,119,77,Nenhuma,35,74
912,69.66,225,167,113,238,250,202,182,Expositor 1,70,136
912,69.66,243,135,35,182,163,159,99,Nenhuma,47,128
912,69.66,251,366,65,397,138,381,102,Nenhuma,30,72
912,69.66,261,28,73,76,179,52,126,Nenhuma,47,106
912,69.66,279,90,72,128,152,109,112,Expositor 1,37,80
912,69.66,286,329,31,360,94,344,63,Nenhuma,30,62
912,69.66,287,255,3,292,97,273,50,Nenhuma,36,93
913,69.73,151,274,164,420,356,347,260,Nenhuma,146,191
913,69.73,168,87,139,179,333,133,236,Expositor 1,91,193
913,69.73,176,102,40,137,114,119,77,Nenhuma,35,73
913,69.73,225,167,113,238,251,203,182,Expositor 1,71,137
913,69.73,243,135,36,182,164,159,100,Expositor 1,46,127
913,69.73,251,367,69,397,138,382,104,Nenhuma,29,69
913,69.73,261,28,73,76,179,52,126,Nenhuma,47,105
913,69.73,279,91,72,128,153,109,112,Expositor 1,37,80
913,69.73,286,331,32,361,94,346,63,Nenhuma,29,61
913,69.73,287,255,3,292,97,273,50,Nenhuma,36,93
914,69.81,151,274,164,421,356,347,260,Nenhuma,146,191
914,69.81,168,88,139,179,333,133,236,Expositor 1,91,193
914,69.81,176,104,40,135,104,119,72,Nenhuma,31,64
914,69.81,225,167,113,239,252,203,183,Expositor 1,71,138
914,69.81,243,136,36,182,164,159,100,Expositor 1,46,127
914,69.81,251,368,71,397,139,383,105,Nenhuma,28,67
914,69.81,261,28,73,75,179,52,126,Nenhuma,47,105
914,69.81,279,91,71,128,153,109,112,Expositor 1,37,81
914,69.81,286,334,32,363,93,348,63,Nenhuma,29,60
914,69.81,287,255,3,292,97,273,50,Nenhuma,36,93
915,69.88,151,274,165,420,356,347,260,Nenhuma,146,190
915,69.88,168,88,139,179,333,133,236,Expositor 1,91,193
915,69.88,176,104,40,135,100,120,70,Nenhuma,30,60
915,69.88,225,167,113,239,253,203,183,Expositor 1,72,139
915,69.88,243,136,36,182,164,159,100,Expositor 1,46,127
915,69.88,251,369,73,397,139,383,106,Nenhuma,28,66
915,69.88,261,28,73,75,178,52,126,Nenhuma,47,105
915,69.88,279,90,71,128,153,109,112,Expositor 1,37,82
915,69.88,287,257,2,295,97,276,49,Nenhuma,37,94
916,69.96,151,274,165,420,356,347,260,Nenhuma,145,190
916,69.96,168,88,139,179,333,134,236,Expositor 1,91,193
916,69.96,176,105,40,134,99,120,69,Nenhuma,29,59
916,69.96,225,166,113,239,255,203,184,Expositor 1,72,141
916,69.96,243,136,36,182,163,159,99,Nenhuma,46,127
916,69.96,251,369,75,397,140,383,107,Nenhuma,27,64
916,69.96,261,28,73,76,178,52,126,Nenhuma,47,105
916,69.96,279,91,70,129,153,110,112,Expositor 1,37,82
916,69.96,287,257,2,296,97,276,49,Nenhuma,38,94
917,70.04,151,274,165,420,356,347,260,Nenhuma,145,190
917,70.04,168,88,139,179,333,134,236,Expositor 1,91,193
917,70.04,176,104,40,135,99,120,69,Nenhuma,30,59
917,70.04,225,166,114,240,259,203,187,Expositor 1,74,145
917,70.04,243,136,37,182,163,159,100,Expositor 1,45,125
917,70.04,251,369,68,399,139,384,103,Nenhuma,30,70
917,70.04,261,29,72,77,179,53,126,Nenhuma,47,107
917,70.04,279,92,71,130,153,111,112,Expositor 1,37,81
917,70.04,287,257,1,296,97,277,49,Nenhuma,38,95
918,70.11,151,274,165,420,356,347,260,Nenhuma,146,190
918,70.11,168,88,139,179,333,134,236,Expositor 1,91,193
918,70.11,176,104,40,135,99,119,69,Nenhuma,31,59
918,70.11,225,165,114,241,262,203,188,Expositor 1,75,147
918,70.11,243,136,38,182,163,159,100,Expositor 1,45,124
918,70.11,251,369,66,400,139,385,103,Nenhuma,30,72
918,70.11,261,29,72,77,179,53,125,Nenhuma,47,107
918,70.11,279,93,71,131,153,112,112,Expositor 1,37,81
918,70.11,287,258,1,296,97,277,49,Nenhuma,38,95
919,70.19,151,274,165,420,356,347,260,Nenhuma,146,190
919,70.19,168,88,139,179,333,134,236,Expositor 1,91,193
919,70.19,176,103,40,135,99,119,69,Nenhuma,31,59
919,70.19,225,165,114,241,263,203,189,Expositor 1,75,148
919,70.19,243,136,38,182,163,159,101,Expositor 1,45,124
919,70.19,251,370,67,400,139,385,103,Nenhuma,30,71
919,70.19,261,29,71,76,179,53,125,Nenhuma,47,107
919,70.19,279,94,71,131,151,112,111,Expositor 1,37,79
919,70.19,287,258,1,296,97,277,49,Nenhuma,38,95
920,70.27,151,274,165,420,356,347,260,Nenhuma,146,190
920,70.27,168,88,139,179,331,134,235,Expositor 1,91,191
920,70.27,176,104,40,134,98,119,69,Nenhuma,30,58
920,70.27,225,165,114,239,261,202,188,Expositor 1,73,146
920,70.27,243,136,39,182,163,159,101,Expositor 1,45,124
920,70.27,251,370,67,401,139,385,103,Nenhuma,30,71
920,70.27,261,29,71,78,180,54,126,Nenhuma,48,109
920,70.27,279,94,71,133,152,113,111,Expositor 1,38,81
921,70.34,151,274,166,420,356,347,261,Nenhuma,146,189
921,70.34,168,88,139,179,332,134,236,Expositor 1,91,192
921,70.34,176,104,40,134,97,119,68,Nenhuma,30,57
921,70.34,225,166,115,239,262,202,188,Expositor 1,73,146
921,70.34,243,136,37,182,163,159,100,Expositor 1,45,126
921,70.34,251,370,59,404,139,387,99,Nenhuma,33,79
921,70.34,261,30,72,81,184,56,128,Nenhuma,50,112
921,70.34,279,93,71,133,153,113,112,Expositor 1,39,82
922,70.42,151,274,166,420,356,347,261,Nenhuma,145,189
922,70.42,168,88,139,179,332,134,236,Expositor 1,91,192
922,70.42,176,104,40,134,96,119,68,Nenhuma,29,56
922,70.42,225,166,115,239,262,202,188,Expositor 1,73,146
922,70.42,243,136,36,182,164,159,100,Expositor 1,46,127
922,70.42,251,371,59,405,139,388,99,Nenhuma,34,79
922,70.42,261,30,72,80,183,55,127,Nenhuma,49,111
922,70.42,279,92,70,133,154,113,112,Expositor 1,40,83
923,70.5,151,275,166,421,356,348,261,Nenhuma,145,189
923,70.5,168,88,139,180,332,134,236,Expositor 1,92,193
923,70.5,176,103,40,136,100,119,70,Nenhuma,32,60
923,70.5,225,166,115,239,261,202,188,Expositor 1,73,145
923,70.5,243,136,36,182,164,159,100,Expositor 1,46,127
923,70.5,251,373,56,405,130,389,93,Nenhuma,31,73
923,70.5,261,32,71,85,187,59,129,Nenhuma,52,116
923,70.5,279,93,71,133,152,113,112,Expositor 1,39,81
924,70.57,151,276,167,422,356,349,261,Nenhuma,145,188
924,70.57,168,88,139,180,332,134,236,Expositor 1,92,193
924,70.57,176,103,40,136,100,119,70,Nenhuma,32,60
924,70.57,225,165,115,239,263,202,189,Expositor 1,73,148
924,70.57,243,135,35,182,164,159,99,Nenhuma,46,128
924,70.57,251,373,56,405,128,389,92,Nenhuma,31,71
924,70.57,261,34,71,86,185,60,128,Nenhuma,52,114
924,70.57,279,93,71,132,151,113,111,Expositor 1,39,79
925,70.65,151,277,167,423,356,350,261,Nenhuma,145,188
925,70.65,168,88,139,181,333,134,236,Expositor 1,92,193
925,70.65,176,103,40,136,100,119,70,Nenhuma,32,60
925,70.65,225,165,116,239,264,202,190,Expositor 1,73,148
925,70.65,243,135,36,182,164,158,100,Expositor 1,46,127
925,70.65,251,374,56,405,127,390,91,Nenhuma,31,71
925,70.65,261,34,71,83,181,58,126,Nenhuma,49,109
925,70.65,279,93,71,133,151,113,111,Expositor 1,39,79
925,70.65,280,32,73,71,168,52,121,Nenhuma,39,94
926,70.72,151,278,168,423,355,351,261,Nenhuma,145,186
926,70.72,168,88,139,181,333,134,236,Expositor 1,92,193
926,70.72,176,102,40,136,101,119,70,Nenhuma,34,61
926,70.72,225,166,116,239,260,202,188,Expositor 1,72,144
926,70.72,243,136,36,182,164,159,100,Expositor 1,46,127
926,70.72,251,374,55,406,127,390,91,Nenhuma,31,71
926,70.72,261,36,71,87,184,61,128,Nenhuma,50,112
926,70.72,279,93,72,133,151,113,111,Expositor 1,39,78
926,70.72,280,34,72,75,175,54,124,Nenhuma,41,103
927,70.8,151,279,168,424,355,352,261,Nenhuma,145,186
927,70.8,168,88,138,181,333,135,236,Expositor 1,92,194
927,70.8,176,101,40,136,104,119,72,Nenhuma,35,64
927,70.8,225,166,116,239,261,202,188,Expositor 1,72,145
927,70.8,243,136,38,182,164,159,101,Expositor 1,45,125
927,70.8,251,375,54,406,126,391,90,Nenhuma,31,71
927,70.8,261,37,71,87,184,62,128,Nenhuma,50,113
927,70.8,279,94,73,132,147,113,110,Expositor 1,37,73
927,70.8,280,34,72,75,177,55,125,Nenhuma,40,105
928,70.88,151,281,168,427,354,354,261,Nenhuma,146,186
928,70.88,168,88,139,180,333,134,236,Expositor 1,92,193
928,70.88,176,100,40,137,107,119,73,Nenhuma,37,67
928,70.88,225,166,116,239,261,202,188,Expositor 1,72,145
928,70.88,243,135,36,182,164,159,100,Expositor 1,46,127
928,70.88,251,375,54,407,125,391,89,Nenhuma,31,70
928,70.88,261,38,71,88,185,63,128,Nenhuma,50,113
928,70.88,279,93,73,132,149,113,111,Expositor 1,38,75
928,70.88,280,35,72,75,179,55,126,Nenhuma,40,106
929,70.95,151,281,168,427,354,354,261,Nenhuma,146,186
929,70.95,168,88,139,180,333,134,236,Expositor 1,92,193
929,70.95,176,100,40,138,109,119,74,Nenhuma,37,69
929,70.95,225,166,116,238,261,202,188,Expositor 1,72,145
929,70.95,243,136,37,182,164,159,100,Expositor 1,46,126
929,70.95,261,38,71,89,185,64,128,Nenhuma,50,113
929,70.95,279,94,74,132,149,113,111,Expositor 1,38,75
929,70.95,280,38,71,85,192,61,132,Nenhuma,47,121
930,71.03,151,281,169,427,354,354,262,Nenhuma,146,185
930,71.03,168,88,139,180,333,134,236,Expositor 1,92,193
930,71.03,176,101,40,137,107,119,73,Nenhuma,36,67
930,71.03,225,167,115,238,257,202,186,Expositor 1,70,142
930,71.03,243,136,39,182,164,159,101,Expositor 1,45,124
930,71.03,251,376,55,407,124,392,90,Nenhuma,31,69
930,71.03,279,94,74,132,147,113,110,Expositor 1,38,73
930,71.03,280,40,71,87,183,64,127,Nenhuma,46,112
931,71.11,151,280,169,428,355,354,262,Nenhuma,147,185
931,71.11,168,88,139,180,333,134,236,Expositor 1,92,193
931,71.11,176,101,40,137,105,119,72,Nenhuma,36,65
931,71.11,225,167,115,237,257,202,186,Expositor 1,70,142
931,71.11,243,137,41,182,164,160,102,Expositor 1,45,122
931,71.11,251,376,55,408,124,392,90,Nenhuma,31,68
931,71.11,261,35,71,93,199,64,135,Nenhuma,57,128
931,71.11,279,95,74,131,140,113,107,Expositor 1,35,66
931,71.11,280,38,71,83,180,61,125,Nenhuma,44,108
932,71.18,151,281,169,429,355,355,262,Nenhuma,148,185
932,71.18,168,88,140,180,333,134,236,Expositor 1,92,192
932,71.18,176,101,40,137,106,119,73,Nenhuma,36,66
932,71.18,225,167,115,237,255,202,185,Expositor 1,70,140
932,71.18,243,136,39,182,164,159,101,Expositor 1,46,124
932,71.18,251,377,55,409,125,393,90,Nenhuma,32,69
932,71.18,261,36,70,94,200,65,135,Nenhuma,57,129
932,71.18,279,92,72,131,145,112,109,Expositor 1,39,72
932,71.18,280,39,71,84,180,61,126,Nenhuma,44,109
933,71.26,151,282,169,431,355,356,262,Nenhuma,148,185
933,71.26,168,88,140,180,333,134,236,Expositor 1,92,192
933,71.26,176,101,40,138,106,119,73,Nenhuma,36,66
933,71.26,225,166,115,238,260,202,188,Expositor 1,72,144
933,71.26,243,136,38,182,164,159,101,Expositor 1,46,125
933,71.26,251,377,55,410,126,393,91,Nenhuma,33,70
933,71.26,261,38,71,94,196,66,133,Nenhuma,55,124
933,71.26,279,92,72,130,139,111,106,Expositor 1,37,67
933,71.26,280,39,71,85,181,62,126,Nenhuma,45,109
934,71.34,151,281,170,431,355,356,262,Nenhuma,150,185
934,71.34,168,88,141,180,333,134,237,Expositor 1,92,191
934,71.34,176,101,40,137,105,119,72,Nenhuma,35,65
934,71.34,225,166,115,239,262,202,189,Expositor 1,73,146
934,71.34,243,136,38,182,164,159,101,Expositor 1,46,125
934,71.34,251,377,55,410,126,394,91,Nenhuma,33,70
934,71.34,261,41,71,94,191,67,131,Nenhuma,52,119
934,71.34,279,92,72,129,136,110,104,Expositor 1,36,64
934,71.34,280,40,71,85,181,63,126,Nenhuma,45,110
935,71.41,151,287,170,436,355,361,263,Nenhuma,149,185
935,71.41,168,87,140,180,333,134,236,Expositor 1,92,192
935,71.41,176,101,40,137,105,119,72,Nenhuma,35,65
935,71.41,225,164,115,241,271,202,193,Expositor 1,76,155
935,71.41,243,136,39,183,164,159,102,Expositor 1,46,125
935,71.41,251,378,55,411,126,394,91,Nenhuma,32,70
935,71.41,261,40,71,96,198,68,135,Nenhuma,55,126
935,71.41,279,90,70,131,143,110,106,Expositor 1,41,72
936,71.49,151,287,171,436,355,362,263,Nenhuma,149,184
936,71.49,168,87,139,180,333,133,236,Expositor 1,92,193
936,71.49,176,101,40,137,105,119,72,Nenhuma,35,65
936,71.49,225,163,116,242,276,203,196,Expositor 1,78,160
936,71.49,243,136,40,182,164,159,102,Expositor 1,45,123
936,71.49,251,379,55,411,125,395,90,Nenhuma,32,70
936,71.49,261,40,71,97,200,68,136,Nenhuma,56,128
936,71.49,279,89,70,131,144,110,107,Expositor 1,42,74
937,71.56,151,283,171,433,356,358,263,Nenhuma,150,184
937,71.56,168,87,139,180,333,133,236,Expositor 1,93,193
937,71.56,176,101,40,137,105,119,72,Nenhuma,35,65
937,71.56,225,165,115,240,269,203,192,Expositor 1,75,154
937,71.56,243,136,40,182,164,159,102,Expositor 1,46,124
937,71.56,251,379,55,411,125,395,90,Nenhuma,32,69
937,71.56,261,40,72,96,201,68,136,Nenhuma,56,128
937,71.56,279,88,69,131,145,110,107,Expositor 1,42,75
938,71.64,151,291,171,439,356,365,263,Nenhuma,148,184
938,71.64,168,87,139,180,333,133,236,Expositor 1,93,193
938,71.64,176,101,40,136,103,119,71,Nenhuma,35,63
938,71.64,225,163,115,240,272,202,193,Expositor 1,76,157
938,71.64,243,136,40,182,162,159,101,Expositor 1,45,122
938,71.64,251,379,55,411,125,395,90,Nenhuma,32,69
938,71.64,261,40,72,96,201,68,137,Nenhuma,56,128
938,71.64,279,88,70,131,147,109,109,Expositor 1,43,77
939,71.72,151,290,171,439,356,364,263,Nenhuma,148,184
939,71.72,168,86,138,180,333,133,235,Expositor 1,93,194
939,71.72,176,102,40,136,101,119,70,Nenhuma,34,61
939,71.72,225,164,114,241,272,202,193,Expositor 1,76,158
939,71.72,243,137,41,181,158,159,99,Nenhuma,44,116
939,71.72,251,378,55,411,126,395,91,Nenhuma,33,70
939,71.72,261,41,72,96,200,68,136,Nenhuma,55,127
939,71.72,279,89,71,132,148,110,109,Expositor 1,42,76
940,71.79,151,292,173,439,356,365,264,Nenhuma,147,183
940,71.79,168,86,138,179,333,133,235,Expositor 1,93,194
940,71.79,176,101,40,136,102,119,71,Nenhuma,34,62
940,71.79,225,163,112,241,273,202,192,Expositor 1,77,160
940,71.79,243,136,42,182,161,159,101,Expositor 1,45,118
940,71.79,251,378,55,411,126,395,91,Nenhuma,32,70
940,71.79,261,41,72,95,198,68,135,Nenhuma,54,126
940,71.79,279,90,71,134,149,112,110,Expositor 1,43,78
941,71.87,151,296,174,441,356,368,265,Nenhuma,145,182
941,71.87,168,86,138,179,333,133,235,Expositor 1,93,194
941,71.87,176,101,40,137,106,119,73,Nenhuma,36,66
941,71.87,225,161,112,242,280,202,196,Expositor 1,80,168
941,71.87,243,136,39,183,162,159,100,Expositor 1,47,123
941,71.87,251,378,55,411,126,395,90,Nenhuma,32,70
941,71.87,261,41,72,95,197,68,134,Nenhuma,54,125
941,71.87,279,90,71,134,149,112,110,Expositor 1,43,77
942,71.95,151,305,176,446,355,375,266,Nenhuma,141,179
942,71.95,168,86,138,180,333,133,235,Expositor 1,93,194
942,71.95,176,99,40,137,108,118,74,Nenhuma,38,68
942,71.95,225,161,111,242,282,202,197,Expositor 1,81,171
942,71.95,243,133,29,183,162,158,95,Nenhuma,49,132
942,71.95,251,378,55,411,125,395,90,Nenhuma,32,70
942,71.95,261,43,72,94,187,69,129,Nenhuma,51,115
942,71.95,279,91,72,134,148,112,110,Expositor 1,42,76
943,72.02,151,311,176,449,355,380,266,Nenhuma,138,178
943,72.02,168,86,138,180,331,133,234,Expositor 1,93,192
943,72.02,176,98,40,137,110,118,75,Nenhuma,38,70
943,72.02,225,161,110,242,282,201,196,Expositor 1,81,172
943,72.02,243,132,28,182,162,157,95,Nenhuma,49,133
943,72.02,251,376,57,409,127,393,92,Nenhuma,33,69
943,72.02,261,42,72,91,182,67,127,Nenhuma,49,110
943,72.02,279,92,73,133,147,112,110,Expositor 1,41,74
944,72.1,151,317,177,452,355,385,266,Nenhuma,135,178
944,72.1,168,86,139,179,330,133,234,Expositor 1,92,190
944,72.1,176,99,40,137,109,118,74,Nenhuma,38,69
944,72.1,225,161,109,242,280,202,195,Expositor 1,80,170
944,72.1,243,131,27,181,161,156,94,Nenhuma,50,134
944,72.1,251,375,58,410,129,393,93,Nenhuma,34,70
944,72.1,261,35,71,83,180,59,126,Nenhuma,47,109
944,72.1,279,92,73,135,149,113,111,Expositor 1,43,76
944,72.1,280,37,70,90,197,64,134,Nenhuma,52,126
945,72.18,151,321,178,453,355,387,266,Nenhuma,131,177
945,72.18,168,86,139,179,330,133,234,Expositor 1,93,190
945,72.18,176,99,40,137,110,118,75,Nenhuma,38,70
945,72.18,225,161,109,243,282,202,195,Expositor 1,81,172
945,72.18,243,131,26,181,161,156,94,Nenhuma,49,135
945,72.18,251,375,60,410,130,393,95,Nenhuma,34,70
945,72.18,261,39,71,88,182,64,126,Nenhuma,49,111
945,72.18,279,92,73,135,151,113,112,Expositor 1,43,78
945,72.18,280,37,70,91,198,64,134,Nenhuma,53,128
946,72.25,151,324,178,453,355,389,267,Nenhuma,129,177
946,72.25,168,85,137,180,331,133,234,Expositor 1,95,193
946,72.25,176,99,40,137,110,118,75,Nenhuma,38,70
946,72.25,225,162,108,242,278,202,193,Expositor 1,79,169
946,72.25,243,130,26,180,162,155,94,Nenhuma,49,136
946,72.25,251,378,60,412,129,395,95,Nenhuma,33,68
946,72.25,261,35,71,83,182,59,127,Nenhuma,48,110
946,72.25,279,91,73,136,153,114,113,Expositor 1,44,80
946,72.25,280,37,70,91,200,64,135,Nenhuma,53,129
946,72.25,287,260,2,299,97,280,49,Nenhuma,39,94
947,72.33,151,326,178,453,355,389,267,Nenhuma,127,177
947,72.33,168,84,136,180,331,132,234,Expositor 1,95,195
947,72.33,176,99,40,136,110,118,75,Nenhuma,37,70
947,72.33,225,163,108,239,267,201,188,Expositor 1,75,158
947,72.33,243,131,30,179,161,155,96,Nenhuma,47,130
947,72.33,251,376,61,411,129,393,95,Nenhuma,34,68
947,72.33,261,32,71,78,179,55,125,Nenhuma,46,108
947,72.33,279,91,73,136,154,114,114,Expositor 1,44,80
947,72.33,280,35,71,87,197,61,134,Nenhuma,52,125
947,72.33,287,260,3,299,96,280,50,Nenhuma,39,93
948,72.41,151,326,177,452,355,389,266,Nenhuma,125,178
948,72.41,168,84,136,180,332,132,234,Expositor 1,96,195
948,72.41,176,99,40,136,109,117,74,Nenhuma,36,69
948,72.41,225,161,108,238,269,199,189,Expositor 1,77,160
948,72.41,243,133,33,178,157,155,95,Nenhuma,45,123
948,72.41,251,376,61,411,130,393,95,Nenhuma,34,68
948,72.41,261,32,72,77,179,54,126,Nenhuma,44,107
948,72.41,279,91,73,134,153,112,113,Expositor 1,43,79
948,72.41,280,35,72,86,196,61,134,Nenhuma,51,123
948,72.41,287,259,3,300,97,280,50,Nenhuma,40,93
949,72.48,151,327,177,451,355,389,266,Nenhuma,124,178
949,72.48,168,84,136,180,332,132,234,Expositor 1,96,195
949,72.48,176,99,40,135,108,117,74,Nenhuma,36,68
949,72.48,225,160,108,237,265,199,186,Expositor 1,76,156
949,72.48,243,133,36,177,154,155,95,Nenhuma,43,118
949,72.48,251,376,61,412,131,394,96,Nenhuma,35,69
949,72.48,261,30,73,79,189,55,131,Nenhuma,48,116
949,72.48,279,92,73,135,151,113,112,Expositor 1,42,77
949,72.48,280,35,72,86,196,61,134,Nenhuma,51,124
949,72.48,287,259,3,300,97,280,50,Nenhuma,41,93
950,72.56,151,327,177,449,356,388,266,Nenhuma,122,178
950,72.56,168,84,136,180,330,132,233,Expositor 1,96,194
950,72.56,176,100,40,134,105,117,72,Nenhuma,34,65
950,72.56,225,158,109,235,263,197,186,Expositor 1,76,153
950,72.56,243,134,36,178,152,156,94,Nenhuma,43,116
950,72.56,251,377,63,412,131,395,97,Nenhuma,34,67
950,72.56,261,30,73,74,178,52,126,Nenhuma,43,104
950,72.56,279,92,73,135,151,113,112,Expositor 1,42,78
950,72.56,280,35,72,86,197,61,135,Nenhuma,51,124
950,72.56,287,259,4,301,98,280,51,Nenhuma,41,93
951,72.63,151,327,177,448,356,388,266,Nenhuma,121,178
951,72.63,168,83,134,181,330,132,232,Expositor 1,97,196
951,72.63,176,100,40,134,105,117,72,Nenhuma,34,65
951,72.63,225,164,109,238,257,201,183,Expositor 1,73,147
951,72.63,243,131,29,178,152,154,90,Nenhuma,46,123
951,72.63,251,379,63,413,131,396,97,Nenhuma,34,67
951,72.63,261,31,74,73,171,52,122,Nenhuma,41,97
951,72.63,279,91,73,135,153,113,113,Expositor 1,43,80
951,72.63,280,35,72,87,198,61,135,Nenhuma,51,125
951,72.63,287,259,4,301,98,280,51,Nenhuma,41,93
952,72.71,151,327,177,447,356,387,266,Nenhuma,119,178
952,72.71,168,83,133,181,330,132,231,Expositor 1,97,196
952,72.71,176,101,40,130,95,116,67,Nenhuma,29,55
952,72.71,225,166,109,240,255,203,182,Expositor 1,73,146
952,72.71,243,129,28,178,155,153,92,Nenhuma,48,126
952,72.71,251,380,64,415,132,398,98,Nenhuma,34,68
952,72.71,261,35,83,71,167,53,125,Nenhuma,36,84
952,72.71,279,91,73,134,153,113,113,Expositor 1,42,80
952,72.71,287,259,4,301,98,280,51,Nenhuma,41,93
953,72.79,151,328,177,446,356,387,266,Nenhuma,118,178
953,72.79,168,84,133,181,329,132,231,Expositor 1,97,196
953,72.79,176,102,40,130,93,116,66,Nenhuma,28,53
953,72.79,225,165,108,238,252,202,180,Expositor 1,73,144
953,72.79,243,127,26,178,156,153,91,Nenhuma,50,130
953,72.79,251,381,64,416,132,399,98,Nenhuma,34,68
953,72.79,261,35,84,69,165,52,124,Nenhuma,34,80
953,72.79,279,91,73,134,153,113,113,Expositor 1,43,80
954,72.86,151,329,177,446,356,387,266,Nenhuma,117,178
954,72.86,168,84,138,180,329,132,234,Expositor 1,95,191
954,72.86,176,102,40,130,91,116,65,Nenhuma,27,51
954,72.86,225,163,106,237,249,200,178,Expositor 1,73,142
954,72.86,243,127,27,178,158,152,93,Nenhuma,51,130
954,72.86,251,383,64,417,133,400,98,Nenhuma,34,68
954,72.86,261,29,74,70,168,50,121,Nenhuma,40,94
954,72.86,279,91,73,134,153,113,113,Expositor 1,43,80
955,72.94,151,329,177,446,356,387,266,Nenhuma,116,179
955,72.94,168,84,139,180,331,132,235,Expositor 1,95,191
955,72.94,176,102,40,129,90,115,65,Nenhuma,27,50
955,72.94,225,160,105,237,252,199,179,Expositor 1,76,147
955,72.94,243,127,30,177,157,152,93,Nenhuma,50,127
955,72.94,251,384,64,419,133,401,99,Nenhuma,34,69
955,72.94,261,28,72,71,170,49,121,Nenhuma,42,98
955,72.94,279,91,73,135,154,113,113,Expositor 1,43,81
956,73.02,151,330,176,445,356,388,266,Nenhuma,115,180
956,73.02,168,84,140,180,331,132,236,Expositor 1,95,191
956,73.02,176,102,40,128,89,115,64,Nenhuma,26,49
956,73.02,225,161,104,237,247,199,176,Expositor 1,76,143
956,73.02,243,128,32,177,157,152,94,Nenhuma,49,124
956,73.02,251,385,64,420,134,402,99,Nenhuma,34,69
956,73.02,261,28,69,72,171,50,120,Nenhuma,44,101
957,73.09,151,331,175,446,357,388,266,Nenhuma,114,181
957,73.09,168,87,141,184,331,136,236,Expositor 1,96,190
957,73.09,225,157,101,244,267,201,184,Expositor 1,86,165
957,73.09,243,129,40,175,155,152,98,Nenhuma,46,114
957,73.09,251,386,64,421,134,404,99,Nenhuma,35,69
957,73.09,261,30,69,72,166,51,117,Nenhuma,42,97
958,73.17,151,332,175,446,357,389,266,Nenhuma,113,181
958,73.17,168,86,142,182,332,134,237,Expositor 1,96,189
958,73.17,225,154,99,246,275,200,187,Expositor 1,91,175
958,73.17,243,128,45,173,153,151,99,Nenhuma,44,107
958,73.17,251,386,63,422,134,404,99,Nenhuma,35,71
958,73.17,261,30,68,72,164,51,116,Nenhuma,41,95
959,73.25,151,332,175,445,357,389,266,Nenhuma,112,182
959,73.25,168,86,142,183,330,134,236,Expositor 1,96,188
959,73.25,225,153,97,247,278,200,188,Expositor 1,93,181
959,73.25,243,128,45,173,152,151,98,Nenhuma,45,106
959,73.25,251,387,63,422,135,404,99,Nenhuma,35,71
959,73.25,261,30,68,72,164,51,116,Nenhuma,41,96
959,73.25,287,259,3,301,98,280,50,Nenhuma,42,94
959,73.25,291,121,23,164,71,143,47,Nenhuma,42,48
960,73.32,151,333,174,445,357,389,266,Nenhuma,111,182
960,73.32,168,84,142,181,330,133,236,Expositor 1,96,188
960,73.32,225,153,96,248,281,200,188,Expositor 1,94,185
960,73.32,243,125,30,176,151,151,90,Nenhuma,50,120
960,73.32,251,387,64,422,134,404,99,Nenhuma,35,70
960,73.32,261,29,65,74,169,52,117,Nenhuma,44,103
960,73.32,287,262,3,300,80,281,41,Nenhuma,37,77
960,73.32,291,121,23,164,72,142,47,Nenhuma,42,49
961,73.4,151,333,174,444,357,389,265,Nenhuma,110,182
961,73.4,168,85,141,182,330,134,235,Expositor 1,97,188
961,73.4,225,153,95,247,279,200,187,Expositor 1,94,184
961,73.4,243,124,24,177,152,150,88,Nenhuma,53,127
961,73.4,251,387,64,422,134,405,99,Nenhuma,35,70
961,73.4,261,29,64,75,170,52,117,Nenhuma,45,106
961,73.4,287,262,3,298,73,280,38,Nenhuma,36,69
961,73.4,291,120,23,164,72,142,47,Nenhuma,43,49
962,73.47,151,335,174,444,357,390,265,Nenhuma,109,182
962,73.47,168,89,141,188,331,139,236,Expositor 1,99,190
962,73.47,225,153,93,248,281,201,187,Expositor 1,94,187
962,73.47,243,123,25,177,153,150,89,Nenhuma,53,128
962,73.47,251,387,64,422,134,405,99,Nenhuma,35,70
962,73.47,261,29,61,74,167,51,114,Nenhuma,45,105
962,73.47,287,262,6,297,70,279,38,Nenhuma,35,64
962,73.47,291,120,23,164,72,142,47,Nenhuma,43,49
963,73.55,151,336,174,444,356,390,265,Nenhuma,108,182
963,73.55,168,86,141,185,331,135,236,Expositor 1,99,189
963,73.55,225,154,92,248,280,201,186,Expositor 1,94,187
963,73.55,243,124,25,177,153,150,89,Nenhuma,53,128
963,73.55,251,387,64,422,134,405,99,Nenhuma,35,70
963,73.55,261,29,62,74,166,51,114,Nenhuma,44,103
963,73.55,287,261,7,297,69,279,38,Nenhuma,35,62
963,73.55,294,343,29,380,121,362,75,Nenhuma,37,92
964,73.63,151,337,173,446,356,392,264,Nenhuma,108,182
964,73.63,168,85,142,185,333,135,237,Expositor 1,100,191
964,73.63,225,157,93,249,277,203,185,Expositor 1,91,184
964,73.63,243,124,23,177,150,150,86,Nenhuma,52,127
964,73.63,251,387,64,422,134,405,99,Nenhuma,35,70
964,73.63,261,29,64,74,168,52,116,Nenhuma,45,103
964,73.63,287,262,8,296,67,279,37,Nenhuma,33,59
964,73.63,294,343,29,379,121,361,75,Nenhuma,36,91
965,73.7,151,338,173,446,356,392,264,Nenhuma,108,182
965,73.7,168,85,142,185,333,135,237,Expositor 1,100,191
965,73.7,225,156,94,248,278,202,186,Expositor 1,91,184
965,73.7,243,124,22,176,149,150,85,Nenhuma,52,126
965,73.7,251,387,64,422,134,405,99,Nenhuma,35,70
965,73.7,261,29,65,75,169,52,117,Nenhuma,45,104
965,73.7,287,263,8,295,65,279,36,Nenhuma,32,56
965,73.7,294,344,30,380,121,362,75,Nenhuma,36,90
966,73.78,151,339,171,447,355,393,263,Nenhuma,108,184
966,73.78,168,87,136,190,331,139,233,Expositor 1,103,195
966,73.78,225,156,97,247,278,202,187,Expositor 1,90,181
966,73.78,243,123,21,177,150,150,86,Nenhuma,53,129
966,73.78,251,387,64,422,134,404,99,Nenhuma,35,69
966,73.78,261,29,65,74,168,52,117,Nenhuma,45,102
966,73.78,287,263,9,294,62,279,36,Nenhuma,30,53
966,73.78,294,343,30,380,121,362,75,Nenhuma,36,90
967,73.86,151,339,171,448,355,393,263,Nenhuma,108,184
967,73.86,168,84,140,186,332,135,236,Expositor 1,101,192
967,73.86,225,156,99,246,277,201,188,Expositor 1,89,178
967,73.86,243,122,20,177,154,149,87,Nenhuma,55,134
967,73.86,251,386,64,422,134,404,99,Nenhuma,35,69
967,73.86,261,29,66,76,173,52,119,Nenhuma,46,106
967,73.86,294,343,30,380,121,362,75,Nenhuma,36,90
968,73.93,151,339,170,448,356,394,263,Nenhuma,109,185
968,73.93,168,82,142,183,332,133,237,Expositor 1,100,190
968,73.93,225,156,102,244,275,200,188,Expositor 1,88,173
968,73.93,243,122,20,177,154,149,87,Nenhuma,54,133
968,73.93,251,387,65,422,134,404,99,Nenhuma,35,69
968,73.93,261,30,66,77,175,53,121,Nenhuma,47,109
968,73.93,294,343,30,380,121,362,75,Nenhuma,36,90
969,74.01,151,336,172,445,356,391,264,Nenhuma,108,184
969,74.01,168,78,143,179,333,129,238,Expositor 1,100,189
969,74.01,225,157,105,242,267,199,186,Expositor 1,84,162
969,74.01,243,122,20,177,154,149,87,Nenhuma,54,133
969,74.01,251,387,65,422,134,405,99,Nenhuma,35,69
969,74.01,261,28,66,75,175,52,121,Nenhuma,47,108
969,74.01,294,343,30,380,121,362,75,Nenhuma,36,90
970,74.09,151,328,174,438,356,383,265,Nenhuma,109,181
970,74.09,168,75,146,176,333,125,239,Expositor 1,100,187
970,74.09,225,165,108,235,235,200,172,Expositor 1,70,126
970,74.09,243,121,20,176,154,148,87,Nenhuma,55,134
970,74.09,251,387,65,422,134,405,99,Nenhuma,35,68
970,74.09,261,29,66,76,176,53,121,Nenhuma,47,109
971,74.16,151,324,176,434,356,379,266,Nenhuma,110,179
971,74.16,168,73,146,174,333,124,240,Expositor 1,101,186
971,74.16,225,157,110,220,222,189,166,Expositor 1,62,112
971,74.16,243,121,20,176,154,148,87,Nenhuma,55,134
971,74.16,251,386,65,422,134,404,99,Nenhuma,35,68
971,74.16,261,29,66,76,177,53,121,Nenhuma,47,110
972,74.24,151,313,179,426,356,369,268,Nenhuma,113,177
972,74.24,168,70,146,172,333,121,239,Expositor 1,102,186
972,74.24,225,158,111,216,217,187,164,Expositor 1,58,105
972,74.24,243,120,19,176,156,148,88,Nenhuma,56,136
972,74.24,251,386,65,422,134,404,99,Nenhuma,35,68
972,74.24,261,28,66,75,175,52,121,Nenhuma,47,108
973,74.31,151,307,183,422,356,365,270,Nenhuma,114,173
973,74.31,168,68,146,172,333,120,240,Expositor 1,103,186
973,74.31,225,158,112,213,211,185,162,Expositor 1,55,98
973,74.31,243,121,20,177,156,149,88,Nenhuma,56,136
973,74.31,251,386,65,422,134,404,99,Nenhuma,35,68
973,74.31,261,27,66,75,176,51,121,Nenhuma,47,110
973,74.31,295,150,112,249,221,199,166,Expositor 1,98,109
974,74.39,151,305,184,420,357,362,270,Nenhuma,114,172
974,74.39,168,69,148,172,332,120,240,Expositor 1,103,184
974,74.39,225,158,113,209,205,183,159,Expositor 1,51,91
974,74.39,243,121,20,178,157,150,89,Nenhuma,56,137
974,74.39,251,386,65,422,134,404,99,Nenhuma,35,69
974,74.39,261,27,66,74,177,51,121,Nenhuma,47,110
974,74.39,294,343,35,377,121,360,78,Nenhuma,34,86
974,74.39,295,141,112,260,244,200,178,Expositor 1,118,131
975,74.47,151,303,185,417,357,360,271,Nenhuma,113,171
975,74.47,168,65,149,168,331,116,240,Expositor 1,102,182
975,74.47,243,122,20,179,157,151,89,Nenhuma,56,137
975,74.47,251,386,65,422,134,404,99,Nenhuma,35,69
975,74.47,261,26,66,73,177,50,122,Nenhuma,47,110
975,74.47,294,344,34,378,121,361,78,Nenhuma,34,86
975,74.47,295,139,113,263,253,201,183,Expositor 1,124,139
976,74.54,151,301,186,414,357,358,271,Nenhuma,112,170
976,74.54,168,62,149,166,332,114,240,Expositor 1,103,183
976,74.54,243,123,20,179,158,151,89,Nenhuma,56,137
976,74.54,251,386,65,422,135,404,100,Expositor 2,35,69
976,74.54,261,26,66,73,178,50,122,Nenhuma,46,111
976,74.54,291,120,21,164,72,142,46,Nenhuma,44,51
976,74.54,294,344,34,378,121,361,77,Nenhuma,34,86
976,74.54,295,139,114,264,255,201,185,Expositor 1,124,141
976,74.54,297,59,148,142,290,101,219,Expositor 1,83,141
977,74.62,168,60,149,169,343,114,246,Expositor 1,108,193
977,74.62,243,125,26,177,153,151,90,Nenhuma,52,126
977,74.62,251,386,64,422,135,404,99,Nenhuma,36,70
977,74.62,261,27,66,72,176,49,121,Nenhuma,45,109
977,74.62,291,120,20,164,71,142,46,Nenhuma,44,50
977,74.62,294,344,33,379,121,361,77,Nenhuma,34,87
977,74.62,295,136,115,264,263,200,189,Expositor 1,128,147
977,74.62,297,58,149,143,293,101,221,Expositor 1,84,143
978,74.7,168,57,150,169,350,113,250,Expositor 1,111,199
978,74.7,243,124,22,178,151,151,86,Nenhuma,53,129
978,74.7,251,386,64,422,135,404,99,Nenhuma,35,70
978,74.7,261,27,66,72,177,49,121,Nenhuma,45,110
978,74.7,291,120,20,164,71,142,46,Nenhuma,44,50
978,74.7,294,344,33,378,121,361,77,Nenhuma,34,87
978,74.7,295,133,115,267,273,200,194,Expositor 1,134,158
978,74.7,297,58,149,143,295,100,222,Expositor 1,85,145
979,74.77,168,57,152,168,351,112,252,Expositor 1,111,199
979,74.77,243,124,20,178,152,151,86,Nenhuma,54,131
979,74.77,251,386,64,422,135,404,99,Nenhuma,35,70
979,74.77,261,26,66,71,176,49,121,Nenhuma,44,109
979,74.77,291,120,20,164,71,142,45,Nenhuma,44,50
979,74.77,294,344,33,378,120,361,77,Nenhuma,34,87
979,74.77,295,131,115,266,277,199,196,Expositor 1,134,161
979,74.77,297,57,152,144,301,101,226,Expositor 1,86,148
979,74.77,298,270,207,420,356,345,281,Nenhuma,149,148
979,74.77,299,154,114,242,210,198,162,Expositor 1,88,96
980,74.85,168,56,151,167,352,111,252,Expositor 1,111,200
980,74.85,243,123,20,178,152,150,86,Nenhuma,54,132
980,74.85,251,386,64,423,135,404,99,Nenhuma,36,70
980,74.85,261,26,67,69,175,48,121,Nenhuma,43,107
980,74.85,291,119,20,165,72,142,46,Nenhuma,46,51
980,74.85,294,344,33,379,120,362,77,Nenhuma,35,87
980,74.85,295,132,114,264,277,198,196,Expositor 1,132,163
980,74.85,297,57,152,144,301,101,227,Expositor 1,87,149
980,74.85,298,270,208,419,356,345,282,Nenhuma,149,147
980,74.85,299,155,114,239,204,197,159,Expositor 1,83,90
981,74.93,168,57,154,167,353,112,254,Expositor 1,110,198
981,74.93,176,96,41,135,122,115,82,Nenhuma,39,80
981,74.93,243,123,20,178,153,150,87,Nenhuma,54,132
981,74.93,251,386,64,423,135,404,99,Nenhuma,36,70
981,74.93,261,25,67,68,176,46,121,Nenhuma,43,109
981,74.93,291,120,20,166,72,143,46,Nenhuma,46,51
981,74.93,294,344,33,378,120,361,77,Nenhuma,34,87
981,74.93,295,129,114,266,284,198,199,Expositor 1,137,169
981,74.93,297,58,155,144,304,101,230,Expositor 1,86,149
981,74.93,298,263,211,409,356,336,283,Nenhuma,145,144
981,74.93,299,156,113,235,199,196,156,Expositor 1,79,86
982,75.0,168,58,157,167,353,112,255,Expositor 1,108,196
982,75.0,176,95,42,136,124,115,83,Nenhuma,40,82
982,75.0,243,123,20,178,155,150,87,Nenhuma,55,135
982,75.0,251,386,64,423,134,405,99,Nenhuma,36,69
982,75.0,261,25,66,68,176,47,121,Nenhuma,43,110
982,75.0,287,239,7,287,95,263,51,Nenhuma,47,88
982,75.0,291,120,20,166,73,143,46,Nenhuma,46,52
982,75.0,294,344,33,379,120,361,77,Nenhuma,34,87
982,75.0,295,126,115,269,290,198,202,Expositor 1,142,175
982,75.0,297,58,158,147,313,103,235,Expositor 1,89,154
982,75.0,298,257,210,402,356,330,283,Nenhuma,145,145
982,75.0,299,156,112,234,196,195,154,Expositor 1,78,84
983,75.08,168,59,158,167,353,113,256,Expositor 1,107,195
983,75.08,176,95,42,136,125,115,83,Nenhuma,40,83
983,75.08,243,123,20,178,155,151,87,Nenhuma,55,134
983,75.08,251,386,64,422,134,404,99,Nenhuma,36,69
983,75.08,261,26,66,69,177,47,122,Nenhuma,43,110
983,75.08,287,239,6,286,96,263,51,Nenhuma,46,89
983,75.08,291,121,20,167,73,144,47,Nenhuma,46,52
983,75.08,294,344,34,378,120,361,77,Nenhuma,34,86
983,75.08,295,133,111,266,279,200,195,Expositor 1,132,168
983,75.08,297,59,159,147,314,103,236,Expositor 1,88,154
983,75.08,298,258,210,403,356,330,283,Nenhuma,144,145
983,75.08,299,153,111,235,199,194,155,Expositor 1,82,88
984,75.15,168,60,159,167,353,113,256,Expositor 1,107,193
984,75.15,176,96,42,134,123,115,82,Nenhuma,37,81
984,75.15,243,123,20,178,154,150,87,Nenhuma,54,134
984,75.15,251,386,65,422,134,404,99,Nenhuma,36,69
984,75.15,261,27,68,70,177,49,123,Nenhuma,43,109
984,75.15,287,240,6,285,96,263,51,Nenhuma,45,89
984,75.15,291,122,20,168,72,145,46,Nenhuma,45,51
984,75.15,294,344,34,378,120,361,77,Nenhuma,34,86
984,75.15,295,132,111,268,284,200,198,Expositor 1,136,172
984,75.15,297,59,161,148,316,103,239,Expositor 1,88,154
984,75.15,298,261,207,409,356,335,281,Nenhuma,148,148
984,75.15,299,153,110,233,196,193,153,Expositor 1,80,85
985,75.23,168,61,162,167,353,114,257,Expositor 1,105,191
985,75.23,176,96,42,134,124,115,83,Nenhuma,37,82
985,75.23,243,123,20,177,153,150,87,Nenhuma,54,132
985,75.23,251,386,65,422,134,404,99,Nenhuma,36,69
985,75.23,261,27,68,71,178,49,123,Nenhuma,43,109
985,75.23,287,239,6,285,98,262,52,Nenhuma,45,91
985,75.23,291,123,20,168,71,145,45,Nenhuma,44,51
985,75.23,294,344,33,378,120,361,76,Nenhuma,34,86
985,75.23,295,131,111,260,279,196,195,Expositor 1,129,168
985,75.23,297,59,163,148,319,104,241,Expositor 1,88,155
985,75.23,298,260,205,411,356,335,280,Nenhuma,150,150
985,75.23,299,153,110,233,196,193,153,Expositor 1,80,85
986,75.31,168,62,163,166,352,114,258,Expositor 1,104,189
986,75.31,176,96,42,134,125,115,84,Nenhuma,38,83
986,75.31,243,122,20,176,153,149,86,Nenhuma,54,132
986,75.31,251,385,65,422,134,404,99,Nenhuma,36,69
986,75.31,261,27,69,70,178,48,123,Nenhuma,43,108
986,75.31,287,238,6,284,99,261,53,Nenhuma,46,92
986,75.31,291,123,20,168,71,146,45,Nenhuma,44,51
986,75.31,294,344,33,378,119,361,76,Nenhuma,34,86
986,75.31,295,132,111,257,279,194,195,Expositor 1,124,168
986,75.31,297,60,164,150,323,105,244,Expositor 1,89,159
986,75.31,298,259,205,410,356,334,280,Nenhuma,150,150
986,75.31,299,153,110,233,194,193,152,Expositor 1,79,83
987,75.38,168,62,163,167,352,115,257,Expositor 1,104,189
987,75.38,176,96,42,134,127,115,84,Nenhuma,38,84
987,75.38,243,120,20,175,153,148,86,Nenhuma,54,133
987,75.38,251,386,65,422,134,404,99,Nenhuma,36,69
987,75.38,261,25,69,67,176,46,122,Nenhuma,42,106
987,75.38,287,237,6,284,100,260,53,Nenhuma,47,93
987,75.38,291,123,19,168,71,146,45,Nenhuma,44,51
987,75.38,294,345,33,380,119,363,76,Nenhuma,34,86
987,75.38,295,134,111,255,278,194,195,Expositor 1,120,166
987,75.38,297,60,165,151,327,105,246,Expositor 1,90,161
987,75.38,298,265,197,420,356,343,276,Nenhuma,155,158
987,75.38,299,152,110,233,195,193,153,Expositor 1,81,84
988,75.46,168,62,162,167,353,115,257,Expositor 1,104,190
988,75.46,243,121,21,176,153,148,87,Nenhuma,54,132
988,75.46,251,386,64,422,134,404,99,Nenhuma,36,70
988,75.46,261,26,69,68,176,47,122,Nenhuma,42,107
988,75.46,291,123,20,167,71,145,46,Nenhuma,44,51
988,75.46,294,345,34,379,120,362,77,Nenhuma,34,85
988,75.46,295,135,111,254,278,195,194,Expositor 1,118,167
988,75.46,297,60,167,152,330,106,248,Expositor 1,91,163
988,75.46,298,275,194,431,356,353,275,Nenhuma,155,161
988,75.46,299,151,110,235,198,193,154,Expositor 1,83,87
989,75.54,168,62,162,167,353,115,257,Expositor 1,104,190
989,75.54,243,122,20,176,153,149,86,Nenhuma,54,132
989,75.54,251,386,64,422,134,404,99,Nenhuma,36,70
989,75.54,261,26,70,67,175,46,123,Nenhuma,41,105
989,75.54,291,123,20,167,71,145,46,Nenhuma,44,51
989,75.54,294,345,34,380,120,362,77,Nenhuma,34,85
989,75.54,295,135,110,252,280,194,195,Expositor 1,117,170
989,75.54,297,60,168,152,333,106,250,Expositor 1,92,164
989,75.54,298,276,192,433,356,354,274,Nenhuma,156,163
989,75.54,299,151,110,234,197,192,153,Expositor 1,83,86
990,75.61,168,61,162,167,354,114,258,Expositor 1,105,192
990,75.61,243,121,20,176,153,149,86,Nenhuma,54,132
990,75.61,251,386,64,423,134,404,99,Nenhuma,36,70
990,75.61,261,24,68,66,175,45,122,Nenhuma,41,106
990,75.61,291,121,20,166,71,144,46,Nenhuma,44,51
990,75.61,294,345,36,379,120,362,78,Nenhuma,33,83
990,75.61,295,136,111,250,279,193,195,Expositor 1,113,168
990,75.61,298,258,188,419,356,339,272,Nenhuma,160,167
990,75.61,299,150,110,232,195,191,153,Expositor 1,82,85
991,75.69,168,61,162,167,355,114,258,Expositor 1,106,192
991,75.69,243,124,34,173,152,149,93,Nenhuma,49,118
991,75.69,251,386,64,423,135,404,99,Nenhuma,36,70
991,75.69,261,24,68,66,176,45,122,Nenhuma,42,108
991,75.69,291,122,20,166,71,144,46,Nenhuma,44,51
991,75.69,294,346,37,378,120,362,78,Nenhuma,32,82
991,75.69,295,137,111,247,279,192,195,Expositor 1,110,167
991,75.69,298,251,185,416,356,334,270,Nenhuma,164,170
991,75.69,299,149,110,232,197,191,153,Expositor 1,83,86
992,75.77,168,61,162,167,354,114,258,Expositor 1,105,191
992,75.77,243,125,38,174,152,150,95,Nenhuma,48,113
992,75.77,251,386,65,423,135,405,100,Expositor 2,36,70
992,75.77,261,24,68,66,176,45,122,Nenhuma,42,107
992,75.77,291,121,20,166,71,144,46,Nenhuma,44,51
992,75.77,294,346,37,379,119,363,78,Nenhuma,32,82
992,75.77,295,138,113,245,278,192,195,Expositor 1,106,165
992,75.77,298,250,183,417,356,333,269,Nenhuma,167,172
992,75.77,299,149,112,231,196,190,154,Expositor 1,81,84
993,75.84,168,61,161,167,354,114,258,Expositor 1,106,192
993,75.84,176,98,40,129,112,113,76,Nenhuma,31,72
993,75.84,243,123,28,175,152,149,90,Nenhuma,52,123
993,75.84,251,386,65,423,135,405,100,Expositor 2,36,70
993,75.84,261,25,68,67,176,46,122,Nenhuma,41,107
993,75.84,291,121,20,166,71,143,46,Nenhuma,44,51
993,75.84,294,346,36,379,119,363,77,Nenhuma,32,82
993,75.84,295,139,115,243,278,191,196,Expositor 1,104,163
993,75.84,298,260,180,428,356,344,268,Nenhuma,168,175
993,75.84,299,148,114,231,200,189,157,Expositor 1,83,85
994,75.92,168,59,160,166,354,112,257,Expositor 1,107,194
994,75.92,176,99,40,128,109,113,74,Nenhuma,29,69
994,75.92,243,121,26,174,151,148,89,Nenhuma,53,125
994,75.92,251,386,65,423,135,405,100,Expositor 2,37,70
994,75.92,261,24,67,66,175,45,121,Nenhuma,42,107
994,75.92,291,122,20,166,72,144,46,Nenhuma,44,51
994,75.92,294,347,35,381,119,364,77,Nenhuma,33,84
994,75.92,295,138,115,243,280,191,197,Expositor 1,104,164
994,75.92,298,271,176,439,356,355,266,Nenhuma,168,179
994,75.92,299,147,115,231,202,189,158,Expositor 1,84,87
995,75.99,168,58,159,166,354,112,256,Expositor 1,107,194
995,75.99,176,100,39,128,107,114,73,Nenhuma,27,67
995,75.99,243,119,26,173,151,146,88,Nenhuma,54,125
995,75.99,251,386,65,423,135,405,100,Expositor 2,37,70
995,75.99,261,24,67,66,175,45,121,Nenhuma,41,107
995,75.99,291,121,21,166,72,144,46,Nenhuma,45,50
995,75.99,294,347,35,381,119,364,77,Nenhuma,33,84
995,75.99,295,137,115,243,281,190,198,Expositor 1,105,165
995,75.99,298,275,174,442,356,358,265,Nenhuma,167,181
995,75.99,299,147,115,231,202,189,159,Expositor 1,83,86
996,76.07,168,57,158,165,354,111,256,Expositor 1,108,195
996,76.07,176,100,39,128,107,114,73,Nenhuma,27,67
996,76.07,243,118,31,171,152,145,92,Nenhuma,53,120
996,76.07,251,386,65,423,135,405,100,Expositor 2,37,70
996,76.07,261,23,67,65,174,44,121,Nenhuma,42,107
996,76.07,291,121,21,166,72,144,46,Nenhuma,45,50
996,76.07,294,347,35,381,119,364,77,Nenhuma,33,84
996,76.07,295,137,116,243,283,190,199,Expositor 1,106,167
996,76.07,298,277,171,445,356,361,263,Nenhuma,167,184
996,76.07,299,147,117,231,203,189,160,Expositor 1,83,85
997,76.15,168,56,157,165,354,110,255,Expositor 1,109,196
997,76.15,176,100,39,128,110,114,75,Nenhuma,28,70
997,76.15,243,119,24,175,153,147,89,Nenhuma,56,128
997,76.15,251,386,65,424,135,405,100,Expositor 2,37,70
997,76.15,261,23,67,66,176,45,121,Nenhuma,42,109
997,76.15,291,122,21,167,72,144,46,Nenhuma,45,50
997,76.15,294,346,35,379,119,363,77,Nenhuma,33,84
997,76.15,298,279,170,446,356,362,263,Nenhuma,167,185
997,76.15,299,148,118,230,203,189,160,Expositor 1,82,84
998,76.22,151,327,170,446,355,386,262,Nenhuma,118,184
998,76.22,168,55,155,165,353,110,254,Expositor 1,110,197
998,76.22,176,100,39,128,109,114,74,Nenhuma,28,70
998,76.22,243,119,21,176,153,147,87,Nenhuma,57,132
998,76.22,251,386,65,424,135,405,100,Expositor 2,37,70
998,76.22,261,23,66,66,177,45,121,Nenhuma,42,110
998,76.22,291,122,21,167,72,144,46,Nenhuma,45,51
998,76.22,294,345,36,379,120,362,78,Nenhuma,33,84
998,76.22,297,61,156,140,291,101,224,Expositor 1,79,135
998,76.22,298,279,168,448,356,364,262,Nenhuma,169,187
998,76.22,299,149,119,231,203,190,161,Expositor 1,82,84
999,76.3,151,330,163,451,355,391,259,Nenhuma,120,192
999,76.3,168,53,153,165,353,109,253,Expositor 1,111,200
999,76.3,176,100,39,128,109,114,74,Nenhuma,28,69
999,76.3,243,118,20,176,154,147,87,Nenhuma,57,133
999,76.3,251,386,65,423,134,405,99,Nenhuma,36,69
999,76.3,261,23,66,67,178,45,122,Nenhuma,43,111
999,76.3,291,122,21,167,72,144,46,Nenhuma,45,51
999,76.3,294,346,37,380,119,363,78,Nenhuma,33,82
999,76.3,297,61,156,140,290,101,223,Expositor 1,78,134
999,76.3,298,280,166,451,356,366,261,Nenhuma,171,189
999,76.3,299,152,118,228,195,190,156,Expositor 1,75,76
1000,76.38,151,335,162,454,355,394,258,Nenhuma,119,193
1000,76.38,168,52,152,165,355,109,253,Expositor 1,112,202
1000,76.38,176,100,39,128,109,114,74,Nenhuma,28,69
1000,76.38,243,119,20,177,155,148,88,Nenhuma,58,134
1000,76.38,251,386,65,423,134,405,99,Nenhuma,36,69
1000,76.38,261,23,66,66,178,45,122,Nenhuma,43,111
1000,76.38,291,122,21,167,72,145,46,Nenhuma,45,51
1000,76.38,294,347,36,381,119,364,77,Nenhuma,34,82
1000,76.38,295,142,117,243,281,193,199,Expositor 1,101,163
1000,76.38,297,61,156,139,289,100,222,Expositor 1,78,132
1000,76.38,298,281,164,454,356,367,260,Nenhuma,172,191
1000,76.38,299,153,118,227,194,190,156,Expositor 1,74,75
1001,76.45,151,339,159,457,354,398,257,Nenhuma,118,194
1001,76.45,168,51,151,164,353,107,252,Expositor 1,112,201
1001,76.45,243,120,20,177,154,148,87,Nenhuma,57,133
1001,76.45,251,386,65,423,134,405,99,Nenhuma,36,69
1001,76.45,261,23,67,65,177,44,122,Nenhuma,42,109
1001,76.45,291,122,21,167,72,145,46,Nenhuma,45,51
1001,76.45,294,347,34,383,119,365,76,Nenhuma,35,84
1001,76.45,295,145,118,244,279,195,198,Expositor 1,98,161
1001,76.45,297,61,156,139,287,100,221,Expositor 1,77,131
1001,76.45,299,153,119,226,193,190,156,Expositor 1,73,73
1002,76.53,151,339,158,457,355,398,256,Nenhuma,118,197
1002,76.53,168,51,150,162,351,106,251,Expositor 1,111,200
1002,76.53,243,120,20,177,154,149,87,Nenhuma,57,134
1002,76.53,251,386,64,423,134,405,99,Nenhuma,36,69
1002,76.53,261,23,67,65,177,44,122,Nenhuma,42,109
1002,76.53,291,122,21,167,72,145,46,Nenhuma,45,51
1002,76.53,294,345,33,382,119,363,76,Nenhuma,36,86
1002,76.53,295,147,118,244,277,195,197,Expositor 1,96,159
1002,76.53,299,153,119,226,192,190,156,Expositor 1,72,72
1003,76.61,151,339,156,457,356,398,256,Nenhuma,118,199
1003,76.61,168,49,150,159,349,104,250,Expositor 1,109,198
1003,76.61,176,104,39,125,85,114,62,Nenhuma,20,45
1003,76.61,243,120,19,178,155,149,87,Nenhuma,57,135
1003,76.61,251,385,64,422,134,404,99,Nenhuma,37,70
1003,76.61,261,23,67,65,176,44,122,Nenhuma,41,108
1003,76.61,294,344,33,381,119,363,76,Nenhuma,37,86
1003,76.61,295,152,119,243,269,197,194,Expositor 1,91,150
1003,76.61,303,42,41,72,107,57,74,Nenhuma,29,66
1004,76.68,151,339,155,457,356,398,256,Nenhuma,118,201
1004,76.68,168,49,150,157,347,103,249,Expositor 1,108,196
1004,76.68,176,105,39,124,83,115,61,Nenhuma,19,43
1004,76.68,243,121,19,177,155,149,87,Nenhuma,56,136
1004,76.68,251,385,64,422,134,404,99,Nenhuma,37,70
1004,76.68,261,23,67,65,176,44,121,Nenhuma,41,108
1004,76.68,294,343,32,381,119,362,75,Nenhuma,37,86
1004,76.68,295,153,120,242,267,197,193,Expositor 1,89,146
1004,76.68,303,42,41,72,108,57,75,Nenhuma,29,66
1005,76.76,151,339,152,457,355,398,254,Nenhuma,118,203
1005,76.76,168,49,152,156,347,103,249,Expositor 1,107,194
1005,76.76,176,104,39,126,85,115,62,Nenhuma,21,45
1005,76.76,243,121,19,178,157,149,88,Nenhuma,57,138
1005,76.76,251,385,63,422,134,404,99,Nenhuma,36,71
1005,76.76,261,23,67,64,176,44,121,Nenhuma,41,108
1005,76.76,294,342,31,381,120,361,76,Nenhuma,38,88
1005,76.76,295,155,121,241,261,198,191,Expositor 1,86,140
1005,76.76,299,153,121,243,211,198,166,Expositor 1,89,90
1005,76.76,303,43,42,73,108,58,75,Nenhuma,29,66
1006,76.83,151,338,147,458,355,398,251,Nenhuma,119,208
1006,76.83,168,50,152,157,346,103,249,Expositor 1,106,193
1006,76.83,176,104,40,126,84,115,62,Nenhuma,21,43
1006,76.83,243,120,19,178,160,149,89,Nenhuma,57,140
1006,76.83,251,385,63,422,135,403,99,Nenhuma,36,71
1006,76.83,261,23,67,65,176,44,122,Nenhuma,41,108
1006,76.83,294,341,31,381,120,361,76,Nenhuma,39,89
1006,76.83,295,156,121,242,262,199,192,Expositor 1,86,140
1006,76.83,299,154,121,242,212,198,167,Expositor 1,88,90
1006,76.83,303,45,42,74,106,60,74,Nenhuma,29,64
1007,76.91,151,338,142,458,355,398,248,Nenhuma,119,212
1007,76.91,168,51,153,156,346,104,249,Expositor 1,105,193
1007,76.91,176,104,40,126,84,115,62,Nenhuma,21,43
1007,76.91,243,120,19,178,161,149,90,Nenhuma,57,141
1007,76.91,251,385,63,422,135,404,99,Nenhuma,36,71
1007,76.91,261,23,67,65,176,44,122,Nenhuma,42,108
1007,76.91,294,341,31,380,120,361,76,Nenhuma,39,89
1007,76.91,295,155,122,241,262,198,192,Expositor 1,85,140
1007,76.91,299,154,122,243,213,199,167,Expositor 1,89,91
1007,76.91,303,45,42,74,107,59,75,Nenhuma,28,64
1008,76.99,151,338,133,459,355,398,244,Nenhuma,120,222
1008,76.99,168,51,154,156,346,103,250,Expositor 1,105,192
1008,76.99,176,104,41,126,83,115,62,Nenhuma,21,42
1008,76.99,243,119,19,177,161,148,90,Nenhuma,57,141
1008,76.99,251,386,63,422,133,404,98,Nenhuma,36,69
1008,76.99,261,24,68,66,175,45,121,Nenhuma,41,107
1008,76.99,291,120,20,168,73,144,46,Nenhuma,48,53
1008,76.99,294,341,31,381,121,361,76,Nenhuma,39,89
1008,76.99,295,156,122,241,261,199,191,Expositor 1,84,138
1008,76.99,299,153,122,242,214,197,168,Expositor 1,89,92
1008,76.99,303,45,43,74,107,59,75,Nenhuma,28,64
1008,76.99,304,90,74,128,152,109,113,Expositor 1,37,78
1008,76.99,305,25,68,59,164,42,116,Nenhuma,33,95
1009,77.06,151,338,128,458,355,398,241,Nenhuma,119,226
1009,77.06,168,51,155,155,346,103,251,Expositor 1,104,191
1009,77.06,176,104,40,127,83,116,61,Nenhuma,22,43
1009,77.06,243,120,19,177,160,149,90,Nenhuma,57,140
1009,77.06,251,386,63,421,132,404,98,Nenhuma,35,68
1009,77.06,261,24,68,66,175,45,121,Nenhuma,41,106
1009,77.06,287,235,4,281,95,258,49,Nenhuma,46,91
1009,77.06,291,120,19,168,73,144,46,Nenhuma,47,53
1009,77.06,294,341,30,381,121,361,75,Nenhuma,39,90
1009,77.06,295,156,122,238,255,197,188,Expositor 1,81,133
1009,77.06,299,153,122,243,216,198,169,Expositor 1,89,93
1009,77.06,303,46,43,74,107,60,75,Nenhuma,28,63
1009,77.06,304,91,74,128,152,110,113,Expositor 1,37,78
1009,77.06,305,25,68,58,162,42,115,Nenhuma,33,93
1010,77.14,151,341,124,456,347,398,236,Nenhuma,115,223
1010,77.14,168,52,156,155,346,104,251,Expositor 1,103,190
1010,77.14,176,105,40,127,82,116,61,Nenhuma,22,42
1010,77.14,243,119,19,177,161,148,90,Nenhuma,57,141
1010,77.14,251,386,63,421,131,403,97,Nenhuma,35,67
1010,77.14,261,24,68,66,175,45,121,Nenhuma,41,106
1010,77.14,287,235,3,281,95,258,49,Nenhuma,46,91
1010,77.14,291,120,19,168,73,144,46,Nenhuma,47,53
1010,77.14,294,341,30,381,120,361,75,Nenhuma,39,90
1010,77.14,295,160,122,234,242,197,182,Expositor 1,74,119
1010,77.14,299,153,122,243,217,198,170,Expositor 1,90,94
1010,77.14,303,46,43,74,106,60,75,Nenhuma,28,62
1010,77.14,304,91,73,129,152,110,113,Expositor 1,37,78
1010,77.14,305,25,68,58,162,42,115,Nenhuma,32,93
1011,77.22,151,345,120,454,336,399,228,Nenhuma,109,216
1011,77.22,168,53,156,156,346,104,251,Expositor 1,102,189
1011,77.22,176,105,40,127,81,116,60,Nenhuma,21,41
1011,77.22,243,119,19,177,162,148,90,Nenhuma,57,142
1011,77.22,251,385,63,421,131,403,97,Nenhuma,35,67
1011,77.22,261,25,69,66,174,45,121,Nenhuma,41,105
1011,77.22,287,235,3,281,94,258,49,Nenhuma,45,91
1011,77.22,291,120,19,168,73,144,46,Nenhuma,47,53
1011,77.22,294,341,29,380,120,361,75,Nenhuma,39,90
1011,77.22,295,158,123,235,247,197,185,Expositor 1,77,123
1011,77.22,299,153,123,244,218,198,170,Expositor 1,91,95
1011,77.22,304,91,73,129,152,110,113,Expositor 1,37,78
1011,77.22,305,25,68,58,161,42,115,Nenhuma,32,92
1012,77.29,151,347,118,452,329,400,224,Expositor 2,104,211
1012,77.29,168,53,157,156,346,105,251,Expositor 1,102,189
1012,77.29,176,106,40,127,80,116,60,Nenhuma,21,40
1012,77.29,243,118,19,176,162,147,91,Nenhuma,58,142
1012,77.29,251,386,63,421,131,403,97,Nenhuma,35,67
1012,77.29,261,25,69,66,174,45,121,Nenhuma,41,105
1012,77.29,287,235,3,281,94,258,49,Nenhuma,45,91
1012,77.29,291,122,19,169,72,145,46,Nenhuma,46,52
1012,77.29,294,341,29,380,120,361,74,Nenhuma,39,90
1012,77.29,295,157,124,236,251,197,188,Expositor 1,79,126
1012,77.29,304,92,73,129,152,110,113,Expositor 1,37,78
1012,77.29,305,25,68,59,163,42,116,Nenhuma,33,94
1013,77.37,151,350,117,452,327,401,222,Expositor 2,102,210
1013,77.37,168,54,157,156,346,105,251,Expositor 1,102,189
1013,77.37,243,119,19,177,161,148,90,Nenhuma,57,141
1013,77.37,251,386,63,421,131,403,97,Nenhuma,35,67
1013,77.37,261,24,69,65,174,45,121,Nenhuma,41,105
1013,77.37,291,122,19,169,72,145,46,Nenhuma,46,52
1013,77.37,294,341,30,380,120,361,75,Nenhuma,39,89
1013,77.37,295,155,125,239,261,197,193,Expositor 1,83,135
1013,77.37,299,151,124,245,226,198,175,Expositor 1,94,101
1013,77.37,305,25,68,59,163,42,116,Nenhuma,33,94
1014,77.45,151,352,116,452,327,402,221,Expositor 2,100,210
1014,77.45,168,54,157,156,346,105,251,Expositor 1,101,189
1014,77.45,243,120,19,177,161,148,90,Nenhuma,57,141
1014,77.45,251,386,63,422,131,404,97,Nenhuma,35,67
1014,77.45,261,25,69,66,174,45,121,Nenhuma,41,105
1014,77.45,287,242,3,287,95,265,49,Nenhuma,44,92
1014,77.45,291,122,19,169,72,145,46,Nenhuma,46,52
1014,77.45,294,342,30,381,119,361,75,Nenhuma,38,89
1014,77.45,295,154,126,240,265,197,195,Expositor 1,85,138
1014,77.45,299,151,125,246,228,198,176,Expositor 1,95,102
1014,77.45,305,25,68,59,163,42,116,Nenhuma,33,94
1015,77.52,151,353,116,453,326,403,221,Expositor 2,99,209
1015,77.52,168,54,157,155,345,105,251,Expositor 1,101,188
1015,77.52,243,121,19,178,161,150,90,Nenhuma,57,141
1015,77.52,251,386,63,421,131,404,97,Nenhuma,35,67
1015,77.52,261,24,69,66,174,45,121,Nenhuma,41,105
1015,77.52,287,242,2,285,95,264,49,Nenhuma,43,92
1015,77.52,291,121,19,169,72,145,46,Nenhuma,47,52
1015,77.52,294,342,30,381,119,361,75,Nenhuma,38,88
1015,77.52,295,154,126,239,265,196,196,Expositor 1,84,139
1015,77.52,299,150,125,247,229,199,177,Expositor 1,96,103
1015,77.52,305,25,68,59,163,42,116,Nenhuma,33,94
1016,77.6,151,355,117,453,326,404,221,Expositor 2,98,208
1016,77.6,168,53,157,155,346,104,251,Expositor 1,101,189
1016,77.6,176,100,40,129,93,115,66,Nenhuma,28,53
1016,77.6,243,123,19,178,159,151,89,Nenhuma,55,140
1016,77.6,251,386,63,421,132,404,98,Nenhuma,35,68
1016,77.6,261,24,69,66,174,45,121,Nenhuma,41,105
1016,77.6,287,242,2,285,95,264,48,Nenhuma,42,93
1016,77.6,291,121,19,169,72,145,46,Nenhuma,47,52
1016,77.6,294,343,33,380,118,362,75,Nenhuma,37,84
1016,77.6,295,154,127,238,264,196,196,Expositor 1,83,137
1016,77.6,299,150,126,248,231,199,178,Expositor 1,97,104
1017,77.68,151,359,116,457,325,408,220,Expositor 2,98,208
1017,77.68,168,53,157,155,346,104,252,Expositor 1,101,189
1017,77.68,176,99,39,129,95,114,67,Nenhuma,30,55
1017,77.68,243,123,20,178,158,151,89,Nenhuma,54,138
1017,77.68,251,386,63,422,132,404,98,Nenhuma,35,68
1017,77.68,261,24,69,65,174,45,122,Nenhuma,41,105
1017,77.68,287,243,2,285,95,264,49,Nenhuma,41,93
1017,77.68,291,122,19,169,72,146,46,Nenhuma,46,52
1017,77.68,294,343,33,381,119,362,76,Nenhuma,37,85
1017,77.68,295,155,129,237,265,196,197,Expositor 1,82,135
1017,77.68,304,93,77,128,151,111,114,Expositor 1,35,73
1018,77.75,151,362,114,461,323,411,219,Expositor 2,99,209
1018,77.75,168,53,157,154,346,103,252,Expositor 1,101,188
1018,77.75,176,97,40,131,103,114,72,Nenhuma,33,62
1018,77.75,243,124,20,178,156,151,88,Nenhuma,53,136
1018,77.75,251,386,63,422,132,404,98,Nenhuma,35,68
1018,77.75,261,23,69,64,174,44,122,Nenhuma,41,105
1018,77.75,287,245,2,286,95,266,49,Nenhuma,41,93
1018,77.75,291,123,19,169,72,146,46,Nenhuma,46,52
1018,77.75,294,343,35,381,119,362,77,Nenhuma,37,84
1018,77.75,295,156,131,237,266,197,199,Expositor 1,81,135
1018,77.75,304,93,78,128,150,111,114,Expositor 1,35,72
1019,77.83,151,363,114,463,323,413,218,Expositor 2,99,209
1019,77.83,168,52,158,154,346,103,252,Expositor 1,101,188
1019,77.83,176,97,41,131,106,114,73,Nenhuma,34,64
1019,77.83,243,125,20,177,156,151,88,Nenhuma,52,136
1019,77.83,251,386,63,422,132,404,98,Nenhuma,35,68
1019,77.83,261,23,69,65,175,44,122,Nenhuma,41,106
1019,77.83,287,246,1,286,95,266,48,Nenhuma,40,93
1019,77.83,291,123,19,169,70,146,45,Nenhuma,45,50
1019,77.83,294,343,35,381,119,362,77,Nenhuma,37,84
1019,77.83,295,157,132,238,267,197,199,Expositor 1,80,134
1019,77.83,304,93,77,129,151,111,114,Expositor 1,36,74
1019,77.83,305,24,69,57,160,41,115,Nenhuma,32,90
1020,77.9,151,367,111,467,317,417,214,Expositor 2,99,205
1020,77.9,168,51,156,153,346,102,251,Expositor 1,101,189
1020,77.9,176,97,41,132,107,114,74,Nenhuma,35,65
1020,77.9,243,125,20,178,158,151,89,Nenhuma,53,137
1020,77.9,251,387,64,423,133,405,99,Nenhuma,35,68
1020,77.9,261,23,68,65,177,44,122,Nenhuma,42,108
1020,77.9,287,246,1,285,95,266,48,Nenhuma,38,93
1020,77.9,291,124,19,169,70,146,45,Nenhuma,45,50
1020,77.9,294,342,36,381,121,361,79,Nenhuma,39,85
1020,77.9,295,158,134,237,267,197,200,Expositor 1,79,132
1020,77.9,304,93,77,129,150,111,114,Expositor 1,36,72
1020,77.9,305,24,70,56,159,40,114,Nenhuma,32,89
1021,77.98,151,369,110,469,313,419,211,Expositor 2,99,202
1021,77.98,168,50,156,153,346,102,251,Expositor 1,102,189
1021,77.98,176,96,41,132,108,114,75,Nenhuma,35,67
1021,77.98,243,125,20,178,158,152,89,Nenhuma,53,138
1021,77.98,251,387,64,423,133,405,99,Nenhuma,35,68
1021,77.98,261,22,68,63,175,43,121,Nenhuma,41,107
1021,77.98,287,246,2,284,95,265,48,Nenhuma,37,92
1021,77.98,291,124,19,169,69,146,44,Nenhuma,44,50
1021,77.98,294,340,36,380,122,360,79,Nenhuma,39,85
1021,77.98,295,156,135,235,267,195,201,Expositor 1,78,132
1021,77.98,304,92,78,129,150,111,114,Expositor 1,36,72
1021,77.98,305,24,70,56,159,40,114,Nenhuma,31,89
1022,78.06,151,371,109,471,308,421,209,Expositor 2,99,199
1022,78.06,168,49,156,152,346,101,251,Expositor 1,103,189
1022,78.06,176,98,44,128,98,113,71,Nenhuma,29,54
1022,78.06,243,125,20,179,159,152,90,Nenhuma,53,138
1022,78.06,251,387,64,423,133,405,99,Nenhuma,35,68
1022,78.06,261,22,68,61,170,41,119,Nenhuma,39,102
1022,78.06,287,250,2,279,71,265,36,Nenhuma,29,68
1022,78.06,291,124,19,169,69,146,44,Nenhuma,44,49
1022,78.06,294,340,37,380,123,360,80,Nenhuma,39,85
1022,78.06,295,152,136,234,273,193,204,Expositor 1,82,137
1022,78.06,304,94,78,130,147,112,113,Expositor 1,36,69
1022,78.06,305,24,70,56,159,40,114,Nenhuma,31,88
1023,78.13,151,369,108,470,305,420,207,Expositor 2,100,196
1023,78.13,168,48,155,152,346,100,250,Expositor 1,104,190
1023,78.13,176,98,44,128,97,113,71,Nenhuma,29,52
1023,78.13,243,126,24,178,159,152,92,Nenhuma,51,135
1023,78.13,251,387,65,422,134,405,99,Nenhuma,35,69
1023,78.13,261,22,67,59,165,41,116,Nenhuma,37,97
1023,78.13,287,249,2,275,62,262,32,Nenhuma,26,59
1023,78.13,291,121,19,170,75,145,47,Nenhuma,49,55
1023,78.13,294,341,37,380,122,360,80,Nenhuma,39,84
1023,78.13,295,152,135,233,269,193,202,Expositor 1,80,133
1023,78.13,303,71,37,97,93,84,65,Nenhuma,26,55
1023,78.13,304,94,78,131,147,113,112,Expositor 1,36,68
1024,78.21,151,366,107,468,302,417,205,Expositor 2,101,195
1024,78.21,168,46,155,152,346,99,250,Nenhuma,105,191
1024,78.21,176,98,45,125,91,111,68,Nenhuma,26,46
1024,78.21,243,126,26,178,160,152,93,Nenhuma,51,133
1024,78.21,251,387,65,422,134,405,99,Nenhuma,35,69
1024,78.21,261,22,67,59,163,40,115,Nenhuma,36,95
1024,78.21,287,247,2,274,61,260,31,Nenhuma,26,59
1024,78.21,291,118,19,173,83,145,51,Nenhuma,54,63
1024,78.21,294,340,37,380,122,360,79,Nenhuma,39,84
1024,78.21,295,152,134,232,269,192,202,Expositor 1,80,134
1024,78.21,303,72,36,98,90,85,63,Nenhuma,25,53
1024,78.21,304,94,78,131,146,112,112,Expositor 1,37,68
1025,78.29,151,364,106,468,302,416,204,Expositor 2,103,195
1025,78.29,168,46,154,152,346,99,250,Nenhuma,106,191
1025,78.29,176,98,46,125,90,111,68,Nenhuma,26,44
1025,78.29,243,128,33,177,158,152,96,Nenhuma,48,125
1025,78.29,251,387,65,422,134,405,99,Nenhuma,35,69
1025,78.29,261,23,67,59,162,41,115,Nenhuma,35,94
1025,78.29,287,245,1,272,58,258,30,Nenhuma,27,57
1025,78.29,291,122,19,170,76,146,48,Nenhuma,48,56
1025,78.29,294,341,37,380,121,361,79,Nenhuma,39,83
1025,78.29,295,153,133,232,263,193,198,Expositor 1,79,130
1025,78.29,303,74,36,100,89,87,63,Nenhuma,25,53
1025,78.29,304,95,78,133,146,114,112,Expositor 1,38,68
1025,78.29,307,242,1,273,85,257,43,Nenhuma,30,84
1026,78.36,151,362,106,467,301,415,204,Expositor 2,105,195
1026,78.36,168,45,154,152,346,98,250,Nenhuma,107,192
1026,78.36,176,98,46,125,89,112,68,Nenhuma,26,43
1026,78.36,243,127,26,178,156,153,91,Nenhuma,50,130
1026,78.36,251,386,64,422,134,404,99,Nenhuma,36,69
1026,78.36,261,24,68,59,161,41,115,Nenhuma,34,93
1026,78.36,287,243,1,271,58,257,29,Nenhuma,28,57
1026,78.36,291,122,19,171,77,146,48,Nenhuma,48,57
1026,78.36,294,342,37,381,120,361,78,Nenhuma,39,83
1026,78.36,295,153,132,233,264,193,198,Expositor 1,80,132
1026,78.36,303,76,36,101,88,88,62,Nenhuma,25,52
1026,78.36,304,95,77,135,148,115,112,Expositor 1,40,70
1026,78.36,307,241,1,271,84,256,43,Nenhuma,30,82
1027,78.44,151,359,105,465,301,412,203,Expositor 2,106,196
1027,78.44,168,44,154,152,346,98,250,Nenhuma,108,192
1027,78.44,176,98,46,125,89,112,67,Nenhuma,26,43
1027,78.44,243,126,23,178,158,152,90,Nenhuma,52,134
1027,78.44,251,387,64,422,133,404,99,Nenhuma,35,68
1027,78.44,261,24,68,59,161,41,114,Nenhuma,34,93
1027,78.44,287,241,0,269,57,255,29,Nenhuma,28,56
1027,78.44,291,124,19,169,71,146,45,Nenhuma,44,51
1027,78.44,294,341,36,381,121,361,79,Nenhuma,40,84
1027,78.44,295,152,128,236,266,194,197,Expositor 1,83,137
1027,78.44,303,77,36,102,87,90,61,Nenhuma,24,51
1027,78.44,304,95,77,135,147,115,112,Expositor 1,40,70
1027,78.44,307,239,1,270,84,255,42,Nenhuma,30,83
1028,78.52,151,356,104,463,302,410,203,Expositor 2,106,197
1028,78.52,168,43,154,152,346,98,250,Nenhuma,108,191
1028,78.52,176,97,44,128,95,112,69,Nenhuma,31,50
1028,78.52,243,124,21,178,160,151,91,Nenhuma,53,138
1028,78.52,251,386,64,422,133,404,99,Nenhuma,35,68
1028,78.52,261,24,68,58,160,41,114,Nenhuma,34,92
1028,78.52,287,240,0,269,57,255,29,Nenhuma,29,56
1028,78.52,291,124,19,169,71,147,45,Nenhuma,44,51
1028,78.52,294,341,36,381,120,361,78,Nenhuma,39,84
1028,78.52,295,153,126,239,266,196,196,Expositor 1,86,140
1028,78.52,304,96,77,136,147,116,112,Expositor 1,40,70
1028,78.52,307,239,1,270,83,255,42,Nenhuma,30,82
1029,78.59,151,354,102,461,301,407,201,Expositor 2,107,199
1029,78.59,168,43,154,152,345,97,249,Nenhuma,109,191
1029,78.59,176,97,44,128,95,112,70,Nenhuma,31,51
1029,78.59,243,120,20,175,160,147,90,Nenhuma,55,140
1029,78.59,251,386,64,422,133,404,99,Nenhuma,35,68
1029,78.59,261,24,68,57,160,41,114,Nenhuma,33,92
1029,78.59,287,240,0,270,57,255,28,Nenhuma,29,56
1029,78.59,291,125,19,169,71,147,45,Nenhuma,43,51
1029,78.59,294,341,36,381,120,361,78,Nenhuma,40,84
1029,78.59,295,153,124,240,266,197,195,Expositor 1,87,142
1029,78.59,304,96,77,136,147,116,112,Expositor 1,39,69
1029,78.59,307,239,0,271,84,255,42,Nenhuma,31,83
1030,78.67,151,351,100,457,300,404,200,Expositor 2,106,200
1030,78.67,168,43,154,152,344,98,249,Nenhuma,109,190
1030,78.67,176,96,44,128,96,112,70,Nenhuma,31,51
1030,78.67,243,118,20,173,160,145,90,Nenhuma,55,140
1030,78.67,251,386,65,422,133,404,99,Nenhuma,35,68
1030,78.67,261,24,67,58,161,41,114,Nenhuma,34,93
1030,78.67,287,242,0,273,57,258,29,Nenhuma,30,56
1030,78.67,291,122,20,170,77,146,48,Nenhuma,47,56
1030,78.67,294,341,36,381,121,361,79,Nenhuma,40,84
1030,78.67,295,152,121,238,261,195,191,Expositor 1,85,140
1030,78.67,307,241,0,273,85,257,43,Nenhuma,32,84
1031,78.74,151,345,97,450,299,397,198,Nenhuma,104,201
1031,78.74,168,43,154,153,343,98,249,Nenhuma,109,188
1031,78.74,176,96,44,128,96,112,70,Nenhuma,31,52
1031,78.74,243,120,19,175,160,148,90,Nenhuma,55,140
1031,78.74,251,386,65,422,133,404,99,Nenhuma,35,68
1031,78.74,261,24,67,58,161,41,114,Nenhuma,34,94
1031,78.74,287,243,0,275,59,259,30,Nenhuma,32,58
1031,78.74,291,122,20,170,77,146,49,Nenhuma,48,56
1031,78.74,294,341,35,382,121,362,78,Nenhuma,40,85
1031,78.74,295,151,121,235,258,193,189,Expositor 1,83,137
1031,78.74,307,242,1,275,86,258,43,Nenhuma,32,84
1032,78.82,151,341,97,444,298,392,197,Nenhuma,102,201
1032,78.82,168,43,154,153,343,98,249,Nenhuma,110,188
1032,78.82,176,98,43,127,91,112,67,Nenhuma,29,48
1032,78.82,243,120,19,176,159,148,89,Nenhuma,55,140
1032,78.82,251,386,65,422,133,404,99,Nenhuma,35,68
1032,78.82,261,24,67,59,161,41,114,Nenhuma,34,94
1032,78.82,287,244,0,277,59,260,30,Nenhuma,32,58
1032,78.82,291,121,21,170,77,146,49,Nenhuma,48,56
1032,78.82,294,342,35,382,121,362,78,Nenhuma,40,85
1032,78.82,295,151,120,233,257,192,189,Expositor 1,82,136
1032,78.82,307,242,1,275,85,258,43,Nenhuma,32,84
1033,78.9,151,338,97,438,297,388,197,Nenhuma,99,199
1033,78.9,168,42,154,153,343,98,249,Nenhuma,110,188
1033,78.9,176,98,43,127,91,112,67,Nenhuma,29,48
1033,78.9,243,119,18,176,160,148,89,Nenhuma,56,141
1033,78.9,251,386,65,422,133,404,99,Nenhuma,35,68
1033,78.9,261,24,66,59,161,41,114,Nenhuma,34,94
1033,78.9,287,245,0,278,59,261,30,Nenhuma,33,58
1033,78.9,291,121,21,170,78,146,49,Nenhuma,48,57
1033,78.9,294,342,35,382,121,362,78,Nenhuma,40,85
1033,78.9,295,151,120,234,259,193,190,Expositor 1,83,138
1033,78.9,303,89,28,122,93,106,60,Nenhuma,32,65
1033,78.9,307,242,1,275,85,258,43,Nenhuma,32,83
1034,78.97,151,336,98,433,297,384,197,Nenhuma,97,198
1034,78.97,168,43,155,154,343,98,249,Nenhuma,110,187
1034,78.97,176,98,42,127,91,112,67,Nenhuma,29,48
1034,78.97,243,118,18,176,165,147,92,Nenhuma,58,146
1034,78.97,261,23,66,58,161,41,114,Nenhuma,35,95
1034,78.97,287,245,0,280,62,263,31,Nenhuma,34,61
1034,78.97,291,121,21,168,76,145,48,Nenhuma,46,55
1034,78.97,294,342,35,383,121,362,78,Nenhuma,40,85
1034,78.97,295,154,120,235,256,194,188,Expositor 1,81,135
1034,78.97,303,94,32,125,91,110,62,Nenhuma,30,58
1034,78.97,307,246,1,280,88,263,44,Nenhuma,34,87
1035,79.05,151,335,97,431,296,383,197,Nenhuma,95,198
1035,79.05,168,43,155,154,342,98,249,Nenhuma,111,187
1035,79.05,176,98,42,127,91,112,67,Nenhuma,29,48
1035,79.05,243,116,19,175,168,145,94,Nenhuma,59,149
1035,79.05,261,23,65,59,161,41,113,Nenhuma,35,96
1035,79.05,287,248,0,281,59,264,30,Nenhuma,33,58
1035,79.05,291,121,20,168,75,144,47,Nenhuma,46,55
1035,79.05,295,154,120,236,259,195,189,Expositor 1,82,138
1035,79.05,303,97,36,127,91,112,64,Nenhuma,29,54
1035,79.05,307,246,1,281,88,263,44,Nenhuma,34,87
1036,79.13,151,334,95,428,295,381,195,Nenhuma,94,200
1036,79.13,168,43,155,154,342,99,248,Nenhuma,111,186
1036,79.13,243,112,19,172,167,142,93,Nenhuma,60,148
1036,79.13,251,389,65,421,125,405,95,Nenhuma,31,60
1036,79.13,261,23,65,59,163,41,114,Nenhuma,36,98
1036,79.13,287,249,0,282,58,265,29,Nenhuma,33,57
1036,79.13,291,121,20,168,75,145,47,Nenhuma,46,55
1036,79.13,294,337,36,376,120,357,78,Nenhuma,39,83
1036,79.13,295,157,120,234,249,195,185,Expositor 1,76,129
1036,79.13,303,98,38,127,91,112,65,Nenhuma,29,52
1036,79.13,307,247,0,281,88,264,44,Nenhuma,34,87
1037,79.2,151,333,94,427,295,380,195,Nenhuma,93,200
1037,79.2,168,44,155,155,341,100,248,Expositor 1,111,186
1037,79.2,243,112,21,171,164,141,93,Nenhuma,59,143
1037,79.2,251,389,65,421,126,405,95,Nenhuma,32,61
1037,79.2,261,23,64,59,164,41,114,Nenhuma,36,99
1037,79.2,287,249,0,283,58,266,29,Nenhuma,33,57
1037,79.2,291,123,20,167,73,145,46,Nenhuma,44,52
1037,79.2,294,337,36,376,120,356,78,Nenhuma,39,83
1037,79.2,295,157,120,233,246,195,183,Expositor 1,75,126
1037,79.2,303,99,41,128,91,113,66,Nenhuma,29,50
1037,79.2,307,247,0,283,92,265,46,Nenhuma,35,91
1038,79.28,151,333,91,427,294,380,193,Nenhuma,93,202
1038,79.28,168,44,155,156,342,100,248,Expositor 1,111,187
1038,79.28,243,112,34,168,163,140,98,Nenhuma,55,128
1038,79.28,251,389,65,422,129,405,97,Nenhuma,33,64
1038,79.28,261,22,64,60,166,41,115,Nenhuma,37,102
1038,79.28,287,249,0,283,60,266,30,Nenhuma,33,59
1038,79.28,291,121,20,166,72,143,46,Nenhuma,44,52
1038,79.28,294,336,37,375,119,356,78,Nenhuma,39,82
1038,79.28,295,157,122,231,245,194,183,Expositor 1,74,123
1038,79.28,303,98,42,127,92,112,67,Nenhuma,29,50
1038,79.28,307,248,0,283,92,266,46,Nenhuma,35,91
1039,79.36,151,332,90,425,293,378,191,Nenhuma,93,203
1039,79.36,168,45,155,157,342,101,248,Expositor 1,111,187
1039,79.36,243,110,27,170,162,140,95,Nenhuma,59,134
1039,79.36,251,389,65,422,129,406,97,Nenhuma,33,64
1039,79.36,261,22,63,61,171,42,117,Nenhuma,39,107
1039,79.36,287,249,0,283,59,266,30,Nenhuma,33,58
1039,79.36,291,119,20,165,72,142,46,Nenhuma,46,52
1039,79.36,294,333,44,372,125,352,85,Nenhuma,38,81
1039,79.36,295,157,124,233,246,195,185,Expositor 1,75,122
1039,79.36,303,97,44,126,92,112,68,Nenhuma,28,48
1039,79.36,305,25,66,57,153,41,109,Nenhuma,31,86
1039,79.36,307,248,0,284,93,266,47,Nenhuma,35,92
1040,79.43,151,330,88,421,289,376,189,Nenhuma,91,200
1040,79.43,168,46,156,156,341,101,248,Expositor 1,110,184
1040,79.43,243,107,34,167,163,137,99,Nenhuma,59,128
1040,79.43,251,389,65,423,133,406,99,Nenhuma,34,68
1040,79.43,261,23,65,64,176,43,121,Nenhuma,40,110
1040,79.43,287,249,0,283,60,266,30,Nenhuma,33,59
1040,79.43,291,119,20,164,71,142,45,Nenhuma,45,51
1040,79.43,294,332,45,371,126,352,86,Nenhuma,38,80
1040,79.43,295,155,129,227,245,191,187,Expositor 1,71,116
1040,79.43,303,96,43,127,95,111,69,Nenhuma,30,51
1040,79.43,305,25,65,57,152,41,109,Nenhuma,31,86
1040,79.43,307,249,0,285,93,267,47,Nenhuma,35,92
1041,79.51,151,327,86,416,283,372,184,Nenhuma,89,196
1041,79.51,168,46,156,156,341,101,248,Expositor 1,110,184
1041,79.51,243,103,31,167,163,135,97,Nenhuma,63,131
1041,79.51,251,389,65,423,134,406,99,Nenhuma,34,69
1041,79.51,261,24,66,65,178,45,122,Nenhuma,41,111
1041,79.51,287,249,0,282,60,266,30,Nenhuma,33,59
1041,79.51,291,120,19,164,70,142,45,Nenhuma,44,50
1041,79.51,294,332,46,370,127,351,86,Nenhuma,38,80
1041,79.51,295,156,135,226,248,191,191,Expositor 1,70,112
1041,79.51,303,95,43,127,96,111,69,Nenhuma,31,52
1041,79.51,305,25,65,57,152,41,108,Nenhuma,31,86
1041,79.51,307,249,0,285,94,267,47,Nenhuma,35,93
1042,79.58,151,324,83,413,279,368,181,Nenhuma,88,196
1042,79.58,168,47,157,156,340,101,249,Expositor 1,109,183
1042,79.58,243,101,29,168,164,135,97,Nenhuma,67,135
1042,79.58,251,389,65,423,134,406,99,Nenhuma,34,69
1042,79.58,261,25,67,66,179,46,123,Nenhuma,41,112
1042,79.58,287,249,0,283,61,266,31,Nenhuma,33,60
1042,79.58,291,121,20,164,70,143,45,Nenhuma,43,49
1042,79.58,294,331,47,369,127,350,87,Nenhuma,38,80
1042,79.58,295,156,139,225,247,191,193,Expositor 1,68,108
1042,79.58,303,95,43,126,96,111,70,Nenhuma,31,53
1042,79.58,305,25,65,57,151,41,108,Nenhuma,31,86
1043,79.66,151,325,83,413,275,369,179,Nenhuma,88,192
1043,79.66,168,47,157,157,340,102,249,Expositor 1,109,182
1043,79.66,243,99,26,171,166,135,96,Nenhuma,71,140
1043,79.66,251,388,65,422,134,405,99,Nenhuma,34,69
1043,79.66,261,27,69,69,181,48,125,Nenhuma,41,111
1043,79.66,287,248,0,283,63,266,31,Nenhuma,34,62
1043,79.66,291,121,20,165,70,143,45,Nenhuma,43,49
1043,79.66,295,157,145,223,246,190,195,Expositor 1,65,101
1043,79.66,303,94,43,126,97,110,70,Nenhuma,31,53
1043,79.66,307,247,0,283,94,265,47,Nenhuma,35,93
1044,79.74,151,319,83,407,275,363,179,Nenhuma,87,191
1044,79.74,168,48,158,157,340,103,249,Expositor 1,108,182
1044,79.74,243,108,22,181,168,144,95,Nenhuma,72,146
1044,79.74,251,387,65,421,134,404,99,Nenhuma,34,69
1044,79.74,261,29,70,71,184,50,127,Nenhuma,42,113
1044,79.74,287,248,0,283,63,266,31,Nenhuma,34,62
1044,79.74,291,121,20,165,70,143,45,Nenhuma,43,50
1044,79.74,295,156,147,223,249,189,198,Expositor 1,66,101
1044,79.74,303,95,43,125,94,110,69,Nenhuma,30,50
1044,79.74,307,247,0,283,94,265,47,Nenhuma,35,93
1045,79.81,151,307,80,394,275,350,177,Nenhuma,86,194
1045,79.81,168,49,159,158,341,103,250,Expositor 1,108,181
1045,79.81,243,112,19,185,170,148,95,Nenhuma,73,151
1045,79.81,251,387,65,421,134,404,99,Nenhuma,34,69
1045,79.81,261,30,71,72,185,51,128,Nenhuma,42,114
1045,79.81,287,249,0,283,63,266,31,Nenhuma,34,63
1045,79.81,291,122,19,166,70,144,45,Nenhuma,44,51
1045,79.81,295,151,155,229,276,190,216,Expositor 1,78,121
1045,79.81,303,96,44,125,92,110,68,Nenhuma,28,48
1045,79.81,307,247,0,283,94,265,47,Nenhuma,35,93
1046,79.89,151,299,79,384,275,342,177,Nenhuma,85,195
1046,79.89,168,49,159,158,341,104,250,Expositor 1,108,182
1046,79.89,243,113,19,186,171,150,95,Nenhuma,72,152
1046,79.89,251,387,65,421,134,404,99,Nenhuma,34,69
1046,79.89,261,33,72,77,185,55,128,Nenhuma,43,113
1046,79.89,287,249,0,283,62,266,31,Nenhuma,34,62
1046,79.89,291,122,18,166,70,144,44,Nenhuma,44,51
1046,79.89,295,152,153,232,279,192,216,Expositor 1,80,126
1046,79.89,303,96,43,125,91,110,67,Nenhuma,29,47
1046,79.89,307,248,0,284,95,266,48,Nenhuma,36,94
1047,79.97,151,295,78,379,273,337,175,Nenhuma,83,195
1047,79.97,168,50,159,158,341,104,250,Expositor 1,108,182
1047,79.97,243,117,24,185,171,151,98,Nenhuma,68,146
1047,79.97,251,387,65,421,134,404,99,Nenhuma,34,69
1047,79.97,261,35,72,79,181,57,126,Nenhuma,43,108
1047,79.97,287,249,0,283,62,266,31,Nenhuma,33,62
1047,79.97,291,123,19,166,70,144,44,Nenhuma,43,50
1047,79.97,295,154,151,232,274,193,212,Expositor 1,78,122
1047,79.97,303,96,43,126,93,111,68,Nenhuma,30,49
1048,80.04,151,295,90,372,270,334,180,Nenhuma,76,180
1048,80.04,168,50,158,158,341,104,249,Expositor 1,107,182
1048,80.04,243,117,24,183,170,150,97,Nenhuma,66,145
1048,80.04,251,387,64,421,134,404,99,Nenhuma,34,69
1048,80.04,261,35,72,79,180,57,126,Nenhuma,43,108
1048,80.04,287,250,0,283,60,266,30,Nenhuma,33,60
1048,80.04,291,125,20,168,71,146,45,Nenhuma,42,50
1048,80.04,295,153,150,233,277,193,214,Expositor 1,80,127
1048,80.04,303,96,43,126,93,111,68,Nenhuma,30,49
1049,80.12,151,291,82,370,270,331,176,Nenhuma,78,187
1049,80.12,168,51,158,159,341,105,249,Expositor 1,107,183
1049,80.12,243,116,21,182,168,149,95,Nenhuma,66,147
1049,80.12,251,386,64,421,134,404,99,Nenhuma,34,70
1049,80.12,261,37,72,82,182,59,127,Nenhuma,45,110
1049,80.12,287,250,0,283,60,267,30,Nenhuma,33,60
1049,80.12,291,125,20,168,71,147,45,Nenhuma,42,50
1049,80.12,295,152,150,232,276,192,213,Expositor 1,79,126
1049,80.12,303,97,43,127,92,112,68,Nenhuma,30,49
1050,80.2,151,286,78,365,268,325,173,Nenhuma,79,190
1050,80.2,168,51,158,158,341,105,249,Expositor 1,107,183
1050,80.2,243,120,32,180,166,150,99,Nenhuma,59,133
1050,80.2,251,387,64,422,134,404,99,Nenhuma,34,69
1050,80.2,261,35,72,83,187,59,129,Nenhuma,47,115
1050,80.2,287,250,0,283,60,267,30,Nenhuma,32,60
1050,80.2,291,128,20,169,70,149,45,Nenhuma,41,50
1050,80.2,295,152,150,229,272,191,211,Expositor 1,77,122
1050,80.2,303,97,43,127,92,112,68,Nenhuma,30,49
1051,80.27,151,283,77,361,268,322,173,Nenhuma,78,190
1051,80.27,168,51,157,158,341,105,249,Expositor 1,107,183
1051,80.27,243,124,42,179,164,152,103,Expositor 1,54,122
1051,80.27,251,387,64,422,134,404,99,Nenhuma,35,69
1051,80.27,261,35,72,83,186,59,129,Nenhuma,47,114
1051,80.27,287,250,0,282,60,266,30,Nenhuma,32,60
1051,80.27,291,128,20,168,68,148,44,Nenhuma,40,48
1051,80.27,295,152,151,229,274,190,212,Expositor 1,77,122
1051,80.27,303,97,44,128,92,112,68,Nenhuma,30,48
1052,80.35,151,277,75,355,267,316,171,Nenhuma,77,192
1052,80.35,168,50,155,159,342,105,249,Expositor 1,108,186
1052,80.35,243,124,39,178,161,151,100,Expositor 1,53,121
1052,80.35,251,387,64,422,134,404,99,Nenhuma,34,69
1052,80.35,261,36,72,81,180,59,126,Nenhuma,45,108
1052,80.35,287,250,0,279,56,264,28,Nenhuma,29,55
1052,80.35,291,129,20,169,68,149,44,Nenhuma,39,48
1052,80.35,295,142,149,234,296,188,222,Expositor 1,91,147
1052,80.35,303,96,43,128,92,112,68,Nenhuma,31,49
1053,80.42,151,272,73,351,267,312,170,Nenhuma,78,193
1053,80.42,168,50,154,159,342,104,248,Expositor 1,108,188
1053,80.42,243,125,32,180,158,152,95,Nenhuma,55,125
1053,80.42,251,387,64,422,134,404,99,Nenhuma,34,69
1053,80.42,261,36,72,81,177,58,124,Nenhuma,44,105
1053,80.42,287,250,1,279,56,264,28,Nenhuma,29,55
1053,80.42,291,129,20,169,68,149,44,Nenhuma,39,48
1053,80.42,295,141,147,236,300,189,224,Expositor 1,94,153
1053,80.42,303,96,43,128,94,112,68,Nenhuma,32,51
1054,80.5,151,267,70,346,266,306,168,Nenhuma,78,196
1054,80.5,168,50,154,158,342,104,248,Expositor 1,108,187
1054,80.5,243,125,34,178,155,152,95,Nenhuma,53,120
1054,80.5,251,387,64,422,134,404,99,Nenhuma,35,69
1054,80.5,261,35,72,79,175,57,123,Nenhuma,44,103
1054,80.5,287,250,1,279,55,264,28,Nenhuma,29,54
1054,80.5,291,130,20,169,67,149,43,Nenhuma,39,47
1054,80.5,295,152,146,234,280,193,213,Expositor 1,82,133
1054,80.5,303,96,43,128,94,112,68,Nenhuma,32,51
1055,80.58,151,266,69,342,262,304,166,Nenhuma,75,193
1055,80.58,168,49,154,158,342,103,248,Expositor 1,108,188
1055,80.58,243,125,32,178,153,151,92,Nenhuma,52,121
1055,80.58,251,387,64,422,134,404,99,Nenhuma,35,69
1055,80.58,261,35,72,79,171,57,121,Nenhuma,43,99
1055,80.58,287,250,1,279,55,264,28,Nenhuma,28,54
1055,80.58,295,155,143,235,272,195,207,Expositor 1,79,128
1055,80.58,303,96,43,128,94,112,68,Nenhuma,32,51
1055,80.58,312,155,16,186,107,171,62,Nenhuma,31,91
1056,80.65,151,267,68,341,259,304,164,Nenhuma,73,191
1056,80.65,168,49,153,158,342,103,248,Expositor 1,108,188
1056,80.65,243,124,24,179,152,152,88,Nenhuma,55,127
1056,80.65,251,387,64,422,134,404,99,Nenhuma,35,69
1056,80.65,261,37,72,80,167,58,119,Nenhuma,43,95
1056,80.65,295,156,139,235,268,196,204,Expositor 1,79,128
1056,80.65,303,96,43,129,94,112,68,Nenhuma,32,51
1056,80.65,312,156,16,188,108,172,62,Nenhuma,31,91
1057,80.73,151,264,65,338,260,301,162,Nenhuma,74,194
1057,80.73,168,48,153,157,343,102,248,Expositor 1,109,189
1057,80.73,243,124,24,179,152,152,88,Nenhuma,54,127
1057,80.73,251,386,64,422,134,404,99,Nenhuma,35,69
1057,80.73,261,36,72,79,164,58,118,Nenhuma,42,92
1057,80.73,295,151,134,234,267,192,201,Expositor 1,83,132
1057,80.73,303,96,43,128,93,112,68,Nenhuma,32,50
1057,80.73,312,159,16,190,108,175,62,Nenhuma,31,91
1058,80.81,151,260,63,335,265,298,164,Expositor 1,75,202
1058,80.81,168,47,152,156,342,102,247,Expositor 1,109,190
1058,80.81,243,124,22,180,154,152,88,Nenhuma,56,131
1058,80.81,251,386,64,422,134,404,99,Nenhuma,35,69
1058,80.81,261,35,72,77,162,56,117,Nenhuma,42,90
1058,80.81,295,151,131,237,267,194,199,Expositor 1,85,136
1058,80.81,303,96,43,128,92,112,67,Nenhuma,31,49
1058,80.81,312,161,18,192,106,177,62,Nenhuma,30,88
1059,80.88,151,256,61,332,264,294,163,Expositor 1,75,202
1059,80.88,168,47,151,157,342,102,247,Expositor 1,109,191
1059,80.88,243,123,20,181,159,152,89,Nenhuma,58,138
1059,80.88,251,386,64,422,134,404,99,Nenhuma,35,69
1059,80.88,261,33,72,75,162,54,117,Nenhuma,42,90
1059,80.88,295,150,130,236,268,193,199,Expositor 1,86,137
1059,80.88,303,96,43,127,93,112,68,Nenhuma,31,49
1059,80.88,312,162,18,193,106,178,62,Nenhuma,30,87
1059,80.88,314,261,62,330,209,295,136,Expositor 1,69,147
1060,80.96,151,252,60,329,264,290,162,Expositor 1,76,203
1060,80.96,168,47,150,157,342,102,246,Expositor 1,109,191
1060,80.96,243,122,19,181,160,152,90,Nenhuma,59,141
1060,80.96,251,386,64,422,134,404,99,Nenhuma,35,69
1060,80.96,261,31,72,73,160,52,116,Nenhuma,41,88
1060,80.96,295,151,129,236,267,193,198,Expositor 1,85,138
1060,80.96,303,94,43,128,98,111,71,Nenhuma,34,54
1060,80.96,312,162,18,193,106,177,62,Nenhuma,31,88
1060,80.96,314,254,61,336,236,295,149,Expositor 1,81,175
1060,80.96,315,151,129,237,210,194,169,Expositor 1,85,80
1061,81.04,151,249,58,325,263,287,160,Expositor 1,76,204
1061,81.04,168,47,150,157,344,102,247,Expositor 1,110,193
1061,81.04,243,123,19,182,162,152,90,Nenhuma,59,142
1061,81.04,251,386,64,422,134,404,99,Nenhuma,35,69
1061,81.04,261,30,72,71,159,51,116,Nenhuma,41,86
1061,81.04,295,152,128,236,266,194,197,Expositor 1,84,137
1061,81.04,303,94,44,129,100,111,72,Nenhuma,35,56
1061,81.04,312,163,17,193,103,178,60,Nenhuma,30,85
1061,81.04,314,250,60,338,250,294,155,Expositor 1,88,189
1061,81.04,315,149,128,240,215,195,172,Expositor 1,90,86
1062,81.11,151,262,57,314,196,288,127,Expositor 1,52,138
1062,81.11,168,46,150,157,345,102,248,Expositor 1,111,194
1062,81.11,243,124,26,182,164,153,95,Nenhuma,57,137
1062,81.11,251,386,64,422,134,404,99,Nenhuma,35,70
1062,81.11,261,30,72,71,158,50,115,Nenhuma,40,86
1062,81.11,295,151,127,236,266,194,197,Expositor 1,85,138
1062,81.11,303,94,44,129,102,111,73,Nenhuma,35,58
1062,81.11,312,164,17,196,108,180,63,Nenhuma,31,90
1062,81.11,314,246,59,340,263,293,161,Expositor 1,94,203
1062,81.11,315,147,128,245,223,196,176,Expositor 1,98,94
1063,81.19,151,259,56,310,189,285,122,Expositor 1,50,133
1063,81.19,168,46,150,157,347,102,249,Expositor 1,111,196
1063,81.19,243,126,23,186,167,156,95,Nenhuma,60,143
1063,81.19,251,386,64,421,134,404,99,Nenhuma,34,69
1063,81.19,261,30,72,70,157,50,115,Nenhuma,40,85
1063,81.19,295,157,130,242,266,199,198,Expositor 1,84,136
1063,81.19,303,93,44,130,105,112,74,Nenhuma,36,61
1063,81.19,312,166,16,199,109,183,63,Nenhuma,32,92
1063,81.19,314,241,59,343,277,292,168,Expositor 1,101,217
1063,81.19,315,146,128,248,226,197,177,Expositor 1,102,98
1064,81.26,151,248,55,298,182,273,119,Expositor 1,49,127
1064,81.26,168,46,151,158,347,102,249,Expositor 1,111,195
1064,81.26,243,130,37,187,171,159,104,Expositor 1,57,134
1064,81.26,251,387,64,421,134,404,99,Nenhuma,34,69
1064,81.26,261,29,72,69,156,49,114,Nenhuma,39,83
1064,81.26,295,161,130,246,266,203,198,Expositor 1,84,136
1064,81.26,303,93,43,131,108,112,76,Nenhuma,38,65
1064,81.26,312,167,16,200,109,184,63,Nenhuma,32,93
1064,81.26,315,144,127,250,229,197,178,Expositor 1,105,101
1065,81.34,151,239,49,291,180,265,114,Expositor 1,51,131
1065,81.34,168,46,151,157,347,102,249,Expositor 1,111,195
1065,81.34,243,130,36,188,173,159,105,Expositor 1,58,136
1065,81.34,251,387,64,421,134,404,99,Nenhuma,34,69
1065,81.34,261,29,73,69,156,49,114,Nenhuma,39,83
1065,81.34,295,162,128,247,267,204,197,Expositor 1,85,138
1065,81.34,303,93,43,133,112,113,77,Nenhuma,40,69
1065,81.34,312,169,16,202,110,185,63,Nenhuma,32,93
1065,81.34,315,143,127,253,232,198,180,Expositor 1,109,105
1066,81.42,151,232,44,286,181,259,113,Expositor 1,53,136
1066,81.42,168,46,151,158,347,102,249,Expositor 1,111,196
1066,81.42,243,129,37,187,174,158,106,Expositor 1,58,137
1066,81.42,251,387,65,421,134,404,99,Nenhuma,34,69
1066,81.42,261,29,73,69,156,49,114,Nenhuma,39,83
1066,81.42,295,164,128,249,267,207,198,Expositor 1,85,139
1066,81.42,303,94,43,134,113,114,78,Nenhuma,39,69
1066,81.42,312,177,14,203,85,190,49,Nenhuma,25,71
1066,81.42,320,287,296,363,358,325,327,Nenhuma,75,61
1067,81.49,151,227,44,281,182,254,113,Expositor 1,54,137
1067,81.49,168,46,151,158,348,102,249,Expositor 1,112,196
1067,81.49,243,131,37,189,174,160,106,Expositor 1,57,137
1067,81.49,251,387,65,421,134,404,99,Nenhuma,34,68
1067,81.49,261,29,73,69,156,49,114,Nenhuma,40,83
1067,81.49,295,164,127,250,267,207,197,Expositor 1,86,140
1067,81.49,303,93,43,131,110,112,77,Nenhuma,37,66
1067,81.49,312,179,14,205,83,192,48,Nenhuma,25,69
1067,81.49,320,277,291,358,358,317,324,Nenhuma,81,66
1068,81.57,151,224,44,279,182,251,113,Expositor 1,54,137
1068,81.57,168,46,151,158,348,102,249,Expositor 1,112,197
1068,81.57,243,133,37,190,172,162,105,Expositor 1,56,135
1068,81.57,251,386,64,422,134,404,99,Nenhuma,35,69
1068,81.57,261,29,72,69,156,49,114,Nenhuma,40,84
1068,81.57,295,158,125,245,269,201,197,Expositor 1,86,143
1068,81.57,303,94,43,130,107,112,75,Nenhuma,35,63
1068,81.57,312,182,13,206,80,194,47,Nenhuma,24,67
1068,81.57,320,258,287,345,357,302,322,Nenhuma,86,69
1069,81.65,151,222,45,276,182,249,114,Expositor 1,54,136
1069,81.65,168,46,150,158,348,102,249,Expositor 1,112,197
1069,81.65,243,134,32,191,167,163,99,Nenhuma,56,135
1069,81.65,251,387,64,421,134,404,99,Nenhuma,34,69
1069,81.65,261,29,72,69,156,49,114,Nenhuma,40,83
1069,81.65,295,154,123,240,269,197,196,Expositor 1,85,146
1069,81.65,303,94,43,128,105,111,74,Nenhuma,34,61
1069,81.65,312,184,13,207,78,195,45,Nenhuma,23,64
1069,81.65,320,252,283,344,357,298,320,Nenhuma,91,73
1069,81.65,321,107,76,145,133,126,104,Expositor 1,38,57
1070,81.72,151,220,48,270,174,245,111,Expositor 1,50,125
1070,81.72,168,46,150,158,347,102,249,Expositor 1,111,196
1070,81.72,243,132,26,190,163,161,94,Nenhuma,58,137
1070,81.72,251,387,64,421,134,404,99,Nenhuma,34,69
1070,81.72,261,28,72,69,157,49,115,Nenhuma,40,85
1070,81.72,295,153,122,237,270,195,196,Expositor 1,84,147
1070,81.72,303,94,43,128,106,111,75,Nenhuma,34,62
1070,81.72,320,244,279,341,356,293,318,Nenhuma,97,77
1070,81.72,321,105,76,144,134,125,105,Expositor 1,39,58
1071,81.8,151,216,47,265,170,241,109,Expositor 1,49,123
1071,81.8,168,46,151,158,347,102,249,Expositor 1,111,196
1071,81.8,243,135,26,190,156,163,91,Nenhuma,55,130
1071,81.8,251,387,64,421,134,404,99,Nenhuma,34,69
1071,81.8,261,28,72,69,159,49,115,Nenhuma,41,87
1071,81.8,295,158,122,241,268,199,195,Expositor 1,83,145
1071,81.8,303,94,44,128,107,111,75,Nenhuma,34,63
1071,81.8,312,185,14,210,82,198,48,Nenhuma,24,67
1071,81.8,320,239,277,339,356,289,317,Nenhuma,99,79
1071,81.8,321,106,76,145,135,126,105,Expositor 1,38,58
1072,81.88,151,212,43,266,178,239,111,Expositor 1,54,134
1072,81.88,168,46,151,158,348,102,249,Expositor 1,111,196
1072,81.88,243,135,24,190,154,162,89,Nenhuma,55,129
1072,81.88,251,387,65,421,134,404,99,Nenhuma,34,68
1072,81.88,261,28,72,69,159,49,115,Nenhuma,41,87
1072,81.88,295,155,123,236,268,196,195,Expositor 1,81,144
1072,81.88,303,94,44,127,106,111,75,Nenhuma,33,61
1072,81.88,312,185,15,211,86,198,51,Nenhuma,26,70
1072,81.88,320,237,276,337,356,287,316,Nenhuma,100,80
1072,81.88,321,106,76,145,135,126,105,Expositor 1,39,58
1073,81.95,151,212,42,261,160,237,101,Expositor 1,48,117
1073,81.95,168,46,151,158,348,102,249,Expositor 1,111,197
1073,81.95,243,136,25,191,154,163,90,Nenhuma,54,128
1073,81.95,251,386,64,422,134,404,99,Nenhuma,35,69
1073,81.95,261,28,71,69,159,49,115,Nenhuma,41,87
1073,81.95,295,160,123,241,267,200,195,Expositor 1,80,143
1073,81.95,303,94,44,128,107,111,76,Nenhuma,33,62
1073,81.95,312,186,15,212,85,199,50,Nenhuma,26,70
1073,81.95,320,235,274,337,356,286,315,Nenhuma,101,81
1073,81.95,321,106,76,146,135,126,105,Expositor 1,39,59
1074,82.03,151,209,40,256,155,233,98,Nenhuma,47,115
1074,82.03,168,46,150,158,348,102,249,Expositor 1,111,197
1074,82.03,243,134,24,189,152,162,88,Nenhuma,55,127
1074,82.03,251,386,64,422,134,404,99,Nenhuma,35,69
1074,82.03,261,28,71,69,159,49,115,Nenhuma,40,87
1074,82.03,295,157,123,237,267,197,195,Expositor 1,79,144
1074,82.03,303,94,45,127,108,111,76,Nenhuma,33,63
1074,82.03,312,188,15,214,85,201,50,Nenhuma,25,69
1074,82.03,320,236,274,337,356,287,315,Nenhuma,101,82
1074,82.03,321,106,75,146,135,126,105,Expositor 1,39,60
1075,82.1,151,206,39,252,151,229,95,Nenhuma,46,112
1075,82.1,168,46,150,158,348,102,249,Expositor 1,111,197
1075,82.1,243,137,23,191,149,164,86,Nenhuma,53,125
1075,82.1,251,386,64,422,134,404,99,Nenhuma,35,69
1075,82.1,261,28,71,69,159,49,115,Nenhuma,40,87
1075,82.1,295,155,123,233,267,194,195,Expositor 1,78,144
1075,82.1,303,94,45,127,108,111,76,Nenhuma,33,63
1075,82.1,312,190,15,215,84,202,50,Nenhuma,25,68
1075,82.1,320,231,272,335,356,283,314,Nenhuma,103,84
1075,82.1,321,110,73,151,136,130,105,Expositor 1,41,63
1076,82.18,151,203,37,247,147,225,92,Nenhuma,44,109
1076,82.18,168,46,151,158,348,102,249,Expositor 1,111,196
1076,82.18,243,139,23,191,146,165,84,Nenhuma,52,122
1076,82.18,251,386,63,421,134,404,98,Nenhuma,35,70
1076,82.18,261,29,71,70,159,49,115,Nenhuma,40,87
1076,82.18,295,158,123,236,267,197,195,Expositor 1,77,144
1076,82.18,303,94,45,126,108,110,77,Nenhuma,32,62
1076,82.18,320,225,269,332,356,278,313,Nenhuma,106,86
1076,82.18,321,109,72,153,139,131,106,Expositor 1,43,66
1077,82.26,151,201,34,260,181,230,107,Expositor 1,58,147
1077,82.26,168,46,151,158,348,102,249,Expositor 1,111,197
1077,82.26,243,139,21,192,147,166,84,Nenhuma,53,125
1077,82.26,251,386,63,421,134,404,98,Nenhuma,35,70
1077,82.26,261,29,71,70,159,49,115,Nenhuma,40,87
1077,82.26,295,161,122,239,268,200,195,Expositor 1,78,145
1077,82.26,303,93,45,128,113,111,79,Nenhuma,34,68
1077,82.26,320,238,272,341,356,290,314,Nenhuma,103,84
1077,82.26,321,111,72,155,141,133,107,Expositor 1,44,69
1077,82.26,327,188,15,219,127,203,71,Nenhuma,30,111
1078,82.33,151,199,34,257,184,228,109,Expositor 1,58,149
1078,82.33,168,47,151,158,348,102,250,Expositor 1,111,197
1078,82.33,243,140,21,193,148,166,84,Nenhuma,53,127
1078,82.33,251,386,63,421,134,403,98,Nenhuma,35,70
1078,82.33,261,29,71,70,159,49,115,Nenhuma,40,87
1078,82.33,295,158,122,236,268,197,195,Expositor 1,77,145
1078,82.33,303,93,45,128,116,110,80,Nenhuma,35,70
1078,82.33,320,239,271,342,356,291,314,Nenhuma,103,85
1078,82.33,321,112,72,157,144,135,108,Expositor 1,44,71
1078,82.33,327,187,16,218,125,202,71,Nenhuma,30,108
1079,82.41,151,195,36,253,185,224,110,Expositor 1,58,149
1079,82.41,168,47,151,158,348,102,249,Expositor 1,111,197
1079,82.41,243,141,20,194,148,167,84,Nenhuma,52,127
1079,82.41,251,386,63,421,134,403,98,Nenhuma,35,70
1079,82.41,261,29,71,70,159,49,115,Nenhuma,40,87
1079,82.41,291,115,29,153,78,134,54,Nenhuma,38,48
1079,82.41,295,157,122,235,268,196,195,Expositor 1,77,145
1079,82.41,303,93,46,129,120,111,83,Nenhuma,36,73
1079,82.41,320,239,269,343,356,291,313,Nenhuma,104,87
1079,82.41,321,115,70,164,152,139,111,Expositor 1,49,82
1079,82.41,327,187,17,218,124,203,71,Nenhuma,30,107
1080,82.49,151,190,27,251,185,220,106,Expositor 1,60,157
1080,82.49,168,47,151,158,348,102,249,Expositor 1,111,197
1080,82.49,243,144,20,195,147,169,83,Nenhuma,51,127
1080,82.49,251,386,63,421,134,403,98,Nenhuma,35,70
1080,82.49,261,29,71,70,160,49,116,Nenhuma,40,88
1080,82.49,291,113,30,152,83,132,56,Nenhuma,39,53
1080,82.49,295,161,122,240,268,201,195,Expositor 1,78,145
1080,82.49,303,93,47,128,121,111,84,Nenhuma,35,73
1080,82.49,320,240,266,347,357,293,312,Nenhuma,107,91
1080,82.49,321,116,71,165,153,141,112,Expositor 1,48,82
1080,82.49,327,188,17,218,124,203,71,Nenhuma,29,106
1081,82.56,151,186,26,248,185,217,105,Expositor 1,61,159
1081,82.56,168,47,151,158,348,103,249,Expositor 1,110,197
1081,82.56,243,146,19,196,144,171,81,Nenhuma,49,124
1081,82.56,251,386,63,421,134,403,98,Nenhuma,35,70
1081,82.56,261,29,71,70,160,49,116,Nenhuma,41,89
1081,82.56,291,110,31,154,96,132,63,Nenhuma,43,64
1081,82.56,295,163,121,243,268,203,194,Expositor 1,79,146
1081,82.56,303,93,47,128,122,111,85,Nenhuma,35,74
1081,82.56,320,240,263,349,357,295,310,Nenhuma,109,94
1081,82.56,321,117,69,168,154,142,111,Expositor 1,50,85
1081,82.56,327,195,16,231,142,213,79,Nenhuma,36,126
1082,82.64,151,183,24,245,181,214,102,Expositor 1,62,157
1082,82.64,168,48,150,158,348,103,249,Expositor 1,110,197
1082,82.64,243,149,17,196,137,173,77,Nenhuma,46,120
1082,82.64,251,386,63,421,134,403,98,Nenhuma,35,70
1082,82.64,261,28,71,70,160,49,116,Nenhuma,41,89
1082,82.64,291,110,33,151,96,131,64,Nenhuma,40,63
1082,82.64,295,163,121,244,269,204,195,Expositor 1,81,148
1082,82.64,303,92,47,127,121,110,84,Nenhuma,34,74
1082,82.64,320,240,261,351,357,295,309,Nenhuma,110,96
1082,82.64,321,119,68,169,154,144,111,Expositor 1,49,86
1082,82.64,327,193,20,229,141,211,80,Nenhuma,36,121
1083,82.72,151,180,23,244,181,212,102,Expositor 1,63,158
1083,82.72,168,48,150,158,347,103,248,Expositor 1,110,197
1083,82.72,243,151,17,195,131,173,74,Nenhuma,43,114
1083,82.72,251,386,63,421,134,403,98,Nenhuma,35,70
1083,82.72,261,29,71,70,161,49,116,Nenhuma,40,89
1083,82.72,291,112,33,149,92,130,63,Nenhuma,37,58
1083,82.72,295,162,120,245,270,203,195,Expositor 1,82,150
1083,82.72,303,92,47,126,120,109,83,Nenhuma,33,73
1083,82.72,320,240,259,351,358,296,308,Nenhuma,111,98
1083,82.72,321,120,67,171,155,145,111,Expositor 1,50,88
1083,82.72,327,189,22,225,137,207,80,Nenhuma,36,115
1084,82.79,151,174,15,242,182,208,98,Nenhuma,67,167
1084,82.79,168,47,150,158,347,103,248,Expositor 1,110,197
1084,82.79,243,155,21,191,116,173,69,Nenhuma,36,95
1084,82.79,251,386,63,421,134,403,98,Nenhuma,35,70
1084,82.79,261,29,71,70,161,49,116,Nenhuma,40,89
1084,82.79,291,110,34,149,97,130,66,Nenhuma,38,63
1084,82.79,295,160,120,242,270,201,195,Expositor 1,82,149
1084,82.79,303,94,48,128,123,111,85,Nenhuma,34,74
1084,82.79,320,240,258,350,358,295,308,Nenhuma,110,99
1084,82.79,321,126,64,175,153,151,108,Expositor 1,49,88
1084,82.79,327,185,17,224,135,205,76,Nenhuma,38,117
1084,82.79,329,97,49,140,131,118,90,Nenhuma,43,81
1085,82.87,151,170,10,240,184,205,97,Nenhuma,69,173
1085,82.87,168,47,150,158,348,103,249,Expositor 1,111,197
1085,82.87,243,156,21,191,113,174,67,Nenhuma,35,91
1085,82.87,251,386,64,422,134,404,99,Nenhuma,35,69
1085,82.87,261,29,71,70,161,49,116,Nenhuma,40,89
1085,82.87,291,109,35,151,106,130,70,Nenhuma,41,71
1085,82.87,295,158,120,240,269,199,194,Expositor 1,81,149
1085,82.87,303,93,48,126,122,109,85,Nenhuma,33,73
1085,82.87,320,240,257,350,358,295,307,Nenhuma,110,100
1085,82.87,321,132,63,179,152,156,107,Expositor 1,47,88
1085,82.87,327,182,11,224,132,203,72,Nenhuma,41,121
1085,82.87,329,91,48,135,132,113,90,Nenhuma,44,84
1086,82.95,151,168,9,238,184,203,96,Nenhuma,70,175
1086,82.95,168,48,150,160,348,104,249,Expositor 1,111,198
1086,82.95,243,158,21,192,109,175,65,Nenhuma,33,87
1086,82.95,251,386,64,421,134,404,99,Nenhuma,35,69
1086,82.95,261,30,72,71,160,50,116,Nenhuma,40,87
1086,82.95,291,109,35,151,109,130,72,Nenhuma,42,73
1086,82.95,295,153,120,234,269,194,194,Expositor 1,80,148
1086,82.95,303,93,47,126,122,109,84,Nenhuma,33,75
1086,82.95,320,239,256,350,358,295,307,Nenhuma,110,101
1086,82.95,321,136,61,181,151,159,106,Expositor 1,45,89
1086,82.95,327,180,10,224,130,202,70,Nenhuma,43,119
1086,82.95,329,89,48,134,134,112,91,Nenhuma,45,86
1087,83.02,151,167,9,238,185,203,97,Nenhuma,70,176
1087,83.02,168,49,150,159,347,104,248,Expositor 1,110,196
1087,83.02,243,159,17,182,76,171,46,Nenhuma,23,58
1087,83.02,251,386,64,421,134,404,99,Nenhuma,35,69
1087,83.02,261,31,72,72,160,51,116,Nenhuma,40,87
1087,83.02,291,109,36,151,110,130,73,Nenhuma,41,73
1087,83.02,295,151,120,231,268,191,194,Expositor 1,79,147
1087,83.02,303,93,48,125,122,109,85,Nenhuma,32,74
1087,83.02,320,239,255,350,358,294,306,Nenhuma,110,102
1087,83.02,321,141,58,185,148,163,103,Expositor 1,44,89
1087,83.02,327,178,10,223,130,201,70,Nenhuma,45,119
1087,83.02,329,87,47,133,135,110,91,Nenhuma,45,88
1088,83.1,151,167,10,237,184,202,97,Nenhuma,69,174
1088,83.1,168,49,150,160,346,104,248,Expositor 1,110,196
1088,83.1,243,159,16,182,70,170,43,Nenhuma,23,54
1088,83.1,251,386,65,421,134,404,99,Nenhuma,35,68
1088,83.1,261,32,73,73,161,53,117,Nenhuma,41,88
1088,83.1,291,110,36,150,110,130,73,Nenhuma,40,74
1088,83.1,295,152,120,232,268,192,194,Expositor 1,79,147
1088,83.1,303,93,48,125,122,109,85,Nenhuma,31,73
1088,83.1,320,239,255,349,358,294,306,Nenhuma,109,102
1088,83.1,321,144,56,186,143,165,99,Nenhuma,41,87
1088,83.1,327,177,12,223,130,200,71,Nenhuma,46,118
1088,83.1,329,86,47,132,137,109,92,Nenhuma,46,89
1089,83.17,151,164,8,235,184,199,96,Nenhuma,70,176
1089,83.17,168,49,151,159,345,104,248,Expositor 1,109,194
1089,83.17,243,158,14,182,67,170,40,Nenhuma,23,53
1089,83.17,251,386,65,422,134,404,99,Nenhuma,35,68
1089,83.17,261,32,73,75,161,54,117,Nenhuma,42,88
1089,83.17,291,101,37,146,118,123,78,Nenhuma,44,81
1089,83.17,295,156,119,235,268,195,194,Expositor 1,79,148
1089,83.17,303,93,49,125,123,109,86,Nenhuma,31,73
1089,83.17,320,238,254,348,358,293,306,Nenhuma,110,103
1089,83.17,321,146,54,185,137,166,96,Nenhuma,38,83
1089,83.17,327,177,12,225,128,201,70,Nenhuma,47,116
1089,83.17,329,98,37,153,144,126,91,Nenhuma,54,106
1090,83.25,151,161,6,233,185,197,95,Nenhuma,71,178
1090,83.25,168,49,151,159,344,104,248,Expositor 1,109,192
1090,83.25,243,159,12,183,64,171,38,Nenhuma,24,52
1090,83.25,251,386,65,422,134,404,99,Nenhuma,35,68
1090,83.25,261,33,73,77,162,55,117,Nenhuma,43,89
1090,83.25,291,101,36,145,115,123,76,Nenhuma,43,78
1090,83.25,295,153,120,231,268,192,194,Expositor 1,78,148
1090,83.25,303,93,49,125,123,109,86,Nenhuma,31,74
1090,83.25,320,238,254,348,358,293,306,Nenhuma,109,103
1090,83.25,321,147,53,185,136,166,94,Nenhuma,37,83
1090,83.25,327,178,27,221,127,200,77,Nenhuma,42,99
1090,83.25,329,96,36,151,144,124,90,Nenhuma,55,108
1091,83.33,151,158,4,231,185,194,94,Nenhuma,72,180
1091,83.33,168,48,150,159,345,104,247,Expositor 1,111,195
1091,83.33,243,160,11,182,59,171,35,Nenhuma,22,48
1091,83.33,251,386,64,422,134,404,99,Nenhuma,35,69
1091,83.33,261,35,73,81,164,58,118,Nenhuma,45,91
1091,83.33,291,100,35,145,115,122,75,Nenhuma,44,79
1091,83.33,295,151,121,232,274,192,197,Expositor 1,80,152
1091,83.33,303,93,49,125,124,109,86,Nenhuma,32,74
1091,83.33,320,238,254,347,358,292,306,Nenhuma,109,103
1091,83.33,321,148,51,185,136,167,94,Nenhuma,37,84
1091,83.33,327,176,33,217,127,197,80,Nenhuma,41,93
1091,83.33,329,95,34,151,145,123,90,Nenhuma,55,110
1092,83.4,168,48,151,159,344,104,247,Expositor 1,110,193
1092,83.4,243,161,9,181,53,171,31,Nenhuma,20,43
1092,83.4,251,387,64,422,134,404,99,Nenhuma,35,69
1092,83.4,261,38,73,82,162,60,117,Nenhuma,43,88
1092,83.4,291,101,39,144,115,122,77,Nenhuma,43,76
1092,83.4,295,149,121,229,277,189,199,Expositor 1,80,156
1092,83.4,320,238,254,346,357,292,305,Nenhuma,108,103
1092,83.4,321,149,50,186,137,168,94,Nenhuma,36,86
1092,83.4,327,175,33,218,128,196,81,Nenhuma,42,94
1092,83.4,329,96,38,150,144,123,91,Nenhuma,53,106
1093,83.48,168,33,101,170,345,101,223,Expositor 1,136,244
1093,83.48,243,162,8,180,48,171,28,Nenhuma,18,39
1093,83.48,251,387,63,422,134,404,98,Nenhuma,35,70
1093,83.48,261,41,73,85,162,63,118,Nenhuma,44,88
1093,83.48,291,100,41,143,117,122,79,Nenhuma,43,75
1093,83.48,295,156,121,238,280,197,201,Expositor 1,82,159
1093,83.48,320,239,254,347,357,293,306,Nenhuma,107,103
1093,83.48,321,151,49,186,134,168,92,Nenhuma,35,85
1093,83.48,327,172,32,215,128,194,80,Nenhuma,43,95
1093,83.48,329,96,39,150,146,123,93,Nenhuma,53,107
1094,83.56,168,43,130,164,344,103,237,Expositor 1,120,213
1094,83.56,251,386,63,422,134,404,98,Nenhuma,35,70
1094,83.56,261,42,73,88,165,65,119,Nenhuma,46,92
1094,83.56,291,99,42,143,119,121,80,Nenhuma,44,76
1094,83.56,295,159,121,245,287,202,204,Expositor 1,86,165
1094,83.56,320,238,254,346,357,292,306,Nenhuma,107,103
1094,83.56,321,152,49,186,133,169,91,Nenhuma,33,83
1094,83.56,327,171,30,215,130,193,80,Nenhuma,44,99
1094,83.56,329,97,40,146,139,122,90,Nenhuma,49,98
1095,83.63,168,49,144,161,344,105,244,Expositor 1,112,199
1095,83.63,251,385,63,421,134,403,98,Nenhuma,35,70
1095,83.63,261,42,73,89,167,66,120,Nenhuma,46,93
1095,83.63,291,99,42,143,119,121,81,Nenhuma,44,76
1095,83.63,295,158,123,250,296,204,209,Expositor 1,91,172
1095,83.63,320,239,253,346,357,293,305,Nenhuma,107,103
1095,83.63,321,153,48,187,136,170,92,Nenhuma,34,88
1095,83.63,327,169,29,216,136,193,82,Nenhuma,47,106
1095,83.63,329,97,40,147,140,122,90,Nenhuma,50,100
1096,83.71,168,52,152,161,343,106,248,Expositor 1,108,191
1096,83.71,251,385,63,420,134,403,98,Nenhuma,35,70
1096,83.71,261,40,73,87,169,63,121,Nenhuma,46,95
1096,83.71,291,98,43,142,119,120,81,Nenhuma,44,75
1096,83.71,295,156,123,252,301,204,212,Expositor 1,96,177
1096,83.71,312,227,5,259,86,243,45,Nenhuma,31,81
1096,83.71,320,238,253,346,357,292,305,Nenhuma,107,103
1096,83.71,321,154,46,188,136,171,91,Nenhuma,34,89
1096,83.71,327,169,28,217,140,193,84,Nenhuma,48,111
1096,83.71,329,97,39,148,141,122,90,Nenhuma,51,101
1097,83.79,168,54,155,161,343,107,249,Expositor 1,106,188
1097,83.79,251,385,63,420,134,403,98,Nenhuma,35,70
1097,83.79,261,39,74,87,174,63,124,Nenhuma,47,100
1097,83.79,291,97,43,142,120,120,81,Nenhuma,45,76
1097,83.79,295,164,125,244,277,204,201,Expositor 1,80,151
1097,83.79,312,230,4,263,86,247,45,Nenhuma,33,82
1097,83.79,320,238,253,345,357,292,305,Nenhuma,106,103
1097,83.79,321,155,45,190,136,173,91,Nenhuma,34,90
1097,83.79,327,167,27,217,142,192,84,Nenhuma,49,115
1097,83.79,329,97,38,148,141,123,90,Nenhuma,51,102
1098,83.86,168,55,156,161,343,108,250,Expositor 1,105,187
1098,83.86,251,384,63,418,132,401,98,Nenhuma,33,68
1098,83.86,261,38,74,88,182,63,128,Nenhuma,49,107
1098,83.86,291,96,43,143,123,119,83,Nenhuma,46,79
1098,83.86,295,177,128,255,272,216,200,Expositor 1,78,144
1098,83.86,312,232,4,266,87,249,45,Nenhuma,33,82
1098,83.86,320,240,253,346,356,293,305,Nenhuma,106,103
1098,83.86,321,156,44,192,135,174,90,Nenhuma,35,91
1098,83.86,327,162,27,213,147,187,87,Nenhuma,51,120
1099,83.94,168,55,157,161,343,108,250,Expositor 1,105,186
1099,83.94,251,384,63,417,132,401,97,Nenhuma,33,68
1099,83.94,261,38,74,88,188,63,131,Nenhuma,50,113
1099,83.94,291,96,44,143,125,119,84,Nenhuma,47,80
1099,83.94,295,179,129,258,272,218,201,Expositor 1,79,143
1099,83.94,312,234,3,268,87,251,45,Nenhuma,33,83
1099,83.94,320,241,253,347,356,294,305,Nenhuma,105,103
1099,83.94,321,158,43,193,135,175,89,Nenhuma,35,92
1099,83.94,327,160,27,211,147,185,87,Nenhuma,50,119
1100,84.01,168,56,157,161,343,108,250,Expositor 1,105,185
1100,84.01,251,384,62,417,131,400,97,Nenhuma,33,69
1100,84.01,261,38,75,88,191,63,133,Nenhuma,50,116
1100,84.01,291,95,44,142,125,119,85,Nenhuma,46,80
1100,84.01,295,177,131,259,274,218,203,Expositor 1,82,143
1100,84.01,312,236,3,270,87,253,45,Nenhuma,33,83
1100,84.01,320,243,254,347,356,295,305,Nenhuma,104,102
1100,84.01,327,160,27,209,143,184,85,Nenhuma,49,116
1101,84.09,168,56,158,161,343,109,250,Expositor 1,104,184
1101,84.09,251,384,62,417,131,400,97,Nenhuma,33,69
1101,84.09,261,39,75,88,189,64,132,Nenhuma,48,113
1101,84.09,291,95,45,141,123,118,84,Nenhuma,45,78
1101,84.09,295,172,134,253,274,213,204,Expositor 1,80,139
1101,84.09,320,244,254,348,356,296,305,Nenhuma,103,102
1101,84.09,327,158,25,207,143,182,84,Nenhuma,49,117
1102,84.17,168,56,158,161,342,109,250,Expositor 1,104,184
1102,84.17,251,385,62,418,132,401,97,Nenhuma,32,69
1102,84.17,261,40,75,87,189,64,132,Nenhuma,47,113
1102,84.17,291,96,45,141,123,119,84,Nenhuma,45,78
1102,84.17,295,170,137,252,276,211,207,Expositor 1,81,138
1102,84.17,312,236,4,269,87,253,45,Nenhuma,33,82
1102,84.17,320,244,254,347,356,296,305,Nenhuma,103,102
1102,84.17,321,177,5,211,97,194,51,Nenhuma,34,91
1102,84.17,327,156,24,206,143,181,83,Nenhuma,50,119
1103,84.24,168,56,157,161,343,108,250,Expositor 1,105,186
1103,84.24,251,385,62,418,132,401,97,Nenhuma,32,69
1103,84.24,261,39,76,88,196,63,136,Nenhuma,48,120
1103,84.24,291,96,45,142,124,119,84,Nenhuma,45,78
1103,84.24,295,169,141,251,277,210,209,Expositor 1,82,135
1103,84.24,312,236,5,268,87,252,46,Nenhuma,32,81
1103,84.24,320,244,254,347,356,295,305,Nenhuma,103,102
1103,84.24,321,179,2,214,98,196,50,Nenhuma,35,95
1103,84.24,327,153,22,205,146,179,84,Nenhuma,51,124
1104,84.32,168,56,157,162,343,109,250,Expositor 1,105,186
1104,84.32,251,385,62,418,132,401,97,Nenhuma,32,69
1104,84.32,261,40,76,88,196,64,136,Nenhuma,48,120
1104,84.32,291,96,45,142,125,119,85,Nenhuma,46,79
1104,84.32,295,165,148,254,292,209,220,Expositor 1,88,143
1104,84.32,312,237,7,270,89,253,48,Nenhuma,32,81
1104,84.32,320,243,254,346,356,294,305,Nenhuma,103,102
1104,84.32,321,182,1,214,92,198,46,Nenhuma,32,90
1104,84.32,327,151,23,203,149,177,86,Nenhuma,51,125
1105,84.4,168,56,157,162,343,109,250,Expositor 1,105,186
1105,84.4,251,385,63,417,132,401,98,Nenhuma,31,69
1105,84.4,261,40,75,88,197,64,136,Nenhuma,47,121
1105,84.4,291,96,45,143,126,120,86,Nenhuma,47,81
1105,84.4,295,161,153,254,299,207,226,Expositor 1,92,146
1105,84.4,312,239,7,271,89,255,48,Nenhuma,32,82
1105,84.4,320,243,254,346,356,295,305,Nenhuma,102,102
1105,84.4,321,183,0,215,89,199,45,Nenhuma,31,89
1105,84.4,327,149,23,200,150,175,86,Nenhuma,51,127
1106,84.47,168,56,156,163,344,109,250,Expositor 1,106,188
1106,84.47,251,386,63,417,132,401,98,Nenhuma,31,69
1106,84.47,261,39,75,87,198,63,137,Nenhuma,47,123
1106,84.47,291,97,46,144,125,120,86,Nenhuma,46,79
1106,84.47,295,160,161,252,304,206,232,Expositor 1,91,142
1106,84.47,312,246,11,279,93,263,52,Nenhuma,32,82
1106,84.47,320,244,254,346,356,295,305,Nenhuma,102,102
1106,84.47,321,186,0,215,82,201,41,Nenhuma,29,81
1106,84.47,327,146,23,196,149,171,86,Nenhuma,49,126
1107,84.55,168,57,156,163,344,110,250,Expositor 1,105,188
1107,84.55,251,385,63,417,133,401,98,Nenhuma,32,69
1107,84.55,261,40,75,86,198,63,137,Nenhuma,46,122
1107,84.55,291,98,47,143,125,120,86,Nenhuma,45,78
1107,84.55,295,161,166,252,305,207,236,Expositor 1,91,138
1107,84.55,312,248,11,281,94,265,53,Nenhuma,32,83
1107,84.55,320,244,254,347,356,295,305,Nenhuma,102,102
1107,84.55,321,189,0,217,79,203,40,Nenhuma,28,78
1107,84.55,327,145,23,194,149,170,86,Nenhuma,48,126
1108,84.63,168,57,156,163,344,110,250,Expositor 1,105,188
1108,84.63,251,385,63,417,133,401,98,Nenhuma,32,69
1108,84.63,261,40,76,86,197,63,136,Nenhuma,45,121
1108,84.63,291,98,47,143,125,120,86,Nenhuma,45,77
1108,84.63,295,162,171,251,305,206,238,Expositor 1,88,134
1108,84.63,312,250,11,284,95,267,53,Nenhuma,33,83
1108,84.63,320,244,254,347,356,295,305,Nenhuma,102,102
1108,84.63,321,191,1,219,79,205,40,Nenhuma,27,77
1108,84.63,327,145,22,193,149,169,85,Nenhuma,48,127
1109,84.7,168,57,156,163,344,110,250,Expositor 1,106,188
1109,84.7,251,385,62,417,133,401,97,Nenhuma,32,70
1109,84.7,261,41,76,86,196,63,136,Nenhuma,44,120
1109,84.7,291,98,48,143,126,120,87,Nenhuma,45,78
1109,84.7,295,158,177,244,306,201,241,Expositor 1,86,129
1109,84.7,312,252,12,286,95,269,54,Nenhuma,33,83
1109,84.7,320,245,254,346,356,296,305,Nenhuma,101,102
1109,84.7,321,194,2,221,77,208,39,Nenhuma,27,74
1109,84.7,327,144,21,192,150,168,85,Nenhuma,47,128
1110,84.78,168,57,156,163,345,110,251,Expositor 1,106,188
1110,84.78,251,385,63,417,133,401,98,Nenhuma,31,69
1110,84.78,261,41,76,86,196,64,136,Nenhuma,44,120
1110,84.78,291,97,48,143,128,120,88,Nenhuma,46,80
1110,84.78,295,157,180,241,306,199,243,Expositor 1,83,125
1110,84.78,312,252,8,285,96,268,52,Nenhuma,33,87
1110,84.78,320,245,254,347,356,296,305,Nenhuma,101,102
1110,84.78,321,196,1,225,81,210,41,Nenhuma,29,80
1110,84.78,327,144,21,191,149,168,85,Nenhuma,46,127
1111,84.85,168,57,156,163,344,110,250,Expositor 1,105,188
1111,84.85,251,385,63,417,133,401,98,Nenhuma,32,70
1111,84.85,261,42,76,86,196,64,136,Nenhuma,43,120
1111,84.85,291,97,47,144,129,120,88,Nenhuma,47,82
1111,84.85,295,156,182,240,308,198,245,Expositor 1,83,125
1111,84.85,312,253,8,287,96,270,52,Nenhuma,33,88
1111,84.85,320,245,254,346,356,296,305,Nenhuma,101,102
1111,84.85,321,199,1,228,79,213,40,Nenhuma,28,78
1111,84.85,327,144,20,190,147,167,84,Nenhuma,46,127
1112,84.93,168,57,156,162,344,109,250,Expositor 1,105,188
1112,84.93,251,385,63,418,133,401,98,Nenhuma,32,70
1112,84.93,261,42,76,85,195,64,135,Nenhuma,43,119
1112,84.93,291,95,47,143,131,119,89,Nenhuma,48,83
1112,84.93,295,155,186,238,310,197,248,Expositor 1,82,123
1112,84.93,312,255,8,289,97,272,52,Nenhuma,33,88
1112,84.93,320,245,255,345,356,295,306,Nenhuma,100,101
1112,84.93,321,201,0,230,77,216,38,Nenhuma,28,78
1112,84.93,327,144,19,189,146,167,83,Nenhuma,44,126
1113,85.01,168,56,156,162,344,109,250,Expositor 1,105,188
1113,85.01,251,385,62,418,133,401,98,Nenhuma,32,70
1113,85.01,261,42,76,85,196,63,136,Nenhuma,43,120
1113,85.01,291,95,48,143,131,119,89,Nenhuma,48,83
1113,85.01,295,155,190,236,312,196,251,Expositor 1,81,122
1113,85.01,312,257,8,291,97,274,53,Nenhuma,34,89
1113,85.01,320,244,255,345,356,295,306,Nenhuma,100,101
1113,85.01,321,204,-1,232,75,218,37,Nenhuma,28,77
1113,85.01,327,145,19,188,140,166,79,Nenhuma,42,120
1114,85.08,168,56,156,163,345,109,250,Expositor 1,106,189
1114,85.08,251,385,62,418,134,401,98,Nenhuma,32,71
1114,85.08,261,42,76,85,197,63,136,Nenhuma,43,121
1114,85.08,291,94,48,143,132,118,90,Nenhuma,48,83
1114,85.08,295,154,193,235,314,195,253,Expositor 1,80,120
1114,85.08,312,256,7,290,96,273,51,Nenhuma,34,89
1114,85.08,320,245,255,345,356,295,306,Nenhuma,100,101
1114,85.08,321,206,-2,235,73,220,35,Nenhuma,28,76
1114,85.08,327,145,18,186,135,166,77,Nenhuma,41,116
1115,85.16,168,56,156,163,345,110,250,Expositor 1,106,189
1115,85.16,251,385,62,418,134,401,98,Nenhuma,32,71
1115,85.16,261,42,76,85,197,63,136,Nenhuma,42,121
1115,85.16,291,94,48,144,133,119,90,Nenhuma,49,85
1115,85.16,312,257,5,291,96,274,50,Nenhuma,34,90
1115,85.16,320,245,255,346,356,295,306,Nenhuma,100,101
1115,85.16,321,213,0,236,59,224,29,Nenhuma,23,59
1115,85.16,327,145,18,185,133,165,75,Nenhuma,40,115
1116,85.24,168,56,156,162,345,109,250,Expositor 1,106,189
1116,85.24,251,385,63,417,133,401,98,Nenhuma,31,69
1116,85.24,261,42,76,84,197,63,137,Nenhuma,42,120
1116,85.24,291,95,48,144,132,119,90,Nenhuma,49,84
1116,85.24,295,157,184,240,308,199,246,Expositor 1,83,124
1116,85.24,312,259,3,295,97,277,50,Nenhuma,36,93
1116,85.24,320,244,255,345,356,295,306,Nenhuma,100,101
1116,85.24,321,209,1,239,74,224,37,Nenhuma,29,73
1116,85.24,327,144,17,184,133,164,75,Nenhuma,40,115
1117,85.31,168,56,155,162,345,109,250,Expositor 1,105,189
1117,85.31,251,385,63,417,133,401,98,Nenhuma,31,70
1117,85.31,261,42,76,84,197,63,137,Nenhuma,41,120
1117,85.31,291,95,48,143,129,119,88,Nenhuma,47,80
1117,85.31,295,157,184,241,307,199,245,Expositor 1,83,123
1117,85.31,312,261,3,297,97,279,50,Nenhuma,36,94
1117,85.31,320,243,255,344,356,293,306,Nenhuma,101,101
1117,85.31,321,214,2,241,69,228,35,Nenhuma,27,67
1117,85.31,327,142,17,182,131,162,74,Nenhuma,40,114
1118,85.39,168,56,156,162,344,109,250,Expositor 1,105,187
1118,85.39,251,385,63,417,133,401,98,Nenhuma,31,70
1118,85.39,261,42,77,83,197,63,137,Nenhuma,41,119
1118,85.39,291,95,48,142,127,119,87,Nenhuma,47,78
1118,85.39,295,157,183,241,308,199,246,Expositor 1,83,124
1118,85.39,312,266,2,297,77,281,39,Nenhuma,30,74
1118,85.39,320,243,254,344,356,294,305,Nenhuma,101,102
1118,85.39,321,216,1,244,66,230,34,Nenhuma,27,64
1118,85.39,327,140,16,181,131,161,74,Nenhuma,40,114
1119,85.47,168,57,156,161,343,109,250,Expositor 1,104,186
1119,85.47,251,385,63,417,133,401,98,Nenhuma,31,70
1119,85.47,261,42,77,83,196,63,137,Nenhuma,40,118
1119,85.47,291,96,48,142,125,119,87,Nenhuma,46,76
1119,85.47,295,163,183,248,307,205,245,Expositor 1,85,123
1119,85.47,312,268,1,298,75,283,38,Nenhuma,29,73
1119,85.47,320,243,255,344,356,294,306,Nenhuma,100,101
1119,85.47,321,219,2,246,65,233,34,Nenhuma,27,63
1119,85.47,327,139,16,180,132,159,74,Nenhuma,40,115
1120,85.54,168,57,156,162,344,109,250,Expositor 1,105,187
1120,85.54,251,385,62,416,133,400,98,Nenhuma,31,70
1120,85.54,261,42,78,83,198,62,138,Nenhuma,40,120
1120,85.54,291,95,48,142,125,119,87,Nenhuma,47,76
1120,85.54,295,167,182,252,303,210,242,Expositor 1,85,121
1120,85.54,312,266,3,300,88,283,46,Nenhuma,34,85
1120,85.54,320,242,255,343,356,293,306,Nenhuma,100,101
1120,85.54,321,220,2,248,66,234,34,Nenhuma,27,64
1120,85.54,327,138,15,180,131,159,73,Nenhuma,41,116
1121,85.62,168,57,157,162,344,109,250,Expositor 1,105,187
1121,85.62,251,384,62,416,133,400,98,Nenhuma,31,70
1121,85.62,261,42,78,83,198,62,138,Nenhuma,40,120
1121,85.62,291,95,49,142,125,118,87,Nenhuma,47,76
1121,85.62,295,158,179,245,302,201,241,Expositor 1,87,122
1121,85.62,312,267,3,303,96,285,49,Nenhuma,36,92
1121,85.62,320,240,255,342,356,291,306,Nenhuma,102,101
1121,85.62,321,222,1,251,66,236,34,Nenhuma,28,64
1121,85.62,327,137,14,179,131,158,72,Nenhuma,42,116
1121,85.62,329,95,48,147,148,121,98,Nenhuma,52,99
1122,85.69,168,57,157,162,343,109,250,Expositor 1,104,186
1122,85.69,251,383,62,415,133,399,98,Nenhuma,31,70
1122,85.69,261,42,78,82,198,62,138,Nenhuma,40,120
1122,85.69,291,94,48,143,126,118,87,Nenhuma,48,78
1122,85.69,295,161,177,249,300,205,239,Expositor 1,87,123
1122,85.69,312,269,10,305,102,287,56,Nenhuma,35,91
1122,85.69,320,239,255,342,356,290,306,Nenhuma,102,101
1122,85.69,321,223,1,257,79,240,40,Nenhuma,34,77
1122,85.69,327,136,13,179,130,158,72,Nenhuma,42,116
1122,85.69,329,93,48,149,150,121,99,Nenhuma,55,102
1123,85.77,168,57,157,162,344,109,250,Expositor 1,105,187
1123,85.77,251,383,62,414,132,399,97,Nenhuma,31,70
1123,85.77,261,42,78,82,198,62,138,Nenhuma,39,120
1123,85.77,291,94,48,143,126,118,87,Nenhuma,49,78
1123,85.77,295,162,177,249,300,205,239,Expositor 1,87,122
1123,85.77,312,270,9,306,105,288,57,Nenhuma,36,95
1123,85.77,320,239,255,342,356,290,306,Nenhuma,102,101
1123,85.77,321,225,0,260,79,242,40,Nenhuma,34,79
1123,85.77,327,136,13,178,128,157,70,Nenhuma,41,114
1123,85.77,329,92,48,150,151,121,99,Nenhuma,57,103
1124,85.85,168,57,157,162,343,110,250,Expositor 1,104,186
1124,85.85,251,380,62,412,132,396,97,Nenhuma,31,69
1124,85.85,261,42,78,82,197,62,137,Nenhuma,39,119
1124,85.85,291,93,47,144,127,118,87,Nenhuma,51,79
1124,85.85,295,162,178,249,300,206,239,Expositor 1,87,122
1124,85.85,312,273,14,309,107,291,61,Nenhuma,35,93
1124,85.85,320,239,255,342,356,290,306,Nenhuma,103,101
1124,85.85,321,227,0,262,80,245,40,Nenhuma,35,80
1124,85.85,327,138,13,178,123,158,68,Nenhuma,40,109
1124,85.85,329,92,47,151,151,122,99,Nenhuma,59,103
1125,85.92,168,57,157,162,343,110,250,Expositor 1,104,186
1125,85.92,251,378,62,411,133,394,97,Nenhuma,33,71
1125,85.92,261,42,78,81,197,62,137,Nenhuma,38,119
1125,85.92,291,93,46,144,127,118,86,Nenhuma,51,80
1125,85.92,295,163,178,249,300,206,239,Expositor 1,86,121
1125,85.92,312,277,18,311,107,294,63,Nenhuma,34,89
1125,85.92,320,239,255,342,356,291,306,Nenhuma,103,101
1125,85.92,321,229,0,265,81,247,40,Nenhuma,35,81
1125,85.92,327,140,13,180,121,160,67,Nenhuma,40,108
1125,85.92,329,91,46,151,151,121,99,Nenhuma,60,105
1126,86.0,168,57,157,162,343,110,250,Expositor 1,105,186
1126,86.0,251,376,62,411,134,394,98,Nenhuma,34,72
1126,86.0,261,43,78,81,194,62,136,Nenhuma,38,116
1126,86.0,291,91,46,143,127,117,86,Nenhuma,52,80
1126,86.0,312,278,19,313,109,296,64,Nenhuma,34,89
1126,86.0,320,238,256,342,356,290,306,Nenhuma,103,100
1126,86.0,327,141,12,182,119,162,66,Nenhuma,41,107
1126,86.0,329,89,46,150,151,119,99,Nenhuma,61,104
1127,86.08,168,57,157,162,343,110,250,Expositor 1,105,186
1127,86.08,251,376,61,411,134,393,98,Nenhuma,34,72
1127,86.08,261,44,78,81,193,62,135,Nenhuma,37,115
1127,86.08,291,95,46,146,125,120,85,Nenhuma,50,78
1127,86.08,312,282,20,313,99,298,59,Nenhuma,30,79
1127,86.08,320,237,256,342,356,290,306,Nenhuma,104,100
1127,86.08,327,143,11,184,118,163,65,Nenhuma,41,106
1127,86.08,329,95,46,156,150,125,98,Nenhuma,60,103
1128,86.15,168,57,157,162,343,110,250,Expositor 1,105,186
1128,86.15,251,377,62,411,134,394,98,Nenhuma,34,71
1128,86.15,261,43,78,81,193,62,135,Nenhuma,37,115
1128,86.15,291,97,47,147,125,122,86,Nenhuma,50,78
1128,86.15,312,284,21,315,99,299,60,Nenhuma,30,78
1128,86.15,320,237,256,342,356,289,306,Nenhuma,105,100
1128,86.15,327,145,11,186,119,166,65,Nenhuma,41,107
1128,86.15,329,90,47,151,152,121,99,Nenhuma,60,104
1129,86.23,168,57,157,162,342,109,249,Expositor 1,105,185
1129,86.23,251,378,61,412,132,395,96,Nenhuma,34,70
1129,86.23,261,43,78,81,196,62,137,Nenhuma,38,118
1129,86.23,291,99,47,151,131,125,89,Nenhuma,52,83
1129,86.23,312,293,22,320,88,306,55,Nenhuma,27,66
1129,86.23,320,237,256,342,356,289,306,Nenhuma,104,99
1129,86.23,327,147,10,189,120,168,65,Nenhuma,41,110
1129,86.23,329,97,46,159,154,128,100,Expositor 1,61,108
1130,86.31,168,58,157,163,342,110,250,Expositor 1,105,185
1130,86.31,251,379,61,412,130,395,95,Nenhuma,33,69
1130,86.31,261,43,78,81,195,62,136,Nenhuma,38,117
1130,86.31,291,98,46,150,130,124,88,Nenhuma,51,84
1130,86.31,312,294,22,321,87,308,54,Nenhuma,27,64
1130,86.31,320,237,256,341,356,289,306,Nenhuma,104,99
1130,86.31,321,235,0,272,85,254,43,Nenhuma,37,85
1130,86.31,327,149,9,190,119,170,64,Nenhuma,40,109
1130,86.31,329,97,46,159,156,128,101,Expositor 1,62,110
1131,86.38,168,58,157,164,342,111,250,Expositor 1,105,185
1131,86.38,251,378,60,412,130,395,95,Nenhuma,34,70
1131,86.38,261,43,78,81,195,62,136,Nenhuma,37,117
1131,86.38,291,98,45,149,130,124,87,Nenhuma,51,84
1131,86.38,312,296,22,324,87,310,54,Nenhuma,28,65
1131,86.38,320,236,256,342,356,289,306,Nenhuma,105,100
1131,86.38,321,237,0,275,86,256,43,Nenhuma,37,86
1131,86.38,327,153,9,192,116,172,62,Nenhuma,39,107
1131,86.38,329,97,45,162,158,130,101,Expositor 1,64,113
1132,86.46,168,58,158,164,343,111,250,Expositor 1,106,185
1132,86.46,251,377,59,412,130,394,94,Nenhuma,34,70
1132,86.46,261,43,78,81,194,62,136,Nenhuma,37,116
1132,86.46,291,96,44,149,131,123,87,Nenhuma,52,87
1132,86.46,312,298,23,325,84,311,53,Nenhuma,27,61
1132,86.46,320,236,255,343,356,289,306,Nenhuma,107,101
1132,86.46,321,239,0,277,87,258,43,Nenhuma,37,87
1132,86.46,327,155,8,194,114,174,61,Nenhuma,38,106
1132,86.46,329,98,44,163,159,130,101,Expositor 1,65,114
1133,86.53,168,57,158,163,343,110,250,Expositor 1,105,185
1133,86.53,251,373,58,410,134,392,96,Nenhuma,37,76
1133,86.53,261,45,78,80,186,62,132,Nenhuma,35,108
1133,86.53,291,97,44,150,131,124,88,Nenhuma,52,87
1133,86.53,312,300,23,327,82,314,53,Nenhuma,27,58
1133,86.53,320,229,254,339,356,284,305,Nenhuma,110,102
1133,86.53,321,242,0,281,91,261,46,Nenhuma,38,90
1133,86.53,327,158,7,196,113,177,60,Nenhuma,37,105
1133,86.53,329,99,44,164,159,132,101,Expositor 1,64,115
1134,86.61,168,58,158,164,343,111,250,Expositor 1,105,184
1134,86.61,251,370,56,409,137,389,97,Nenhuma,39,80
1134,86.61,261,45,78,79,178,62,128,Nenhuma,33,100
1134,86.61,291,96,43,154,145,125,94,Nenhuma,58,101
1134,86.61,295,156,178,245,300,200,239,Expositor 1,89,122
1134,86.61,312,303,27,331,84,317,55,Nenhuma,27,57
1134,86.61,320,231,254,341,356,286,305,Nenhuma,110,102
1134,86.61,321,244,0,283,91,263,46,Nenhuma,38,90
1134,86.61,327,161,5,199,112,180,59,Nenhuma,37,107
1134,86.61,329,101,43,166,158,134,101,Expositor 1,64,114
1135,86.69,168,58,158,164,342,111,250,Expositor 1,106,184
1135,86.69,251,367,56,407,138,387,97,Nenhuma,39,82
1135,86.69,261,46,78,78,175,62,126,Nenhuma,32,97
1135,86.69,291,95,43,155,150,125,97,Nenhuma,59,106
1135,86.69,295,159,177,255,304,207,240,Expositor 1,96,127
1135,86.69,312,304,28,334,89,319,58,Nenhuma,30,61
1135,86.69,320,230,253,342,356,286,304,Nenhuma,111,102
1135,86.69,321,245,0,283,91,264,46,Nenhuma,38,90
1135,86.69,327,164,3,202,112,183,58,Nenhuma,37,108
1135,86.69,329,102,43,166,158,134,101,Expositor 1,64,114
1136,86.76,168,58,158,165,342,111,250,Expositor 1,106,184
1136,86.76,251,365,54,405,138,385,96,Nenhuma,39,83
1136,86.76,261,46,78,79,174,62,126,Nenhuma,33,96
1136,86.76,291,98,43,154,145,126,94,Nenhuma,56,102
1136,86.76,295,160,177,259,301,209,239,Expositor 1,98,124
1136,86.76,312,305,28,336,90,321,59,Nenhuma,31,62
1136,86.76,320,225,253,339,356,282,304,Nenhuma,113,102
1136,86.76,321,246,0,284,91,265,46,Nenhuma,37,90
1136,86.76,327,166,1,204,111,185,56,Nenhuma,37,110
1136,86.76,329,101,43,164,157,132,100,Expositor 1,63,113
1137,86.84,168,58,158,165,342,112,250,Expositor 1,107,184
1137,86.84,251,363,53,403,138,383,96,Nenhuma,39,84
1137,86.84,261,46,78,79,172,62,125,Nenhuma,32,94
1137,86.84,291,98,43,152,143,125,93,Nenhuma,54,100
1137,86.84,295,161,177,259,301,210,239,Expositor 1,98,124
1137,86.84,312,306,27,339,94,323,61,Nenhuma,32,66
1137,86.84,320,224,252,338,355,281,304,Nenhuma,114,103
1137,86.84,321,248,0,286,92,267,46,Nenhuma,38,91
1137,86.84,327,167,0,204,109,185,55,Nenhuma,36,108
1137,86.84,329,100,43,163,157,131,100,Expositor 1,62,113
1137,86.84,345,305,28,340,119,322,73,Nenhuma,35,91
1138,86.92,168,57,158,165,342,111,250,Expositor 1,107,184
1138,86.92,251,362,53,401,139,382,96,Nenhuma,39,85
1138,86.92,261,46,78,79,171,62,124,Nenhuma,32,93
1138,86.92,291,98,43,150,140,124,92,Nenhuma,51,96
1138,86.92,295,162,173,269,305,216,239,Expositor 1,106,132
1138,86.92,312,310,29,342,92,326,61,Nenhuma,32,63
1138,86.92,320,223,252,337,355,280,304,Nenhuma,114,103
1138,86.92,321,249,0,288,93,269,46,Nenhuma,38,92
1138,86.92,327,170,1,204,106,187,53,Nenhuma,34,104
1138,86.92,329,101,43,165,159,133,101,Expositor 1,63,115
1138,86.92,345,307,28,343,120,325,74,Nenhuma,35,92
1139,86.99,168,56,158,164,342,110,250,Expositor 1,107,184
1139,86.99,251,361,54,400,139,381,96,Nenhuma,38,84
1139,86.99,261,46,78,79,169,62,124,Nenhuma,32,91
1139,86.99,291,100,44,148,134,124,89,Nenhuma,48,89
1139,86.99,295,156,164,270,306,213,235,Expositor 1,113,141
1139,86.99,312,315,30,347,91,331,61,Nenhuma,31,60
1139,86.99,320,222,252,336,355,279,304,Nenhuma,114,103
1139,86.99,321,251,0,290,93,270,47,Nenhuma,38,93
1139,86.99,327,173,0,205,99,189,50,Nenhuma,32,98
1139,86.99,329,101,43,165,158,133,101,Expositor 1,63,114
1139,86.99,345,313,30,348,120,331,75,Nenhuma,35,90
1140,87.07,168,56,158,163,343,109,251,Expositor 1,107,184
1140,87.07,251,361,54,399,139,380,96,Nenhuma,37,84
1140,87.07,261,46,78,79,169,63,123,Nenhuma,33,91
1140,87.07,291,100,44,146,130,123,87,Nenhuma,46,86
1140,87.07,295,154,161,268,303,211,232,Expositor 1,114,141
1140,87.07,312,318,31,349,92,333,61,Nenhuma,31,60
1140,87.07,320,233,253,347,356,290,305,Nenhuma,113,103
1140,87.07,327,175,0,207,96,191,48,Nenhuma,31,95
1140,87.07,329,100,43,164,158,132,101,Expositor 1,63,114
1140,87.07,345,315,31,350,121,333,76,Nenhuma,35,89
1141,87.15,168,55,159,162,343,109,251,Expositor 1,107,184
1141,87.15,251,361,55,398,139,380,97,Nenhuma,37,84
1141,87.15,261,45,77,80,171,62,124,Nenhuma,34,93
1141,87.15,291,100,44,146,130,123,87,Nenhuma,46,86
1141,87.15,295,159,153,278,305,218,229,Expositor 1,118,151
1141,87.15,312,320,32,352,92,336,62,Nenhuma,31,59
1141,87.15,320,234,253,347,356,290,305,Nenhuma,113,103
1141,87.15,327,178,0,209,93,193,47,Nenhuma,30,92
1141,87.15,329,99,43,163,158,131,101,Expositor 1,63,114
1141,87.15,345,322,34,357,122,339,78,Nenhuma,35,88
1141,87.15,346,155,152,340,306,248,229,Expositor 1,184,153
1142,87.22,168,54,158,163,343,109,251,Expositor 1,108,185
1142,87.22,251,360,55,397,140,379,97,Nenhuma,37,85
1142,87.22,261,45,76,80,171,63,123,Nenhuma,35,94
1142,87.22,291,99,43,147,132,123,88,Nenhuma,47,88
1142,87.22,295,160,144,280,301,220,223,Expositor 1,119,157
1142,87.22,312,323,33,354,92,339,63,Nenhuma,30,58
1142,87.22,320,235,253,348,356,292,305,Nenhuma,112,103
1142,87.22,327,182,1,212,94,197,47,Nenhuma,30,93
1142,87.22,329,99,43,163,158,131,101,Expositor 1,64,114
1142,87.22,345,327,34,364,125,346,80,Nenhuma,37,91
1142,87.22,346,158,149,346,306,252,228,Expositor 1,188,157
1143,87.3,168,53,158,162,344,107,251,Expositor 1,108,185
1143,87.3,251,359,54,397,140,378,97,Nenhuma,37,85
1143,87.3,261,45,75,81,170,63,123,Nenhuma,35,95
1143,87.3,291,100,43,147,132,123,88,Nenhuma,47,88
1143,87.3,295,160,137,281,301,221,219,Expositor 1,120,163
1143,87.3,320,236,253,348,357,292,305,Nenhuma,111,103
1143,87.3,327,184,0,214,92,199,46,Nenhuma,29,91
1143,87.3,329,99,43,164,158,132,101,Expositor 1,64,115
1143,87.3,345,331,35,368,127,350,81,Nenhuma,37,91
1143,87.3,346,160,146,353,307,256,227,Expositor 1,192,160
1144,87.37,168,53,158,161,344,107,251,Expositor 1,108,185
1144,87.37,251,358,54,396,141,377,97,Nenhuma,37,86
1144,87.37,261,45,75,81,171,63,123,Nenhuma,36,96
1144,87.37,291,99,43,147,132,123,88,Nenhuma,47,88
1144,87.37,295,153,127,275,299,214,213,Expositor 1,122,172
1144,87.37,320,237,253,349,357,293,305,Nenhuma,111,103
1144,87.37,327,188,1,215,82,201,41,Nenhuma,26,80
1144,87.37,329,99,43,164,159,132,101,Expositor 1,64,115
1144,87.37,345,333,35,372,128,352,81,Nenhuma,38,92
1144,87.37,346,162,143,359,307,260,225,Expositor 1,196,163
1145,87.45,168,53,158,161,344,107,251,Expositor 1,107,186
1145,87.45,261,45,74,81,171,63,123,Nenhuma,36,96
1145,87.45,291,99,43,146,132,122,88,Nenhuma,47,89
1145,87.45,295,160,130,266,281,213,205,Expositor 1,105,151
1145,87.45,320,237,253,348,357,292,305,Nenhuma,110,103
1145,87.45,327,192,1,218,79,205,40,Nenhuma,26,78
1145,87.45,329,98,43,162,158,130,101,Expositor 1,63,114
1145,87.45,345,336,34,375,128,356,81,Nenhuma,39,93
1146,87.53,168,53,158,161,344,107,251,Expositor 1,107,186
1146,87.53,261,44,74,81,170,63,122,Nenhuma,36,96
1146,87.53,291,100,43,147,131,123,87,Nenhuma,46,87
1146,87.53,295,165,132,265,278,215,205,Expositor 1,100,146
1146,87.53,320,237,253,347,357,292,305,Nenhuma,110,103
1146,87.53,327,195,1,220,78,207,40,Nenhuma,25,76
1146,87.53,329,99,43,162,158,131,101,Expositor 1,63,114
1146,87.53,345,337,35,378,129,357,82,Nenhuma,40,94
1147,87.6,168,53,157,161,344,107,251,Expositor 1,107,186
1147,87.6,251,361,41,402,139,382,90,Nenhuma,41,97
1147,87.6,261,44,73,80,169,62,121,Nenhuma,36,95
1147,87.6,291,101,43,146,129,124,86,Nenhuma,45,85
1147,87.6,295,163,119,273,282,218,201,Expositor 1,109,163
1147,87.6,320,235,254,345,357,290,305,Nenhuma,109,102
1147,87.6,327,197,1,222,75,210,38,Nenhuma,24,74
1147,87.6,329,99,43,163,158,131,101,Expositor 1,63,114
1147,87.6,345,338,38,380,138,359,88,Nenhuma,42,99
1148,87.68,168,52,157,161,344,107,250,Expositor 1,108,186
1148,87.68,251,362,41,402,139,382,90,Nenhuma,39,97
1148,87.68,261,44,73,80,169,62,121,Nenhuma,36,95
1148,87.68,291,102,43,147,129,124,86,Nenhuma,45,85
1148,87.68,295,163,113,276,285,219,199,Expositor 1,112,172
1148,87.68,320,235,254,345,357,290,305,Nenhuma,109,102
1148,87.68,327,200,1,224,73,212,37,Nenhuma,24,71
1148,87.68,329,101,43,164,157,133,100,Expositor 1,62,113
1148,87.68,345,339,40,382,139,360,89,Nenhuma,42,99
1149,87.76,168,52,157,160,344,106,250,Expositor 1,108,186
1149,87.76,251,359,40,399,139,379,89,Nenhuma,39,98
1149,87.76,261,42,73,80,172,61,123,Nenhuma,37,98
1149,87.76,291,103,43,148,130,125,87,Nenhuma,45,86
1149,87.76,295,165,110,278,286,221,198,Expositor 1,113,176
1149,87.76,320,235,254,345,357,290,305,Nenhuma,109,102
1149,87.76,327,203,1,226,70,214,35,Nenhuma,23,69
1149,87.76,329,103,43,165,157,134,100,Expositor 1,61,113
1149,87.76,345,345,40,389,140,367,90,Nenhuma,43,99
1150,87.83,168,52,156,160,344,106,250,Expositor 1,108,187
1150,87.83,251,358,39,398,139,378,89,Nenhuma,39,99
1150,87.83,261,41,73,78,170,59,122,Nenhuma,37,96
1150,87.83,291,102,43,147,130,125,86,Nenhuma,44,86
1150,87.83,295,167,108,279,286,223,197,Expositor 1,112,177
1150,87.83,320,235,255,345,357,290,306,Nenhuma,109,101
1150,87.83,329,102,43,164,157,133,100,Expositor 1,61,113
1150,87.83,345,350,43,393,140,372,91,Nenhuma,43,97
1151,87.91,168,52,156,160,343,106,249,Expositor 1,108,187
1151,87.91,251,358,38,398,139,378,88,Nenhuma,40,100
1151,87.91,261,37,73,74,166,56,119,Nenhuma,37,93
1151,87.91,291,103,43,147,127,125,85,Nenhuma,44,83
1151,87.91,295,167,106,281,289,224,198,Expositor 1,113,182
1151,87.91,320,235,255,345,357,290,306,Nenhuma,110,101
1151,87.91,329,103,43,164,157,134,100,Expositor 1,61,113
1151,87.91,345,353,44,396,140,375,92,Nenhuma,42,96
1152,87.99,168,51,155,160,343,106,249,Expositor 1,108,187
1152,87.99,251,357,37,398,139,377,88,Nenhuma,40,102
1152,87.99,261,35,72,71,164,53,118,Nenhuma,36,91
1152,87.99,291,104,44,147,126,126,85,Nenhuma,43,81
1152,87.99,295,168,105,282,290,225,197,Expositor 1,114,185
1152,87.99,320,235,255,345,357,290,306,Nenhuma,109,101
1152,87.99,329,103,43,165,157,134,100,Expositor 1,61,113
1152,87.99,345,356,45,398,140,377,93,Nenhuma,42,95
1153,88.06,168,51,154,160,343,105,248,Expositor 1,109,188
1153,88.06,261,34,72,70,163,52,118,Nenhuma,35,90
1153,88.06,291,105,44,149,125,127,84,Nenhuma,43,81
1153,88.06,295,168,102,283,292,225,197,Expositor 1,114,189
1153,88.06,320,235,255,345,357,290,306,Nenhuma,109,101
1153,88.06,329,101,43,162,157,131,100,Expositor 1,61,113
1153,88.06,345,357,45,400,140,378,93,Nenhuma,42,95
1154,88.14,168,51,153,160,342,105,247,Expositor 1,109,188
1154,88.14,261,33,72,69,162,51,117,Nenhuma,35,89
1154,88.14,291,106,44,150,124,128,84,Nenhuma,44,80
1154,88.14,295,169,101,283,292,226,196,Expositor 1,114,191
1154,88.14,320,235,256,345,357,290,306,Nenhuma,109,100
1154,88.14,329,101,43,162,156,131,100,Expositor 1,61,113
1154,88.14,345,359,47,401,140,380,94,Nenhuma,41,93
1155,88.22,168,51,152,160,342,105,247,Expositor 1,109,189
1155,88.22,261,32,71,69,162,51,117,Nenhuma,36,91
1155,88.22,291,106,44,151,126,129,85,Nenhuma,45,82
1155,88.22,295,169,97,285,292,227,195,Expositor 1,116,194
1155,88.22,320,235,256,345,357,290,306,Nenhuma,109,100
1155,88.22,329,101,43,162,156,131,100,Expositor 1,61,113
1155,88.22,345,363,49,405,140,384,95,Nenhuma,41,91
1156,88.29,168,50,152,160,341,105,246,Expositor 1,109,189
1156,88.29,261,32,71,69,161,51,116,Nenhuma,36,90
1156,88.29,291,106,43,152,126,129,84,Nenhuma,46,83
1156,88.29,295,169,94,287,292,228,193,Expositor 1,118,198
1156,88.29,320,235,256,344,357,290,306,Nenhuma,109,100
1156,88.29,329,101,43,162,156,132,100,Expositor 1,61,113
1156,88.29,345,367,50,409,139,388,95,Nenhuma,41,88
1157,88.37,168,50,151,160,341,105,246,Expositor 1,110,189
1157,88.37,251,354,47,384,121,369,84,Nenhuma,29,74
1157,88.37,261,32,70,69,162,51,116,Nenhuma,36,92
1157,88.37,291,105,43,154,129,129,86,Nenhuma,48,86
1157,88.37,295,168,91,289,293,228,192,Expositor 1,120,201
1157,88.37,320,234,255,345,357,289,306,Nenhuma,110,101
1157,88.37,345,373,52,415,138,394,95,Nenhuma,41,86
1158,88.44,168,50,150,161,342,106,246,Expositor 1,110,191
1158,88.44,251,354,47,383,120,368,84,Nenhuma,29,72
1158,88.44,261,31,69,68,161,50,115,Nenhuma,36,91
1158,88.44,291,105,42,154,129,130,86,Nenhuma,49,87
1158,88.44,320,234,255,345,357,289,306,Nenhuma,110,101
1158,88.44,345,381,53,421,135,401,94,Nenhuma,40,82
1159,88.52,168,51,150,161,340,106,245,Expositor 1,109,189
1159,88.52,251,354,47,384,120,369,84,Nenhuma,29,72
1159,88.52,261,31,69,68,161,49,115,Nenhuma,37,91
1159,88.52,291,105,42,155,129,130,86,Nenhuma,49,87
1159,88.52,320,235,255,345,356,290,305,Nenhuma,110,101
1159,88.52,329,102,42,161,156,132,99,Nenhuma,59,113
1159,88.52,345,387,55,427,136,407,95,Nenhuma,39,81
1159,88.52,354,49,150,142,284,96,217,Nenhuma,93,133
1160,88.6,168,51,150,161,338,106,244,Expositor 1,109,188
1160,88.6,251,354,48,384,119,369,83,Nenhuma,29,71
1160,88.6,261,30,69,68,161,49,115,Nenhuma,37,91
1160,88.6,291,106,41,155,130,130,85,Nenhuma,49,88
1160,88.6,295,206,86,282,212,244,149,Expositor 1,75,125
1160,88.6,320,234,255,345,356,290,305,Nenhuma,110,101
1160,88.6,329,101,41,161,157,131,99,Nenhuma,59,116
1160,88.6,345,391,57,431,137,411,97,Nenhuma,40,79
1160,88.6,354,48,149,142,285,95,217,Nenhuma,94,135
1161,88.67,168,51,149,161,338,106,243,Expositor 1,109,188
1161,88.67,251,354,48,385,120,370,84,Nenhuma,30,72
1161,88.67,261,30,69,69,161,50,115,Nenhuma,38,91
1161,88.67,291,106,41,156,130,131,85,Nenhuma,49,88
1161,88.67,295,211,87,281,201,246,144,Expositor 1,69,114
1161,88.67,320,234,254,346,356,290,305,Nenhuma,111,101
1161,88.67,329,101,41,161,159,131,100,Expositor 1,59,118
1161,88.67,345,393,59,434,138,413,98,Nenhuma,40,79
1161,88.67,354,48,149,143,285,95,217,Nenhuma,94,136
1162,88.75,168,52,149,162,337,107,243,Expositor 1,109,188
1162,88.75,251,355,48,385,120,370,84,Nenhuma,30,71
1162,88.75,261,30,69,69,161,49,115,Nenhuma,38,91
1162,88.75,295,214,86,282,197,248,142,Expositor 1,68,111
1162,88.75,320,234,253,346,356,290,304,Nenhuma,112,102
1162,88.75,329,103,39,162,159,133,99,Nenhuma,59,120
1162,88.75,345,396,58,439,140,417,99,Nenhuma,43,82
1162,88.75,354,49,148,145,286,97,217,Nenhuma,95,138
1163,88.83,168,56,148,164,334,110,241,Expositor 1,108,185
1163,88.83,251,355,48,386,120,370,84,Nenhuma,30,71
1163,88.83,261,29,69,68,162,49,116,Nenhuma,39,92
1163,88.83,295,218,86,285,195,251,140,Expositor 1,67,109
1163,88.83,312,392,57,455,182,423,120,Expositor 2,62,124
1163,88.83,320,233,253,345,355,289,304,Nenhuma,112,102
1163,88.83,321,101,50,130,123,116,87,Nenhuma,28,73
1163,88.83,329,107,39,165,160,136,99,Nenhuma,58,121
1163,88.83,345,400,58,445,143,422,101,Expositor 2,45,85
1163,88.83,354,50,147,146,287,98,217,Nenhuma,96,140
1164,88.9,168,61,148,168,330,114,239,Expositor 1,107,181
1164,88.9,251,354,49,386,123,370,86,Nenhuma,31,74
1164,88.9,261,28,70,69,167,48,118,Nenhuma,40,96
1164,88.9,295,224,84,291,192,257,138,Expositor 1,67,107
1164,88.9,312,396,59,459,188,428,124,Expositor 2,62,129
1164,88.9,320,233,253,345,355,289,304,Nenhuma,112,102
1164,88.9,321,95,52,124,125,109,88,Nenhuma,28,72
1164,88.9,329,108,39,165,161,137,100,Expositor 1,56,121
1164,88.9,345,404,59,449,144,427,101,Expositor 2,45,84
1164,88.9,354,52,147,146,285,99,216,Nenhuma,94,138
1165,88.98,168,64,147,172,327,118,237,Expositor 1,107,180
1165,88.98,251,354,49,386,123,370,86,Nenhuma,32,74
1165,88.98,261,27,70,69,172,48,121,Nenhuma,42,102
1165,88.98,295,226,83,296,192,261,137,Expositor 1,69,109
1165,88.98,312,400,60,463,194,432,127,Expositor 2,62,133
1165,88.98,320,233,253,345,355,289,304,Nenhuma,112,102
1165,88.98,321,100,50,128,124,114,87,Nenhuma,28,73
1165,88.98,329,110,39,166,161,138,100,Expositor 1,55,121
1165,88.98,345,408,60,453,145,431,102,Expositor 2,44,84
1165,88.98,354,54,145,148,284,101,215,Expositor 1,94,139
1166,89.06,168,66,146,175,326,121,236,Expositor 1,108,179
1166,89.06,251,354,49,385,122,369,85,Nenhuma,31,73
1166,89.06,261,27,70,70,173,48,122,Nenhuma,42,103
1166,89.06,295,227,81,299,192,263,136,Expositor 1,72,111
1166,89.06,312,403,62,465,198,434,130,Expositor 2,61,136
1166,89.06,320,233,253,345,355,289,304,Nenhuma,112,102
1166,89.06,321,100,50,128,125,114,87,Nenhuma,28,74
1166,89.06,329,112,38,166,159,139,99,Nenhuma,54,121
1166,89.06,345,412,61,457,146,435,103,Expositor 2,44,84
1166,89.06,354,56,146,150,285,103,215,Expositor 1,93,139
1167,89.13,168,67,146,178,328,122,237,Expositor 1,111,182
1167,89.13,251,353,49,384,121,369,85,Nenhuma,31,72
1167,89.13,261,27,70,70,173,49,122,Nenhuma,42,102
1167,89.13,295,227,79,302,193,265,136,Expositor 1,75,113
1167,89.13,312,405,64,465,202,435,133,Expositor 2,60,138
1167,89.13,321,100,49,129,124,115,87,Nenhuma,28,74
1167,89.13,329,115,38,168,159,142,98,Nenhuma,52,121
1167,89.13,354,57,145,151,286,104,215,Expositor 1,94,140
1168,89.21,168,67,144,180,327,123,236,Expositor 1,112,183
1168,89.21,251,352,48,383,121,367,84,Nenhuma,31,72
1168,89.21,261,27,70,70,173,49,121,Nenhuma,42,103
1168,89.21,295,228,76,305,191,266,134,Expositor 1,77,114
1168,89.21,312,407,66,466,205,436,135,Expositor 2,58,138
1168,89.21,321,102,50,130,124,116,87,Nenhuma,28,74
1168,89.21,329,119,36,170,157,145,96,Nenhuma,51,120
1168,89.21,354,57,145,152,286,105,215,Expositor 1,94,141
1169,89.28,168,67,144,181,328,124,236,Expositor 1,113,183
1169,89.28,251,350,48,381,120,365,84,Nenhuma,31,72
1169,89.28,261,28,70,70,172,49,121,Nenhuma,42,102
1169,89.28,295,229,76,306,189,268,132,Expositor 1,77,113
1169,89.28,312,414,68,472,206,443,137,Expositor 2,58,137
1169,89.28,320,232,255,343,356,288,306,Nenhuma,111,101
1169,89.28,321,100,50,129,123,114,86,Nenhuma,28,73
1169,89.28,329,120,36,171,156,146,96,Nenhuma,50,120
1169,89.28,354,58,144,153,286,106,215,Expositor 1,95,142
1170,89.36,168,67,144,182,330,125,237,Expositor 1,114,185
1170,89.36,251,348,48,379,120,364,84,Nenhuma,31,72
1170,89.36,261,28,70,70,173,49,121,Nenhuma,42,102
1170,89.36,295,230,74,308,189,269,131,Expositor 1,78,114
1170,89.36,312,418,70,477,206,447,138,Expositor 2,58,136
1170,89.36,320,232,256,342,356,287,306,Nenhuma,110,100
1170,89.36,321,101,50,130,123,115,87,Nenhuma,28,73
1170,89.36,329,121,35,171,156,146,95,Nenhuma,50,120
1171,89.44,168,71,142,186,330,128,236,Expositor 1,114,187
1171,89.44,251,345,46,377,119,361,82,Nenhuma,32,73
1171,89.44,261,28,70,71,173,50,121,Nenhuma,42,102
1171,89.44,295,231,73,310,188,270,130,Expositor 1,79,114
1171,89.44,312,423,71,482,206,452,139,Expositor 2,58,134
1171,89.44,320,229,255,340,357,285,306,Nenhuma,111,101
1171,89.44,321,101,50,131,124,116,87,Nenhuma,30,74
1171,89.44,329,122,34,172,155,147,94,Nenhuma,50,121
1172,89.51,168,73,141,187,330,130,236,Expositor 1,114,188
1172,89.51,251,340,46,373,119,357,82,Nenhuma,32,72
1172,89.51,261,29,70,71,173,50,121,Nenhuma,42,102
1172,89.51,295,231,72,311,187,271,129,Expositor 1,79,115
1172,89.51,312,424,74,482,206,453,140,Expositor 2,58,132
1172,89.51,320,226,259,335,357,281,308,Nenhuma,108,97
1172,89.51,321,101,50,132,125,116,87,Nenhuma,30,74
1172,89.51,329,125,32,174,154,150,93,Nenhuma,49,122
1173,89.59,168,75,142,188,331,132,237,Expositor 1,113,188
1173,89.59,251,338,46,372,120,355,83,Nenhuma,33,73
1173,89.59,261,30,70,74,174,52,122,Nenhuma,43,104
1173,89.59,295,232,70,312,187,272,128,Expositor 1,80,116
1173,89.59,312,424,75,482,207,453,141,Expositor 2,57,131
1173,89.59,320,226,262,333,357,279,310,Nenhuma,107,95
1173,89.59,321,101,50,133,125,117,88,Nenhuma,31,75
1173,89.59,329,127,31,175,154,151,92,Nenhuma,48,122
1174,89.67,168,77,142,189,331,133,236,Expositor 1,111,188
1174,89.67,251,336,46,373,123,355,85,Nenhuma,36,77
1174,89.67,261,32,70,76,174,54,122,Nenhuma,44,103
1174,89.67,295,231,68,313,187,272,128,Expositor 1,81,118
1174,89.67,312,428,75,487,207,458,141,Expositor 2,58,131
1174,89.67,320,228,264,331,357,279,311,Nenhuma,103,92
1174,89.67,321,101,49,133,124,117,87,Nenhuma,32,75
1174,89.67,329,128,30,175,153,152,92,Nenhuma,47,122
1175,89.74,168,78,141,189,331,134,236,Expositor 1,110,189
1175,89.74,251,335,46,372,124,354,85,Nenhuma,36,78
1175,89.74,261,35,70,80,173,58,122,Nenhuma,44,102
1175,89.74,295,230,67,312,188,271,127,Expositor 1,82,120
1175,89.74,312,431,77,489,205,460,141,Expositor 2,57,127
1175,89.74,320,225,268,326,357,275,312,Nenhuma,100,89
1175,89.74,321,101,49,134,125,117,87,Nenhuma,32,75
1175,89.74,329,130,30,176,152,153,91,Nenhuma,46,122
1176,89.82,168,79,141,189,332,134,237,Expositor 1,109,190
1176,89.82,251,334,45,371,124,352,85,Nenhuma,37,78
1176,89.82,261,36,70,81,173,59,122,Nenhuma,45,102
1176,89.82,295,230,66,311,186,271,126,Expositor 1,81,120
1176,89.82,312,433,80,491,207,462,144,Expositor 2,58,126
1176,89.82,320,223,270,322,357,273,313,Nenhuma,98,86
1176,89.82,321,100,49,134,125,117,87,Nenhuma,33,75
1176,89.82,329,130,29,175,151,153,90,Nenhuma,45,122
1177,89.9,168,80,140,189,332,135,236,Expositor 1,109,192
1177,89.9,251,332,45,370,124,351,85,Nenhuma,37,78
1177,89.9,261,35,70,82,173,59,122,Nenhuma,46,102
1177,89.9,295,230,65,310,186,270,126,Expositor 1,80,120
1177,89.9,312,435,81,495,210,465,145,Expositor 2,60,128
1177,89.9,320,223,273,320,357,271,315,Nenhuma,97,83
1177,89.9,321,100,49,134,125,117,87,Nenhuma,34,76
1177,89.9,329,131,29,175,150,153,89,Nenhuma,43,121
1178,89.97,168,81,140,189,332,135,236,Expositor 1,107,192
1178,89.97,261,36,70,83,174,60,122,Nenhuma,47,103
1178,89.97,295,228,67,305,185,267,126,Expositor 1,76,117
1178,89.97,312,435,81,497,212,466,147,Expositor 2,62,131
1178,89.97,320,219,274,317,357,268,316,Nenhuma,97,83
1178,89.97,321,100,48,135,125,117,87,Nenhuma,34,77
1178,89.97,329,132,28,174,148,153,88,Nenhuma,42,119
1178,89.97,361,139,0,169,55,154,28,Nenhuma,30,54
1179,90.05,168,82,140,188,332,135,236,Expositor 1,106,192
1179,90.05,261,36,71,84,175,60,123,Nenhuma,47,104
1179,90.05,295,225,64,302,185,263,125,Expositor 1,77,120
1179,90.05,312,436,82,501,216,469,149,Expositor 2,64,134
1179,90.05,320,216,273,316,358,266,315,Nenhuma,99,84
1179,90.05,321,99,48,135,126,117,87,Nenhuma,35,77
1179,90.05,329,132,28,174,147,153,88,Nenhuma,42,119
1179,90.05,361,139,0,169,55,154,28,Nenhuma,30,54
1180,90.12,168,82,138,188,333,135,236,Expositor 1,106,195
1180,90.12,261,37,70,87,176,62,123,Nenhuma,49,105
1180,90.12,295,220,63,297,184,258,123,Expositor 1,76,121
1180,90.12,312,434,84,499,220,466,152,Expositor 2,64,135
1180,90.12,320,210,271,314,358,262,314,Nenhuma,103,86
1180,90.12,321,99,48,135,126,117,87,Nenhuma,35,77
1180,90.12,329,132,27,174,147,153,87,Nenhuma,41,119
1180,90.12,361,139,1,169,55,154,28,Nenhuma,30,54
1181,90.2,168,82,137,188,334,135,236,Expositor 1,106,196
1181,90.2,261,37,70,87,176,62,123,Nenhuma,50,106
1181,90.2,295,216,59,292,185,254,122,Expositor 1,76,125
1181,90.2,312,438,85,505,222,471,154,Expositor 2,67,137
1181,90.2,320,206,269,312,357,259,313,Nenhuma,105,88
1181,90.2,321,100,48,135,125,117,87,Nenhuma,35,76
1181,90.2,329,132,26,173,147,153,86,Nenhuma,41,120
1181,90.2,361,139,1,169,55,154,28,Nenhuma,30,54
1182,90.28,168,81,135,188,334,135,234,Expositor 1,106,199
1182,90.28,261,36,70,85,176,60,123,Nenhuma,49,105
1182,90.28,295,209,58,285,184,247,121,Expositor 1,76,126
1182,90.28,312,442,85,511,223,476,154,Expositor 2,68,137
1182,90.28,320,196,261,310,357,253,309,Nenhuma,113,95
1182,90.28,321,100,49,135,125,117,87,Nenhuma,35,76
1182,90.28,329,132,25,173,146,152,86,Nenhuma,40,120
1183,90.35,168,82,135,187,332,134,233,Expositor 1,104,196
1183,90.35,261,36,70,85,176,60,123,Nenhuma,49,105
1183,90.35,295,204,53,282,185,243,119,Expositor 1,78,132
1183,90.35,312,445,84,515,222,480,153,Expositor 2,70,138
1183,90.35,320,189,255,308,357,248,306,Nenhuma,118,101
1183,90.35,321,100,49,135,125,118,87,Nenhuma,35,76
1183,90.35,329,130,19,173,146,152,82,Nenhuma,42,127
1184,90.43,168,83,136,185,330,134,233,Expositor 1,101,193
1184,90.43,261,35,70,84,176,60,123,Nenhuma,49,105
1184,90.43,295,200,50,279,187,240,118,Expositor 1,79,136
1184,90.43,312,448,86,518,222,483,154,Expositor 2,70,135
1184,90.43,320,181,249,303,357,242,303,Nenhuma,122,107
1184,90.43,321,100,49,135,125,117,87,Nenhuma,35,76
1184,90.43,329,129,11,173,146,151,79,Nenhuma,44,135
1185,90.51,168,83,138,184,328,134,233,Expositor 1,100,190
1185,90.51,261,35,71,85,176,60,123,Nenhuma,49,105
1185,90.51,295,197,48,277,190,237,119,Expositor 1,80,141
1185,90.51,312,453,87,523,220,488,154,Expositor 2,70,132
1185,90.51,320,178,244,303,356,240,300,Expositor 1,125,112
1185,90.51,321,100,49,135,124,117,87,Nenhuma,34,74
1185,90.51,329,127,9,172,146,150,77,Nenhuma,44,136
1186,90.58,168,83,138,182,327,132,232,Expositor 1,99,188
1186,90.58,261,35,71,86,177,61,124,Nenhuma,50,106
1186,90.58,295,194,48,274,191,234,120,Expositor 1,79,142
1186,90.58,312,459,90,529,222,494,156,Expositor 2,70,131
1186,90.58,320,176,241,303,356,240,299,Expositor 1,127,115
1186,90.58,321,100,49,135,124,118,86,Nenhuma,34,74
1186,90.58,329,127,11,171,146,149,78,Nenhuma,44,135
1187,90.66,168,80,138,180,326,130,232,Expositor 1,99,188
1187,90.66,261,35,71,86,176,60,123,Nenhuma,50,105
1187,90.66,291,122,31,171,128,146,79,Nenhuma,49,96
1187,90.66,295,192,48,270,189,231,118,Expositor 1,77,140
1187,90.66,312,463,93,536,229,499,161,Expositor 2,72,135
1187,90.66,320,170,238,296,355,233,297,Expositor 1,125,117
1187,90.66,321,100,49,135,124,118,87,Nenhuma,35,74
1187,90.66,329,127,9,172,146,149,77,Nenhuma,44,136
1188,90.74,168,76,138,176,327,126,233,Expositor 1,100,188
1188,90.74,251,307,33,332,83,320,58,Nenhuma,25,50
1188,90.74,261,35,71,86,176,60,123,Nenhuma,51,105
1188,90.74,291,122,30,174,139,148,84,Nenhuma,51,108
1188,90.74,295,190,49,266,189,228,119,Expositor 1,76,140
1188,90.74,312,464,96,538,236,501,166,Expositor 2,74,139
1188,90.74,320,169,237,292,355,230,296,Expositor 1,122,117
1188,90.74,321,100,49,135,124,118,87,Nenhuma,34,74
1188,90.74,329,127,7,172,145,149,76,Nenhuma,44,137
1189,90.81,168,73,139,173,327,123,233,Expositor 1,100,188
1189,90.81,251,305,32,330,81,318,56,Nenhuma,24,49
1189,90.81,261,34,71,85,176,59,123,Nenhuma,51,105
1189,90.81,291,122,30,173,142,147,86,Nenhuma,50,111
1189,90.81,295,188,50,263,189,225,119,Expositor 1,74,139
1189,90.81,312,465,98,539,238,502,168,Expositor 2,74,140
1189,90.81,320,170,237,289,355,230,296,Expositor 1,119,117
1189,90.81,321,100,50,135,124,117,87,Nenhuma,34,74
1189,90.81,329,127,6,172,145,149,75,Nenhuma,45,138
1190,90.89,168,69,139,170,327,119,233,Expositor 1,100,187
1190,90.89,251,303,31,327,79,315,55,Nenhuma,23,47
1190,90.89,261,33,71,84,175,59,123,Nenhuma,51,104
1190,90.89,291,123,30,172,143,147,87,Nenhuma,48,113
1190,90.89,295,186,47,260,189,223,118,Expositor 1,73,141
1190,90.89,312,466,101,540,243,503,172,Expositor 2,74,141
1190,90.89,320,170,238,287,355,228,297,Expositor 1,116,116
1190,90.89,321,100,49,135,124,117,86,Nenhuma,35,74
1191,90.96,168,66,135,171,330,118,233,Expositor 1,104,194
1191,90.96,251,302,30,324,76,313,53,Nenhuma,22,46
1191,90.96,261,32,71,85,177,59,124,Nenhuma,52,106
1191,90.96,291,123,30,170,143,147,87,Nenhuma,46,112
1191,90.96,295,186,49,256,187,221,118,Expositor 1,70,138
1191,90.96,312,467,103,542,245,504,174,Expositor 2,75,142
1191,90.96,320,173,240,286,355,229,298,Expositor 1,112,114
1191,90.96,321,100,49,135,123,117,86,Nenhuma,34,73
1192,91.04,168,64,135,169,330,116,233,Expositor 1,104,195
1192,91.04,261,32,71,85,178,59,124,Nenhuma,53,107
1192,91.04,291,124,30,169,142,146,86,Nenhuma,45,112
1192,91.04,295,184,46,254,185,219,115,Expositor 1,69,138
1192,91.04,312,470,106,544,247,507,177,Expositor 2,73,140
1192,91.04,320,177,244,288,356,232,300,Expositor 1,111,112
1192,91.04,321,100,49,135,123,117,86,Nenhuma,35,73
1193,91.12,168,62,138,166,330,114,234,Expositor 1,103,191
1193,91.12,261,33,71,85,174,59,122,Nenhuma,52,103
1193,91.12,291,124,30,168,141,146,86,Nenhuma,43,111
1193,91.12,295,183,45,251,182,217,114,Expositor 1,67,137
1193,91.12,312,474,110,547,248,511,179,Expositor 2,73,137
1193,91.12,320,178,247,289,356,234,302,Nenhuma,110,109
1193,91.12,321,100,49,135,122,118,86,Nenhuma,35,73
1194,91.19,168,59,140,162,328,111,234,Expositor 1,103,188
1194,91.19,261,32,71,81,166,57,119,Nenhuma,48,95
1194,91.19,291,124,29,167,140,146,85,Nenhuma,43,111
1194,91.19,295,186,54,245,174,215,114,Expositor 1,59,120
1194,91.19,312,481,112,554,248,518,180,Expositor 2,72,136
1194,91.19,320,178,249,289,357,234,303,Nenhuma,111,107
1194,91.19,321,101,49,136,122,118,85,Nenhuma,35,73
1195,91.27,168,56,140,159,327,107,234,Expositor 1,103,187
1195,91.27,261,33,71,80,162,56,116,Nenhuma,47,91
1195,91.27,291,124,28,166,140,145,84,Nenhuma,42,112
1195,91.27,295,184,54,242,173,213,113,Expositor 1,58,118
1195,91.27,312,488,114,559,247,523,181,Expositor 2,71,132
1195,91.27,320,178,252,289,357,233,304,Nenhuma,110,104
1195,91.27,321,101,49,136,122,119,85,Nenhuma,34,73
1196,91.35,168,56,141,160,327,108,234,Expositor 1,104,185
1196,91.35,261,33,71,79,160,56,116,Nenhuma,46,88
1196,91.35,291,124,27,166,142,145,84,Nenhuma,42,114
1196,91.35,295,182,53,238,167,210,110,Expositor 1,56,114
1196,91.35,312,492,116,562,247,527,182,Expositor 2,70,130
1196,91.35,320,180,255,289,357,235,306,Nenhuma,109,101
1196,91.35,321,102,48,136,122,119,85,Nenhuma,34,73
1197,91.42,168,56,142,161,326,108,234,Expositor 1,105,184
1197,91.42,261,35,79,78,161,56,120,Nenhuma,43,81
1197,91.42,291,123,23,167,140,145,82,Nenhuma,43,117
1197,91.42,295,179,46,235,163,207,104,Expositor 1,56,116
1197,91.42,312,493,117,564,248,529,182,Expositor 2,71,131
1197,91.42,320,183,256,292,357,237,306,Nenhuma,109,100
1197,91.42,321,102,48,136,122,119,85,Nenhuma,34,73
1198,91.5,168,55,142,162,326,108,234,Expositor 1,106,183
1198,91.5,261,33,75,79,160,56,117,Nenhuma,45,85
1198,91.5,291,123,18,166,139,145,79,Nenhuma,43,121
1198,91.5,295,176,41,232,160,204,100,Expositor 1,56,119
1198,91.5,312,494,119,566,252,530,186,Expositor 2,72,133
1198,91.5,320,188,256,298,357,243,306,Nenhuma,109,100
1198,91.5,321,101,48,136,122,119,85,Nenhuma,34,74
1199,91.58,168,54,143,162,326,108,234,Expositor 1,107,183
1199,91.58,261,31,73,76,160,53,117,Nenhuma,45,86
1199,91.58,291,124,21,165,138,144,79,Nenhuma,41,116
1199,91.58,295,172,38,228,157,200,97,Nenhuma,56,118
1199,91.58,312,493,122,568,260,531,191,Expositor 2,74,137
1199,91.58,320,200,259,306,357,253,308,Nenhuma,106,97
1199,91.58,321,101,48,136,123,119,86,Nenhuma,34,74
1200,91.65,168,54,142,163,326,108,234,Expositor 1,109,183
1200,91.65,261,31,72,74,155,52,114,Nenhuma,43,83
1200,91.65,291,125,25,164,138,144,81,Nenhuma,38,112
1200,91.65,295,167,36,222,152,195,94,Nenhuma,55,115
1200,91.65,312,495,126,570,264,532,195,Expositor 2,74,137
1200,91.65,320,214,260,321,357,268,308,Nenhuma,106,97
1200,91.65,321,100,48,136,125,118,87,Nenhuma,35,76
1201,91.73,168,53,142,164,326,108,234,Expositor 1,110,184
1201,91.73,261,31,72,73,154,52,113,Nenhuma,42,81
1201,91.73,291,125,27,163,138,144,82,Nenhuma,37,110
1201,91.73,295,165,35,219,149,192,92,Nenhuma,54,114
1201,91.73,312,496,129,572,267,534,198,Expositor 2,75,138
1201,91.73,320,225,261,330,357,278,309,Nenhuma,104,95
1201,91.73,321,100,48,135,125,118,87,Nenhuma,35,76
1202,91.8,168,53,142,164,326,109,234,Expositor 1,111,184
1202,91.8,261,30,71,73,154,51,112,Nenhuma,42,82
1202,91.8,291,125,27,162,138,144,82,Nenhuma,36,110
1202,91.8,295,164,35,218,148,191,91,Nenhuma,53,113
1202,91.8,312,497,129,573,268,535,199,Expositor 2,76,138
1202,91.8,320,231,262,336,357,284,309,Nenhuma,104,95
1202,91.8,321,100,48,135,126,118,87,Nenhuma,35,77
1203,91.88,168,54,141,166,326,110,234,Expositor 1,112,185
1203,91.88,261,29,71,74,158,52,114,Nenhuma,45,87
1203,91.88,291,126,27,162,137,144,82,Nenhuma,36,110
1203,91.88,295,164,34,217,145,190,90,Nenhuma,52,111
1203,91.88,312,501,133,576,266,539,199,Expositor 2,74,132
1203,91.88,320,240,261,345,357,292,309,Nenhuma,105,95
1203,91.88,321,99,48,136,126,117,87,Nenhuma,36,77
1204,91.96,168,60,141,174,326,117,233,Expositor 1,113,185
1204,91.96,261,27,70,76,169,52,119,Nenhuma,49,98
1204,91.96,291,126,27,162,137,144,82,Nenhuma,35,109
1204,91.96,295,163,32,215,142,189,87,Nenhuma,51,110
1204,91.96,312,505,136,580,266,542,201,Expositor 2,74,130
1204,91.96,320,252,260,358,357,305,308,Nenhuma,106,97
1204,91.96,321,99,48,136,127,117,88,Nenhuma,36,78
1205,92.03,168,65,137,181,325,123,231,Expositor 1,116,188
1205,92.03,261,27,70,78,173,52,121,Nenhuma,50,102
1205,92.03,291,126,28,162,137,144,83,Nenhuma,35,109
1205,92.03,295,164,30,214,139,189,85,Nenhuma,50,108
1205,92.03,312,509,137,582,263,545,200,Expositor 2,72,125
1205,92.03,320,258,260,364,357,311,309,Nenhuma,106,97
1205,92.03,321,99,48,136,127,117,88,Nenhuma,36,78
1206,92.11,168,68,136,187,326,128,231,Expositor 1,118,190
1206,92.11,261,27,70,80,178,54,124,Nenhuma,53,107
1206,92.11,291,127,28,162,138,144,83,Nenhuma,34,109
1206,92.11,295,164,29,213,136,188,82,Nenhuma,48,107
1206,92.11,312,511,138,583,262,547,200,Expositor 2,72,124
1206,92.11,320,267,255,377,357,322,306,Nenhuma,110,102
1206,92.11,321,99,48,136,128,117,88,Nenhuma,36,79
1207,92.19,168,72,136,191,326,132,231,Expositor 1,118,190
1207,92.19,261,28,70,80,176,54,123,Nenhuma,51,105
1207,92.19,291,127,28,162,139,144,83,Nenhuma,34,111
1207,92.19,295,164,27,212,134,188,81,Nenhuma,48,106
1207,92.19,312,511,138,584,263,547,201,Expositor 2,73,125
1207,92.19,320,271,251,384,358,327,304,Nenhuma,113,106
1207,92.19,321,99,48,136,128,117,88,Nenhuma,36,79
1208,92.26,168,76,133,196,326,136,230,Expositor 1,119,193
1208,92.26,261,26,70,86,194,56,132,Nenhuma,59,123
1208,92.26,291,126,28,161,140,144,84,Nenhuma,35,112
1208,92.26,295,164,27,211,133,188,80,Nenhuma,47,105
1208,92.26,312,510,138,585,265,548,201,Expositor 2,75,127
1208,92.26,320,276,246,392,358,334,302,Nenhuma,115,111
1208,92.26,321,100,49,135,127,117,88,Nenhuma,35,77
1209,92.34,168,79,128,199,324,139,226,Expositor 1,119,196
1209,92.34,261,28,71,81,181,55,126,Nenhuma,53,110
1209,92.34,291,126,28,161,140,143,84,Nenhuma,34,112
1209,92.34,295,163,26,212,135,188,81,Nenhuma,48,108
1209,92.34,312,510,137,586,265,548,201,Expositor 2,76,127
1209,92.34,320,280,242,397,357,339,300,Nenhuma,117,114
1209,92.34,321,99,49,135,126,117,88,Nenhuma,35,76
1210,92.42,168,85,125,202,320,143,222,Expositor 1,117,195
1210,92.42,261,28,71,81,183,55,127,Nenhuma,53,111
1210,92.42,291,125,28,160,139,143,84,Nenhuma,34,110
1210,92.42,295,163,26,211,135,187,80,Nenhuma,48,108
1210,92.42,312,508,136,585,266,547,201,Expositor 2,77,129
1210,92.42,320,288,234,410,357,349,295,Nenhuma,121,122
1210,92.42,321,99,49,134,125,117,87,Nenhuma,35,76
1211,92.49,168,89,123,203,318,146,220,Expositor 1,114,194
1211,92.49,261,29,71,91,203,60,137,Nenhuma,62,131
1211,92.49,291,125,28,159,138,142,83,Nenhuma,33,109
1211,92.49,295,163,27,210,133,187,80,Nenhuma,46,106
1211,92.49,312,508,135,585,266,546,201,Expositor 2,77,130
1211,92.49,320,291,230,414,357,353,293,Nenhuma,123,126
1211,92.49,321,99,49,134,124,117,87,Nenhuma,34,74
1212,92.57,168,95,117,207,313,151,215,Expositor 1,112,195
1212,92.57,261,31,71,96,206,64,139,Nenhuma,64,134
1212,92.57,291,126,28,158,130,142,79,Nenhuma,31,101
1212,92.57,295,162,28,208,133,185,80,Nenhuma,46,105
1212,92.57,312,507,134,585,266,546,200,Expositor 2,78,131
1212,92.57,320,296,225,421,357,359,291,Nenhuma,125,131
1212,92.57,321,99,47,134,124,116,86,Nenhuma,34,76
1213,92.64,168,100,115,210,311,155,213,Expositor 1,110,196
1213,92.64,261,31,72,83,181,57,127,Nenhuma,52,109
1213,92.64,291,125,28,155,124,140,76,Nenhuma,30,95
1213,92.64,295,161,27,206,129,183,78,Nenhuma,44,102
1213,92.64,312,507,134,585,265,546,200,Expositor 2,78,131
1213,92.64,320,303,220,430,356,366,288,Nenhuma,126,135
1213,92.64,321,99,48,133,122,116,85,Nenhuma,33,74
1214,92.72,168,105,113,215,312,160,213,Expositor 1,109,199
1214,92.72,261,30,72,77,173,53,123,Nenhuma,47,100
1214,92.72,291,124,28,154,119,139,73,Nenhuma,29,91
1214,92.72,295,159,26,203,126,181,76,Nenhuma,43,99
1214,92.72,312,507,133,585,266,546,199,Expositor 2,78,132
1214,92.72,320,307,215,436,356,371,286,Nenhuma,128,141
1214,92.72,321,99,48,133,122,116,85,Nenhuma,33,73
1215,92.8,168,111,111,218,311,165,211,Expositor 1,107,200
1215,92.8,261,30,72,76,171,53,122,Nenhuma,45,98
1215,92.8,291,124,28,154,118,139,73,Nenhuma,29,90
1215,92.8,295,158,28,200,123,179,75,Nenhuma,41,95
1215,92.8,312,507,133,586,266,546,199,Expositor 2,78,132
1215,92.8,320,314,210,443,356,378,283,Nenhuma,129,145
1215,92.8,321,99,49,133,123,116,86,Nenhuma,33,73
1216,92.87,168,117,108,223,310,170,209,Expositor 1,105,201
1216,92.87,261,29,73,75,171,52,122,Nenhuma,45,98
1216,92.87,291,125,28,155,118,140,73,Nenhuma,30,90
1216,92.87,295,158,29,197,119,177,74,Nenhuma,39,89
1216,92.87,312,507,132,586,266,546,199,Expositor 2,79,133
1216,92.87,320,320,208,448,356,384,282,Nenhuma,127,148
1216,92.87,321,99,49,133,123,116,86,Nenhuma,33,73
1217,92.95,168,121,103,226,309,174,206,Expositor 1,105,205
1217,92.95,261,29,73,75,171,52,122,Nenhuma,45,98
1217,92.95,291,123,28,157,130,140,79,Nenhuma,34,102
1217,92.95,295,156,29,198,124,177,76,Nenhuma,41,94
1217,92.95,312,507,132,586,266,546,199,Expositor 2,79,133
1217,92.95,320,326,205,453,356,389,280,Nenhuma,126,150
1217,92.95,321,99,49,133,123,116,86,Nenhuma,33,73
1218,93.03,168,126,99,229,305,178,202,Expositor 1,103,206
1218,93.03,261,29,73,74,171,51,122,Nenhuma,45,98
1218,93.03,291,122,28,156,129,139,79,Nenhuma,34,100
1218,93.03,295,156,28,197,122,176,75,Nenhuma,40,93
1218,93.03,312,507,132,586,266,546,199,Expositor 2,78,134
1218,93.03,320,330,202,456,356,393,279,Nenhuma,125,153
1218,93.03,321,99,50,133,124,116,87,Nenhuma,33,74
1218,93.03,364,30,73,98,206,64,139,Nenhuma,67,133
1219,93.1,168,136,95,230,283,183,189,Expositor 1,94,188
1219,93.1,261,28,73,74,171,51,122,Nenhuma,45,97
1219,93.1,291,122,28,156,129,139,79,Nenhuma,34,100
1219,93.1,295,156,29,195,118,176,73,Nenhuma,38,88
1219,93.1,312,507,132,586,266,546,199,Expositor 2,78,134
1219,93.1,320,343,196,462,343,402,270,Expositor 2,118,146
1219,93.1,321,99,50,133,124,116,87,Nenhuma,33,74
1219,93.1,364,31,73,98,204,64,139,Nenhuma,66,131
1220,93.18,168,144,92,229,261,186,177,Expositor 1,84,168
1220,93.18,291,121,28,156,129,139,79,Nenhuma,34,100
1220,93.18,295,157,28,194,114,176,71,Nenhuma,37,86
1220,93.18,312,507,132,586,266,546,199,Expositor 2,78,134
1220,93.18,320,353,191,468,335,410,263,Expositor 2,114,144
1220,93.18,321,99,50,133,124,116,87,Nenhuma,33,74
1220,93.18,364,32,74,97,204,65,139,Nenhuma,65,129
1221,93.26,168,144,88,232,263,188,176,Expositor 1,87,174
1221,93.26,291,122,28,157,127,139,78,Nenhuma,34,99
1221,93.26,295,157,26,194,109,176,68,Nenhuma,36,82
1221,93.26,312,506,132,586,267,546,199,Expositor 2,79,135
1221,93.26,320,362,185,472,326,417,255,Expositor 2,110,140
1221,93.26,321,99,50,133,124,116,87,Nenhuma,33,73
1221,93.26,364,34,75,99,204,67,139,Nenhuma,64,129
1222,93.33,168,145,84,234,264,190,174,Expositor 1,89,179
1222,93.33,291,121,28,157,131,139,79,Nenhuma,36,103
1222,93.33,295,159,26,192,100,175,63,Nenhuma,33,73
1222,93.33,312,506,131,586,268,546,200,Expositor 2,80,137
1222,93.33,320,360,181,483,343,421,262,Expositor 2,123,161
1222,93.33,321,99,50,132,123,116,87,Nenhuma,32,73
1222,93.33,364,34,75,99,204,66,139,Nenhuma,64,129
1223,93.41,168,147,81,238,264,193,172,Expositor 1,90,183
1223,93.41,291,121,28,158,134,140,81,Nenhuma,37,106
1223,93.41,295,157,24,194,106,176,65,Nenhuma,36,81
1223,93.41,312,506,130,586,268,546,199,Expositor 2,80,137
1223,93.41,320,363,176,489,345,426,261,Expositor 2,125,169
1223,93.41,321,99,50,132,124,116,87,Nenhuma,33,74
1223,93.41,364,34,75,98,204,66,140,Nenhuma,63,128
1224,93.49,168,150,76,241,263,196,170,Expositor 1,90,187
1224,93.49,291,121,27,159,136,140,82,Nenhuma,37,108
1224,93.49,295,156,23,194,110,175,67,Nenhuma,38,87
1224,93.49,312,506,130,586,268,546,199,Expositor 2,79,138
1224,93.49,320,367,173,492,346,430,260,Expositor 2,124,172
1224,93.49,321,99,50,132,124,116,87,Nenhuma,32,74
1224,93.49,364,35,76,98,204,67,140,Nenhuma,63,128
1225,93.56,168,152,74,242,262,197,168,Expositor 1,90,187
1225,93.56,291,121,27,159,136,140,82,Nenhuma,38,109
1225,93.56,295,155,22,195,111,175,67,Nenhuma,39,88
1225,93.56,312,506,129,586,268,546,198,Expositor 2,80,138
1225,93.56,320,369,171,494,351,431,261,Expositor 2,125,179
1225,93.56,321,100,50,132,124,116,87,Nenhuma,32,74
1225,93.56,364,35,76,98,204,67,140,Nenhuma,63,128
1225,93.56,366,240,1,275,91,257,46,Nenhuma,35,89
1226,93.64,168,154,69,238,247,196,158,Expositor 1,84,178
1226,93.64,291,121,27,158,135,140,81,Nenhuma,37,107
1226,93.64,295,155,25,193,110,174,68,Nenhuma,37,84
1226,93.64,312,506,129,586,268,546,198,Expositor 2,80,139
1226,93.64,320,372,168,496,352,434,260,Expositor 2,124,183
1226,93.64,321,100,50,133,125,116,87,Nenhuma,32,74
1226,93.64,364,35,76,97,204,66,140,Nenhuma,62,128
1226,93.64,366,239,1,275,92,257,46,Nenhuma,35,90
1227,93.71,168,154,65,231,229,193,147,Expositor 1,76,164
1227,93.71,291,122,27,158,129,140,78,Nenhuma,35,101
1227,93.71,295,154,27,190,110,172,68,Nenhuma,36,82
1227,93.71,312,506,128,586,268,546,198,Expositor 2,80,139
1227,93.71,320,374,165,498,353,436,259,Expositor 2,124,188
1227,93.71,321,100,50,132,125,116,87,Nenhuma,32,75
1227,93.71,364,34,76,96,204,65,140,Nenhuma,61,127
1227,93.71,366,239,1,275,92,257,47,Nenhuma,36,91
1228,93.79,168,156,63,227,219,191,141,Expositor 1,71,155
1228,93.79,291,121,27,158,133,140,80,Nenhuma,36,105
1228,93.79,295,152,22,189,108,171,65,Nenhuma,37,86
1228,93.79,312,506,127,587,268,546,198,Expositor 2,81,141
1228,93.79,320,374,158,499,353,436,255,Expositor 2,124,195
1228,93.79,321,100,50,133,125,116,87,Nenhuma,32,75
1228,93.79,364,36,76,97,204,67,140,Nenhuma,61,127
1228,93.79,366,239,1,276,92,257,46,Nenhuma,36,91
1229,93.87,168,156,62,223,210,190,136,Expositor 1,67,147
1229,93.87,291,123,27,160,136,141,82,Nenhuma,36,108
1229,93.87,295,152,22,187,105,169,64,Nenhuma,35,83
1229,93.87,312,506,127,587,268,546,197,Expositor 2,80,141
1229,93.87,320,376,155,498,352,437,253,Expositor 2,122,196
1229,93.87,321,100,50,132,125,116,87,Nenhuma,32,75
1229,93.87,364,37,76,98,203,67,140,Nenhuma,60,127
1229,93.87,366,239,0,276,92,257,46,Nenhuma,36,91
1230,93.94,168,155,62,220,205,187,133,Expositor 1,65,143
1230,93.94,291,126,27,158,123,142,75,Nenhuma,32,95
1230,93.94,295,149,21,183,98,166,60,Nenhuma,33,76
1230,93.94,312,505,126,586,268,546,197,Expositor 2,80,141
1230,93.94,320,379,151,497,348,438,250,Expositor 2,118,197
1230,93.94,321,100,50,133,125,116,87,Nenhuma,32,75
1230,93.94,364,37,76,97,203,67,140,Nenhuma,59,127
1230,93.94,366,240,0,277,92,258,46,Nenhuma,36,91
1231,94.02,168,154,61,219,206,186,134,Expositor 1,65,144
1231,94.02,291,126,28,161,132,143,80,Nenhuma,35,103
1231,94.02,295,148,21,181,96,165,58,Nenhuma,32,74
1231,94.02,312,506,127,586,268,546,197,Expositor 2,79,140
1231,94.02,320,382,148,497,343,439,245,Expositor 2,114,195
1231,94.02,321,100,50,133,125,116,87,Nenhuma,32,75
1231,94.02,364,38,76,97,203,67,139,Nenhuma,58,127
1231,94.02,366,240,0,277,92,258,46,Nenhuma,37,91
1232,94.1,168,152,59,216,201,184,130,Expositor 1,64,142
1232,94.1,291,124,29,160,136,142,82,Nenhuma,35,106
1232,94.1,295,143,5,179,83,161,44,Nenhuma,35,77
1232,94.1,312,506,127,585,268,546,197,Expositor 2,79,140
1232,94.1,320,385,144,495,337,440,240,Expositor 2,109,192
1232,94.1,321,100,50,133,125,116,87,Nenhuma,32,75
1232,94.1,364,39,76,97,203,68,139,Nenhuma,57,126
1232,94.1,366,239,1,276,92,258,47,Nenhuma,36,90
1232,94.1,370,148,21,181,81,165,51,Nenhuma,32,60
1233,94.17,168,150,57,214,199,182,128,Expositor 1,64,141
1233,94.17,291,124,29,160,136,142,83,Nenhuma,35,107
1233,94.17,295,138,3,179,89,159,46,Nenhuma,40,86
1233,94.17,312,505,127,585,268,545,197,Expositor 2,79,140
1233,94.17,320,389,142,493,328,441,235,Expositor 2,104,186
1233,94.17,321,100,49,133,126,117,87,Nenhuma,32,76
1233,94.17,364,40,76,97,202,68,139,Nenhuma,56,125
1233,94.17,366,240,1,276,91,258,46,Nenhuma,36,89
1233,94.17,370,153,29,180,78,167,54,Nenhuma,26,49
1234,94.25,168,146,54,212,198,179,126,Expositor 1,65,143
1234,94.25,291,125,29,161,137,143,83,Nenhuma,36,107
1234,94.25,295,135,2,180,95,158,48,Nenhuma,44,93
1234,94.25,312,506,127,585,268,545,197,Expositor 2,79,140
1234,94.25,320,393,139,491,318,442,228,Expositor 2,97,178
1234,94.25,321,101,49,133,126,117,87,Nenhuma,32,76
1234,94.25,364,41,76,96,201,69,139,Nenhuma,54,125
1234,94.25,366,242,1,278,91,260,46,Nenhuma,35,89
1234,94.25,370,158,38,179,76,169,57,Nenhuma,20,38
1235,94.33,168,139,52,205,195,172,123,Expositor 1,65,143
1235,94.33,291,125,30,161,138,143,84,Nenhuma,36,108
1235,94.33,295,137,1,177,83,157,42,Nenhuma,40,82
1235,94.33,312,506,127,585,268,545,197,Expositor 2,79,140
1235,94.33,320,395,136,491,315,443,225,Expositor 2,96,179
1235,94.33,321,101,49,133,125,117,87,Nenhuma,32,75
1235,94.33,364,43,76,96,201,69,138,Nenhuma,53,124
1235,94.33,366,243,2,280,92,261,47,Nenhuma,36,90
1235,94.33,370,163,46,178,74,171,60,Nenhuma,15,27
1236,94.4,168,134,53,199,195,166,124,Expositor 1,64,142
1236,94.4,295,138,1,177,79,158,40,Nenhuma,39,77
1236,94.4,312,506,127,585,267,546,197,Expositor 2,78,139
1236,94.4,320,396,132,492,314,444,223,Expositor 2,95,181
1236,94.4,321,101,49,134,125,117,87,Nenhuma,32,75
1236,94.4,364,43,76,96,200,69,138,Nenhuma,52,124
1236,94.4,366,244,2,280,93,262,47,Nenhuma,36,91
1237,94.48,168,131,53,195,195,163,124,Expositor 1,63,142
1237,94.48,295,137,1,177,77,157,39,Nenhuma,39,76
1237,94.48,312,506,127,585,267,546,197,Expositor 2,78,139
1237,94.48,320,397,130,492,313,444,222,Expositor 2,95,183
1237,94.48,321,101,49,134,125,117,87,Nenhuma,32,75
1237,94.48,364,43,75,95,200,69,138,Nenhuma,52,125
1237,94.48,366,245,2,281,94,263,48,Nenhuma,36,92
1238,94.55,168,129,53,192,194,161,124,Expositor 1,62,140
1238,94.55,295,136,1,175,76,156,38,Nenhuma,39,75
1238,94.55,312,506,127,585,267,546,197,Expositor 2,78,139
1238,94.55,320,399,129,493,313,446,221,Expositor 2,94,184
1238,94.55,321,102,49,134,122,118,85,Nenhuma,32,73
1238,94.55,364,43,75,94,201,69,138,Nenhuma,51,126
1238,94.55,366,245,2,282,94,263,48,Nenhuma,36,92
1239,94.63,168,128,54,189,194,159,124,Expositor 1,61,140
1239,94.63,295,135,1,175,76,155,38,Nenhuma,39,74
1239,94.63,312,506,127,585,267,546,197,Expositor 2,78,139
1239,94.63,320,399,126,492,309,445,218,Expositor 2,93,183
1239,94.63,321,101,49,133,122,117,86,Nenhuma,31,72
1239,94.63,364,43,75,94,201,69,138,Nenhuma,50,126
1239,94.63,366,246,2,283,94,264,48,Nenhuma,36,92
1240,94.71,168,126,52,187,192,156,122,Expositor 1,60,140
1240,94.71,295,136,15,170,77,153,46,Nenhuma,34,61
1240,94.71,312,506,127,585,267,546,197,Expositor 2,78,139
1240,94.71,320,401,123,493,303,447,213,Expositor 2,92,180
1240,94.71,321,100,49,132,122,116,86,Nenhuma,31,72
1240,94.71,364,44,74,93,201,68,138,Nenhuma,49,126
1240,94.71,366,246,2,282,95,264,48,Nenhuma,36,93
1241,94.78,168,126,51,176,166,151,108,Expositor 1,49,115
1241,94.78,295,134,21,170,84,152,52,Nenhuma,35,63
1241,94.78,312,506,128,585,267,546,198,Expositor 2,78,139
1241,94.78,320,406,121,495,297,451,209,Expositor 2,89,175
1241,94.78,321,100,49,131,122,116,86,Nenhuma,31,72
1241,94.78,364,44,74,93,201,68,138,Nenhuma,48,126
1241,94.78,366,246,1,282,95,264,48,Nenhuma,36,93
1242,94.86,168,122,48,171,161,147,105,Expositor 1,48,113
1242,94.86,295,133,22,168,84,151,53,Nenhuma,34,61
1242,94.86,312,506,128,585,268,546,198,Expositor 2,78,139
1242,94.86,320,411,118,495,284,453,201,Expositor 2,84,165
1242,94.86,321,100,49,130,119,115,84,Nenhuma,30,69
1242,94.86,364,45,74,93,201,69,138,Nenhuma,47,126
1242,94.86,366,245,1,281,95,263,48,Nenhuma,36,94
1243,94.94,168,118,46,170,166,144,106,Expositor 1,51,120
1243,94.94,291,160,22,183,91,172,56,Nenhuma,23,69
1243,94.94,295,133,23,166,83,150,53,Nenhuma,33,60
1243,94.94,312,506,128,584,268,545,198,Expositor 2,78,139
1243,94.94,320,414,116,496,278,455,197,Expositor 2,82,161
1243,94.94,321,100,49,129,115,115,82,Nenhuma,28,66
1243,94.94,364,46,74,93,201,69,138,Nenhuma,47,126
1243,94.94,366,244,1,280,94,262,48,Nenhuma,36,92
1243,94.94,374,179,4,211,84,195,44,Nenhuma,31,79
1244,95.01,168,115,45,167,166,141,105,Expositor 1,51,120
1244,95.01,291,146,26,170,96,158,61,Nenhuma,24,69
1244,95.01,295,132,25,165,83,148,54,Nenhuma,32,58
1244,95.01,312,507,129,584,267,545,198,Expositor 2,77,137
1244,95.01,320,418,113,499,275,459,194,Expositor 2,80,161
1244,95.01,321,100,49,128,113,114,81,Nenhuma,28,64
1244,95.01,364,45,74,89,195,67,135,Nenhuma,44,121
1244,95.01,366,244,1,279,92,261,47,Nenhuma,35,91
1244,95.01,374,177,4,208,83,193,44,Nenhuma,31,79
1245,95.09,168,114,44,166,168,140,106,Expositor 1,52,123
1245,95.09,291,146,27,170,94,158,60,Nenhuma,23,67
1245,95.09,312,507,129,584,267,545,198,Expositor 2,76,137
1245,95.09,320,421,113,500,274,461,194,Expositor 2,79,160
1245,95.09,321,101,48,129,112,115,80,Nenhuma,28,64
1245,95.09,364,45,74,90,199,67,136,Nenhuma,45,125
1245,95.09,366,244,1,279,90,261,46,Nenhuma,35,89
1245,95.09,374,174,5,205,84,190,44,Nenhuma,31,79
1246,95.17,168,112,46,165,169,138,108,Expositor 1,52,123
1246,95.17,291,147,27,169,92,158,59,Nenhuma,22,65
1246,95.17,312,507,128,584,267,545,197,Expositor 2,77,138
1246,95.17,320,421,110,501,274,461,192,Expositor 2,79,163
1246,95.17,321,100,48,127,111,114,79,Nenhuma,27,62
1246,95.17,364,45,74,90,201,68,137,Nenhuma,45,126
1246,95.17,366,241,1,275,90,258,45,Nenhuma,34,89
1246,95.17,374,170,3,204,90,187,46,Nenhuma,34,87
1247,95.24,168,110,45,164,169,137,107,Expositor 1,53,123
1247,95.24,291,141,27,168,99,154,63,Nenhuma,26,71
1247,95.24,312,507,127,585,266,546,197,Expositor 2,77,139
1247,95.24,320,421,104,502,273,461,189,Expositor 2,80,168
1247,95.24,321,100,48,127,110,113,79,Nenhuma,26,61
1247,95.24,364,45,74,90,201,68,138,Nenhuma,44,126
1247,95.24,366,238,0,273,89,256,44,Nenhuma,34,88
1247,95.24,374,165,2,201,92,183,47,Nenhuma,35,90
1248,95.32,168,108,43,163,169,136,106,Expositor 1,54,126
1248,95.32,291,141,28,167,98,154,63,Nenhuma,25,70
1248,95.32,312,507,129,584,266,546,198,Expositor 2,76,137
1248,95.32,320,421,100,501,270,461,185,Expositor 2,79,170
1248,95.32,321,100,48,126,109,113,78,Nenhuma,26,60
1248,95.32,364,45,74,90,203,68,139,Nenhuma,45,128
1248,95.32,366,239,0,274,89,256,45,Nenhuma,35,88
1248,95.32,374,152,0,190,93,171,47,Nenhuma,37,92
1248,95.32,376,139,28,170,140,155,84,Nenhuma,31,112
1249,95.39,168,107,43,163,169,135,106,Expositor 1,55,125
1249,95.39,291,141,28,166,97,153,63,Nenhuma,25,69
1249,95.39,312,507,129,584,266,546,198,Expositor 2,76,137
1249,95.39,320,422,99,500,268,461,183,Expositor 2,78,169
1249,95.39,321,100,48,126,107,113,78,Nenhuma,26,59
1249,95.39,364,45,74,90,203,67,138,Nenhuma,45,128
1249,95.39,366,240,0,275,88,258,44,Nenhuma,34,87
1249,95.39,374,147,0,186,93,166,47,Nenhuma,38,92
1249,95.39,376,139,29,170,141,154,85,Nenhuma,31,112
1250,95.47,168,107,42,163,167,135,104,Expositor 1,55,125
1250,95.47,291,140,28,165,97,153,63,Nenhuma,25,68
1250,95.47,312,507,131,583,266,545,199,Expositor 2,75,135
1250,95.47,320,424,95,498,258,461,177,Expositor 2,74,163
1250,95.47,364,46,74,91,203,69,138,Nenhuma,44,128
1250,95.47,366,240,0,276,88,258,44,Nenhuma,35,87
1250,95.47,374,144,0,184,93,164,47,Nenhuma,39,92
1250,95.47,376,139,29,170,141,154,85,Nenhuma,31,112
1251,95.55,168,108,41,163,165,135,103,Expositor 1,55,124
1251,95.55,312,508,131,583,266,545,199,Expositor 2,75,135
1251,95.55,320,426,93,497,250,461,171,Expositor 2,71,156
1251,95.55,364,47,74,92,201,70,138,Nenhuma,44,127
1251,95.55,366,240,0,276,88,258,44,Nenhuma,35,87
1251,95.55,374,140,0,181,95,160,47,Nenhuma,40,94
1251,95.55,376,139,29,171,142,155,85,Nenhuma,31,113
1252,95.62,168,108,41,164,166,136,103,Expositor 1,56,124
1252,95.62,312,507,132,583,267,545,200,Expositor 2,75,134
1252,95.62,320,427,92,496,246,461,169,Expositor 2,69,153
1252,95.62,364,47,74,92,202,70,138,Nenhuma,45,128
1252,95.62,366,240,0,275,88,258,44,Nenhuma,35,87
1252,95.62,374,136,0,177,96,157,48,Nenhuma,41,95
1252,95.62,376,139,28,171,143,155,86,Nenhuma,32,115
1253,95.7,168,107,40,164,166,136,103,Expositor 1,56,125
1253,95.7,312,507,132,583,267,545,199,Expositor 2,75,134
1253,95.7,320,427,92,495,244,461,168,Expositor 2,67,151
1253,95.7,364,47,73,92,201,69,137,Nenhuma,45,127
1253,95.7,366,246,0,282,90,264,45,Nenhuma,36,90
1253,95.7,374,132,0,174,97,153,48,Nenhuma,41,97
1253,95.7,376,139,28,171,144,155,86,Nenhuma,32,115
1254,95.78,168,107,38,166,167,137,103,Expositor 1,58,128
1254,95.78,291,140,28,171,111,155,69,Nenhuma,30,83
1254,95.78,312,507,130,584,267,546,198,Expositor 2,76,136
1254,95.78,320,429,92,497,243,463,167,Expositor 2,67,151
1254,95.78,364,47,73,92,201,69,137,Nenhuma,44,127
1254,95.78,366,245,0,282,93,263,47,Nenhuma,37,92
1254,95.78,376,139,28,171,142,155,85,Nenhuma,32,113
1255,95.85,168,108,38,167,167,137,103,Expositor 1,58,129
1255,95.85,291,140,28,171,112,155,70,Nenhuma,30,84
1255,95.85,312,507,129,584,267,545,198,Expositor 2,76,137
1255,95.85,320,431,91,498,243,464,167,Expositor 2,67,151
1255,95.85,364,47,73,92,201,70,137,Nenhuma,44,127
1255,95.85,366,244,0,282,93,263,47,Nenhuma,37,93
1255,95.85,376,141,29,171,133,156,81,Nenhuma,29,104
1256,95.93,168,109,39,167,167,138,103,Expositor 1,58,128
1256,95.93,291,140,28,171,113,155,70,Nenhuma,31,84
1256,95.93,312,507,129,583,266,545,198,Expositor 2,76,137
1256,95.93,320,431,88,498,242,464,165,Expositor 2,67,153
1256,95.93,364,47,74,91,200,69,137,Nenhuma,44,126
1256,95.93,366,244,0,282,94,263,47,Nenhuma,38,94
1256,95.93,376,143,28,169,115,156,71,Nenhuma,25,86
1257,96.01,168,109,38,167,166,138,102,Expositor 1,58,128
1257,96.01,291,139,28,171,114,155,71,Nenhuma,31,85
1257,96.01,312,507,129,583,267,545,198,Expositor 2,76,137
1257,96.01,320,431,88,499,241,465,164,Expositor 2,67,152
1257,96.01,364,47,74,91,200,69,137,Nenhuma,44,126
1257,96.01,366,244,0,282,93,263,46,Nenhuma,38,93
1257,96.01,376,143,28,167,108,155,68,Nenhuma,24,80
1258,96.08,168,109,38,167,166,138,102,Expositor 1,58,128
1258,96.08,312,507,130,583,267,545,198,Expositor 2,75,136
1258,96.08,320,432,88,500,240,466,164,Expositor 2,67,152
1258,96.08,364,47,74,91,201,69,137,Nenhuma,44,127
1258,96.08,366,244,0,282,93,263,47,Nenhuma,38,93
1258,96.08,376,143,28,167,107,155,67,Nenhuma,24,79
1259,96.16,168,109,37,167,166,138,101,Expositor 1,58,129
1259,96.16,295,82,37,111,91,97,64,Nenhuma,28,54
1259,96.16,312,508,130,584,267,546,199,Expositor 2,76,136
1259,96.16,320,431,86,498,235,465,160,Expositor 2,66,149
1259,96.16,364,46,74,90,201,68,137,Nenhuma,44,127
1259,96.16,366,244,0,283,94,264,47,Nenhuma,38,94
1259,96.16,376,142,27,167,105,155,66,Nenhuma,24,77
1260,96.23,168,109,36,168,167,139,102,Expositor 1,59,130
1260,96.23,295,82,36,110,91,96,63,Nenhuma,27,55
1260,96.23,312,507,130,584,267,546,199,Expositor 2,76,137
1260,96.23,320,431,85,498,232,464,159,Expositor 2,66,147
1260,96.23,364,47,73,92,200,69,137,Nenhuma,44,126
1260,96.23,366,244,0,283,94,264,47,Nenhuma,38,94
1260,96.23,376,141,25,167,105,154,65,Nenhuma,25,79
1261,96.31,168,109,38,168,167,139,102,Expositor 1,58,129
1261,96.31,295,81,36,107,89,94,63,Nenhuma,25,52
1261,96.31,312,507,131,583,267,545,199,Expositor 2,75,136
1261,96.31,320,431,84,498,230,464,157,Expositor 2,66,146
1261,96.31,364,48,73,92,200,70,137,Nenhuma,44,126
1261,96.31,366,242,0,281,93,262,46,Nenhuma,38,93
1261,96.31,376,141,25,167,105,154,65,Nenhuma,26,79
1261,96.31,378,136,27,171,76,154,52,Nenhuma,34,49
1262,96.39,168,109,38,168,167,139,103,Expositor 1,58,129
1262,96.39,291,105,48,127,105,116,77,Nenhuma,21,57
1262,96.39,295,79,37,104,89,92,63,Nenhuma,25,51
1262,96.39,312,507,131,582,267,545,199,Expositor 2,75,135
1262,96.39,320,431,85,497,229,464,157,Expositor 2,66,144
1262,96.39,364,47,73,92,200,70,136,Nenhuma,45,127
1262,96.39,366,245,0,284,94,265,47,Nenhuma,38,93
1262,96.39,376,141,26,167,105,154,65,Nenhuma,26,78
1262,96.39,378,136,27,171,77,153,52,Nenhuma,34,49
1263,96.46,168,109,38,168,167,139,103,Expositor 1,58,129
1263,96.46,291,103,50,124,105,114,78,Nenhuma,21,55
1263,96.46,295,76,38,101,89,89,63,Nenhuma,24,51
1263,96.46,312,506,130,582,266,544,198,Expositor 2,75,135
1263,96.46,320,434,84,500,228,467,156,Expositor 2,65,143
1263,96.46,364,47,73,92,200,70,136,Nenhuma,45,127
1263,96.46,366,246,0,284,94,265,47,Nenhuma,38,93
1263,96.46,376,140,26,167,105,154,66,Nenhuma,27,78
1263,96.46,378,136,27,171,77,153,52,Nenhuma,34,49
1264,96.54,168,109,38,167,166,138,102,Expositor 1,57,127
1264,96.54,291,100,51,121,105,111,78,Nenhuma,21,54
1264,96.54,295,71,35,101,94,86,64,Nenhuma,29,58
1264,96.54,312,506,129,582,266,544,198,Expositor 2,76,137
1264,96.54,320,436,83,501,227,469,155,Expositor 2,65,144
1264,96.54,364,47,72,93,201,70,137,Nenhuma,46,128
1264,96.54,366,246,0,285,94,265,47,Nenhuma,38,94
1264,96.54,376,139,27,168,108,153,68,Nenhuma,28,81
1264,96.54,378,136,27,171,77,153,52,Nenhuma,35,50
1265,96.62,168,110,38,167,166,138,102,Expositor 1,57,127
1265,96.62,291,101,50,124,106,113,78,Nenhuma,22,55
1265,96.62,295,69,36,98,94,83,65,Nenhuma,29,58
1265,96.62,312,505,128,582,266,544,197,Expositor 2,76,138
1265,96.62,320,435,83,501,228,468,156,Expositor 2,65,145
1265,96.62,364,46,72,93,203,70,138,Nenhuma,46,130
1265,96.62,366,246,0,285,95,266,47,Nenhuma,38,94
1265,96.62,376,139,27,168,108,154,68,Nenhuma,28,80
1265,96.62,378,136,27,172,79,154,53,Nenhuma,36,51
1265,96.62,379,136,28,171,143,154,85,Nenhuma,34,114
1266,96.69,168,109,38,167,166,138,102,Expositor 1,57,127
1266,96.69,291,101,49,124,106,113,77,Nenhuma,23,56
1266,96.69,295,69,37,99,95,84,66,Nenhuma,29,57
1266,96.69,312,505,128,581,266,543,197,Expositor 2,76,138
1266,96.69,320,436,83,501,228,469,155,Expositor 2,64,144
1266,96.69,364,46,73,93,203,69,138,Nenhuma,46,130
1266,96.69,376,139,27,168,107,154,67,Nenhuma,28,79
1266,96.69,378,136,28,172,80,154,54,Nenhuma,36,52
1266,96.69,379,137,29,171,143,154,86,Nenhuma,33,114
1267,96.77,168,109,37,168,166,138,101,Expositor 1,58,128
1267,96.77,291,101,49,125,106,113,78,Nenhuma,23,57
1267,96.77,295,67,39,97,95,82,67,Nenhuma,29,55
1267,96.77,312,505,128,581,266,543,197,Expositor 2,75,137
1267,96.77,320,432,83,496,228,464,155,Expositor 2,64,144
1267,96.77,364,46,73,93,204,69,138,Nenhuma,47,130
1267,96.77,376,140,27,169,107,154,67,Nenhuma,29,79
1267,96.77,378,136,28,172,80,154,54,Nenhuma,36,52
1267,96.77,379,138,28,171,140,154,84,Nenhuma,33,112
1268,96.85,168,109,38,167,165,138,102,Expositor 1,57,127
1268,96.85,291,100,49,125,110,113,79,Nenhuma,25,60
1268,96.85,295,65,40,96,95,80,67,Nenhuma,30,55
1268,96.85,312,505,128,581,266,543,197,Expositor 2,75,137
1268,96.85,320,428,82,493,228,460,155,Expositor 2,65,146
1268,96.85,364,45,73,93,203,69,138,Nenhuma,47,129
1268,96.85,376,140,28,169,107,155,67,Nenhuma,29,79
1268,96.85,378,136,28,172,81,154,54,Nenhuma,36,53
1268,96.85,379,138,28,171,140,155,84,Nenhuma,33,111
1269,96.92,168,110,38,168,166,139,102,Expositor 1,57,127
1269,96.92,291,100,49,125,109,113,79,Nenhuma,25,60
1269,96.92,295,63,40,94,96,78,68,Nenhuma,30,55
1269,96.92,312,505,127,580,265,543,196,Expositor 2,75,138
1269,96.92,320,425,80,490,227,457,154,Expositor 2,65,147
1269,96.92,364,46,73,92,201,69,137,Nenhuma,46,127
1269,96.92,376,140,27,170,110,155,68,Nenhuma,30,82
1269,96.92,378,135,28,173,81,154,55,Nenhuma,37,53
1269,96.92,379,138,28,171,139,155,84,Nenhuma,33,111
1270,97.0,168,110,38,168,166,139,102,Expositor 1,57,127
1270,97.0,291,100,49,126,110,113,79,Nenhuma,25,60
1270,97.0,295,62,41,93,96,78,68,Nenhuma,31,55
1270,97.0,312,504,127,579,265,542,196,Expositor 2,75,138
1270,97.0,320,425,79,489,226,457,152,Expositor 2,64,147
1270,97.0,364,45,73,92,203,69,138,Nenhuma,47,129
1270,97.0,376,140,27,170,109,155,68,Nenhuma,30,82
1270,97.0,379,140,27,171,133,155,80,Nenhuma,31,106
1271,97.07,168,111,38,169,167,140,102,Expositor 1,58,129
1271,97.07,291,100,49,126,110,113,80,Nenhuma,25,61
1271,97.07,295,62,41,93,95,77,68,Nenhuma,30,54
1271,97.07,312,504,126,579,265,541,196,Expositor 2,74,139
1271,97.07,320,425,78,488,223,456,150,Expositor 2,63,145
1271,97.07,364,45,73,92,201,69,137,Nenhuma,46,128
1271,97.07,376,141,26,170,105,155,66,Nenhuma,29,79
1271,97.07,379,139,26,172,140,156,83,Nenhuma,33,113
1271,97.07,380,226,12,246,68,236,40,Nenhuma,20,55
1272,97.15,168,112,38,170,167,141,102,Expositor 1,58,129
1272,97.15,291,100,49,126,111,113,80,Nenhuma,26,62
1272,97.15,295,62,41,93,95,77,68,Nenhuma,31,54
1272,97.15,312,503,125,579,266,541,196,Expositor 2,75,141
1272,97.15,320,424,77,485,217,455,147,Expositor 2,60,140
1272,97.15,364,46,72,93,200,69,136,Nenhuma,46,128
1272,97.15,366,243,0,281,92,262,46,Nenhuma,37,91
1272,97.15,376,142,26,168,94,155,60,Nenhuma,26,68
1272,97.15,379,139,26,172,142,156,84,Nenhuma,33,115
1272,97.15,380,224,11,245,68,235,39,Nenhuma,20,57
1273,97.23,168,113,36,171,167,142,101,Expositor 1,58,130
1273,97.23,291,100,49,126,111,113,80,Nenhuma,26,62
1273,97.23,295,61,41,92,96,77,68,Nenhuma,31,54
1273,97.23,312,504,125,579,266,541,195,Expositor 2,74,141
1273,97.23,320,424,75,484,213,454,144,Expositor 2,59,138
1273,97.23,364,46,72,93,200,69,136,Nenhuma,46,127
1273,97.23,366,242,1,281,94,261,47,Nenhuma,38,93
1273,97.23,376,142,25,167,90,155,58,Nenhuma,25,64
1273,97.23,379,140,26,172,136,156,81,Nenhuma,32,110
1273,97.23,380,224,10,245,68,234,39,Nenhuma,20,58
1274,97.3,168,112,35,171,167,141,101,Expositor 1,58,131
1274,97.3,291,99,48,126,112,112,80,Nenhuma,26,64
1274,97.3,295,61,41,92,96,77,68,Nenhuma,31,54
1274,97.3,312,504,125,580,271,542,198,Expositor 2,76,146
1274,97.3,320,424,74,482,209,453,141,Expositor 2,58,135
1274,97.3,364,46,72,93,200,69,136,Nenhuma,46,127
1274,97.3,366,242,1,281,94,261,47,Nenhuma,39,93
1274,97.3,376,139,25,169,103,154,64,Nenhuma,30,77
1274,97.3,379,138,26,172,140,155,83,Nenhuma,33,114
1274,97.3,380,223,10,244,68,234,39,Nenhuma,20,58
1275,97.38,168,112,34,171,166,141,100,Expositor 1,58,131
1275,97.38,291,99,48,126,113,113,80,Nenhuma,26,65
1275,97.38,295,60,41,91,96,75,69,Nenhuma,31,54
1275,97.38,312,504,125,580,274,542,200,Expositor 2,76,148
1275,97.38,320,423,72,480,207,452,140,Expositor 2,57,134
1275,97.38,364,46,72,93,200,69,136,Nenhuma,46,127
1275,97.38,366,241,1,280,94,261,47,Nenhuma,39,93
1275,97.38,376,139,25,169,103,154,64,Nenhuma,30,77
1275,97.38,379,138,26,172,142,155,84,Nenhuma,33,116
1275,97.38,380,223,9,244,68,233,39,Nenhuma,21,59
1276,97.46,168,114,37,170,164,142,100,Expositor 1,55,126
1276,97.46,291,100,48,126,112,113,80,Nenhuma,26,63
1276,97.46,295,58,42,90,96,74,69,Nenhuma,31,54
1276,97.46,312,504,126,581,275,543,200,Expositor 2,76,148
1276,97.46,320,421,71,478,207,449,139,Expositor 2,57,135
1276,97.46,364,46,72,91,198,69,135,Nenhuma,45,125
1276,97.46,366,241,1,280,94,261,47,Nenhuma,39,93
1276,97.46,376,138,24,169,99,154,61,Nenhuma,30,74
1276,97.46,379,139,24,171,133,155,79,Nenhuma,32,108
1277,97.53,168,115,39,170,163,142,101,Expositor 1,54,124
1277,97.53,291,101,48,126,109,114,79,Nenhuma,25,60
1277,97.53,295,57,42,88,96,73,69,Nenhuma,31,54
1277,97.53,312,505,127,581,275,543,201,Expositor 2,75,147
1277,97.53,320,418,70,475,206,447,138,Expositor 2,56,136
1277,97.53,364,45,72,91,198,68,135,Nenhuma,45,125
1277,97.53,376,138,24,169,97,153,60,Nenhuma,30,73
1277,97.53,379,139,24,171,132,155,78,Nenhuma,31,107
1278,97.61,168,115,38,170,162,143,100,Expositor 1,55,124
1278,97.61,291,102,49,127,109,114,79,Nenhuma,25,60
1278,97.61,312,506,128,581,274,543,201,Expositor 2,75,146
1278,97.61,320,417,69,473,207,445,138,Expositor 2,56,137
1278,97.61,364,45,72,91,198,68,135,Nenhuma,45,126
1278,97.61,376,138,23,169,96,153,60,Nenhuma,30,73
1278,97.61,379,139,24,170,131,155,77,Nenhuma,31,107
1279,97.69,168,118,38,172,162,145,100,Expositor 1,54,124
1279,97.69,291,102,49,128,112,115,80,Nenhuma,26,63
1279,97.69,295,60,41,88,88,74,65,Nenhuma,27,47
1279,97.69,312,506,128,581,274,544,201,Expositor 2,74,145
1279,97.69,320,415,68,471,206,443,137,Expositor 2,55,137
1279,97.69,364,44,70,90,198,67,134,Nenhuma,46,128
1279,97.69,376,138,23,168,96,153,59,Nenhuma,30,72
1279,97.69,379,139,23,170,130,155,77,Nenhuma,31,106
1280,97.76,168,119,38,174,164,146,101,Expositor 1,55,125
1280,97.76,291,101,49,129,114,115,81,Nenhuma,27,65
1280,97.76,295,59,41,86,88,73,64,Nenhuma,27,46
1280,97.76,312,507,129,581,274,544,201,Expositor 2,74,144
1280,97.76,320,413,67,468,206,441,137,Expositor 2,55,138
1280,97.76,364,44,70,91,199,68,135,Nenhuma,46,128
1280,97.76,376,138,23,168,95,153,59,Nenhuma,30,72
1281,97.84,168,120,36,176,164,148,100,Expositor 1,55,127
1281,97.84,291,101,49,129,114,115,81,Nenhuma,27,65
1281,97.84,295,58,41,85,87,72,64,Nenhuma,26,46
1281,97.84,312,508,128,583,274,545,201,Expositor 2,75,146
1281,97.84,320,413,66,467,205,440,136,Expositor 2,54,138
1281,97.84,364,44,70,91,199,68,135,Nenhuma,47,128
1282,97.91,168,121,34,177,162,149,98,Nenhuma,55,127
1282,97.91,291,101,49,129,114,115,81,Nenhuma,27,65
1282,97.91,295,57,41,84,87,71,64,Nenhuma,26,45
1282,97.91,312,508,128,583,274,545,201,Expositor 2,74,145
1282,97.91,320,411,63,465,203,438,133,Expositor 2,53,139
1282,97.91,364,42,68,91,199,66,134,Nenhuma,48,130
1282,97.91,366,243,1,281,93,262,47,Nenhuma,38,92
1282,97.91,380,225,11,245,68,235,39,Nenhuma,19,56
