Frame,Timestamp,Track_ID,X1,Y1,X2,Y2,Center_X,Center_Y,Zone,Confidence
9,0.6873902085083633,1,407.0,128.0,496.0,299.0,451,213,Nenhuma,0.8
9,0.6873902085083633,2,1.0,94.0,77.0,246.0,39,170,Nenhuma,0.8
9,0.6873902085083633,3,114.0,56.0,171.0,147.0,142,101,Nenhuma,0.8
9,0.6873902085083633,4,536.0,237.0,620.0,353.0,578,295,Nenhuma,0.8
12,0.916520278011151,1,407.0,128.0,496.0,299.0,451,213,Nenhuma,0.8
12,0.916520278011151,2,1.0,94.0,77.0,246.0,39,170,Nenhuma,0.8
12,0.916520278011151,3,114.0,56.0,171.0,147.0,142,101,Nenhuma,0.8
12,0.916520278011151,4,536.0,237.0,620.0,353.0,578,295,Nenhuma,0.8
15,1.1456503475139388,1,407.0,128.0,496.0,299.0,451,213,Nenhuma,0.8
15,1.1456503475139388,2,1.0,94.0,77.0,246.0,39,170,Nenhuma,0.8
15,1.1456503475139388,3,114.0,56.0,171.0,147.0,142,101,Nenhuma,0.8
15,1.1456503475139388,4,536.0,237.0,620.0,353.0,578,295,Nenhuma,0.8
18,1.3747804170167266,1,407.0,128.0,496.0,299.0,451,213,Nenhuma,0.8
18,1.3747804170167266,2,0.6681649862014609,94.0,76.61587621992352,246.0,38,170,Nenhuma,0.8
18,1.3747804170167266,3,114.0,56.0,171.0,147.0,142,101,Nenhuma,0.8
18,1.3747804170167266,4,536.0,237.0,620.0,353.0,578,295,Nenhuma,0.8
21,1.6039104865195142,1,407.0,128.0,496.0,299.0,451,213,Nenhuma,0.8
21,1.6039104865195142,2,0.8927584260246846,94.0,76.84353557190694,246.0,38,170,Nenhuma,0.8
21,1.6039104865195142,3,114.0,56.0,171.0,147.0,142,101,Nenhuma,0.8
21,1.6039104865195142,4,536.0,237.0,620.0,353.0,578,295,Nenhuma,0.8
24,1.833040556022302,1,407.0,128.0,496.0,299.0,451,213,Nenhuma,0.8
24,1.833040556022302,2,0.6627089745144801,94.0,76.5524188802467,246.0,38,170,Nenhuma,0.8
24,1.833040556022302,3,114.0,56.0,171.0,147.0,142,101,Nenhuma,0.8
24,1.833040556022302,4,536.0,237.0,620.0,353.0,578,295,Nenhuma,0.8
27,2.0621706255250896,1,407.0,128.0,496.0,299.0,451,213,Nenhuma,0.8
27,2.0621706255250896,2,0.600075513861384,94.0,76.42830617413036,246.0,38,170,Nenhuma,0.8
27,2.0621706255250896,3,114.0,56.0,171.0,147.0,142,101,Nenhuma,0.8
27,2.0621706255250896,4,536.0,237.0,620.0,353.0,578,295,Nenhuma,0.8
30,2.2913006950278776,1,407.0,128.0,496.0,299.0,451,213,Nenhuma,0.8
30,2.2913006950278776,2,0.5989264196424671,94.0,76.36644523629015,246.0,38,170,Nenhuma,0.8
30,2.2913006950278776,3,114.0,56.0,171.0,147.0,142,101,Nenhuma,0.8
30,2.2913006950278776,4,536.0,237.0,620.0,353.0,578,295,Nenhuma,0.8
33,2.520430764530665,1,407.0,128.0,496.0,299.0,451,213,Nenhuma,0.8
33,2.520430764530665,2,0.6196290324900673,94.0,76.32812681460712,246.0,38,170,Nenhuma,0.8
33,2.520430764530665,3,114.0,56.0,171.0,147.0,142,101,Nenhuma,0.8
33,2.520430764530665,4,536.0,237.0,620.0,353.0,578,295,Nenhuma,0.8
36,2.749560834033453,1,407.0,128.0,496.0,299.0,451,213,Nenhuma,0.8
36,2.749560834033453,2,0.6472301403521996,94.0,76.29908185385011,246.0,38,170,Nenhuma,0.8
36,2.749560834033453,3,114.0,56.0,171.0,147.0,142,101,Nenhuma,0.8
36,2.749560834033453,4,536.0,237.0,620.0,353.0,578,295,Nenhuma,0.8
39,2.9786909035362408,1,407.3750709469442,128.0,496.29254266338916,299.0,451,213,Nenhuma,0.8
39,2.9786909035362408,2,0.6760688271662829,94.0,76.27412288811647,246.0,38,170,Nenhuma,0.8
39,2.9786909035362408,3,114.0,56.0,171.0,147.0,142,101,Nenhuma,0.8
39,2.9786909035362408,4,536.2768489487314,236.33238638966674,621.0583782719352,354.33522722066664,578,295,Nenhuma,0.8
42,3.2078209730390284,1,410.2399469889622,124.003882135168,499.67116479799165,298.33398035586134,454,211,Nenhuma,0.8
42,3.2078209730390284,2,0.12269075602947765,94.0,75.5007062157085,246.0,37,170,Nenhuma,0.8
42,3.2078209730390284,3,114.01054340087965,56.0,171.655476243259,148.33203928827734,142,102,Nenhuma,0.8
42,3.2078209730390284,4,523.3202997432523,226.82612804434598,614.6724072632633,354.83151919864974,568,290,Nenhuma,0.8
45,3.4369510425418164,1,409.6782654671238,117.89977060490335,502.55401697266274,303.362384173893,456,210,Nenhuma,0.8
45,3.4369510425418164,2,1.4102402696615997,100.64813500078718,73.71992930693487,246.0,37,173,Nenhuma,0.8
45,3.4369510425418164,3,114.3406448888932,56.66083186572457,171.5735942732187,148.16764645849935,142,102,Nenhuma,0.8
45,3.4369510425418164,4,506.06499775983616,223.29647297244966,599.7305662461042,355.01371867116757,552,289,Nenhuma,0.8
48,3.666081112044604,1,414.87542215761334,113.04162779853117,496.91896188205544,278.7877790655062,455,195,Nenhuma,0.8
48,3.666081112044604,2,4.424623037251813,107.22910039973127,74.58923412396828,246.6762937290408,39,176,Nenhuma,0.8
48,3.666081112044604,3,114.25850420099837,56.9122990940616,171.74651658989333,148.76249587015354,143,102,Nenhuma,0.8
48,3.666081112044604,4,490.8621225085025,223.23509686729392,584.0710941901393,355.077008029332,537,289,Nenhuma,0.8
48,3.666081112044604,6,404.5775941596482,212.45657054347072,469.96143876908303,333.0690347213495,437,272,Nenhuma,0.8
51,3.8952111815473915,1,414.1893377276551,111.15731340773011,483.6158644022437,247.3964056335965,448,179,Nenhuma,0.8
51,3.8952111815473915,2,6.081473626736759,114.3513328091291,73.00046462483337,246.24309087207777,39,180,Nenhuma,0.8
51,3.8952111815473915,3,114.19739240787706,57.00339979644679,171.17599519285156,147.65614302335499,142,102,Nenhuma,0.8
51,3.8952111815473915,4,473.631937797167,221.97097074902837,567.25561940016,354.44014249045307,520,288,Nenhuma,0.8
51,3.8952111815473915,6,390.06564087812404,204.53597592023664,457.08829639456206,328.087327170825,423,266,Nenhuma,0.8
54,4.124341251050179,1,414.10711402357316,111.3329044481577,488.6690210341645,260.78960261023184,451,186,Nenhuma,0.8
54,4.124341251050179,2,8.669813475400879,118.23748336194893,73.85898076148825,246.08154040128034,41,182,Nenhuma,0.8
54,4.124341251050179,3,114.12581534622127,56.36802755586148,171.66991709315315,147.8955190231554,142,102,Nenhuma,0.8
54,4.124341251050179,4,454.6376819209848,220.2282801150306,548.6973028292093,352.23092714175255,501,286,Nenhuma,0.8
54,4.124341251050179,6,379.07961322704733,197.78957218371508,449.4846688930934,328.2416661234065,414,263,Nenhuma,0.8
57,4.353471320552967,1,410.15170011239604,113.96723646940549,486.1466038956489,269.2085112524944,448,191,Nenhuma,0.8
57,4.353471320552967,2,9.32136565291811,118.84453677909724,74.41890394824284,246.02371055078618,41,182,Nenhuma,0.8
57,4.353471320552967,3,114.00300365961616,56.78981666850875,171.94889594010417,148.64385316726816,142,102,Nenhuma,0.8
57,4.353471320552967,4,436.1355715793953,216.9889911786598,530.2718782439665,348.75763701589926,483,282,Nenhuma,0.8
57,4.353471320552967,6,366.5147341802312,190.08744915967895,439.12107995561473,325.6670991334747,402,257,Nenhuma,0.8
60,4.582601390055755,1,405.75345753342265,111.08270259724408,478.1615544179833,260.04454748019924,441,185,Nenhuma,0.8
60,4.582601390055755,2,9.236843262192963,116.9473412719414,75.5906440317325,246.6804943374184,42,181,Nenhuma,0.8
60,4.582601390055755,3,114.47569201894837,56.28819102026329,172.85391232784488,148.92455182523054,143,102,Nenhuma,0.8
60,4.582601390055755,4,403.86689496786926,208.5858547711489,505.00436551284434,350.06766689822837,454,279,Nenhuma,0.8
60,4.582601390055755,6,350.3507677404217,183.42735174138866,422.0123621883462,316.7030020876093,386,250,Nenhuma,0.8
60,4.582601390055755,10,302.3069664924363,9.470390571568984,354.77876165245357,94.98285437102201,328,52,Nenhuma,0.8
63,4.811731459558542,1,403.0692364251176,110.0104137298799,469.9882628993328,245.7321590012244,436,177,Nenhuma,0.8
63,4.811731459558542,2,9.48062492472966,116.19308212204801,76.3868109815248,246.91907204757297,42,181,Nenhuma,0.8
63,4.811731459558542,3,114.4726501772383,56.09710018732814,172.71462814371597,148.3667694190588,143,102,Nenhuma,0.8
63,4.811731459558542,4,378.9086661454784,204.8376028764848,484.4552947727573,353.114995515474,431,278,Nenhuma,0.8
63,4.811731459558542,6,341.11931171479694,181.27312968749757,411.13998250929876,312.1468807160154,376,246,Nenhuma,0.8
63,4.811731459558542,10,302.0356730372985,8.32100149514578,352.907649880816,91.8954654480466,327,50,Nenhuma,0.8
66,5.04086152906133,1,405.42759059259237,107.59498633608703,468.6362696246008,232.23104397572249,437,169,Nenhuma,0.8
66,5.04086152906133,2,9.0935313427576,115.17772640554865,76.46492375728843,247.00522406086168,42,181,Nenhuma,0.8
66,5.04086152906133,3,114.62291112003597,56.02466356346083,172.50131296172714,147.48756463536026,143,101,Nenhuma,0.8
66,5.04086152906133,4,366.7321349958345,202.4248041811715,474.0260684894246,353.15691985305006,420,277,Nenhuma,0.8
66,5.04086152906133,6,329.2124085954619,175.97448828658986,399.7734378925372,307.8582111396136,364,241,Nenhuma,0.8
66,5.04086152906133,10,301.74000094073,7.963164568534275,351.72031028839456,90.92749845299497,326,49,Nenhuma,0.8
69,5.269991598564118,1,402.5435016491986,103.29427512605318,479.07162591607585,255.15577310589495,440,179,Nenhuma,0.8
69,5.269991598564118,2,9.473762210304827,115.41324741953258,76.6035596884836,247.03375971223363,43,181,Nenhuma,0.8
69,5.269991598564118,3,114.35398552704324,56.661368483851845,172.0762603742416,147.8162982333624,143,102,Nenhuma,0.8
69,5.269991598564118,4,336.8396708628871,205.30284190190218,442.58360564075826,353.8054251377895,389,279,Nenhuma,0.8
69,5.269991598564118,6,317.3055054855187,170.67584688568215,388.40689326638375,303.5695415632118,352,237,Nenhuma,0.8
69,5.269991598564118,10,301.2499824957238,7.8684282071433955,351.01409828450096,91.38905129031909,326,49,Nenhuma,0.8
69,5.269991598564118,12,467.37159756779124,205.23092248852055,567.1805768168692,355.7549507929109,517,280,Nenhuma,0.8
72,5.499121668066906,1,403.3356416637762,101.22693898223994,484.94930154095766,263.47824368168517,444,182,Nenhuma,0.8
72,5.499121668066906,2,8.758208698608811,112.79870370924324,76.82162137944786,247.04061096012032,42,179,Nenhuma,0.8
72,5.499121668066906,3,113.87971719047202,55.57580743501452,172.28522928190952,147.94051815182192,143,101,Nenhuma,0.8
72,5.499121668066906,4,324.05376367849897,193.0927373444481,433.0762844550036,348.61938921839976,378,270,Nenhuma,0.8
72,5.499121668066906,6,305.3986023849674,165.37720548477444,377.0403486308385,299.28087198681,341,232,Nenhuma,0.8
72,5.499121668066906,10,301.66561861494074,7.854353825171415,350.9137443375127,91.59302163788796,326,49,Nenhuma,0.8
72,5.499121668066906,12,451.08657095155854,202.77336596406207,553.8879349814893,356.7358500821986,502,279,Nenhuma,0.8
75,5.7282517375696935,1,403.8461152468183,99.18055381864667,487.9472407096566,267.02439388128505,445,183,Nenhuma,0.8
75,5.7282517375696935,2,8.587546052046363,111.14086661225534,76.78806064362138,246.3816778279345,42,178,Nenhuma,0.8
75,5.7282517375696935,3,114.35337428164067,56.4851554318201,171.71061247714073,147.32854079695153,143,101,Nenhuma,0.8
75,5.7282517375696935,4,320.98658906433764,200.99663755682505,425.59345850445334,351.2929063026911,373,276,Nenhuma,0.8
75,5.7282517375696935,10,302.04229763370336,7.865610359167306,350.6798534221087,91.69985723329877,326,49,Nenhuma,0.8
75,5.7282517375696935,12,438.60588815783814,196.162159711715,545.4887159584097,356.3154480851752,492,276,Nenhuma,0.8
78,5.9573818070724815,1,406.51288378493024,97.15007695872093,491.20411220384824,267.7996070988996,448,182,Nenhuma,0.8
78,5.9573818070724815,2,8.884163718489255,111.44028129973944,76.93160419458255,246.37754482908016,42,178,Nenhuma,0.8
78,5.9573818070724815,3,113.99799136060503,56.17194331731652,171.36181620555425,147.09370473088825,142,101,Nenhuma,0.8
78,5.9573818070724815,4,318.7102085514362,202.32636283799053,422.47833818099645,353.0364391571612,370,277,Nenhuma,0.8
78,5.9573818070724815,10,302.40091590290507,7.882390458810498,350.3938740916653,91.76327196051705,326,49,Nenhuma,0.8
78,5.9573818070724815,12,430.81220672133895,195.32484930103095,538.0000021750462,356.15408004060146,484,275,Nenhuma,0.8
81,6.18651187657527,1,408.0789139152596,91.89726784581171,492.6095144680556,264.8563164268923,450,178,Nenhuma,0.8
81,6.18651187657527,2,6.294461876895603,96.35514910888773,80.54137452167635,246.08238547344948,43,171,Nenhuma,0.8
81,6.18651187657527,3,114.87409371601018,58.040109197304936,170.88544602895217,146.34619594861215,142,102,Nenhuma,0.8
81,6.18651187657527,4,312.3988527388484,199.60538746876625,417.64227661239073,355.6540910690178,365,277,Nenhuma,0.8
81,6.18651187657527,10,302.7002658661139,7.898592569060689,350.8137991079574,93.15945646099803,326,50,Nenhuma,0.8
81,6.18651187657527,12,424.32989332493366,200.67482479479744,528.4271358747844,356.7743832031498,476,278,Nenhuma,0.8
84,6.415641946078057,1,408.00645177044174,86.03983030441307,489.28123782755347,254.6363869529388,448,170,Nenhuma,0.8
84,6.415641946078057,2,6.75539788523519,95.66450801035198,80.36292754225735,246.01680553590313,43,170,Nenhuma,0.8
84,6.415641946078057,3,114.94963111316417,58.07915875044162,170.96485184612197,146.0662757909196,142,102,Nenhuma,0.8
84,6.415641946078057,4,307.3966856528434,196.03028518955216,412.50887440947815,356.6409129564421,359,276,Nenhuma,0.8
84,6.415641946078057,10,302.8518206939789,7.911480760303682,350.936780386698,94.35313046086944,326,51,Nenhuma,0.8
84,6.415641946078057,12,419.5346932177466,207.6020306287446,519.574654219363,356.3033286758873,469,281,Nenhuma,0.8
87,6.644772015580845,1,409.4589798544792,82.53888871813425,487.1198651772396,245.37690649407736,448,163,Nenhuma,0.8
87,6.644772015580845,2,7.579114200116507,98.70367287703976,78.97813706270615,245.99276453575038,43,172,Nenhuma,0.8
87,6.644772015580845,3,114.91868193001338,58.0870041102507,171.053254966053,145.96829114107027,142,102,Nenhuma,0.8
87,6.644772015580845,4,305.94987291456533,190.18043273431297,412.03274463482006,356.36779987659247,358,273,Nenhuma,0.8
87,6.644772015580845,10,303.28272540178136,7.92277279569069,350.6146553371827,94.14030320868123,326,51,Nenhuma,0.8
87,6.644772015580845,12,416.0676103813694,212.22496415843858,514.3766590424402,356.8167961425985,465,284,Nenhuma,0.8
90,6.873902085083633,1,412.11328535417465,80.65475918259806,487.5016779998969,239.91158081774444,449,160,Nenhuma,0.8
90,6.873902085083633,2,4.940612211951098,100.58682811331751,76.11222270373187,246.64357595822202,40,173,Nenhuma,0.8
90,6.873902085083633,3,115.02322610673951,58.247948669419024,170.95678270574751,145.8145091168125,142,102,Nenhuma,0.8
90,6.873902085083633,4,312.0618966950207,193.1121570073953,414.8058545696354,356.24938948030945,363,274,Nenhuma,0.8
90,6.873902085083633,10,303.629224156152,8.599012897162574,350.31348258959116,94.72262481009639,326,51,Nenhuma,0.8
90,6.873902085083633,12,413.4416002830607,207.62472976653828,516.1263181430334,356.9937428214497,464,282,Nenhuma,0.8
93,7.10303215458642,1,415.8430768122813,80.71476791164785,491.54239919266814,241.27022379984186,453,160,Nenhuma,0.8
93,7.10303215458642,2,3.7649121963490657,100.005505408369,75.86669597947414,246.88917308681374,39,173,Nenhuma,0.8
93,7.10303215458642,3,113.7575025529787,55.73645409884203,171.4559614818255,145.9267037989871,142,100,Nenhuma,0.8
93,7.10303215458642,4,314.64559064894775,185.22332511386065,421.27138330608165,357.4951355021998,367,271,Nenhuma,0.8
93,7.10303215458642,10,303.93070132956495,8.857052618854631,350.0316700006146,94.93953682728383,326,51,Nenhuma,0.8
93,7.10303215458642,12,411.92629375002775,199.94610552292696,520.4043417857837,357.0525023480168,466,278,Nenhuma,0.8
96,7.332162224089208,1,419.01496001488755,80.80923900281365,497.1600416191425,247.76768420803492,458,164,Nenhuma,0.8
96,7.332162224089208,2,3.3168533366160773,85.3690777637551,84.3177949338722,248.94900064061738,43,167,Nenhuma,0.8
96,7.332162224089208,3,114.64967838996292,57.88089285282573,171.0657680722559,145.2643433889087,142,101,Nenhuma,0.8
96,7.332162224089208,4,317.4116895610473,182.3050968730378,424.6449413977013,357.31569765443703,371,269,Nenhuma,0.8
96,7.332162224089208,10,304.5781052641063,9.61839692160747,350.0573885858859,95.68074978746,327,52,Nenhuma,0.8
96,7.332162224089208,12,411.7366662804788,193.7916173627754,524.0282725531281,356.4129089019798,467,275,Nenhuma,0.8
99,7.561292293591996,1,424.13261435577954,80.24963601550192,496.60250962603556,233.34228840451524,460,156,Nenhuma,0.8
99,7.561292293591996,2,2.4631029475022572,93.20818651027956,79.29774594336945,247.8176393232032,40,170,Nenhuma,0.8
99,7.561292293591996,3,114.73858555353684,57.99541565279359,170.96269993769897,145.08146777511575,142,101,Nenhuma,0.8
99,7.561292293591996,4,324.0197185358303,178.6655798193417,428.7820980074258,354.0005034924394,376,266,Nenhuma,0.8
99,7.561292293591996,10,304.8391526862207,9.240961053747853,350.0508119349373,95.9547463485915,327,52,Nenhuma,0.8
99,7.561292293591996,12,410.51119606362874,193.41028367051425,522.4885128166582,356.16025168130625,466,274,Nenhuma,0.8
102,7.790422363094783,1,425.1075929946939,78.14247434369227,493.87553065325113,221.51149797682015,459,149,Nenhuma,0.8
102,7.790422363094783,2,2.209469708745843,97.32888894307065,77.04072885703985,247.3210269172809,39,172,Nenhuma,0.8
102,7.790422363094783,3,113.22251445972175,55.66488491925984,169.5657691433741,143.40590684190795,141,99,Nenhuma,0.8
102,7.790422363094783,4,318.58073494668815,176.12358862351152,424.8517424107617,353.9840937104656,371,265,Nenhuma,0.8
102,7.790422363094783,10,305.107096494937,9.09603299676533,349.87693968945916,96.05095132408107,327,52,Nenhuma,0.8
102,7.790422363094783,12,410.296403470779,192.67428877128702,520.8007475192734,354.74222511965866,465,273,Nenhuma,0.8
105,8.019552432597571,1,422.45056672668585,75.41054865224106,491.00180999810146,219.41944372850202,456,147,Nenhuma,0.8
105,8.019552432597571,2,1.6291141199441412,99.56764502364511,76.02449486445457,248.4597725990282,38,174,Nenhuma,0.8
105,8.019552432597571,3,112.99963592495179,55.16708838963347,169.14993457622654,143.02018883303455,141,99,Nenhuma,0.8
105,8.019552432597571,4,313.14175708691016,173.58159742768137,420.9213810847333,353.96768392849174,367,263,Nenhuma,0.8
105,8.019552432597571,10,304.9880237146327,9.039606652429171,349.3687024130415,96.07978892833955,327,52,Nenhuma,0.8
105,8.019552432597571,12,410.50186777976774,193.77027430633368,519.5940112513842,355.522950674908,465,274,Nenhuma,0.8
108,8.248682502100358,1,419.66796908032774,73.1510387901016,489.7955439941026,222.78094905600085,454,147,Nenhuma,0.8
108,8.248682502100358,2,1.817900013285886,101.07613664705971,75.91587261840121,248.87893642750188,38,174,Nenhuma,0.8
108,8.248682502100358,3,111.20569765026697,54.32998167808095,167.40666726141234,142.88958027358078,139,98,Nenhuma,0.8
108,8.248682502100358,4,307.7027849564963,171.03960623185122,416.9910140293408,353.9512741465179,362,262,Nenhuma,0.8
108,8.248682502100358,10,305.06060476064215,9.017511886053136,349.0566948606637,96.08365192139337,327,52,Nenhuma,0.8
108,8.248682502100358,12,410.7476387235042,198.85349402277035,516.6530084761256,356.48331066660296,463,277,Nenhuma,0.8
108,8.248682502100358,18,184.29704972800226,33.99999999999999,244.05700744286247,160.18387430737627,214,97,Nenhuma,0.8
111,8.477812571603147,1,421.157902562426,71.0547402760756,485.5016301259612,208.95084079398413,453,140,Nenhuma,0.8
111,8.477812571603147,2,1.8374502422522951,100.99211064165087,75.94310642294215,248.3674305740492,38,174,Nenhuma,0.8
111,8.477812571603147,3,109.96043079599752,53.36442259058614,164.70685781692248,140.21330177686397,137,96,Nenhuma,0.8
111,8.477812571603147,10,304.9077618555662,8.348132765013041,349.1196463956237,96.7394018444119,327,52,Nenhuma,0.8
111,8.477812571603147,12,412.7894404441551,205.5023460992191,514.617300548292,356.8506257303128,463,281,Nenhuma,0.8
111,8.477812571603147,18,188.3464774796783,33.99999999999999,248.75868754520596,159.8824923307395,218,96,Nenhuma,0.8
114,8.706942641105934,1,425.57710581312756,70.38837775757355,477.8888640035998,178.9944261676481,451,124,Nenhuma,0.8
114,8.706942641105934,2,0.42333979402751964,97.65544572572493,76.06544652776094,248.16774375229141,38,172,Nenhuma,0.8
114,8.706942641105934,3,108.8700197535377,53.00918602131352,160.99969670764682,135.88029287389142,134,94,Nenhuma,0.8
114,8.706942641105934,10,304.4100892916965,8.096579736759814,348.9281508844178,98.29400574338538,326,53,Nenhuma,0.8
114,8.706942641105934,12,410.45571440917075,212.04686694909483,509.2113721042533,356.984719292922,459,284,Nenhuma,0.8
114,8.706942641105934,18,190.9586515084599,33.25902145414186,253.58061420967948,161.30814436868292,222,97,Nenhuma,0.8
117,8.936072710608721,1,427.48937053294907,71.11425650869153,474.0436042409544,164.55967624261348,450,117,Nenhuma,0.8
117,8.936072710608721,2,1.0416235112508332,98.37845929068058,76.28551823030618,248.74497578881883,38,173,Nenhuma,0.8
117,8.936072710608721,3,108.41733649243056,52.2173043143706,160.38242875810167,134.28412359224407,134,93,Nenhuma,0.8
117,8.936072710608721,10,304.15344385498753,8.003316384486219,348.2709082714267,98.22363199641737,326,53,Nenhuma,0.8
117,8.936072710608721,12,406.72830313880036,220.53249275082715,500.89060595346064,357.0292859631005,453,288,Nenhuma,0.8
117,8.936072710608721,18,192.85431786651756,33.7260761883296,256.6093860526977,161.80248854169366,224,97,Nenhuma,0.8
120,9.16520278011151,1,429.21896411016417,71.40792729743545,473.246280815911,156.0959899686635,451,113,Nenhuma,0.8
120,9.16520278011151,2,3.6892161472889384,99.33460763465077,77.93329503657725,248.962472749062,40,174,Nenhuma,0.8
120,9.16520278011151,3,107.83608106797743,51.94223869762944,161.9637183988736,136.41996060548638,134,94,Nenhuma,0.8
120,9.16520278011151,10,304.4467675945068,7.971092105285727,347.6308138290577,96.86723128922623,326,52,Nenhuma,0.8
120,9.16520278011151,12,396.3263731403802,220.13398333314944,490.75288445071476,357.04007046470144,443,288,Nenhuma,0.8
120,9.16520278011151,18,192.30752091204548,33.90120733424142,257.0535315340428,161.276913583635,224,97,Nenhuma,0.8
123,9.394332849614297,1,428.85212388088837,71.55805593352893,473.1797511621164,153.89554894127167,451,112,Nenhuma,0.8
123,9.394332849614297,2,5.623161510450771,98.38808941651978,78.95935001557667,247.71749648665974,42,173,Nenhuma,0.8
123,9.394332849614297,3,100.38271876071381,51.19228432071722,172.4535406243769,166.2233298233084,136,108,Nenhuma,0.8
123,9.394332849614297,10,304.5023824670598,7.962582641296287,347.45159766953276,96.99930425310308,325,52,Nenhuma,0.8
123,9.394332849614297,12,377.5635510799568,214.55526364723278,474.8734724809815,357.04148014847567,426,285,Nenhuma,0.8
123,9.394332849614297,18,189.3505820644104,33.96637543809284,255.4623236786387,162.46457048204473,222,98,Nenhuma,0.8
123,9.394332849614297,20,462.7845554994141,226.41236077238173,549.6136218844921,345.423457379449,506,285,Nenhuma,0.8
126,9.623462919117085,1,427.13918184675754,71.63627376741549,475.49089725226617,159.94978523958082,451,115,Nenhuma,0.8
126,9.623462919117085,2,8.110026429355713,97.37826166886447,80.88250419069976,247.2433694589684,44,172,Nenhuma,0.8
126,9.623462919117085,3,102.3226005568443,50.905785375577274,178.57879828666336,174.91201458859877,140,112,Nenhuma,0.8
126,9.623462919117085,10,304.4726828498421,7.962116229878788,347.44221264862085,97.70390944053675,325,52,Nenhuma,0.8
126,9.623462919117085,12,363.7430872122517,209.84091222234912,464.41370529543866,357.03988862916964,414,283,Nenhuma,0.8
126,9.623462919117085,18,189.7081424406955,33.99020358874134,256.6234748397509,162.89208039343222,223,98,Nenhuma,0.8
126,9.623462919117085,20,453.49057749013383,224.69438297309745,550.0428040073186,357.1285922002297,501,290,Nenhuma,0.8
129,9.852592988619874,1,425.5883047775043,71.66742317315442,477.238358577282,164.6901227399229,451,118,Nenhuma,0.8
129,9.852592988619874,2,8.502167723650842,97.02400942064503,81.42118266973459,247.19103260390966,44,172,Nenhuma,0.8
129,9.852592988619874,3,104.71192648656269,50.805780686303784,182.41402215784638,178.69734182102223,143,114,Nenhuma,0.8
129,9.852592988619874,10,305.3347639926294,8.622213516274655,347.23016083687185,96.64936612122649,326,52,Nenhuma,0.8
129,9.852592988619874,12,352.37117101137335,206.70891857095432,454.53964337898236,357.03656238736687,403,281,Nenhuma,0.8
129,9.852592988619874,18,190.77473106993943,35.34788562572557,257.9523979559522,163.04114486385987,224,99,Nenhuma,0.8
129,9.852592988619874,20,449.1311065088445,223.2754318876997,550.2359241298846,361.9518457113878,499,292,Nenhuma,0.8
132,10.08172305812266,1,418.01123611637695,71.03382892612126,484.2238363891899,192.7288288983629,451,131,Nenhuma,0.8
132,10.08172305812266,2,14.023824671055834,93.81488279929712,89.39093565412786,247.80874428845138,51,170,Nenhuma,0.8
132,10.08172305812266,3,109.01412601448487,53.918217185518465,185.10339679417677,179.50357568926356,147,116,Nenhuma,0.8
132,10.08172305812266,10,306.0077024472125,10.20617781305549,346.8142343525389,96.2374533505511,326,53,Nenhuma,0.8
132,10.08172305812266,12,340.9597315814115,204.19375102287506,443.9253743327842,356.3775547900933,392,280,Nenhuma,0.8
132,10.08172305812266,18,191.6371583667341,35.17837895111534,259.8235530280003,163.08578409148822,225,99,Nenhuma,0.8
132,10.08172305812266,20,446.4795667115439,215.01930967943588,551.8821459829724,359.66985289833303,499,287,Nenhuma,0.8
132,10.08172305812266,22,433.8081730674034,131.6763358738978,499.1101864055127,247.66452323204925,466,189,Nenhuma,0.8
135,10.31085312762545,1,415.7009794796189,71.38990259432092,486.32026231015715,203.71263228459708,451,137,Nenhuma,0.8
135,10.31085312762545,2,14.830364623179129,91.71682518121544,91.05741384825299,246.60576132533237,52,169,Nenhuma,0.8
135,10.31085312762545,3,111.17656883409813,56.482942050994055,185.11840716258638,179.03261918900301,148,117,Nenhuma,0.8
135,10.31085312762545,10,306.4338333274543,11.465982871731285,346.4882534291943,96.08091436208035,326,53,Nenhuma,0.8
135,10.31085312762545,12,332.31173072463025,202.58546665711282,435.5278536715595,356.7788173416868,383,279,Nenhuma,0.8
135,10.31085312762545,18,191.91453366606277,35.10834330983612,261.08301608227805,163.09380289487092,226,99,Nenhuma,0.8
135,10.31085312762545,20,448.4979939682653,207.8661886367836,556.26753075272,357.48025438292257,502,282,Nenhuma,0.8
135,10.31085312762545,22,443.6401389476701,128.68452674709266,507.6773798510394,242.69992148372572,475,185,Nenhuma,0.8
138,10.539983197128237,1,413.3821521216038,71.58634392641207,487.9338429755288,214.7227521208509,450,143,Nenhuma,0.8
138,10.539983197128237,2,14.809646129148916,90.31225046595948,90.61329763175704,244.19633796713828,52,167,Nenhuma,0.8
138,10.539983197128237,3,110.83378100913147,56.54580192999346,186.47595371840225,181.91376850852248,148,119,Nenhuma,0.8
138,10.539983197128237,10,307.265333664181,11.925285692457209,346.36416536670424,94.68639791125763,326,53,Nenhuma,0.8
138,10.539983197128237,12,326.04695479535377,204.60899828145023,427.3389884631777,356.9322274189344,376,280,Nenhuma,0.8
138,10.539983197128237,18,178.53339066461794,33.741614095488444,246.19967287409838,163.08886492892458,212,98,Nenhuma,0.8
138,10.539983197128237,20,450.36173861025117,198.68496142415518,556.0929702724512,347.2130399089964,503,272,Nenhuma,0.8
138,10.539983197128237,22,452.90882802686144,126.25696213926359,516.1803872188387,239.99934893137765,484,183,Nenhuma,0.8
141,10.769113266631024,1,413.930059589298,71.68156842076029,487.725940079977,216.0368312842716,450,143,Nenhuma,0.8
141,10.769113266631024,2,13.123347290420242,89.15145838199442,86.09984875998792,239.3301802099724,49,164,Nenhuma,0.8
141,10.769113266631024,3,112.62929012856668,56.147393505705516,186.2071292494444,180.40329693982898,149,118,Nenhuma,0.8
141,10.769113266631024,10,307.7017457413271,11.412044751096019,346.86296381044707,94.839712638965,327,53,Nenhuma,0.8
141,10.769113266631024,12,320.960973139697,207.39459735363914,420.3039357237588,356.99003071579216,370,282,Nenhuma,0.8
141,10.769113266631024,18,170.5982599452575,33.22790581129705,236.1903796128093,162.4178988274025,203,97,Nenhuma,0.8
141,10.769113266631024,20,455.08291769112054,191.20237389207762,554.9807376051881,332.18918153014897,505,261,Nenhuma,0.8
141,10.769113266631024,22,456.26585630832807,120.54763889241735,516.6669359264691,229.8519942103377,486,175,Nenhuma,0.8
144,10.998243336133813,1,414.13196993308674,72.37829415353234,487.6756851809605,218.975414789004,450,145,Nenhuma,0.8
144,10.998243336133813,2,12.51031829966837,89.41550336989181,83.60911359819121,238.16671189448866,48,163,Nenhuma,0.8
144,10.998243336133813,3,114.36199399814146,56.0575097012663,185.60252977942483,178.31938539227596,149,117,Nenhuma,0.8
144,10.998243336133813,10,307.79186613893455,11.214504717652424,347.1135416880734,95.56509093104296,327,53,Nenhuma,0.8
144,10.998243336133813,12,318.1672244446708,209.12272144174358,416.5071893782204,357.01025009026876,367,283,Nenhuma,0.8
144,10.998243336133813,18,164.69932382565693,36.35576518434726,224.7120292991342,158.83864589547517,194,97,Nenhuma,0.8
144,10.998243336133813,20,464.4987682502514,184.45434767540772,559.1867514324871,317.8202787881148,511,251,Nenhuma,0.8
144,10.998243336133813,22,454.26740983670294,114.39789973007177,514.7837109904266,224.89717632148268,484,169,Nenhuma,0.8
147,11.2273734056366,1,415.14718192835295,72.02561708249844,488.0019108489445,219.40200957104042,451,145,Nenhuma,0.8
147,11.2273734056366,2,12.857477141640175,88.64505789795055,83.9093364027624,237.29830407295202,48,162,Nenhuma,0.8
147,11.2273734056366,3,116.69404465386673,55.368592788318296,186.93950193848224,178.83057275726884,151,117,Nenhuma,0.8
147,11.2273734056366,10,307.5155670309599,11.132520483482885,346.85062001512495,95.84135538833945,327,53,Nenhuma,0.8
147,11.2273734056366,12,318.0361538545874,210.43149683833138,414.74257176003323,356.3520384694658,366,283,Nenhuma,0.8
147,11.2273734056366,18,162.6240810502486,36.61860053583206,222.32401989762178,158.46317177150223,192,97,Nenhuma,0.8
147,11.2273734056366,20,474.26424167313814,170.7382412403815,564.8691004227301,299.4101159082536,519,235,Nenhuma,0.8
147,11.2273734056366,22,459.17477024935874,110.98673095625233,519.8082526959423,221.69998128242463,489,166,Nenhuma,0.8
150,11.456503475139387,1,415.44609440205085,69.32902625311353,488.87756593383284,220.110505727018,452,144,Nenhuma,0.8
150,11.456503475139387,2,13.204635909240963,87.87461242600929,84.20955928170461,236.42989625141539,48,162,Nenhuma,0.8
150,11.456503475139387,3,116.71014471991649,55.10955231465657,185.67023796889077,178.96759480537304,151,117,Nenhuma,0.8
150,11.456503475139387,10,307.69265138130356,10.433255316994561,347.1244569910443,95.94698750580484,327,53,Nenhuma,0.8
150,11.456503475139387,12,318.3516010709611,210.91347209680617,414.28090545277547,356.10446221463275,366,283,Nenhuma,0.8
150,11.456503475139387,18,160.5488381944819,36.881435887316854,219.9360105764677,158.0876976475293,190,97,Nenhuma,0.8
150,11.456503475139387,20,479.36992774120546,165.09847553070904,567.6615994162166,291.0605316056777,523,228,Nenhuma,0.8
150,11.456503475139387,22,464.08213066990066,107.57556218243292,524.8327943935718,218.50278624336664,494,163,Nenhuma,0.8
153,11.685633544642176,1,415.8687212665725,71.49566048939808,487.6298893777419,220.95117457350716,451,146,Nenhuma,0.8
153,11.685633544642176,2,13.551794602470729,87.10416695406803,84.50978223501784,235.56148842987875,49,161,Nenhuma,0.8
153,11.685633544642176,3,116.72977170150318,55.03409123501281,186.71058686833527,180.7260382591516,151,117,Nenhuma,0.8
153,11.685633544642176,10,307.584042269382,10.824529350266971,346.7399354155539,95.98662563568402,327,53,Nenhuma,0.8
153,11.685633544642176,12,319.63171063662884,211.08139551566296,415.40739562914126,356.67846583238054,367,283,Nenhuma,0.8
153,11.685633544642176,18,158.4735952583568,37.14427123880165,217.548001335672,157.71222352355636,188,97,Nenhuma,0.8
153,11.685633544642176,20,487.8454989576042,158.54484465738182,574.1420435982961,282.60378007516533,530,220,Nenhuma,0.8
153,11.685633544642176,22,468.9894910983287,104.16439340861348,529.8573360833153,215.30559120430866,499,159,Nenhuma,0.8
156,11.914763614144963,1,415.5497260343587,71.07588898756944,486.9720562169497,221.82205858843872,451,146,Nenhuma,0.8
156,11.914763614144963,3,111.88060212714876,54.990391695992976,179.18391721365663,177.50604557937427,145,116,Nenhuma,0.8
156,11.914763614144963,10,305.61905233254333,8.985389581659646,344.54142469722154,93.35382822623554,325,51,Nenhuma,0.8
156,11.914763614144963,12,321.36570643518104,211.1323496747883,416.96220534041936,356.8947792759973,369,284,Nenhuma,0.8
156,11.914763614144963,20,493.75221117452514,154.3094926245292,579.1656576364654,279.46520463670055,536,216,Nenhuma,0.8
159,12.14389368364775,1,415.53175112821765,70.27611515603935,486.61622918912434,222.7300803083187,451,146,Nenhuma,0.8
159,12.14389368364775,3,104.61343392368306,54.29723878843799,172.7989708707659,178.2511437709656,138,116,Nenhuma,0.8
159,12.14389368364775,10,303.32781183951664,10.944684429791316,339.9532573773771,89.70737668685791,321,50,Nenhuma,0.8
159,12.14389368364775,12,322.9382867791383,211.13970137297693,418.3220877937325,356.97568969671306,370,284,Nenhuma,0.8
159,12.14389368364775,20,495.85480327884125,148.95852351152269,579.7501702193865,274.4063680168863,537,211,Nenhuma,0.8
162,12.37302375315054,1,416.220300313313,69.97738425427472,486.4346303556081,223.00498926726027,451,146,Nenhuma,0.8
162,12.37302375315054,2,23.25281696936294,87.78378587258011,92.60136410551729,237.65997220213166,57,162,Nenhuma,0.8
162,12.37302375315054,3,96.93796640421895,55.367795518958516,166.51189341790598,179.81661786101353,131,117,Nenhuma,0.8
162,12.37302375315054,10,302.9422504617789,11.053065998895661,339.21406363040165,89.05548551522135,321,50,Nenhuma,0.8
162,12.37302375315054,12,325.06929251028885,211.79381041702172,419.5938763988265,356.34285784682413,372,284,Nenhuma,0.8
162,12.37302375315054,20,497.9552330963049,146.48046557585153,579.17432331901,269.9299204497695,538,208,Nenhuma,0.8
165,12.602153822653326,1,416.0600766124709,69.22418200313076,485.4953654215256,222.38145259806282,450,145,Nenhuma,0.8
165,12.602153822653326,2,26.337731946151244,89.1507078243822,92.3134234850196,235.6854826890837,59,162,Nenhuma,0.8
165,12.602153822653326,3,92.31770250995655,57.09042729519498,163.2656084089242,181.02374036810193,127,119,Nenhuma,0.8
165,12.602153822653326,10,296.4345810298098,7.848382780576998,335.0182595466249,88.8784124320027,315,48,Nenhuma,0.8
165,12.602153822653326,12,324.69031958497266,212.6942551823692,418.88767014273037,356.76703486416056,371,284,Nenhuma,0.8
165,12.602153822653326,20,500.5034875783914,145.78774571037707,580.3537911139524,268.33960937717677,540,207,Nenhuma,0.8
168,12.831283892156113,1,416.33971980807974,69.59912523454197,484.1426946768693,220.76441322682172,450,145,Nenhuma,0.8
168,12.831283892156113,2,28.073774859169333,88.27405461668535,92.17580443615482,234.35562680234466,60,161,Nenhuma,0.8
168,12.831283892156113,3,90.27484904278032,57.265830690121845,161.83625324969643,182.27124642134996,126,119,Nenhuma,0.8
168,12.831283892156113,10,296.757204321135,7.861283775060848,335.0079040925641,85.40157647975201,315,46,Nenhuma,0.8
168,12.831283892156113,12,320.19556198136536,214.34650449457007,413.24126761112484,356.92673760529794,366,285,Nenhuma,0.8
168,12.831283892156113,20,503.3398897282652,145.7262760762311,582.0996781071175,267.19199715911964,542,206,Nenhuma,0.8
171,13.060413961658902,1,417.1619609666813,69.10190158884335,482.9147747466541,216.7856393374745,450,142,Nenhuma,0.8
171,13.060413961658902,2,29.186537890344376,87.96325580314942,91.58557177185924,233.8876968048943,60,160,Nenhuma,0.8
171,13.060413961658902,3,88.23199769046613,57.44123408504872,160.40689597560663,183.518752474598,124,120,Nenhuma,0.8
171,13.060413961658902,10,297.02952495493145,7.201108496125798,336.29723409714165,84.15438697962983,316,45,Nenhuma,0.8
171,13.060413961658902,12,318.9479563190078,214.9517364820424,412.23090650600693,357.65141672895834,365,286,Nenhuma,0.8
171,13.060413961658902,20,505.60064564658,145.89025427962076,583.4168060413767,266.2079541045938,544,206,Nenhuma,0.8
174,13.28954403116169,1,418.5353171109288,69.58800107064891,482.72283864448593,214.55138746496843,450,142,Nenhuma,0.8
174,13.28954403116169,2,29.59387196633693,86.53491969319516,91.29771567464823,234.40147544762908,60,160,Nenhuma,0.8
174,13.28954403116169,3,86.18914845301398,57.616637479975594,158.97753658665476,184.766258527846,122,121,Nenhuma,0.8
174,13.28954403116169,10,294.59264160780504,9.649786774627259,332.6542497680208,81.0541611628108,313,45,Nenhuma,0.8
174,13.28954403116169,12,320.0490690726268,215.82209307528603,413.8111102005955,357.9197712050276,366,286,Nenhuma,0.8
174,13.28954403116169,20,504.2553868974935,146.11618347618096,580.6488859127649,263.9491234472258,542,205,Nenhuma,0.8
177,13.518674100664477,1,420.6103841615216,69.118639638718,485.0858952954097,214.34653445329155,452,141,Nenhuma,0.8
177,13.518674100664477,2,29.666347652494228,86.67273350593096,89.88996204810834,233.95607819812614,59,160,Nenhuma,0.8
177,13.518674100664477,10,289.9414036341847,10.590383241162392,328.235643266906,80.63674038044684,309,45,Nenhuma,0.8
177,13.518674100664477,12,319.85749628880654,216.1284123381535,413.8963697968934,357.35232137526407,366,286,Nenhuma,0.8
177,13.518674100664477,20,500.00853540899806,146.35894124584877,575.8361180357209,263.8710020866164,537,205,Nenhuma,0.8
180,13.747804170167266,1,424.13573154918424,70.27283885659446,489.16089827894757,214.25463212915665,456,142,Nenhuma,0.8
180,13.747804170167266,2,30.343469329872097,86.74607464940959,89.29644856193669,233.80917758360204,59,160,Nenhuma,0.8
180,13.747804170167266,10,288.1182479220712,14.31553607497559,326.2713250289968,84.60333107883807,307,49,Nenhuma,0.8
180,13.747804170167266,12,318.4113058361338,215.55674629919602,413.4865363102509,357.1347860109868,365,286,Nenhuma,0.8
180,13.747804170167266,20,498.01989169880846,143.23474542490868,573.7046870739572,261.9316798301005,535,202,Nenhuma,0.8
183,13.976934239670053,1,426.60452305987536,72.04648646842834,491.5418893660395,213.54015322477852,459,142,Nenhuma,0.8
183,13.976934239670053,2,30.86692408043573,86.78953089707095,88.75422148562129,233.77354514004196,59,160,Nenhuma,0.8
183,13.976934239670053,3,99.88770867488608,59.86096475223356,170.24871901564075,177.86160170486912,135,118,Nenhuma,0.8
183,13.976934239670053,10,287.6781673140622,13.633825833715782,326.78851018208144,86.06620651073109,307,49,Nenhuma,0.8
183,13.976934239670053,12,317.72495003482834,215.98736852462685,412.96086684768244,357.05194892801615,365,286,Nenhuma,0.8
183,13.976934239670053,20,495.249892949421,139.51620452622058,570.26720827316,259.95694139869863,532,199,Nenhuma,0.8
186,14.20606430917284,1,426.09471509838266,71.38632070415537,492.49406457861863,213.92241335659685,459,142,Nenhuma,0.8
186,14.20606430917284,2,32.13565305278017,86.81960406930934,88.09545394307754,230.46964944720884,60,158,Nenhuma,0.8
186,14.20606430917284,3,101.5665672823568,59.33914355129426,173.3149565999256,177.34984682119747,137,118,Nenhuma,0.8
186,14.20606430917284,10,288.12259119115794,16.01573437205191,326.458421328511,86.61416858271207,307,51,Nenhuma,0.8
186,14.20606430917284,12,317.8811815789233,217.4600738475816,412.4983721296035,357.02004399161626,365,287,Nenhuma,0.8
186,14.20606430917284,20,492.7276168163152,135.57687285544537,567.1323874577931,257.9685752894088,529,196,Nenhuma,0.8
189,14.435194378675629,1,422.0119888987279,69.15506541460859,490.0786572708231,214.0568103248712,456,141,Nenhuma,0.8
189,14.435194378675629,2,32.51909628029301,85.510553955019,87.89393585632942,229.23929242392643,60,157,Nenhuma,0.8
189,14.435194378675629,3,102.60046234722486,59.8579453254035,174.37913755181728,175.86614256505416,138,117,Nenhuma,0.8
189,14.435194378675629,10,292.69978826526005,16.229510965705792,332.161685448594,87.50797378533969,312,51,Nenhuma,0.8
189,14.435194378675629,12,317.3289524162963,217.33076624199032,412.4131200209378,357.0077569622871,364,287,Nenhuma,0.8
189,14.435194378675629,20,491.44436841667897,130.24727752953916,564.9584242147647,254.00857955483298,528,192,Nenhuma,0.8
192,14.664324448178416,1,417.8033140895809,65.0288706065915,487.19328384692676,213.44190643852767,452,139,Nenhuma,0.8
192,14.664324448178416,2,33.0199689071009,86.36434663013864,87.42754030052012,228.809914382972,60,157,Nenhuma,0.8
192,14.664324448178416,3,102.8006882192066,60.123032701034695,174.4545189988434,175.92939788988318,138,118,Nenhuma,0.8
192,14.664324448178416,10,297.8653139277126,14.957065487637585,343.443622335354,97.81394316722105,320,56,Nenhuma,0.8
192,14.664324448178416,12,317.271915816469,219.91686935181863,411.01617431636885,357.0030812149787,364,288,Nenhuma,0.8
192,14.664324448178416,20,485.65280807867055,126.35473142965162,556.3530301194143,245.36354181412082,521,185,Nenhuma,0.8
192,14.664324448178416,24,359.58381593216393,54.0,400.08369522697643,138.9838505364724,379,96,Nenhuma,0.8
195,14.893454517681203,1,410.3049238799783,59.55052283777022,477.60567772182935,204.70606616626017,443,132,Nenhuma,0.8
195,14.893454517681203,2,31.99922967636774,84.03966599588918,87.09295917456143,229.34695810957479,59,156,Nenhuma,0.8
195,14.893454517681203,3,103.00091415519634,60.38812007666589,174.52990038186152,175.9926532147122,138,118,Nenhuma,0.8
195,14.893454517681203,10,307.1187174473029,15.135447522731916,353.2354753880538,98.38459640961926,330,56,Nenhuma,0.8
195,14.893454517681203,12,318.7214223266664,219.5355649534736,413.15334953822844,356.3334255736037,365,287,Nenhuma,0.8
195,14.893454517681203,20,479.31049957025937,121.01726862684454,547.1603262932841,236.79636410992646,513,178,Nenhuma,0.8
195,14.893454517681203,24,359.2302417785435,54.0,399.64319586195,138.8014490893429,379,96,Nenhuma,0.8
198,15.122584587183992,1,406.18945882552305,54.80485963592815,472.45052120989317,199.317969195274,439,127,Nenhuma,0.8
198,15.122584587183992,2,31.60071402222279,83.18650638071246,86.9666774538734,230.88373250542423,59,157,Nenhuma,0.8
198,15.122584587183992,3,103.20114015519408,60.65320745229709,174.60528170087167,176.0559085395412,138,118,Nenhuma,0.8
198,15.122584587183992,10,317.15307238278314,16.477856398741473,360.2045690772987,93.36092436106074,338,54,Nenhuma,0.8
198,15.122584587183992,12,316.67587538963016,218.7059236756043,411.295672728313,356.0861233388587,363,287,Nenhuma,0.8
198,15.122584587183992,20,475.3462394564025,115.1557645607024,541.4619248009544,229.72687500923297,508,172,Nenhuma,0.8
198,15.122584587183992,24,358.8766676248577,54.0,399.20269649698895,138.6190476422134,379,96,Nenhuma,0.8
201,15.351714656686779,1,402.9652812882873,51.75375818819238,468.32155169982644,196.67653983308503,435,124,Nenhuma,0.8
201,15.351714656686779,2,31.123740096842173,83.53713318594772,86.56768233190029,232.80172046501667,58,158,Nenhuma,0.8
201,15.351714656686779,3,107.02910243631243,54.747859973244054,180.79067706541576,176.90478259380257,143,115,Nenhuma,0.8
201,15.351714656686779,10,319.27130238112045,16.951599938675443,362.3755613232675,93.92866142407327,340,55,Nenhuma,0.8
201,15.351714656686779,12,315.6127159488922,218.37655023286476,410.31143188918674,356.65938554444733,362,287,Nenhuma,0.8
201,15.351714656686779,20,470.81839552607414,111.12115932906246,535.235120844723,225.91676299730278,503,168,Nenhuma,0.8
201,15.351714656686779,24,358.52309347110656,54.0,398.7621971320932,138.43664619508388,378,96,Nenhuma,0.8
204,15.580844726189566,1,401.0498803458745,48.024738555248774,463.6203852102062,189.79185331335714,432,118,Nenhuma,0.8
204,15.580844726189566,2,31.348180767001224,84.34722783780762,86.6494936687512,234.20272223376008,58,159,Nenhuma,0.8
204,15.580844726189566,3,108.69008102390708,54.12606181294515,181.6859100953066,177.0155214554125,145,115,Nenhuma,0.8
204,15.580844726189566,10,321.389532221247,17.425343478609413,364.54655372744696,94.4963984870858,342,55,Nenhuma,0.8
204,15.580844726189566,12,315.0086330667615,217.57704646764236,410.2270777032968,356.8778675085165,362,287,Nenhuma,0.8
204,15.580844726189566,20,468.25860267350095,106.43707189006723,530.6479412599177,220.65839603096128,499,163,Nenhuma,0.8
207,15.809974795692355,1,399.9916424389325,46.021786519034976,458.32224249198504,180.57940926412778,429,113,Nenhuma,0.8
207,15.809974795692355,2,28.809314908556964,79.41137969620527,86.00529868338526,234.74069407654443,57,157,Nenhuma,0.8
207,15.809974795692355,3,109.05758548628768,53.91072755684856,180.88902987465838,176.39437141282275,144,115,Nenhuma,0.8
207,15.809974795692355,10,327.4441786411323,24.757611238985213,380.36973064617354,117.8690069455902,353,71,Nenhuma,0.8
207,15.809974795692355,12,314.6705369963771,215.9443850984847,410.3852595560911,356.30091651248335,362,286,Nenhuma,0.8
207,15.809974795692355,20,457.86289515833454,97.51834834102507,521.9531495417649,214.85404090981564,489,156,Nenhuma,0.8
210,16.039104865195142,1,400.68281253669755,44.695685739605025,448.66922904816647,154.88284552306772,424,99,Nenhuma,0.8
210,16.039104865195142,2,30.74761549165183,83.410000768486,86.76060858206593,235.59099529592152,58,159,Nenhuma,0.8
210,16.039104865195142,3,108.31514385849403,51.86662702901017,180.75967023483213,177.4728343606148,144,114,Nenhuma,0.8
210,16.039104865195142,10,329.97676412719625,25.89879562852409,383.8380112625441,120.65601192253263,356,73,Nenhuma,0.8
210,16.039104865195142,12,314.2550144055776,215.32107955701503,410.80594596069244,356.74194145477514,362,286,Nenhuma,0.8
210,16.039104865195142,20,450.97459217824303,96.28677053750593,513.3815840387324,210.8443223330866,482,153,Nenhuma,0.8
213,16.26823493469793,1,400.0141244677847,42.221431993591814,444.1871658328825,143.9976613925517,422,93,Nenhuma,0.8
213,16.26823493469793,2,32.133397936755465,86.3400015269684,86.43366523087263,234.5975923910975,59,160,Nenhuma,0.8
213,16.26823493469793,3,108.45448695032272,53.719720415649746,178.9571714940098,177.22295996806452,143,115,Nenhuma,0.8
213,16.26823493469793,10,343.3693153734321,28.513696609073847,402.9010425782217,135.1401344353187,373,81,Nenhuma,0.8
213,16.26823493469793,12,319.45375289512316,215.74382780970802,417.52289772969107,356.25248712115354,368,285,Nenhuma,0.8
213,16.26823493469793,20,448.60777816685925,94.71655369749084,509.48605185774227,207.52345249868796,479,151,Nenhuma,0.8
216,16.497365004200716,1,400.3274541827236,40.78451886421767,443.8099974733866,141.46185814816934,422,91,Nenhuma,0.8
216,16.497365004200716,2,33.57622829950538,88.1226148515874,87.37775930577624,234.8817379113592,60,161,Nenhuma,0.8
216,16.497365004200716,3,109.32280740908594,55.12645667078121,178.71742139148,177.77877499294027,144,116,Nenhuma,0.8
216,16.497365004200716,10,350.14104220022625,29.28524149157731,409.71410249576365,136.42928663288717,379,82,Nenhuma,0.8
216,16.497365004200716,12,319.9622387153215,215.90738915040703,419.6248228580154,356.06662962549296,369,285,Nenhuma,0.8
216,16.497365004200716,20,446.14624916571415,89.62281670938847,507.9316828743888,205.78775858151664,477,147,Nenhuma,0.8
219,16.726495073703507,1,400.39551141802554,39.6647346844166,443.83645364691506,140.7842302873479,422,90,Nenhuma,0.8
219,16.726495073703507,2,33.276258538290094,88.11712630106577,85.8938036754322,231.6637488280798,59,159,Nenhuma,0.8
219,16.726495073703507,3,109.911459456273,54.34287993437084,179.00003419112818,177.32173745372663,144,115,Nenhuma,0.8
219,16.726495073703507,10,351.59669285847406,31.462447211180425,410.17040830514935,138.0793879141627,380,84,Nenhuma,0.8
219,16.726495073703507,12,318.15775405771194,215.96942995866843,419.7698146458172,355.9988970386695,368,285,Nenhuma,0.8
219,16.726495073703507,20,445.37703972684756,86.53008929277166,507.4081960313176,205.24661703118363,476,145,Nenhuma,0.8
222,16.955625143206294,1,402.8459917246224,38.65501357036745,446.3644615591911,140.75579262224738,424,89,Nenhuma,0.8
222,16.955625143206294,2,33.42990377029935,89.44186184892712,85.71683934003934,232.4591452911615,59,160,Nenhuma,0.8
222,16.955625143206294,3,109.1168924470602,52.734315318259036,178.77870961037445,177.8037987852474,143,115,Nenhuma,0.8
222,16.955625143206294,10,355.9814015558935,34.203354102679796,412.6707967125502,136.66659562577053,384,85,Nenhuma,0.8
222,16.955625143206294,12,315.5215987186744,215.99265539325884,418.47145619466716,355.97602001536484,366,285,Nenhuma,0.8
222,16.955625143206294,20,445.59997340313555,88.76492614360023,505.6501662207558,205.17977943239333,475,146,Nenhuma,0.8
225,17.18475521270908,1,406.4689931252617,38.35932703717788,449.4069574536792,140.9331227387002,427,89,Nenhuma,0.8
225,17.18475521270908,2,33.39220718515196,89.25822804617216,86.40197615395113,234.09313022308606,59,161,Nenhuma,0.8
225,17.18475521270908,3,107.32589349165731,52.790404271659675,176.8881259324471,177.98192924310666,142,115,Nenhuma,0.8
225,17.18475521270908,10,364.7776060488789,38.4933426646092,419.30603923804114,137.266412197248,392,87,Nenhuma,0.8
225,17.18475521270908,12,315.7360401023296,214.67905687046903,421.40585765777695,355.97000187980154,368,285,Nenhuma,0.8
225,17.18475521270908,20,445.51865674947567,87.83433352555383,505.4763418984705,205.330375734577,475,146,Nenhuma,0.8
228,17.41388528221187,1,406.5005029007796,36.900214474171456,448.55190341365073,137.3571201163398,427,87,Nenhuma,0.8
228,17.41388528221187,2,33.17652045412753,89.83992533976428,86.19008594172575,234.705675208806,59,162,Nenhuma,0.8
228,17.41388528221187,3,108.40455681188602,54.14186188841652,177.0105917008869,178.0442512250443,142,116,Nenhuma,0.8
228,17.41388528221187,10,381.9433659670444,41.38173740055247,437.4150474901872,142.00343518835206,409,91,Nenhuma,0.8
228,17.41388528221187,12,316.2706035523187,214.18572123070345,424.70288005215133,356.62838233505,370,285,Nenhuma,0.8
228,17.41388528221187,20,446.03836257596913,88.24317814093291,505.70398064977593,206.13806619741,475,147,Nenhuma,0.8
231,17.643015351714656,1,406.53200378782395,35.441101911165035,447.69685826209576,133.78111749397937,427,84,Nenhuma,0.8
231,17.643015351714656,2,33.372542899919665,90.04922250289795,86.48248996042427,234.93601432817414,59,162,Nenhuma,0.8
231,17.643015351714656,3,107.46841230780277,52.68352500499987,176.41563544947496,178.06180467373116,141,115,Nenhuma,0.8
231,17.643015351714656,10,383.775598553776,40.45814928161309,460.14902616536665,183.44059967334513,421,111,Nenhuma,0.8
231,17.643015351714656,12,316.7914331776468,213.34609130213005,427.60856623978333,356.87970861869803,372,285,Nenhuma,0.8
231,17.643015351714656,20,448.03360881354155,93.12168408053726,505.51786529719993,206.5488839399705,476,149,Nenhuma,0.8
234,17.872145421217443,1,406.56349578639475,33.98198934815861,446.84182199901437,130.20511487161897,426,82,Nenhuma,0.8
234,17.872145421217443,2,33.13434359954653,89.45447710248015,86.23474763210322,234.35679025124767,59,161,Nenhuma,0.8
234,17.872145421217443,3,107.47982045280138,48.85754752927885,177.14040721073542,177.40713277752099,142,113,Nenhuma,0.8
234,17.872145421217443,10,394.06005591496705,47.75373503796162,475.45623115174305,205.72283956328147,434,126,Nenhuma,0.8
234,17.872145421217443,12,317.2696173784484,215.6635948687706,427.75885554574165,356.316882535746,372,285,Nenhuma,0.8
234,17.872145421217443,20,449.19596946587137,95.12721154280487,505.97428933887,206.8324769685501,477,150,Nenhuma,0.8
237,18.101275490720234,1,391.3698781913188,34.767323632684096,434.40873998978265,135.1197918184697,412,84,Nenhuma,0.8
237,18.101275490720234,2,32.35332809928019,87.23490441179187,86.16257992594592,234.13460039982607,59,160,Nenhuma,0.8
237,18.101275490720234,3,108.5930130689294,46.114331069792456,178.26234451588294,175.851086022025,143,110,Nenhuma,0.8
237,18.101275490720234,10,404.7723339655692,53.49149636175923,487.3203658344604,218.1156233956529,446,135,Nenhuma,0.8
237,18.101275490720234,12,318.3483023292695,219.88249173560263,427.5529093924859,356.0996398288362,372,287,Nenhuma,0.8
237,18.101275490720234,20,450.46103177051475,87.90796557841139,510.12136424924165,207.00852828513632,480,147,Nenhuma,0.8
240,18.33040556022302,1,390.4248251642118,34.54501229678074,433.65107430093474,134.88910334747152,412,84,Nenhuma,0.8
240,18.33040556022302,2,32.34496473021463,87.05514608014428,86.5042105609799,234.70789963638546,59,160,Nenhuma,0.8
240,18.33040556022302,3,108.26739912059492,44.429190199866454,178.79099463057446,176.5589013189869,143,110,Nenhuma,0.8
240,18.33040556022302,10,411.2520233587431,62.66206647466214,496.0664623868031,236.0359088077684,453,149,Nenhuma,0.8
240,18.33040556022302,12,320.4762728188408,221.46219026899695,430.412089685322,356.0191298300941,375,288,Nenhuma,0.8
240,18.33040556022302,20,454.43608846690955,87.24663071537466,513.3239248928368,206.44323663919863,483,146,Nenhuma,0.8
240,18.33040556022302,26,498.5558203792667,211.2509918244802,606.9482986982705,357.01625126921095,552,284,Nenhuma,0.8
243,18.559535629725808,1,388.9537043540352,33.440831623472064,431.6283600186015,132.50524526780157,410,82,Nenhuma,0.8
243,18.559535629725808,2,33.580331953589294,87.64826396969791,84.73522304926996,225.70520904137902,59,156,Nenhuma,0.8
243,18.559535629725808,3,110.35288648432768,47.07625132085866,179.38055912451577,177.48447162998804,144,112,Nenhuma,0.8
243,18.559535629725808,10,420.51722799603124,70.66334273343806,505.6299979457669,246.19599479769687,463,158,Nenhuma,0.8
243,18.559535629725808,12,322.1225457881099,217.34985409814325,437.24884707442163,355.99104453673465,379,286,Nenhuma,0.8
243,18.559535629725808,20,453.63075772716263,85.35140822871136,512.7246878539003,204.96606361688754,483,145,Nenhuma,0.8
243,18.559535629725808,26,490.57901933241175,211.29182806032486,599.0768416265101,357.1987514571433,544,284,Nenhuma,0.8
246,18.788665699228595,1,387.4825792324232,32.33665095016339,429.60565004770353,130.12138718813162,408,81,Nenhuma,0.8
246,18.788665699228595,2,33.17080854887082,88.56088094113277,84.93372297860776,228.32327652796835,59,158,Nenhuma,0.8
246,18.788665699228595,3,109.43369597047399,50.12131313995015,175.38867869521454,176.52612253348835,142,113,Nenhuma,0.8
246,18.788665699228595,10,428.13015489942876,83.27845003613004,516.5058958835558,268.2563256568688,472,175,Nenhuma,0.8
246,18.788665699228595,12,319.2411798508491,207.28929633082157,441.89901638629544,355.9818279282721,380,281,Nenhuma,0.8
246,18.788665699228595,20,452.8254285226313,83.45618574204806,512.1254492797481,203.48889059457645,482,143,Nenhuma,0.8
246,18.788665699228595,26,463.84038838952785,203.13242514212382,576.7471847472631,354.41028095013587,520,278,Nenhuma,0.8
249,19.017795768731382,1,386.01144979937584,31.232470276854713,427.58294438824095,127.73752910846164,406,79,Nenhuma,0.8
249,19.017795768731382,2,33.273653040553086,88.6562927192498,84.81438928509996,227.82094397399288,59,158,Nenhuma,0.8
249,19.017795768731382,3,108.85294867670768,48.63877225454705,174.7468032171322,176.8259875055374,141,112,Nenhuma,0.8
249,19.017795768731382,10,442.312659674489,98.17523628291548,523.6966941933695,269.9228217181407,483,184,Nenhuma,0.8
249,19.017795768731382,12,330.90370339569546,201.57745817749714,457.84988937122864,355.9791786761926,394,278,Nenhuma,0.8
249,19.017795768731382,20,452.0201008533155,81.56096325538478,511.52620917038035,202.0117175722654,481,141,Nenhuma,0.8
249,19.017795768731382,26,449.02800758806154,201.71599672669663,564.7872249218772,355.3815463157779,506,278,Nenhuma,0.8
252,19.24692583823417,2,33.37649411581819,88.75170449736684,84.69505900800934,227.31861142001736,59,158,Nenhuma,0.8
252,19.24692583823417,3,107.83684297363632,48.75772045086739,172.6838227078861,175.62162004845936,140,112,Nenhuma,0.8
252,19.24692583823417,10,453.3380335415343,117.86786708230863,534.9272689763463,288.2055198772227,494,203,Nenhuma,0.8
252,19.24692583823417,12,334.48742474741164,190.3432391360696,469.6088991704636,355.3354542827589,402,272,Nenhuma,0.8
252,19.24692583823417,26,446.5964118163287,206.1392643360071,558.8932861226336,352.2712465256063,502,279,Nenhuma,0.8
252,19.24692583823417,29,169.8651828407157,13.0,202.8687857829452,109.76632379105347,186,61,Nenhuma,0.8
255,19.47605590773696,1,371.2643063806367,33.61302249196867,414.4938297193351,132.2199473952266,392,82,Nenhuma,0.8
255,19.47605590773696,2,33.15622804470549,88.1269900520787,86.55220922538047,232.9230981066926,59,160,Nenhuma,0.8
255,19.47605590773696,3,105.88789190941023,48.818367951011304,170.81506310148836,175.8248550447046,138,112,Nenhuma,0.8
255,19.47605590773696,10,474.6734629921715,134.839610853083,553.9696344931748,296.12711661886703,514,215,Nenhuma,0.8
255,19.47605590773696,12,330.98835447398426,186.03569628406257,467.4965385734077,355.722957590276,399,270,Nenhuma,0.8
255,19.47605590773696,26,449.88465063072505,212.09587802352885,561.2252810366855,353.9417176911053,505,283,Nenhuma,0.8
255,19.47605590773696,29,169.50591042480505,13.0,202.61601491275508,109.97832626852707,186,61,Nenhuma,0.8
255,19.47605590773696,30,408.47763629453084,45.57610718556796,476.4699315304082,185.5879867011291,442,115,Nenhuma,0.8
258,19.705185977239747,1,366.11961312669996,30.92610968492594,410.54821781068705,131.59344929133601,388,81,Nenhuma,0.8
258,19.705185977239747,2,33.21342652320455,88.147081372947,86.65145350133386,233.05949860060701,59,160,Nenhuma,0.8
258,19.705185977239747,3,105.1245024745412,50.172975697932074,169.50530274437767,176.5666243342264,137,113,Nenhuma,0.8
258,19.705185977239747,10,512.7640725934947,155.73317864826612,577.8137340322323,279.4998869083382,545,217,Nenhuma,0.8
258,19.705185977239747,12,330.6583278521887,174.16424757109712,473.67744535692174,355.2412763029308,402,264,Nenhuma,0.8
258,19.705185977239747,26,461.59341956401096,219.76264623880633,569.7698119871704,355.25486998598933,515,287,Nenhuma,0.8
258,19.705185977239747,29,169.3384807012689,13.0,202.59930456970687,110.0382397528667,185,61,Nenhuma,0.8
258,19.705185977239747,30,413.5587194779686,49.55294539685411,490.35244588802993,209.48438949427918,451,129,Nenhuma,0.8
261,19.934316046742534,1,364.47894071410747,30.01506873454126,407.78243866653696,128.0797170963807,386,79,Nenhuma,0.8
261,19.934316046742534,2,33.27062568003622,88.1671726938153,86.7506970989546,233.19589909452145,60,160,Nenhuma,0.8
261,19.934316046742534,3,106.85295087438627,51.35643107552286,171.00043982982078,178.17480614394734,138,114,Nenhuma,0.8
261,19.934316046742534,10,524.2593150394562,163.83895672123953,588.795743318191,286.6290847610456,556,225,Nenhuma,0.8
261,19.934316046742534,12,328.60053136863246,160.77012312921136,478.5430536395752,355.0557430296624,403,257,Nenhuma,0.8
261,19.934316046742534,26,472.8877051429287,223.18150701397943,581.9349926841487,356.43948770472707,527,289,Nenhuma,0.8
261,19.934316046742534,29,168.9111518611446,13.0,202.26765395531305,110.04992714654561,185,61,Nenhuma,0.8
261,19.934316046742534,30,414.231652798886,53.62946311878727,491.57146556362517,215.98216505884716,452,134,Nenhuma,0.8
264,20.16344611624532,1,365.7405473670776,29.711324111378495,406.4636903516984,122.80408117141855,386,76,Nenhuma,0.8
264,20.16344611624532,2,33.327825515200516,88.1872640146836,86.84994001824273,233.3322995884359,60,160,Nenhuma,0.8
264,20.16344611624532,3,107.35579784676591,51.14241651870341,171.08030654650096,178.1175832888348,139,114,Nenhuma,0.8
264,20.16344611624532,10,535.7545578088968,171.94473479421293,599.7777522806705,293.7582826137529,567,232,Nenhuma,0.8
264,20.16344611624532,12,321.9654920215412,149.89052179714787,475.5064572654717,354.35670653146167,398,252,Nenhuma,0.8
264,20.16344611624532,26,459.9313792213244,225.69600742464178,569.1877308539412,356.8584736229211,514,291,Nenhuma,0.8
264,20.16344611624532,29,168.24914689775437,13.0,201.98087862034208,110.74738892500908,185,61,Nenhuma,0.8
264,20.16344611624532,30,409.2995769830377,57.71592945380657,489.8098482968153,228.73878262449648,449,143,Nenhuma,0.8
267,20.39257618574811,1,363.47934517834267,28.891054934293876,403.6653245516676,120.75646760314028,383,74,Nenhuma,0.8
267,20.39257618574811,3,108.01860652760736,51.0592850314332,170.6567909126935,176.10810387605503,139,113,Nenhuma,0.8
267,20.39257618574811,10,547.2498009018166,180.05051286718634,610.7597609196708,300.8874804664602,579,240,Nenhuma,0.8
267,20.39257618574811,12,320.55728223951985,142.49709476250692,475.38108029462234,354.07799987321175,397,248,Nenhuma,0.8
267,20.39257618574811,26,436.7607595697004,228.57144519270952,546.437574333348,357.0044557490828,491,292,Nenhuma,0.8
267,20.39257618574811,29,167.49448751461716,12.313185204560824,201.72880426666723,110.99083483631058,184,61,Nenhuma,0.8
267,20.39257618574811,30,411.71407226627326,61.34477477045675,498.5982936304964,245.90741865002622,455,153,Nenhuma,0.8
270,20.6217062552509,1,361.21813944184464,28.070785757209258,400.8669622993998,118.70885403486201,381,73,Nenhuma,0.8
270,20.6217062552509,3,107.88591291632635,51.07871988601184,170.46719741665476,176.01570468079342,139,113,Nenhuma,0.8
270,20.6217062552509,12,328.46748377839555,134.63265523849037,473.6999045015018,339.4126593212157,401,237,Nenhuma,0.8
270,20.6217062552509,26,400.57653107079926,232.25725006527267,512.4127229972335,357.0502701949477,456,294,Nenhuma,0.8
270,20.6217062552509,29,167.0794756545372,12.740817957574471,201.121133352476,110.39239224546176,184,61,Nenhuma,0.8
270,20.6217062552509,30,414.1285680213228,64.97362008710692,507.38673849236375,263.07605467555595,460,164,Nenhuma,0.8
273,20.850836324753686,1,358.9569301575835,27.25051658012464,398.0686035948951,116.66124046658373,378,71,Nenhuma,0.8
273,20.850836324753686,3,107.75321851634449,51.09815474059048,170.27760470931685,175.9233054855318,139,113,Nenhuma,0.8
273,20.850836324753686,12,328.82308776740024,130.4265022193166,469.8490213948774,332.8424500969598,399,231,Nenhuma,0.8
273,20.850836324753686,26,401.6046815932415,241.0238065562103,507.1498818790184,357.74411034051286,454,299,Nenhuma,0.8
273,20.850836324753686,29,167.26874138995464,12.905493211512841,201.25871714373238,110.15887872204397,184,61,Nenhuma,0.8
273,20.850836324753686,30,416.54306424818617,68.6024654037571,516.1751828824171,280.24469070108574,466,174,Nenhuma,0.8
276,21.079966394256473,3,106.09485017957954,52.71291446377892,168.47073694074078,176.82170206152222,137,114,Nenhuma,0.8
276,21.079966394256473,12,337.26420194831724,127.03889826056647,473.64024607748775,325.1754359314999,405,226,Nenhuma,0.8
276,21.079966394256473,26,395.4575027281426,255.2070602560326,490.7994772026051,357.9879786296352,443,306,Nenhuma,0.8
276,21.079966394256473,29,167.32664298580102,12.967390980323984,201.34813227855733,110.06897169635084,184,61,Nenhuma,0.8
279,21.30909646375926,3,105.81786489219229,52.89459886864969,168.10578733523573,176.83006990843495,136,114,Nenhuma,0.8
279,21.30909646375926,12,349.48573884065405,122.00853179950617,480.43751073867907,317.71062255163025,414,219,Nenhuma,0.8
279,21.30909646375926,26,369.18940997663606,273.67019445366486,454.4193014119588,358.0584109864975,411,315,Nenhuma,0.8
279,21.30909646375926,29,167.8125728788974,12.990507130790839,201.60799526734036,109.36336448528692,184,61,Nenhuma,0.8
282,21.538226533262048,3,105.54087840623158,53.07628327352045,167.74083892830413,176.83843775534768,136,114,Nenhuma,0.8
282,21.538226533262048,12,355.2382365172729,116.3401143056325,481.7522628794629,310.36613221168056,418,213,Nenhuma,0.8
282,21.538226533262048,26,362.3689659969669,283.9238330933836,439.8842064904298,357.3076152226129,401,320,Nenhuma,0.8
282,21.538226533262048,29,167.24218249581065,12.9989590367786,201.1348712810774,109.09900352347825,184,61,Nenhuma,0.8
285,21.767356602764835,3,105.26389072169742,53.25796767839122,167.37589171994597,176.84680560226042,136,115,Nenhuma,0.8
285,21.767356602764835,12,364.09821521805554,109.77048327628516,479.98720799161975,291.22521321409147,422,200,Nenhuma,0.8
285,21.767356602764835,26,336.20018663061694,283.5360623954129,417.18749245899835,357.837753876835,376,320,Nenhuma,0.8
285,21.767356602764835,29,167.27214399311237,13.001849048675886,201.3962439673348,109.00335439199009,184,61,Nenhuma,0.8
288,21.996486672267626,2,12.804845780384465,88.98218854136982,67.35423639160545,233.03888721426821,40,161,Nenhuma,0.8
288,21.996486672267626,12,361.55689809086346,102.81941913380007,477.5009428748647,290.81334401988096,419,196,Nenhuma,0.8
288,21.996486672267626,26,308.8411609956246,274.1148425876401,399.82481986969077,357.275083055074,354,315,Nenhuma,0.8
288,21.996486672267626,29,167.5749068190026,13.002669512764214,201.88278516148043,109.63731668605053,184,61,Nenhuma,0.8
291,22.225616741770413,2,11.492038340597546,89.0451599542402,66.03306098371648,233.08166891142105,38,161,Nenhuma,0.8
291,22.225616741770413,12,366.74937409315737,99.09743413760324,480.3067424321266,288.09429547407296,423,193,Nenhuma,0.8
291,22.225616741770413,26,289.22835209520315,272.33963163410465,382.5615319586674,357.0890286765289,335,314,Nenhuma,0.8
291,22.225616741770413,29,167.53243164824835,13.00275366766654,201.56724071283958,108.55096881637832,184,60,Nenhuma,0.8
294,22.4547468112732,1,362.5703414109267,31.756054054695007,405.32770977415197,124.47282795253201,383,78,Nenhuma,0.8
294,22.4547468112732,2,13.779866327029268,96.18176148017304,66.7664858078493,233.0254480694292,40,164,Nenhuma,0.8
294,22.4547468112732,12,372.35565035551343,97.24245755008697,482.86032848149546,285.92352034018126,427,191,Nenhuma,0.8
294,22.4547468112732,26,281.52145059883804,276.1976134301107,372.6477678231214,357.69198394587954,327,316,Nenhuma,0.8
294,22.4547468112732,29,168.00089301245083,13.002541724072998,200.9706339878465,104.80877961938242,184,58,Nenhuma,0.8
294,22.4547468112732,36,121.32169777341606,97.07372956359987,273.2096344252933,292.0610156468633,197,194,Nenhuma,0.8
297,22.683876880775987,1,361.84246153979745,31.698692319164856,404.44221523872307,124.07387256338438,383,77,Nenhuma,0.8
297,22.683876880775987,2,12.883866541683876,96.94398218049595,65.58753954009171,233.0584430723605,39,165,Nenhuma,0.8
297,22.683876880775987,12,385.79639538997793,92.78878130224805,488.8393730175493,272.06476010331846,437,182,Nenhuma,0.8
297,22.683876880775987,26,286.04417557446124,289.17848136448805,365.6514657175103,357.9200742149168,325,323,Nenhuma,0.8
297,22.683876880775987,29,167.37723663025054,13.002213489541575,201.55554918413446,108.13306229877631,184,60,Nenhuma,0.8
297,22.683876880775987,36,84.146633450507,113.22205865564091,246.08051034307732,324.02152615573544,165,218,Nenhuma,0.8
300,22.913006950278774,1,361.1145813544832,31.641330583634705,403.5567210174791,123.67491717423675,382,77,Nenhuma,0.8
300,22.913006950278774,2,13.000101070027572,90.74437738190446,67.87717200545792,232.218680855288,40,161,Nenhuma,0.8
300,22.913006950278774,3,112.64581710758426,56.87818489480122,173.59886440449094,178.9092341838384,143,117,Nenhuma,0.8
300,22.913006950278774,12,394.2672800971937,87.99032797092839,493.58337338095976,266.31060244649393,443,177,Nenhuma,0.8
300,22.913006950278774,26,289.6382160192986,298.8312418799935,362.0354668040141,357.99909109254327,325,328,Nenhuma,0.8
300,22.913006950278774,29,166.8769825189606,13.659858163872208,201.38693277691485,109.33206995071339,184,61,Nenhuma,0.8
300,22.913006950278774,36,59.98953649200577,122.03329243019084,221.82210415087462,335.6973600571952,140,228,Nenhuma,0.8
303,23.14213701978156,1,356.8407331816727,31.09095186901063,402.79128021075735,131.48550234683293,379,81,Nenhuma,0.8
303,23.14213701978156,2,13.107985462993156,89.56598200369537,71.36712563183046,237.42528561430424,42,163,Nenhuma,0.8
303,23.14213701978156,3,112.61785738308892,57.08288774817409,172.2719689200863,176.93863691637648,142,117,Nenhuma,0.8
303,23.14213701978156,12,392.7001253160746,80.38986592387877,489.7307446107252,261.7082199476937,441,171,Nenhuma,0.8
303,23.14213701978156,26,280.7302289759227,303.55322297652185,347.44409984119255,358.07604152387495,314,330,Nenhuma,0.8
303,23.14213701978156,29,166.7536656973044,13.911572432310166,201.26109861317948,109.13448713443243,184,61,Nenhuma,0.8
303,23.14213701978156,36,44.15349428658715,127.84115144012414,202.99985504136035,340.20596514425034,123,234,Nenhuma,0.8
306,23.371267089284352,1,356.54145408454315,32.31436669276937,402.0156924815136,132.60794775823067,379,82,Nenhuma,0.8
306,23.371267089284352,2,12.480522360415442,89.41523323824646,71.00801680067511,237.9570129037018,41,163,Nenhuma,0.8
306,23.371267089284352,3,112.95796203130365,57.457599677195894,172.4021104877706,176.8932553537492,142,117,Nenhuma,0.8
306,23.371267089284352,12,399.83814330389333,73.10212162104621,492.2479069030225,249.5984117736732,446,161,Nenhuma,0.8
306,23.371267089284352,26,271.82226221155946,308.27520407305013,332.85271259935837,358.1529919552066,302,333,Nenhuma,0.8
306,23.371267089284352,29,166.74808335472073,13.340824822329033,201.84426400334314,109.71975459787254,184,61,Nenhuma,0.8
306,23.371267089284352,36,24.58108789797079,131.06674998735593,186.2595284125756,352.27745515118477,105,241,Nenhuma,0.8
309,23.60039715878714,1,356.2392085827698,32.7707930632884,400.65929580420294,131.04986237814188,378,81,Nenhuma,0.8
309,23.60039715878714,2,11.853061799415155,89.26448447279755,70.64890542794231,238.48874019309937,41,163,Nenhuma,0.8
309,23.60039715878714,3,113.29806359879538,57.8323116062177,172.53225513617795,176.8478737911219,142,117,Nenhuma,0.8
309,23.60039715878714,12,405.01619937002823,69.24259146156376,491.79434771475826,237.1957646148728,448,153,Nenhuma,0.8
309,23.60039715878714,26,262.9143157262088,312.9971851695784,318.26130507851144,358.2299423865382,290,335,Nenhuma,0.8
309,23.60039715878714,29,167.73711634953696,13.1244536556745,203.05415901859317,109.93725054728844,185,61,Nenhuma,0.8
309,23.60039715878714,36,13.124289252371454,135.95953620158213,173.6977270420016,359.46574103233934,93,247,Nenhuma,0.8
312,23.829527228289926,1,357.2631348924698,31.62279012517044,401.06139504274455,129.77841889716288,379,80,Nenhuma,0.8
312,23.829527228289926,2,11.22560377999229,89.11373570734864,70.28979151363211,239.02046748249697,40,164,Nenhuma,0.8
312,23.829527228289926,3,113.63816208556409,58.20702353523951,172.6624028653083,176.80249222849463,143,117,Nenhuma,0.8
312,23.829527228289926,12,405.47839666362916,68.08157771340467,488.0143171053797,230.8422055194871,446,149,Nenhuma,0.8
312,23.829527228289926,29,167.81558479168808,13.041473326055296,203.1557019020877,110.01603895461204,185,61,Nenhuma,0.8
312,23.829527228289926,36,8.122719099047131,138.90182903887137,164.82446960600646,360.6259061655893,86,249,Nenhuma,0.8
315,24.058657297792713,1,357.04982419017665,31.85083293550553,401.20627943395004,131.9300081315196,379,81,Nenhuma,0.8
315,24.058657297792713,12,412.3627350975859,67.86478588852512,487.8334711351898,219.31571615118295,450,143,Nenhuma,0.8
315,24.058657297792713,29,168.05039234240485,13.010182659148775,202.9842789988445,109.38209233097348,185,61,Nenhuma,0.8
315,24.058657297792713,36,9.766595639481409,141.06315433330116,161.81360270512474,360.0902182950976,85,250,Nenhuma,0.8
318,24.2877873672955,1,356.8724874241957,31.938084363845157,401.4009617638086,134.04158834358515,379,82,Nenhuma,0.8
318,24.2877873672955,2,6.533270950493659,78.09458935616581,73.42431145605431,253.6177911498602,39,165,Nenhuma,0.8
318,24.2877873672955,12,411.07146232301386,61.83821148037832,485.759046975927,214.7822779910058,448,138,Nenhuma,0.8
318,24.2877873672955,29,167.8086902035293,12.998806009430552,202.58305724906054,109.13795841323864,185,61,Nenhuma,0.8
318,24.2877873672955,36,-7.214948400307279,146.61211325631723,152.10933374924372,376.12234712378415,72,261,Nenhuma,0.8
318,24.2877873672955,38,404.03033559045866,63.2368413561445,431.1245222193281,137.89817529676336,417,100,Nenhuma,0.8
321,24.516917436798288,1,357.9630865730947,31.97238661591954,401.66616945822443,132.23009826421986,379,82,Nenhuma,0.8
321,24.516917436798288,2,5.5219509674529945,77.00057572160311,73.48561296306755,255.34064006196564,39,166,Nenhuma,0.8
321,24.516917436798288,3,99.60093247799024,44.98995958378748,166.8655758391597,178.84931200773326,133,111,Nenhuma,0.8
321,24.516917436798288,12,411.9731454576044,57.81708528691057,486.9709969099911,212.68285075392458,449,135,Nenhuma,0.8
321,24.516917436798288,29,167.73591260074025,12.995040306545079,202.40996637134708,109.04537345117703,185,61,Nenhuma,0.8
321,24.516917436798288,36,-13.487224822705215,104.13841144008765,164.23099870947988,363.1448440521949,75,233,Nenhuma,0.8
321,24.516917436798288,38,400.4537632834379,51.3893801568063,431.2426525647139,136.95324463990346,415,94,Nenhuma,0.8
321,24.516917436798288,39,297.60174259579145,307.32266788123775,385.3818606949371,359.0,341,333,Nenhuma,0.8
324,24.74604750630108,1,357.80931865493943,31.98652279061767,401.7432163064176,132.1649453622564,379,82,Nenhuma,0.8
324,24.74604750630108,2,4.510644744263004,75.90656208704041,73.54690071023012,257.0634889740711,39,166,Nenhuma,0.8
324,24.74604750630108,3,98.23006506260828,43.37297106745166,166.7882363622507,178.99912143749472,132,111,Nenhuma,0.8
324,24.74604750630108,12,404.67020507117167,53.82364060843959,478.1821833635769,206.1395125617761,441,129,Nenhuma,0.8
324,24.74604750630108,29,167.52091049295188,12.332895553782578,202.53111375990102,109.67195141982009,185,61,Nenhuma,0.8
324,24.74604750630108,36,-15.591605351620316,99.13437375561531,163.69972752691223,362.72049046895256,74,230,Nenhuma,0.8
324,24.74604750630108,38,398.91743989034273,47.09784270558269,430.87304944211706,135.90408255447528,414,91,Nenhuma,0.8
324,24.74604750630108,39,297.2107058597349,305.83208321282325,387.1848969820599,358.99999999999994,342,332,Nenhuma,0.8
327,24.975177575803865,1,357.90999734463145,32.65125541845666,400.9862597972254,130.15494447324548,379,81,Nenhuma,0.8
327,24.975177575803865,2,6.13143004176127,91.43132138726088,73.35724704134776,260.60867528906084,39,176,Nenhuma,0.8
327,24.975177575803865,3,97.77450484110206,45.39437804950214,166.08632967147344,179.05156388926264,131,112,Nenhuma,0.8
327,24.975177575803865,12,397.9873049426845,51.86411259195002,465.1741521494825,195.2327755530178,431,123,Nenhuma,0.8
327,24.975177575803865,29,167.38088365761698,12.085170124599735,202.63572304574654,109.90718955444916,185,60,Nenhuma,0.8
327,24.975177575803865,36,-30.231365987203972,99.04316861236666,157.06444979560337,374.39727088165614,63,236,Nenhuma,0.8
327,24.975177575803865,38,397.38111651475583,42.80630525435909,430.5034463020119,134.85492046904704,413,88,Nenhuma,0.8
327,24.975177575803865,39,295.8664331582928,304.04327740433376,388.8677565483881,358.99999999999994,342,331,Nenhuma,0.8
330,25.204307645306653,1,358.29557055352797,32.90445841844539,401.72365156069094,131.37920881997582,380,82,Nenhuma,0.8
330,25.204307645306653,2,8.13280315699432,89.14008399055228,77.67602540332035,255.25551410115412,42,172,Nenhuma,0.8
330,25.204307645306653,3,97.49316783361073,47.52683460698751,165.32441063372437,179.0655633483249,131,113,Nenhuma,0.8
330,25.204307645306653,12,400.75538652588097,50.01395745145133,451.57723362363646,157.89541211015768,426,103,Nenhuma,0.8
330,25.204307645306653,29,167.78789324373304,11.994221317498798,202.87365456341325,109.3361642027112,185,60,Nenhuma,0.8
330,25.204307645306653,36,-44.87112220439924,98.951963469118,150.4291676459061,386.0740512943597,52,242,Nenhuma,0.8
330,25.204307645306653,38,395.84479315667727,38.514767803135484,430.1338431443985,133.80575838361887,412,86,Nenhuma,0.8
330,25.204307645306653,39,294.52216048083494,302.2544715958443,390.55061609073215,358.99999999999994,342,330,Nenhuma,0.8
333,25.43343771480944,1,356.34605518860064,32.9959017160717,400.1520186033581,133.1491357898944,378,83,Nenhuma,0.8
333,25.43343771480944,2,8.535128295688267,92.3672436688062,79.3576614141872,254.161278101031,43,173,Nenhuma,0.8
333,25.43343771480944,3,97.56645244517557,49.020303901329186,164.9095164623498,178.40579396081498,131,113,Nenhuma,0.8
333,25.43343771480944,12,397.9968732169999,46.0675789923062,442.8237509370423,141.69540958492453,420,93,Nenhuma,0.8
333,25.43343771480944,29,167.9428545631501,11.96381431081305,202.96387190827818,109.1162419027886,185,60,Nenhuma,0.8
333,25.43343771480944,36,-59.510874003206126,98.86075832586934,143.79388107782046,397.7508317070633,42,248,Nenhuma,0.8
333,25.43343771480944,39,293.17788782736125,300.46566578735474,392.23347560909184,358.9999999999999,342,329,Nenhuma,0.8
336,25.662567784312227,1,356.56553497995776,32.37141654764301,398.6263068093612,128.56247678547425,377,80,Nenhuma,0.8
336,25.662567784312227,2,7.6231428293713535,96.22784035462104,79.71679675069024,255.7067446979152,43,175,Nenhuma,0.8
336,25.662567784312227,3,97.48614949559605,49.59804116473754,164.91371277843945,178.15259022243333,131,113,Nenhuma,0.8
336,25.662567784312227,12,393.05089858376533,43.56649236858915,436.4468122380411,135.9577010031217,414,89,Nenhuma,0.8
336,25.662567784312227,29,167.71681447012952,11.956097932882763,202.61908405783115,109.03327277195703,185,60,Nenhuma,0.8
339,25.891697853815014,1,355.3540699083467,32.125029546203564,397.3760377712812,128.78056391642443,376,80,Nenhuma,0.8
339,25.891697853815014,2,5.809159689892354,96.98421614856014,78.66012400984252,254.9151170404456,42,175,Nenhuma,0.8
339,25.891697853815014,3,96.88618595794313,49.471890941435746,164.38664257626533,178.1665938166011,130,113,Nenhuma,0.8
339,25.891697853815014,12,389.85385639409145,40.73518861107093,433.44100785272235,133.06783003757675,411,86,Nenhuma,0.8
339,25.891697853815014,29,167.65492925564232,12.617295672346792,202.46304547023374,109.663370237224,185,61,Nenhuma,0.8
342,26.120827923317805,1,355.54351422982035,33.35993971598356,395.6533450083339,126.21635207326784,375,79,Nenhuma,0.8
342,26.120827923317805,2,3.548754875321798,97.23861771611705,76.52143184082226,253.91517400847334,40,175,Nenhuma,0.8
342,26.120827923317805,3,96.47252706610239,46.73772943738814,165.8981261380988,178.81932329427934,131,112,Nenhuma,0.8
342,26.120827923317805,12,388.40565254395943,37.34540461148659,429.30822605538185,123.99408987737328,408,80,Nenhuma,0.8
342,26.120827923317805,29,167.6537366708226,12.869421692538033,202.3817317222713,109.90160150398779,185,61,Nenhuma,0.8
345,26.349957992820592,1,368.31092310561974,36.52362357421461,412.6628874625374,131.98421897339756,390,84,Nenhuma,0.8
345,26.349957992820592,2,3.18264016276666,97.91219817685165,76.12513921071321,254.52291390205846,39,176,Nenhuma,0.8
345,26.349957992820592,3,95.89971893942872,46.33751625458973,165.5776998511821,178.90044742095182,130,112,Nenhuma,0.8
345,26.349957992820592,12,386.9573586692171,33.955620611902255,425.1755342826514,114.92034971716984,406,74,Nenhuma,0.8
345,26.349957992820592,29,167.6737297344783,12.964467790292808,202.331163559699,109.9895931218357,185,61,Nenhuma,0.8
345,26.349957992820592,36,-17.170445960599622,90.7579470743591,164.64505943428247,362.07001452863926,73,226,Nenhuma,0.8
348,26.57908806232338,1,370.7028586804549,37.65968567495028,418.3716720015417,134.72684130998252,394,86,Nenhuma,0.8
348,26.57908806232338,2,0.8138435979291856,94.20783405121578,76.5203180439332,256.5957841966848,38,175,Nenhuma,0.8
348,26.57908806232338,3,95.32691307071147,45.93730307179132,165.257271306309,178.9815715476243,130,112,Nenhuma,0.8
348,26.57908806232338,12,385.50897476986466,30.565836612317916,421.0429325345313,105.84660955696637,403,68,Nenhuma,0.8
348,26.57908806232338,29,167.69991868956885,12.338602902109187,202.29424434675897,109.35950606181908,184,60,Nenhuma,0.8
348,26.57908806232338,36,-24.904066139540745,90.13243416150186,161.34317793712427,368.0579129476334,68,229,Nenhuma,0.8
351,26.808218131826166,1,370.60275056138255,38.073178211987965,420.798521500633,135.7575949692506,395,86,Nenhuma,0.8
351,26.808218131826166,2,-1.3930245808537762,94.79987635826534,70.85540640646298,251.106804654264,34,172,Nenhuma,0.8
351,26.808218131826166,3,94.75410945995066,45.53708988899291,164.93684050347952,179.06269567429678,129,112,Nenhuma,0.8
351,26.808218131826166,29,167.72672113816537,12.101607229196112,202.264226286223,109.11955604369115,184,60,Nenhuma,0.8
351,26.808218131826166,36,26.27074596834531,127.8621697660548,173.10579640882696,354.62649606811266,99,241,Nenhuma,0.8
354,27.037348201328953,1,368.64862044160145,38.20874640892011,420.88156967361545,135.46915852252295,394,86,Nenhuma,0.8
354,27.037348201328953,2,-2.187005940437409,95.03246802357559,69.99654019774692,251.19808997737266,33,173,Nenhuma,0.8
354,27.037348201328953,29,167.37426526787996,12.013804422991313,201.95551573328822,109.029444013931,184,60,Nenhuma,0.8
354,27.037348201328953,36,34.9047887344812,130.99055290153973,170.48126919150383,345.7564625344984,102,238,Nenhuma,0.8
357,27.266478270831744,1,368.30351592731665,38.89939046606129,422.3770936969941,135.9956496855184,395,87,Nenhuma,0.8
357,27.266478270831744,2,-2.9809869109470384,95.26505968888584,69.13767359995688,251.28937530048125,33,173,Nenhuma,0.8
357,27.266478270831744,29,166.8523713855024,11.98301185643453,201.56834647048274,108.99672921585281,184,60,Nenhuma,0.8
357,27.266478270831744,36,35.3183987038895,137.5091690768773,164.84161046335433,344.57464814253535,100,241,Nenhuma,0.8
360,27.49560834033453,1,369.2658584699051,38.47973659048473,425.060763897073,136.17443319377875,397,87,Nenhuma,0.8
360,27.49560834033453,2,-3.7749674923826504,95.4976513541961,68.27880661309283,251.3806606235899,32,173,Nenhuma,0.8
360,27.49560834033453,29,167.2826281782176,11.973802717465816,202.1205744675873,108.98586911399417,184,60,Nenhuma,0.8
360,27.49560834033453,36,29.125574756428136,133.43412669508814,163.09113545791516,346.83043935258587,96,240,Nenhuma,0.8
363,27.724738409837318,1,368.9029236995638,38.96350902040839,426.0528576302099,136.22365872226092,397,87,Nenhuma,0.8
363,27.724738409837318,3,112.87328834232457,54.35817956494574,177.98714904022958,181.84842829017305,145,118,Nenhuma,0.8
363,27.724738409837318,29,167.13296357956563,11.972586259636643,201.98622392894185,108.98321395517047,184,60,Nenhuma,0.8
363,27.724738409837318,36,32.63779409318553,137.96579133287378,165.59630373475198,346.23440450249814,99,242,Nenhuma,0.8
366,27.953868479340105,1,368.7744490967869,39.130220620517406,426.98125761737964,136.22290903357276,397,87,Nenhuma,0.8
366,27.953868479340105,2,2.685193536232159,93.25079284756467,61.99299360625611,219.01029419037866,32,156,Nenhuma,0.8
366,27.953868479340105,3,117.26634892495241,54.937707828580244,180.59381018512835,182.74244761010075,148,118,Nenhuma,0.8
366,27.953868479340105,29,166.9718660138985,11.313397687401945,202.04229686347574,108.9835355449617,184,60,Nenhuma,0.8
366,27.953868479340105,36,34.22643610918057,132.05638361583016,172.6320365713321,347.9351457693692,103,239,Nenhuma,0.8
369,28.182998548842892,1,367.93009147801945,38.51609413625769,427.38080140570634,136.20653826916922,397,87,Nenhuma,0.8
369,28.182998548842892,2,3.6030164115117884,93.05822716852084,70.75145032291525,239.31551637642264,37,166,Nenhuma,0.8
369,28.182998548842892,3,120.45763492385568,55.12776040552733,182.29258675966707,183.02731336717468,151,119,Nenhuma,0.8
369,28.182998548842892,29,167.01926636835637,11.067324040663273,201.95811840111207,108.32579667035452,184,59,Nenhuma,0.8
369,28.182998548842892,36,39.78181166991402,128.54271706970857,179.518473676055,348.51068442588917,109,238,Nenhuma,0.8
372,28.41212861834568,1,365.64504624385484,38.272019395649515,426.1296234285345,136.1870293757778,395,87,Nenhuma,0.8
372,28.41212861834568,2,3.6153169928077986,93.01998084699147,70.75367923249473,239.2545657646856,37,166,Nenhuma,0.8
372,28.41212861834568,3,121.81496751389854,55.54443578863079,183.60844628163935,183.36062787399356,152,119,Nenhuma,0.8
372,28.41212861834568,29,167.03526549850392,10.97869121503583,201.93142659819355,108.07748639973363,184,59,Nenhuma,0.8
372,28.41212861834568,36,47.158938532551915,125.16309762343658,184.17152455843984,344.03528202398945,115,234,Nenhuma,0.8
375,28.64125868784847,1,362.54561541899517,37.509425896484736,424.52427264430696,136.16670244787286,393,86,Nenhuma,0.8
375,28.64125868784847,2,9.347426775100274,92.22210743764626,78.66702533790942,245.23388493458245,44,168,Nenhuma,0.8
375,28.64125868784847,3,122.33903828339098,55.99154001099015,182.55214930186455,183.15096224743573,152,119,Nenhuma,0.8
375,28.64125868784847,29,166.65413984365185,10.950199912514663,201.65020056825628,108.64887367953986,184,59,Nenhuma,0.8
375,28.64125868784847,36,55.168938386697775,120.51113893264875,189.34800253889,339.60200115589276,122,230,Nenhuma,0.8
378,28.870388757351257,1,362.23619117978524,36.55594535162394,425.6490970651185,136.80655417727564,393,86,Nenhuma,0.8
378,28.870388757351257,2,12.805097675925225,94.6925824725605,81.70616471698875,246.61694496600677,47,170,Nenhuma,0.8
378,28.870388757351257,3,128.44057903489045,55.45246798380606,176.5887626493601,152.5604869189821,152,104,Nenhuma,0.8
378,28.870388757351257,29,166.5432160207861,10.943850993541574,201.51485609985423,108.86729883863102,184,59,Nenhuma,0.8
378,28.870388757351257,36,63.737214141873906,114.77862637987991,197.56559672789263,338.57795218341005,130,226,Nenhuma,0.8
381,29.099518826854045,1,363.5700234739201,37.502461418376704,426.5694283919795,137.0394197729231,395,87,Nenhuma,0.8
381,29.099518826854045,2,15.861130152138188,94.94922706384618,86.29727223395264,247.10909898627222,51,171,Nenhuma,0.8
381,29.099518826854045,3,129.27946777024974,55.1967884008761,174.03436278525007,143.15113462995035,151,99,Nenhuma,0.8
381,29.099518826854045,29,166.81424035029806,10.945799337734762,201.8153084781787,108.95137115822666,184,59,Nenhuma,0.8
381,29.099518826854045,36,79.34878187796126,104.76318760664032,211.10403708300635,331.62404176433864,145,218,Nenhuma,0.8
384,29.32864889635683,1,363.23242488696786,36.545336167316826,427.0845113390324,137.11532776654977,395,86,Nenhuma,0.8
384,29.32864889635683,2,13.407899748917117,95.04000770898793,84.29093105871631,247.26967209452525,48,171,Nenhuma,0.8
384,29.32864889635683,3,127.7078440948206,55.841418895633495,167.8460684209729,133.95178696856885,147,94,Nenhuma,0.8
384,29.32864889635683,29,167.2219314914118,10.950411842605838,201.6289818597069,107.0038558419163,184,58,Nenhuma,0.8
384,29.32864889635683,36,99.22753973529137,93.75796941520724,223.80701062311607,311.25503182380226,161,202,Nenhuma,0.8
387,29.55777896585962,1,361.9952300497228,36.83981834769147,426.39279268272566,137.1342513446731,394,86,Nenhuma,0.8
387,29.55777896585962,2,10.853190082596356,94.40880487988282,81.76474767163792,246.64579352520076,46,170,Nenhuma,0.8
387,29.55777896585962,3,128.65051404544337,56.03748748504986,169.4265871863378,134.14743807779243,149,95,Nenhuma,0.8
387,29.55777896585962,29,167.22727169521127,10.869311520860599,201.58731081824808,106.79149920557074,184,58,Nenhuma,0.8
387,29.55777896585962,36,118.11190536899511,85.5873191529858,240.53836720074668,303.4145978045209,179,194,Nenhuma,0.8
387,29.55777896585962,47,27.778337885440592,71.2367307634735,69.9659083433068,142.13316105445386,48,106,Nenhuma,0.8
390,29.786909035362406,1,361.98451109253233,36.952489252826425,426.95797444381645,137.13035925722187,394,87,Nenhuma,0.8
390,29.786909035362406,2,8.741048814151426,92.84526238124164,79.90653118421348,247.04615674634954,44,169,Nenhuma,0.8
390,29.786909035362406,3,123.33004754495138,56.09365171847183,176.93777812711903,161.10361076836102,150,108,Nenhuma,0.8
390,29.786909035362406,29,167.70156268925888,10.954018326222695,202.03318233669773,106.90862723143145,184,58,Nenhuma,0.8
390,29.786909035362406,36,138.141063421715,75.39480803893932,252.43515418340226,283.39777193161865,195,179,Nenhuma,0.8
390,29.786909035362406,47,28.59720734661911,70.93800023540153,70.14953288050249,140.89779975216305,49,105,Nenhuma,0.8
393,30.016039104865197,1,362.0814694162342,37.65387908754003,427.05386381239714,137.11968237525417,394,87,Nenhuma,0.8
393,30.016039104865197,2,11.00075854065836,93.56716325460641,81.36564794754352,246.52451545034964,46,170,Nenhuma,0.8
393,30.016039104865197,3,120.57353513378735,56.13040512877149,179.82305125458288,175.0650101715013,150,115,Nenhuma,0.8
393,30.016039104865197,29,168.23070967402433,11.641852870438242,201.70491179955485,104.20465936077451,184,57,Nenhuma,0.8
393,30.016039104865197,36,150.7743737235196,67.6640498547636,255.2500052382138,259.1066644119519,203,163,Nenhuma,0.8
393,30.016039104865197,47,28.583538697775797,70.51982740188672,70.67779155994788,141.3920461817545,49,105,Nenhuma,0.8
396,30.245169174367984,1,361.3336062921911,37.25618877828118,427.19505864495255,137.10690321169187,394,87,Nenhuma,0.8
396,30.245169174367984,2,11.77017462325562,91.8657360912431,80.67153186181221,244.32208500985217,46,168,Nenhuma,0.8
396,30.245169174367984,3,120.5635318301795,55.51262062364304,181.70234334667458,181.75464448616913,151,118,Nenhuma,0.8
396,30.245169174367984,29,168.35644584728567,11.660672236744539,201.65979364448333,103.75098286493545,185,57,Nenhuma,0.8
396,30.245169174367984,36,163.7864936568473,60.23139611150499,250.46928915221417,220.0782025059338,207,140,Nenhuma,0.8
396,30.245169174367984,47,28.569870051693595,70.10165456837188,71.20605023663214,141.88629261134594,49,105,Nenhuma,0.8
399,30.47429924387077,1,360.68475228867027,37.76323282168212,426.9424711026248,137.09540512182542,393,87,Nenhuma,0.8
399,30.47429924387077,2,14.545076464900461,91.22628180667265,81.19416676434835,241.49760519194876,47,166,Nenhuma,0.8
399,30.47429924387077,3,120.8158386177056,55.24178950794267,182.2036620425983,184.42086706716833,151,119,Nenhuma,0.8
399,30.47429924387077,29,168.48218211288628,11.679491603050835,201.6146753970725,103.2973063690964,185,57,Nenhuma,0.8
399,30.47429924387077,36,174.42470339976614,53.59484058070787,256.70816974183276,207.3755995332669,215,130,Nenhuma,0.8
399,30.47429924387077,47,28.556201408372505,69.68348173485705,71.7343089105553,142.38053904093738,50,106,Nenhuma,0.8
402,30.703429313373558,1,356.5619579536811,37.953218428804604,422.11131637233063,137.0841084260764,389,87,Nenhuma,0.8
402,30.703429313373558,2,19.287542207931736,88.33648649297635,86.96007096130114,241.7550221634741,53,165,Nenhuma,0.8
402,30.703429313373558,3,121.85199064033237,55.761897496598635,182.07645497582706,184.7243718174023,151,120,Nenhuma,0.8
402,30.703429313373558,29,167.07306223216483,11.955782080805207,202.09951785020203,108.95110606004458,184,60,Nenhuma,0.8
402,30.703429313373558,36,184.81545265221538,50.91076789757764,264.0167734529513,202.90952101773402,224,126,Nenhuma,0.8
405,30.932559382876345,1,358.93660365264304,37.359538204746784,424.9644587783341,136.41279075891651,391,86,Nenhuma,0.8
405,30.932559382876345,2,22.68713069671891,87.27321178764765,90.04645903301841,240.54375844594955,56,163,Nenhuma,0.8
405,30.932559382876345,3,122.82547030990146,55.320887616604665,182.7191718298642,185.35225432068867,152,120,Nenhuma,0.8
405,30.932559382876345,29,167.39549854358438,12.67166618054847,202.32429989170151,109.71626151081296,184,61,Nenhuma,0.8
405,30.932559382876345,36,197.04442560240756,47.40305942866256,272.56955720816825,193.46805918542293,234,120,Nenhuma,0.8
408,31.161689452379132,1,359.1408504926339,33.8261973035698,427.4176632760724,136.15536918031768,393,84,Nenhuma,0.8
408,31.161689452379132,2,24.076262668625397,84.25086217066927,92.36755451388893,240.0874877213178,58,162,Nenhuma,0.8
408,31.161689452379132,3,123.32337115930855,55.14570508707641,182.82237260251648,185.49898696898225,153,120,Nenhuma,0.8
408,31.161689452379132,29,167.34200408982917,11.607260751750871,202.57477508094914,109.98741679156787,184,60,Nenhuma,0.8
408,31.161689452379132,36,199.18336059110038,44.32311778359839,270.6991193195605,186.4959112753093,234,115,Nenhuma,0.8
411,31.390819521881923,1,356.4235003528766,34.465528367072515,422.6482283988262,135.4058469881633,389,84,Nenhuma,0.8
411,31.390819521881923,2,23.775000051107632,81.16712160757574,92.01449064453664,237.95855589106884,57,159,Nenhuma,0.8
411,31.390819521881923,3,121.59543265913027,55.07437083314545,180.8714418336723,186.10016413945087,151,120,Nenhuma,0.8
411,31.390819521881923,29,167.36683008950317,10.550431163771947,202.62253303090137,109.42589005372278,184,59,Nenhuma,0.8
411,31.390819521881923,36,198.0779774581737,41.36426077472329,269.83053997227057,186.5973144426169,233,113,Nenhuma,0.8
414,31.61994959138471,1,355.4674537716093,34.7320430348161,420.026359787548,135.11401522661612,387,84,Nenhuma,0.8
414,31.61994959138471,2,23.866612919640176,81.99252174693352,90.90991833529938,235.84377525962208,57,158,Nenhuma,0.8
414,31.61994959138471,3,117.88005059664592,54.396391001125735,177.30279645393716,186.24204261132445,147,120,Nenhuma,0.8
414,31.61994959138471,29,167.69173339692867,10.80471131803506,202.97997230453296,109.85917119781577,185,60,Nenhuma,0.8
414,31.61994959138471,36,193.1981244576351,37.05696508252562,264.1897252589151,184.84401211748764,228,110,Nenhuma,0.8
417,31.849079660887497,1,354.94377807042605,34.531976133927714,419.5732315350637,135.02071311794046,387,84,Nenhuma,0.8
417,31.849079660887497,2,23.00915835469641,82.35887222368652,89.28062843482523,234.39434008247943,56,158,Nenhuma,0.8
417,31.849079660887497,3,113.52654984098331,54.13292037498873,173.63680472974823,186.21144715593044,143,120,Nenhuma,0.8
417,31.849079660887497,29,167.2688792935022,10.905772413546394,202.34473811195875,110.01761377054618,184,60,Nenhuma,0.8
417,31.849079660887497,36,188.70687458419496,34.2959979062029,259.0432446726344,186.53196519924066,223,110,Nenhuma,0.8
420,32.078209730390284,1,354.4201003680616,34.331909233039326,419.1201052837605,134.9274110092648,386,84,Nenhuma,0.8
420,32.078209730390284,2,23.42665096240129,83.19312114961534,89.84978744518688,233.87799670215063,56,158,Nenhuma,0.8
420,32.078209730390284,3,110.41839569663068,54.03187440052328,171.05566044408175,186.1169669368852,140,120,Nenhuma,0.8
420,32.078209730390284,29,167.56198977680066,12.263602402981121,201.6463197122951,108.75392115321384,184,60,Nenhuma,0.8
420,32.078209730390284,36,184.12989150532184,28.10257348933061,253.17418809105374,182.74200908814407,218,105,Nenhuma,0.8
423,32.30733979989307,1,353.896420664516,34.13184233215094,418.66698103363854,134.83410890058917,386,84,Nenhuma,0.8
423,32.30733979989307,2,22.9527328951361,82.20526599310365,89.97039546361052,233.04954690150316,56,157,Nenhuma,0.8
423,32.30733979989307,3,107.43889191358079,52.03523061722427,169.27689177673358,186.0064071255599,138,119,Nenhuma,0.8
423,32.30733979989307,29,167.79137286541146,12.11813566855296,201.26261462317723,106.93133932912909,184,59,Nenhuma,0.8
423,32.30733979989307,36,181.042772830837,24.602955612708087,246.79731504050594,176.25918846335426,213,100,Nenhuma,0.8
426,32.53646986939586,2,22.323252400830313,83.18143671596471,89.0923156830054,232.10408007652183,55,157,Nenhuma,0.8
426,32.53646986939586,3,107.52472947647806,51.27576802925903,171.98095672405805,189.8116232874819,139,120,Nenhuma,0.8
426,32.53646986939586,29,167.80345956572845,12.182280944078414,201.19199770254994,106.76126356962959,184,59,Nenhuma,0.8
426,32.53646986939586,36,172.24622976417663,22.815443973338404,236.40934280014108,170.74465140973206,204,96,Nenhuma,0.8
426,32.53646986939586,47,42.543151923248445,71.91594484171213,79.22074747529916,132.20500302411838,60,102,Nenhuma,0.8
429,32.765599938898646,2,22.87110070309283,82.73447981506034,89.49796794586405,231.33956350287804,56,157,Nenhuma,0.8
429,32.765599938898646,3,106.5441883648762,49.05596768574347,173.43555687951624,190.5776730036282,139,119,Nenhuma,0.8
429,32.765599938898646,29,167.81554622095382,12.246426219603869,201.1213808270143,106.5911878101301,184,59,Nenhuma,0.8
429,32.765599938898646,36,166.9153216779645,18.294992988014485,227.82134743680706,160.21498438453725,197,89,Nenhuma,0.8
429,32.765599938898646,47,43.58620637868867,71.93168653262236,79.91109558121406,131.64097068143764,61,101,Nenhuma,0.8
432,32.99473000840143,2,23.41894939209532,82.28752291415597,89.90361982198272,230.57504692923428,56,156,Nenhuma,0.8
432,32.99473000840143,3,113.91485130619799,52.078894993463166,179.2295339244526,191.4562211874175,146,121,Nenhuma,0.8
432,32.99473000840143,29,167.82763283108758,12.310571495129324,201.05076399657025,106.42111205063061,184,59,Nenhuma,0.8
432,32.99473000840143,36,161.284091604687,14.09950575010437,220.86390415861774,156.62349028910194,191,85,Nenhuma,0.8
432,32.99473000840143,47,44.62926089595655,71.94742822353258,80.6014436253013,131.07693833875686,62,101,Nenhuma,0.8
435,33.22386007790423,2,20.636397451595485,81.1270843112492,89.16128611331403,233.36659839219564,54,157,Nenhuma,0.8
435,33.22386007790423,3,120.14667408001239,53.943475391115,183.46245575985716,189.75276246957043,151,121,Nenhuma,0.8
435,33.22386007790423,36,160.16481628999358,13.378346481971775,216.86985566660107,152.16522791914468,188,82,Nenhuma,0.8
435,33.22386007790423,47,45.67231547505206,71.9631699144428,81.29179160756088,130.51290599607609,63,101,Nenhuma,0.8
438,33.452990147407014,2,20.855385310852952,80.60674753900324,89.43520760387344,232.96781483493587,55,156,Nenhuma,0.8
438,33.452990147407014,3,125.60338263228142,54.66160632609434,188.6062120076033,189.69338512181264,157,122,Nenhuma,0.8
438,33.452990147407014,36,160.5841147333699,12.628064501163486,211.31216128700754,139.98801776081092,185,76,Nenhuma,0.8
441,33.6821202169098,2,21.074372993776926,80.08641076675727,89.70912927076634,232.5690312776761,55,156,Nenhuma,0.8
441,33.6821202169098,3,125.92755791024037,54.26845219232651,188.24356591688107,188.96886674164085,157,121,Nenhuma,0.8
441,33.6821202169098,36,159.37227753787198,11.196838734335635,208.05417890607472,136.55892161274568,183,73,Nenhuma,0.8
444,33.91125028641259,2,21.29336050036742,79.5660739945113,89.9830511139927,232.1702477204163,55,155,Nenhuma,0.8
444,33.91125028641259,3,127.17469603810531,55.43421251409512,188.21874785668223,188.65312807328118,157,122,Nenhuma,0.8
444,33.91125028641259,36,159.232575747985,10.787818323321986,204.02103023456596,128.04066822122405,181,69,Nenhuma,0.8
447,34.140380355915376,1,343.51765964663497,32.01449410186044,407.857413382241,138.865991836522,375,85,Nenhuma,0.8
447,34.140380355915376,3,128.450899344128,55.211108216185224,189.3105415274015,189.1563773243484,158,122,Nenhuma,0.8
447,34.140380355915376,36,161.24528996536725,9.428225992848326,204.18694528167006,123.22853407652173,182,66,Nenhuma,0.8
450,34.36951042541816,1,342.43157763532656,31.779177218669687,407.05450538259606,139.09860060086595,374,85,Nenhuma,0.8
450,34.36951042541816,2,17.52023875236845,85.3509667916143,82.63134506606687,232.8586968679244,50,159,Nenhuma,0.8
450,34.36951042541816,3,129.13510565027724,54.462110808582096,189.449114305543,188.65855020875728,159,121,Nenhuma,0.8
450,34.36951042541816,36,160.53269946766028,6.942814641427525,202.0222542048873,116.8973889243218,181,61,Nenhuma,0.8
453,34.59864049492095,1,341.3454894482665,31.543860335478932,406.2516035587027,139.33120936520993,373,85,Nenhuma,0.8
453,34.59864049492095,2,18.06068676196423,85.8292643883793,81.81095657752064,232.8767405208549,49,159,Nenhuma,0.8
453,34.59864049492095,3,129.28103310753843,54.83218259708994,189.54020877762906,190.41840906730576,159,122,Nenhuma,0.8
453,34.59864049492095,29,159.97980131091882,15.904599710019134,184.7405762142191,81.71336756751055,172,48,Nenhuma,0.8
453,34.59864049492095,36,159.82007598659501,4.457403290006724,199.8575961114628,110.56624377212187,179,57,Nenhuma,0.8
456,34.82777056442374,1,327.1602950555869,27.674358926538787,388.42861875526046,123.90554722377439,357,75,Nenhuma,0.8
456,34.82777056442374,2,18.244452622757752,86.65155613134672,80.86373950971048,232.87979037293158,49,159,Nenhuma,0.8
456,34.82777056442374,3,129.89682494166033,54.97029166027774,189.60793378305533,190.40362921942273,159,122,Nenhuma,0.8
456,34.82777056442374,29,157.89206964698653,15.252736498998956,183.51911608885675,79.96702554145358,170,47,Nenhuma,0.8
456,34.82777056442374,36,159.10741952217143,1.9719919385859228,197.69297100139661,104.23509861992193,178,53,Nenhuma,0.8
459,35.056900633926524,1,327.92793982974575,29.166021773407493,388.75321037384913,122.2058815609575,358,75,Nenhuma,0.8
459,35.056900633926524,2,19.476729018593293,86.95088793360115,82.02799996976394,233.55396051761903,50,160,Nenhuma,0.8
459,35.056900633926524,3,130.5409881954131,55.05769785945385,190.50875297807795,191.07771847748285,160,123,Nenhuma,0.8
459,35.056900633926524,29,157.31026508382797,15.42623909611694,182.13454499138982,78.11299827510138,169,46,Nenhuma,0.8
459,35.056900633926524,47,45.47899274879636,72.00139488394397,78.78449593507085,124.03131944938416,62,98,Nenhuma,0.8
459,35.056900633926524,50,391.0597915731363,51.817960781857785,426.7899818876202,136.0,408,93,Nenhuma,0.8
462,35.28603070342931,1,326.2283129574341,28.828797639939673,386.4599118603702,120.95770742911856,356,74,Nenhuma,0.8
462,35.28603070342931,2,21.185087762066587,85.72939441353975,85.21105517264715,234.47575908098958,53,160,Nenhuma,0.8
462,35.28603070342931,3,131.18516010293158,55.14510405862997,191.40956351933485,191.75180773554303,161,123,Nenhuma,0.8
462,35.28603070342931,29,158.41818134352826,15.103406527230497,184.45738049100837,80.18255917670155,171,47,Nenhuma,0.8
462,35.28603070342931,47,45.97206912517436,72.0107519924663,78.8187969036214,123.32393352822132,62,97,Nenhuma,0.8
462,35.28603070342931,50,391.3959752737874,52.8879700975168,426.0409034540179,134.45816008970598,408,93,Nenhuma,0.8
465,35.5151607729321,1,324.5287045401193,28.491573506471852,384.1665948918945,119.7095332972796,354,74,Nenhuma,0.8
465,35.5151607729321,2,18.901409363909284,86.58326756856103,82.08350200509953,234.82434102143344,50,160,Nenhuma,0.8
465,35.5151607729321,3,128.9692962148315,55.878725789960896,186.63292043536003,187.01538240688956,157,121,Nenhuma,0.8
465,35.5151607729321,29,158.12897053688593,15.198003932471387,183.6382273271581,78.95228678093656,170,47,Nenhuma,0.8
465,35.5151607729321,47,46.46514588743757,72.02010910098863,78.85309748628674,122.61654760705851,62,97,Nenhuma,0.8
465,35.5151607729321,50,391.8979693144273,56.943450999931706,425.34150480763316,135.48458276784706,408,96,Nenhuma,0.8
468,35.744290842434886,1,322.8291145778012,28.15434937300403,381.87325946842185,118.46135916544065,352,73,Nenhuma,0.8
468,35.744290842434886,2,16.546841826366016,88.23010352629267,78.39194008597327,234.29458358702408,47,161,Nenhuma,0.8
468,35.744290842434886,3,129.12688561616721,56.00921300444662,186.96629784803702,186.35463273767627,158,121,Nenhuma,0.8
468,35.744290842434886,29,157.83976303486497,15.292601337712277,182.81907085868644,77.72201438517158,170,46,Nenhuma,0.8
468,35.744290842434886,47,46.95822303558599,72.02946620951096,78.88739768306688,121.90916168589567,62,96,Nenhuma,0.8
468,35.744290842434886,50,392.5346129338764,58.923479153973126,425.34998595995387,135.8406333219041,408,97,Nenhuma,0.8
471,35.97342091193768,2,16.001918274096653,89.51081252147915,76.66892341216302,233.42724207016866,46,161,Nenhuma,0.8
471,35.97342091193768,3,118.79553886531411,58.054829672466994,178.10656919346823,187.4704194029291,148,122,Nenhuma,0.8
471,35.97342091193768,29,157.55055883746536,15.387198742953167,181.99991108559342,76.49174198940659,169,45,Nenhuma,0.8
471,35.97342091193768,36,155.71169253122676,15.405704720038045,192.16282133721398,116.00212041724376,173,65,Nenhuma,0.8
471,35.97342091193768,47,39.67729094922494,70.188693126175,82.7274300818109,138.26022408802316,61,104,Nenhuma,0.8
471,35.97342091193768,50,392.6944533787445,59.49042270199818,425.3860538758605,135.96059003911463,409,97,Nenhuma,0.8
474,36.20255098144047,1,331.63380695684805,27.96158982297296,395.9081523743238,123.40660255717785,363,75,Nenhuma,0.8
474,36.20255098144047,2,15.76216943435621,89.97606446410552,76.10024089044875,233.77150416232698,45,161,Nenhuma,0.8
474,36.20255098144047,3,114.3187454769917,56.809737322429456,175.47031202572265,187.88077296077824,144,122,Nenhuma,0.8
474,36.20255098144047,36,154.93006164710536,15.222670948196559,190.55332031956166,113.53689117574234,172,64,Nenhuma,0.8
474,36.20255098144047,47,38.982035220294236,70.0008950165413,82.59828057596863,139.13713770547866,60,104,Nenhuma,0.8
474,36.20255098144047,50,392.6743984053503,57.49981688693723,426.15836769829485,136.00044483224872,409,96,Nenhuma,0.8
477,36.431681050943254,1,331.8640579626105,28.572717111029796,397.0515348934889,122.96859908232312,364,75,Nenhuma,0.8
477,36.431681050943254,2,15.922823479252372,89.46974144030256,76.34180850000183,233.9028609231643,46,161,Nenhuma,0.8
477,36.431681050943254,3,112.0385468420685,56.33588201125252,175.15811541534623,189.3477740734352,143,122,Nenhuma,0.8
477,36.431681050943254,36,154.14840949483082,15.039637176355072,188.94384057006252,111.07166193424094,171,63,Nenhuma,0.8
477,36.431681050943254,47,39.991426624316645,69.93277372860888,80.59087683816878,133.0625292143703,60,101,Nenhuma,0.8
477,36.431681050943254,50,392.43236623215466,57.43872518694785,425.9685965006722,136.01304879774437,409,96,Nenhuma,0.8
480,36.66081112044604,1,331.56575460449,30.12448913904897,397.1824420966349,122.8234520048911,364,76,Nenhuma,0.8
480,36.66081112044604,2,15.321302944633864,89.26550281030805,75.14462694105956,233.29191876736976,45,161,Nenhuma,0.8
480,36.66081112044604,3,113.06772079287933,56.808272290039184,178.48928298524385,190.55241600476853,145,123,Nenhuma,0.8
480,36.66081112044604,36,153.36673607440312,14.856603404513585,187.33438208871652,108.60643269273953,170,61,Nenhuma,0.8
480,36.66081112044604,47,39.750371036313794,69.75614510262233,80.77379370648146,133.54509281828615,60,101,Nenhuma,0.8
480,36.66081112044604,50,391.9410291394572,57.37338157642283,425.5998430290398,136.01571862248556,408,96,Nenhuma,0.8
483,36.88994118994883,1,332.4072747127188,28.705929874859876,398.9744433620477,122.78882635634623,365,75,Nenhuma,0.8
483,36.88994118994883,2,14.90190672165108,89.52257701916729,74.57487724062781,233.18818734555504,44,161,Nenhuma,0.8
483,36.88994118994883,3,114.98050853600381,56.98402797218735,182.27643469730896,190.99749123069608,148,123,Nenhuma,0.8
483,36.88994118994883,47,39.509315049653964,69.57951647663579,80.95671097345112,134.02765642220203,60,101,Nenhuma,0.8
483,36.88994118994883,50,391.1218271214823,52.589763699033966,426.7675317918835,136.01518674618035,408,94,Nenhuma,0.8
486,37.119071259451616,1,332.3707851516631,28.543323231348957,398.76529377758374,122.37849187239087,365,75,Nenhuma,0.8
486,37.119071259451616,2,14.6370646040513,86.04006955290934,75.03383991309587,232.23598156726177,44,159,Nenhuma,0.8
486,37.119071259451616,3,122.01415357570835,56.38594740474008,189.32632028422375,190.490212790455,155,123,Nenhuma,0.8
486,37.119071259451616,47,39.268258664337154,69.40288785064925,81.13962863907778,134.5102200261179,60,101,Nenhuma,0.8
486,37.119071259451616,50,391.7400967547918,50.18791993727325,428.24033444835794,136.01442413009883,409,93,Nenhuma,0.8
489,37.3482013289544,1,335.85692423181496,29.644696380342545,397.46077519492735,121.21243336523159,366,75,Nenhuma,0.8
489,37.3482013289544,2,14.26523323151767,85.9653961012222,74.67234556831927,232.01336309329207,44,158,Nenhuma,0.8
489,37.3482013289544,3,128.8661815852522,56.15424761273536,195.08101975183084,190.28185131253193,161,123,Nenhuma,0.8
489,37.3482013289544,36,161.6429092870977,14.962167863111382,186.51181838406478,82.10414148274194,174,48,Nenhuma,0.8
489,37.3482013289544,50,391.37256758359047,49.26433013655941,428.1004620811883,136.01300361152397,409,92,Nenhuma,0.8
492,37.57733139845719,1,336.01908148163807,29.61742201651049,397.3128615784151,120.72118472784214,366,75,Nenhuma,0.8
492,37.57733139845719,2,13.85400028837169,85.82725953189141,74.23577309362068,231.81525236531724,44,158,Nenhuma,0.8
492,37.57733139845719,3,131.7710245679694,55.40450066110648,197.5637061446362,190.19054774574542,164,122,Nenhuma,0.8
492,37.57733139845719,36,162.46004883335425,14.964847670257342,186.9066899649598,80.32510381790712,174,47,Nenhuma,0.8
492,37.57733139845719,50,392.13643586243705,49.58311514715729,428.4383962107019,136.01148036028314,410,92,Nenhuma,0.8
495,37.80646146795998,1,339.0742283839746,29.91559023910402,399.5554078888683,124.01759754044413,369,76,Nenhuma,0.8
495,37.80646146795998,2,13.44276712604221,85.68912296256063,73.79920083810559,231.61714163734234,43,158,Nenhuma,0.8
495,37.80646146795998,3,132.45988314891974,55.77933432096738,196.85278196442388,189.4876389400414,164,122,Nenhuma,0.8
495,37.80646146795998,36,162.7112317978178,14.959507501591553,186.89312558009152,78.98434927469805,174,46,Nenhuma,0.8
495,37.80646146795998,50,391.35280553806865,49.065353815984736,427.65187306386815,136.01003918262583,409,92,Nenhuma,0.8
498,38.035591537462764,1,340.49216767414487,30.6457981462451,399.24883511750056,125.32036635677169,369,77,Nenhuma,0.8
498,38.035591537462764,2,13.031533744529227,85.55098639322985,73.36262880177401,231.4190309093675,43,158,Nenhuma,0.8
498,38.035591537462764,3,127.16720424509654,56.58546840926651,192.10768145817553,190.53427264642158,159,123,Nenhuma,0.8
498,38.035591537462764,36,163.05434830268103,14.870781322503625,185.97288267474565,75.5520699974258,174,45,Nenhuma,0.8
498,38.035591537462764,50,392.0839258096092,52.17285025910801,426.97403571251056,136.00887420452358,409,94,Nenhuma,0.8
501,38.26472160696555,1,341.2557330817443,30.248511507070894,399.5340200684743,127.1121517608461,370,78,Nenhuma,0.8
501,38.26472160696555,3,128.99751865850857,57.547906992592374,196.99994113498946,198.84368973062058,162,128,Nenhuma,0.8
501,38.26472160696555,36,161.32979812952567,14.964035564028379,187.57946020745214,85.3795079231884,174,50,Nenhuma,0.8
501,38.26472160696555,50,392.7726232208755,53.38679177026632,426.96577484984437,136.0075935843026,409,94,Nenhuma,0.8
504,38.49385167646834,1,341.5314071014167,30.282081948762773,399.94258071542293,127.36462936753634,370,78,Nenhuma,0.8
504,38.49385167646834,3,136.18388012827666,59.196798780130905,203.93059141403074,201.92711222107187,170,130,Nenhuma,0.8
504,38.49385167646834,36,161.1764216277851,14.967707737550846,187.62301919911084,86.66935361609862,174,50,Nenhuma,0.8
504,38.49385167646834,50,393.17345728051055,56.50203444021094,426.1431378453706,136.0066313172301,409,96,Nenhuma,0.8
504,38.49385167646834,53,278.4318055354543,314.19903772243686,384.09574104925696,359.0,331,336,Nenhuma,0.8
507,38.72298174597113,1,341.8070784592234,30.31565239045465,400.3511440242371,127.61710697422654,371,78,Nenhuma,0.8
507,38.72298174597113,3,141.9449676828868,59.18426524151589,209.51909333927352,203.74034018947845,175,131,Nenhuma,0.8
507,38.72298174597113,36,162.4487337843875,14.972018437524916,186.99833446319494,80.57559670225504,174,47,Nenhuma,0.8
507,38.72298174597113,50,393.0882715611071,56.988334678787496,426.0600886826463,136.00567158741535,409,96,Nenhuma,0.8
507,38.72298174597113,53,275.1028221852254,313.13144038779603,383.3408143163185,359.00000000000006,329,336,Nenhuma,0.8
510,38.95211181547392,1,342.08274715516455,30.34922283214653,400.7597099949168,127.86958458091678,371,79,Nenhuma,0.8
510,38.95211181547392,3,151.1222478095975,59.81990951347112,218.28476471713964,204.38817755633286,184,132,Nenhuma,0.8
510,38.95211181547392,36,164.02401429644277,14.977695372589949,186.40056780618312,73.45408738645523,175,44,Nenhuma,0.8
510,38.95211181547392,50,393.01501634031075,55.143273393782444,426.73683072068695,136.0049808116196,409,95,Nenhuma,0.8
510,38.95211181547392,53,274.4707241590378,312.8120513982233,383.4828868900701,359.0,328,335,Nenhuma,0.8
510,38.95211181547392,54,108.37139679307481,44.0,155.50636462212893,154.28670456041274,131,99,Nenhuma,0.8
513,39.18124188497671,3,156.37990279323196,60.7075743742933,223.05195155189622,205.23803219973001,189,132,Nenhuma,0.8
513,39.18124188497671,36,165.25190856995712,14.982473986214696,185.5372196925182,66.07437232599204,175,40,Nenhuma,0.8
513,39.18124188497671,50,392.9895159282453,54.451737074482374,426.98143302356,136.00446539241884,409,95,Nenhuma,0.8
513,39.18124188497671,53,272.9055066852488,312.03927264600213,383.6408034146563,358.99999999999994,328,335,Nenhuma,0.8
513,39.18124188497671,54,106.67650949445678,43.236636960462974,156.90623612763946,160.96028410605481,131,102,Nenhuma,0.8
516,39.410371954479494,3,163.79742980670096,61.03314373508297,229.76006505256896,204.8572599414297,196,132,Nenhuma,0.8
516,39.410371954479494,36,165.80868941174734,14.950511265754194,184.90291592102585,63.04334759409604,175,38,Nenhuma,0.8
516,39.410371954479494,50,392.4850327138024,53.521083375194756,426.90202063507604,136.0039408675152,409,94,Nenhuma,0.8
516,39.410371954479494,53,271.7313017645529,310.4185198923909,384.4218655087557,358.3122989711096,328,334,Nenhuma,0.8
516,39.410371954479494,54,105.73649590040392,42.99542946571232,157.00398654127574,163.06664514184786,131,103,Nenhuma,0.8
519,39.63950202398228,3,170.72372217673973,62.45849109409362,235.8860718955828,206.63902740619233,203,134,Nenhuma,0.8
519,39.63950202398228,36,166.36544844488105,14.918548545293692,184.2686339581901,60.01232286220004,175,37,Nenhuma,0.8
519,39.63950202398228,50,392.86844671063824,56.46060765436931,426.2922047084318,136.00348556145548,409,96,Nenhuma,0.8
519,39.63950202398228,53,270.0059701502864,309.1787067987519,384.7462335762093,358.0605301565729,327,333,Nenhuma,0.8
519,39.63950202398228,54,105.80269530714664,43.6192562410279,155.8779152644401,160.91087579472565,130,102,Nenhuma,0.8
522,39.86863209348507,2,17.118652410141326,87.90543543625488,75.52512386571725,231.94237281729454,46,159,Nenhuma,0.8
522,39.86863209348507,3,177.69651763440385,66.27037752599162,239.52910507873122,203.32889749587824,208,134,Nenhuma,0.8
522,39.86863209348507,29,156.11832353485866,16.00251861155847,192.81008806378168,117.84204724223083,174,66,Nenhuma,0.8
522,39.86863209348507,36,166.9221856693582,14.88658582483319,183.63437380401086,56.981298130304026,175,35,Nenhuma,0.8
522,39.86863209348507,50,392.4255321080185,56.25002575690732,425.97342621442294,136.00297154956874,409,96,Nenhuma,0.8
522,39.86863209348507,53,267.4126172291872,306.7490203986137,386.89463486605075,357.97163879823063,327,332,Nenhuma,0.8
522,39.86863209348507,54,107.53935321386636,43.863622967298475,157.20227493569706,160.67688156672213,132,102,Nenhuma,0.8
525,40.097762162987856,2,17.958200357130888,88.69655312899545,75.6417344391966,232.66141357531853,46,160,Nenhuma,0.8
525,40.097762162987856,3,184.62639490642658,68.38163569998193,245.0103026541501,202.66066914101606,214,135,Nenhuma,0.8
525,40.097762162987856,29,157.8586851047193,16.022413391750177,192.30948480821417,116.63402510440622,175,66,Nenhuma,0.8
525,40.097762162987856,50,392.25167770498575,56.16469346342784,425.867956383247,136.00262623071188,409,96,Nenhuma,0.8
525,40.097762162987856,53,265.055197160092,304.5558997881218,389.79362539277133,358.59681376088935,327,331,Nenhuma,0.8
525,40.097762162987856,54,108.36883273296334,43.95354153394258,157.45639321301425,159.8538097183902,132,101,Nenhuma,0.8
528,40.32689223249064,1,342.89209326723335,28.102008128107514,399.3057870205459,126.13535453441855,371,77,Nenhuma,0.8
528,40.32689223249064,2,18.85423803061953,89.61849270614198,75.72036597303321,232.22839921892012,47,160,Nenhuma,0.8
528,40.32689223249064,3,189.12534139181497,69.12211837289757,244.77626627107253,191.68142069857439,216,130,Nenhuma,0.8
528,40.32689223249064,29,158.26361196646857,16.025741204122177,191.92171236199061,119.36883538730856,175,67,Nenhuma,0.8
528,40.32689223249064,50,391.81700968216626,54.1353117299818,426.19964286467086,136.002316575143,409,95,Nenhuma,0.8
528,40.32689223249064,53,266.00246200996736,303.7451459253722,390.39901567230385,358.19708076849275,328,330,Nenhuma,0.8
528,40.32689223249064,54,108.72540421202032,43.98689880849346,157.4637143169147,159.50608228280797,133,101,Nenhuma,0.8
531,40.55602230199343,1,344.19404480832446,27.98650391474215,399.355542947182,128.1243216902014,371,78,Nenhuma,0.8
531,40.55602230199343,2,19.374765921381933,89.9555245862922,75.55779635222987,232.06642310905715,47,161,Nenhuma,0.8
531,40.55602230199343,3,190.29340875927275,72.7881490342534,248.81017531059294,197.86659616290288,219,135,Nenhuma,0.8
531,40.55602230199343,29,158.95696344971148,16.025746428728652,191.22584709987103,118.54969257629124,175,67,Nenhuma,0.8
531,40.55602230199343,50,391.44242716559074,52.06118329505851,426.53785121801843,136.00207939709736,408,94,Nenhuma,0.8
531,40.55602230199343,53,264.18593397434734,302.5230237990333,391.18797189329183,358.1154622643192,327,330,Nenhuma,0.8
531,40.55602230199343,54,107.5276272294703,43.323741726184025,156.7372377305596,160.0229217777079,132,101,Nenhuma,0.8
531,40.55602230199343,55,133.99917540238852,24.229953565933556,170.44362774523555,117.05131195272898,152,70,Nenhuma,0.8
534,40.78515237149622,1,344.64746049137045,28.603733738165268,398.6890652559566,129.4265650737107,371,79,Nenhuma,0.8
534,40.78515237149622,2,19.39933818064905,90.07183111393488,74.99336289414592,232.00710866053987,47,161,Nenhuma,0.8
534,40.78515237149622,3,196.68609689595291,76.03685657527348,257.4874612467895,201.3260048782804,227,138,Nenhuma,0.8
534,40.78515237149622,29,159.90925829000727,16.024153438907526,190.8975414288828,117.5194859725325,175,66,Nenhuma,0.8
534,40.78515237149622,50,391.8564039947374,49.96696691183662,427.41865090574987,136.00186288779622,409,92,Nenhuma,0.8
534,40.78515237149622,53,262.3694063384953,301.30090167269435,391.97692771451176,358.0338437601456,327,329,Nenhuma,0.8
534,40.78515237149622,54,104.80217714515153,43.74694817960467,154.049468308808,159.52446452621967,129,101,Nenhuma,0.8
534,40.78515237149622,55,134.0326932803996,23.979572126276118,170.63146359216876,117.14775685553593,152,70,Nenhuma,0.8
537,41.014282440999004,1,344.4535420064382,28.185421068629033,398.13034891552553,130.56893785256509,371,79,Nenhuma,0.8
537,41.014282440999004,2,19.900119520402797,90.76970783092787,74.94577963732839,231.98665589700073,47,161,Nenhuma,0.8
537,41.014282440999004,3,201.59896401727235,79.86884632943139,263.241931177316,203.2827804391839,232,141,Nenhuma,0.8
537,41.014282440999004,29,160.33541407099523,15.380309449720038,190.7053851721121,116.42545497112616,175,65,Nenhuma,0.8
537,41.014282440999004,50,392.012844058635,48.523231571491245,427.7604230403742,136.00166801445496,409,92,Nenhuma,0.8
537,41.014282440999004,53,272.79027139996083,309.1562072421249,384.41941104172133,357.99193435134634,328,333,Nenhuma,0.8
537,41.014282440999004,54,103.02580588432062,44.57993628615075,152.4320984705504,159.3108566320967,127,101,Nenhuma,0.8
537,41.014282440999004,55,134.3533594305999,23.916243593799685,171.89660310176748,119.34141779228995,153,71,Nenhuma,0.8
540,41.2434125105018,1,343.0742133376359,28.683706731907762,396.59294640260117,132.3008173919057,369,80,Nenhuma,0.8
540,41.2434125105018,2,19.372552413171984,90.35680372582348,74.30748395043497,231.9808591056536,46,161,Nenhuma,0.8
540,41.2434125105018,3,212.2040105179336,83.24600721490006,274.38052164209995,201.30464052570957,243,142,Nenhuma,0.8
540,41.2434125105018,29,160.60326680312116,15.131160112723805,190.5184249932627,115.96005452044709,175,65,Nenhuma,0.8
540,41.2434125105018,50,392.1848989104602,47.98443288182,427.77744478872387,136.00148648651947,409,91,Nenhuma,0.8
540,41.2434125105018,53,275.48779147275604,311.09844275067525,382.82220685483304,357.97575513315155,329,334,Nenhuma,0.8
540,41.2434125105018,54,102.67960528889463,46.22961677810666,143.50147386604147,139.13918207206098,123,92,Nenhuma,0.8
540,41.2434125105018,55,135.75727333197239,23.907046747928412,173.86327582349963,120.06628400665204,154,71,Nenhuma,0.8
543,41.472542580004585,1,343.2594760520827,28.223168215909915,395.9388988525308,131.63831393811967,369,79,Nenhuma,0.8
543,41.472542580004585,2,19.450057902272256,91.51781674436576,73.78843583222107,231.9802681106396,46,161,Nenhuma,0.8
543,41.472542580004585,3,221.06494162208577,91.89073567898092,280.63940126224554,202.57420278652762,250,147,Nenhuma,0.8
543,41.472542580004585,29,160.79401573848043,15.035657558397482,190.34905606419576,115.73975463978607,175,65,Nenhuma,0.8
543,41.472542580004585,50,392.2381441121601,47.14530170278429,427.79238967586326,136.00131716615232,410,91,Nenhuma,0.8
543,41.472542580004585,53,275.858755106614,311.6849854070941,382.09511571679684,357.96980027292807,328,334,Nenhuma,0.8
543,41.472542580004585,54,103.13671116842013,46.14086394044247,140.21627936027966,128.96638187339607,121,87,Nenhuma,0.8
543,41.472542580004585,55,136.7381077821226,23.915299240712827,174.7780691091695,118.8987016882666,155,71,Nenhuma,0.8
546,41.70167264950737,1,342.9492536651789,28.048242834518526,396.073298950805,133.99322713065678,369,81,Nenhuma,0.8
546,41.70167264950737,2,19.50638574382104,91.83961771798377,73.70564990107152,231.94533490438764,46,161,Nenhuma,0.8
546,41.70167264950737,3,227.1298242930334,94.74960851980362,285.42246971782083,203.05142288933655,256,148,Nenhuma,0.8
546,41.70167264950737,29,160.94235319776243,14.999999324374578,190.19928497882972,115.61651311937402,175,65,Nenhuma,0.8
546,41.70167264950737,47,30.57461607850721,72.93446769782389,71.58389190644682,142.01986729572394,51,107,Nenhuma,0.8
546,41.70167264950737,50,392.92046717028313,50.110943305975695,427.13172643036006,136.00117272359336,410,93,Nenhuma,0.8
546,41.70167264950737,53,276.3130148912403,312.56965145517484,382.2012951586759,358.64349133733145,329,335,Nenhuma,0.8
546,41.70167264950737,54,105.80274719521555,44.6539972483829,142.5314590865488,125.8747207655534,124,85,Nenhuma,0.8
546,41.70167264950737,55,136.01942994494044,24.615527282275202,174.08257885501772,119.11608018098772,155,71,Nenhuma,0.8
549,41.93080271901016,1,342.66784236731,27.98475376216917,395.6404349495646,134.86711912765674,369,81,Nenhuma,0.8
549,41.93080271901016,2,19.562710759265197,92.16141869160178,73.62286679602661,231.91040169813567,46,162,Nenhuma,0.8
549,41.93080271901016,3,233.19470895743808,97.60848136062634,290.205536179939,203.52864299214554,261,150,Nenhuma,0.8
549,41.93080271901016,29,160.682294894843,14.987587152565887,189.79772893116981,115.53355307465276,175,65,Nenhuma,0.8
549,41.93080271901016,47,30.085058212897497,73.07983516615765,71.23647450338295,142.4048119939187,50,107,Nenhuma,0.8
549,41.93080271901016,50,393.56598347088334,53.282298368507256,426.4884226185073,136.0010107415822,410,94,Nenhuma,0.8
549,41.93080271901016,53,276.2477075328894,312.6821656091436,381.95559365937305,358.6775175476138,329,335,Nenhuma,0.8
549,41.93080271901016,54,106.88213316524572,44.176872629822675,144.48133420354935,126.36761564617407,125,85,Nenhuma,0.8
549,41.93080271901016,55,135.49041157595835,24.875556520142553,173.3749792753758,118.49386755672428,154,71,Nenhuma,0.8
552,42.15993278851295,1,342.3861007742924,27.895692925419006,395.724959615821,135.5181365769392,369,81,Nenhuma,0.8
552,42.15993278851295,2,19.619032948604733,92.48321966521979,73.54008651708634,231.87546849188374,46,162,Nenhuma,0.8
552,42.15993278851295,3,239.25959561529984,100.46735420144904,294.9886006486,204.00586309495452,267,152,Nenhuma,0.8
552,42.15993278851295,29,160.69174732369908,15.637693047068069,189.52696285758464,115.46911838344596,175,65,Nenhuma,0.8
552,42.15993278851295,47,27.48317707814336,71.4237984328015,69.37092420173337,146.19814290710508,48,108,Nenhuma,0.8
552,42.15993278851295,50,393.5443009135456,55.1462789079004,425.8360488597814,136.00087041224373,409,95,Nenhuma,0.8
552,42.15993278851295,53,276.03100144156906,312.9569539944659,381.94641732225676,358.9395242807909,328,335,Nenhuma,0.8
552,42.15993278851295,54,107.49162383203243,44.70226852222665,146.31637253928778,128.0197352550269,126,86,Nenhuma,0.8
552,42.15993278851295,55,135.60566033516224,24.911025074509077,173.58472721617034,118.76284855886794,154,71,Nenhuma,0.8
555,42.389062858015734,1,342.1043628138971,27.80663208866884,395.80948064945505,136.16915402622172,368,81,Nenhuma,0.8
555,42.389062858015734,29,160.33354159278815,15.887338566561162,189.1228712175353,115.41279166752886,174,65,Nenhuma,0.8
555,42.389062858015734,47,28.616423276332718,71.12625773605237,67.92053215508582,143.6677510887064,48,107,Nenhuma,0.8
555,42.389062858015734,50,393.2171458482826,55.82552754981484,425.24225675829234,136.0007588133226,409,95,Nenhuma,0.8
555,42.389062858015734,53,271.5753320010165,308.93400898490313,385.63960587551657,359.0003694076732,328,333,Nenhuma,0.8
555,42.389062858015734,54,104.92344739003882,44.21652937733361,146.37193872262446,132.1170992601335,125,88,Nenhuma,0.8
555,42.389062858015734,55,135.7209090854459,24.9464936288756,173.7944751658852,119.03182956101159,154,71,Nenhuma,0.8
558,42.61819292751852,1,342.9582426555951,27.953954197618515,391.64769796550763,126.09013808356306,367,77,Nenhuma,0.8
558,42.61819292751852,29,160.18897756535907,15.980659555408053,188.97471854852418,115.36499437091096,174,65,Nenhuma,0.8
558,42.61819292751852,47,27.934165942425036,71.04825173219056,67.48051002785503,144.037215029798,47,107,Nenhuma,0.8
558,42.61819292751852,50,392.65545502531,54.06083180018837,425.4647898608556,136.00066705798707,409,95,Nenhuma,0.8
558,42.61819292751852,53,270.64971731545546,308.8454098413384,384.3662721235218,359.0220050363117,327,333,Nenhuma,0.8
558,42.61819292751852,54,105.08564298582326,44.12335077960266,146.04562473305285,130.9878602712622,125,87,Nenhuma,0.8
558,42.61819292751852,55,135.83615782680926,24.981962183242125,174.00422312452028,119.30081056315524,154,72,Nenhuma,0.8
558,42.61819292751852,59,356.4545084667153,176.0512788604904,429.6650408206497,348.28615373948026,393,262,Nenhuma,0.8
561,42.84732299702131,1,342.7865047128305,27.8872567638402,391.327927350442,125.72602282124122,367,76,Nenhuma,0.8
561,42.84732299702131,29,160.2079789708733,16.671842165134066,188.84407835663555,115.32300119021728,174,65,Nenhuma,0.8
561,42.84732299702131,47,27.251909901877596,70.97024572832876,67.04048660726401,144.40667897088957,47,107,Nenhuma,0.8
561,42.84732299702131,50,392.2354288438315,50.10327702069963,426.4219325691376,136.0005983649355,409,93,Nenhuma,0.8
561,42.84732299702131,53,264.3318401689253,304.2445666024534,386.55084728054004,359.02731306331435,325,331,Nenhuma,0.8
561,42.84732299702131,54,102.29315406463134,44.79524371631988,145.54441600443204,136.28113978678476,123,90,Nenhuma,0.8
561,42.84732299702131,59,387.3037857978681,206.5019185734874,453.94487675152305,356.8840132044279,420,281,Nenhuma,0.8
564,43.076453066524095,1,342.614765337437,27.820559330061883,391.0081581680053,125.36190755891937,366,76,Nenhuma,0.8
564,43.076453066524095,2,10.972463460255081,94.93530857227326,67.81953173664948,239.56519412596504,39,167,Nenhuma,0.8
564,43.076453066524095,29,159.74108208492314,16.27151061763486,188.6089087141994,115.28416923776261,174,65,Nenhuma,0.8
564,43.076453066524095,47,26.569655154690402,70.89223972446696,66.60046189331274,144.77614291198114,46,107,Nenhuma,0.8
564,43.076453066524095,50,392.3583324478077,49.91201744925711,426.5041103735881,136.0005448700134,409,92,Nenhuma,0.8
564,43.076453066524095,53,254.2111823457218,294.91714558664506,391.3271505710941,358.39435524361534,322,326,Nenhuma,0.8
564,43.076453066524095,54,102.10951121147033,44.79340417385483,145.1903115941456,135.9186614813339,123,90,Nenhuma,0.8
564,43.076453066524095,59,408.4785328632787,233.79292267833068,467.55329205571195,359.1406839443596,438,296,Nenhuma,0.8
567,43.30558313602688,1,344.00593591641206,28.828525509020608,391.5993332265326,125.86209148465645,367,77,Nenhuma,0.8
567,43.30558313602688,2,10.776973049798297,95.11298833266135,68.45012465570194,240.0582533419713,39,167,Nenhuma,0.8
567,43.30558313602688,29,159.23699115916472,16.77512423125284,188.19146874444482,115.25199008264889,173,66,Nenhuma,0.8
567,43.30558313602688,50,392.92859765171994,50.51062816260896,426.67298349364097,136.00047824371242,409,93,Nenhuma,0.8
567,43.30558313602688,53,249.69524218968866,289.4358012662715,394.37288300404407,358.146861039055,322,323,Nenhuma,0.8
567,43.30558313602688,54,101.92586849904498,44.79156463138978,144.83620704312352,135.5561831758831,123,90,Nenhuma,0.8
567,43.30558313602688,59,423.16629439844434,261.5011579402004,473.80899239843643,359.75159870879656,448,310,Nenhuma,0.8
570,43.53471320552967,1,343.9664400678377,28.87278688431983,391.4027454819747,125.58721494546347,367,77,Nenhuma,0.8
570,43.53471320552967,2,12.2208072710863,95.17289520610481,71.77790310255664,242.20574449848723,41,168,Nenhuma,0.8
570,43.53471320552967,29,159.4502152071623,17.62406625100749,188.29295947646207,115.22156628982711,173,66,Nenhuma,0.8
570,43.53471320552967,47,31.305635179774914,70.977357950499,67.91542034746021,137.73092840553863,49,104,Nenhuma,0.8
570,43.53471320552967,50,393.303311460759,51.41241068544962,426.58096078516934,136.00041810285168,409,93,Nenhuma,0.8
570,43.53471320552967,53,247.01738402242353,287.51003256995284,395.67997681479886,358.1137420948322,321,322,Nenhuma,0.8
570,43.53471320552967,54,101.74222592735532,44.78972508892473,144.48210235136577,135.19370487043224,123,89,Nenhuma,0.8
570,43.53471320552967,59,443.99783399546254,284.8087558537844,485.5924550088074,365.5052505926934,464,325,Nenhuma,0.8
573,43.76384327503246,1,343.92694237170065,28.91704825961905,391.20615958497956,125.31233840627048,367,77,Nenhuma,0.8
573,43.76384327503246,2,17.66424175831223,91.9080656075086,81.24892460777089,241.67958011317432,49,166,Nenhuma,0.8
573,43.76384327503246,29,159.31716227194812,17.277243955739117,188.55208988552823,115.19417891915214,173,66,Nenhuma,0.8
573,43.76384327503246,47,34.26584104496407,68.81853756708384,68.30173660528311,131.3421247143715,51,100,Nenhuma,0.8
573,43.76384327503246,50,393.3181672231444,53.08590477362812,426.00858946904555,136.00036590016,409,94,Nenhuma,0.8
573,43.76384327503246,53,244.3395312497521,285.58426387363426,396.98706523095996,358.0806231506094,320,321,Nenhuma,0.8
573,43.76384327503246,54,104.630433562228,44.08709992202244,144.0032714390959,124.30792970612322,124,84,Nenhuma,0.8
573,43.76384327503246,59,464.8293772134187,308.1163537673684,497.3759139982405,371.25890247659026,481,339,Nenhuma,0.8
576,43.99297334453525,1,346.7129829996565,29.851459574232514,396.84221569646155,135.2892683255185,371,82,Nenhuma,0.8
576,43.99297334453525,2,19.725120485101044,88.69551976265345,86.17919812422697,240.80095754173098,52,164,Nenhuma,0.8
576,43.99297334453525,29,159.1922670642456,17.140758059905146,188.7286130845305,115.17183018299008,173,66,Nenhuma,0.8
576,43.99297334453525,47,34.51493090059202,68.52390049136156,68.13688997264214,130.28740704765085,51,99,Nenhuma,0.8
576,43.99297334453525,50,393.1210399013244,50.391957654370096,426.65816860692627,136.00031831052277,409,93,Nenhuma,0.8
576,43.99297334453525,53,241.66168387167428,283.6584951773156,398.2941482525274,358.0475042063866,319,320,Nenhuma,0.8
576,43.99297334453525,54,104.82008014151143,44.018494314785684,143.5566594276146,122.94286359751281,124,83,Nenhuma,0.8
576,43.99297334453525,59,485.6609240523128,331.4239516809524,509.1593693667357,377.0125543604872,497,354,Nenhuma,0.8
579,44.22210341403804,1,347.5075654857042,30.658192380977745,396.5648400479993,136.02515340189677,372,83,Nenhuma,0.8
579,44.22210341403804,2,20.50830594490055,85.50790172011311,89.98949572544905,241.09496098131655,55,163,Nenhuma,0.8
579,44.22210341403804,29,159.83586044170593,17.084058781754344,189.42881928561985,115.151632383835,174,66,Nenhuma,0.8
579,44.22210341403804,47,34.76401863630191,68.2292634156393,67.97204545991926,129.2326893809302,51,98,Nenhuma,0.8
579,44.22210341403804,50,393.5471188426256,52.017287105144135,426.397868047636,136.00028859674566,409,94,Nenhuma,0.8
579,44.22210341403804,54,105.88106885404666,43.1711111410912,148.69940228033914,126.84311668171283,127,85,Nenhuma,0.8
582,44.451233483540825,1,347.6964009430237,30.86219027282204,397.0208895160739,136.80539335133227,372,83,Nenhuma,0.8
582,44.451233483540825,2,20.38159480599161,85.60275457446376,91.16292462706235,241.1920174599702,55,163,Nenhuma,0.8
582,44.451233483540825,29,160.06940554862706,17.05863205245567,189.70563737486773,115.13364230162185,174,66,Nenhuma,0.8
582,44.451233483540825,47,35.013104252093754,67.93462633991703,67.80720306711441,128.17797171420955,51,98,Nenhuma,0.8
582,44.451233483540825,50,393.7256091703635,52.659663148026155,426.2804888445801,136.00025046544965,410,94,Nenhuma,0.8
582,44.451233483540825,54,106.27695893452382,43.013387256887285,148.78586722220575,126.08057970896303,127,84,Nenhuma,0.8
585,44.68036355304361,1,347.885242250904,31.066188164666336,397.4769331335877,137.58563330076777,372,84,Nenhuma,0.8
585,44.68036355304361,2,19.837381016404052,86.32130163621322,91.37110319272766,241.2105619958994,55,163,Nenhuma,0.8
585,44.68036355304361,29,159.48579320794497,17.045710977532266,189.15807117651113,115.11776089907086,174,66,Nenhuma,0.8
585,44.68036355304361,50,393.7701943273497,52.70433294176424,426.3077242656251,136.00065220648483,410,94,Nenhuma,0.8
585,44.68036355304361,54,106.67284961251976,42.85566337268337,148.8723315665536,125.31804273621323,127,84,Nenhuma,0.8
588,44.9094936225464,1,348.0740894093451,31.27018605651063,397.93297090054074,138.36587325020326,373,84,Nenhuma,0.8
588,44.9094936225464,2,19.36187125637735,85.30263244999034,92.30037827986774,241.20152564688718,55,163,Nenhuma,0.8
588,44.9094936225464,29,159.53665221165846,17.037987963711032,189.33670687265146,115.10377393314576,174,66,Nenhuma,0.8
588,44.9094936225464,50,393.81477945375207,52.74900273550233,426.3349597172539,136.00105394752,410,94,Nenhuma,0.8
588,44.9094936225464,54,107.06874088803448,42.69793948847945,148.95879531338267,124.55550576346343,128,83,Nenhuma,0.8
591,45.13862369204919,2,19.346490928756538,84.93258420781603,93.74116006804772,241.84122509210619,56,163,Nenhuma,0.8
591,45.13862369204919,29,160.2795309485727,17.032595787353557,190.00207100423555,115.09145743216615,175,66,Nenhuma,0.8
591,45.13862369204919,50,393.85936454957056,52.79367252924042,426.3621951994666,136.00145568855518,410,94,Nenhuma,0.8
591,45.13862369204919,60,125.1390937423969,36.23458576041318,174.9258684681791,172.0,150,104,Nenhuma,0.8
594,45.367753761551974,2,14.072824185535033,85.46522252185949,87.04498716742717,241.41688204729493,50,163,Nenhuma,0.8
594,45.367753761551974,29,160.20144338216218,17.028389063228758,189.94992657139622,115.08060891792417,175,66,Nenhuma,0.8
594,45.367753761551974,50,392.9462046889406,57.416052048920825,424.4263815642465,136.00021013447065,408,96,Nenhuma,0.8
594,45.367753761551974,60,125.58036213770895,36.784265379880225,175.37087113517694,172.0,150,104,Nenhuma,0.8
597,45.59688383105476,2,13.99572102128812,85.0866909671476,87.279790648667,241.70283510852192,50,163,Nenhuma,0.8
597,45.59688383105476,29,160.07645115573632,17.024891912697107,190.01968586356557,115.73166721848631,175,66,Nenhuma,0.8
597,45.59688383105476,50,392.50574156702567,55.1556032888036,425.24657565026854,136.00013445782471,408,95,Nenhuma,0.8
597,45.59688383105476,60,128.36052506477083,35.49142391075203,169.8750608474357,147.6100245654057,149,91,Nenhuma,0.8
600,45.82601390055755,2,13.918613681544194,84.70815941243572,87.51459830540387,241.98878816974891,50,163,Nenhuma,0.8
600,45.82601390055755,29,159.47069776297437,17.022006436622682,189.94121021020771,116.63086989643031,174,66,Nenhuma,0.8
600,45.82601390055755,47,23.39946752899149,66.97829619266409,69.86950690121073,157.0583250726944,46,112,Nenhuma,0.8
600,45.82601390055755,50,391.5478908283769,52.466492514045214,425.6577226669606,136.00011596696964,408,94,Nenhuma,0.8
600,45.82601390055755,60,129.1369493350961,35.043610896754565,168.87219496463496,141.73998965550172,149,88,Nenhuma,0.8
600,45.82601390055755,63,373.07280700927197,246.23099982540006,582.8805637257291,357.30937668398576,477,301,Nenhuma,0.8
603,46.055143970060335,2,6.549291831928656,92.46217712961047,76.04320916936035,242.04369049527955,41,167,Nenhuma,0.8
603,46.055143970060335,29,158.4299617507936,17.01951018602029,189.4043318776686,117.62164556409749,173,67,Nenhuma,0.8
603,46.055143970060335,47,22.514182503132048,66.74925559831934,70.02610053776922,158.84967772334522,46,112,Nenhuma,0.8
603,46.055143970060335,50,391.45197893935307,53.41996319123882,425.553550237127,136.00010343631456,408,94,Nenhuma,0.8
603,46.055143970060335,60,128.59375337541945,36.41787206386206,171.59373511404002,152.19131534320024,150,94,Nenhuma,0.8
603,46.055143970060335,63,373.9057101402526,239.3880091726574,592.0477575776741,357.02430267996584,482,298,Nenhuma,0.8
606,46.28427403956312,1,344.1067748869602,30.105159050405803,387.68908843344616,123.8452324871524,365,76,Nenhuma,0.8
606,46.28427403956312,2,4.6528535032898475,97.82540408129762,71.4542391868345,242.09373985711045,38,169,Nenhuma,0.8
606,46.28427403956312,29,158.30747278105585,17.050415973427576,189.37754283223964,117.9646668107663,173,67,Nenhuma,0.8
606,46.28427403956312,47,23.0662575824144,66.86592544803804,70.32219793150927,164.50245118639316,46,115,Nenhuma,0.8
606,46.28427403956312,50,389.9908636078095,50.485577198716605,425.62211174653334,136.00008945327076,407,93,Nenhuma,0.8
606,46.28427403956312,60,127.3174735229361,38.22035982027246,172.1691767788892,159.55461548961233,149,98,Nenhuma,0.8
606,46.28427403956312,63,371.2147899300219,232.73157310202384,597.1135123009137,357.5910030886944,484,295,Nenhuma,0.8
609,46.51340410906592,1,343.9246594581899,30.13640842301036,387.2086957521384,123.23697891172776,365,76,Nenhuma,0.8
609,46.51340410906592,2,4.368315770858679,97.57271346076034,70.95309676489865,242.10828230793152,37,169,Nenhuma,0.8
609,46.51340410906592,29,158.1849850399275,17.08132176083486,189.35075255820124,118.30768805743512,173,67,Nenhuma,0.8
609,46.51340410906592,47,24.74992809756364,66.87576927274534,70.70688211992518,166.19497679891117,47,116,Nenhuma,0.8
609,46.51340410906592,50,389.75767932588303,50.1425014574091,425.53196252070484,136.00023150464767,407,93,Nenhuma,0.8
609,46.51340410906592,60,126.54936179661237,38.20742632614217,172.66103695965913,163.74139914245427,149,100,Nenhuma,0.8
609,46.51340410906592,63,364.81683744411043,220.7441591030156,604.1163832357313,357.17272871440184,484,288,Nenhuma,0.8
609,46.51340410906592,65,199.60376555234228,299.45980474756504,318.3807539285737,357.99999999999994,258,328,Nenhuma,0.8
612,46.742534178568704,1,343.742537470176,30.167657795614915,386.7283096300742,122.6287253363031,365,76,Nenhuma,0.8
612,46.742534178568704,2,5.150984772184884,98.12539512334597,70.60936160478353,240.7749245467275,37,169,Nenhuma,0.8
612,46.742534178568704,3,439.8447819832571,196.9396769235487,524.8275194687502,348.79238456422314,482,272,Nenhuma,0.8
612,46.742534178568704,29,158.06249852740862,17.112227548242146,189.32396105555347,118.65070930410394,173,67,Nenhuma,0.8
612,46.742534178568704,47,25.462883047587898,67.51781179741343,70.17154411144999,168.075539886451,47,117,Nenhuma,0.8
612,46.742534178568704,50,389.6423183552985,50.7265409595718,425.3500075761688,136.00008508617367,407,93,Nenhuma,0.8
612,46.742534178568704,60,124.14628235643828,40.18845226950122,169.61051895412777,163.99618137708805,146,102,Nenhuma,0.8
612,46.742534178568704,63,359.4945614643439,211.52894289531528,614.7056912732011,357.02899245978676,487,284,Nenhuma,0.8
612,46.742534178568704,65,200.84623579877106,299.5549725415477,318.75482916305947,358.0,259,328,Nenhuma,0.8
615,46.97166424807149,1,343.5604089229185,30.19890716821947,386.24793006725366,122.02047176087845,364,76,Nenhuma,0.8
615,46.97166424807149,2,4.4501279336466695,98.8986979520744,69.5680959513313,240.8049751271699,37,169,Nenhuma,0.8
615,46.97166424807149,3,439.4494252043698,191.0334713523837,523.4853725175831,331.9969037658358,481,261,Nenhuma,0.8
615,46.97166424807149,47,25.60545469451117,67.77558674734694,69.47541419460829,168.75497261028113,47,118,Nenhuma,0.8
615,46.97166424807149,50,389.76517194603883,51.50477217799972,425.12802240205616,136.0000643682182,407,93,Nenhuma,0.8
615,46.97166424807149,60,119.43960230601613,42.27268035122235,164.81805420493112,164.75368482772637,142,103,Nenhuma,0.8
615,46.97166424807149,63,354.1722884023452,202.31372668761497,625.2949963929029,356.88525620517163,489,279,Nenhuma,0.8
615,46.97166424807149,65,202.6185681442533,299.89929338844865,318.95795277715,358.0,260,328,Nenhuma,0.8
618,47.20079431757428,2,3.74927450714101,99.67200078080283,68.52682688584652,240.83502570761232,36,170,Nenhuma,0.8
618,47.20079431757428,3,448.73155288826626,195.1900613636966,533.5580755384228,337.4768857467694,491,266,Nenhuma,0.8
618,47.20079431757428,47,25.818398472929843,67.88133514174422,70.3408686090256,170.87738927364688,48,119,Nenhuma,0.8
618,47.20079431757428,50,389.5866171251162,51.3627597121105,425.0089769303606,136.00016326076042,407,93,Nenhuma,0.8
618,47.20079431757428,60,113.37900320102514,44.36265075251768,159.33217790669792,165.0228203857207,136,104,Nenhuma,0.8
618,47.20079431757428,63,348.85001825811423,193.09851047991467,635.8842985948371,356.7415199505565,492,274,Nenhuma,0.8
618,47.20079431757428,65,200.43584630860778,296.66497386587946,321.79554840941296,358.00000000000006,261,327,Nenhuma,0.8
621,47.429924387077065,2,3.0484244926679054,100.44530360953127,67.48555440832918,240.8650762880547,35,170,Nenhuma,0.8
621,47.429924387077065,3,458.0136654153754,199.34665137500946,543.63079371605,342.9568677277031,500,271,Nenhuma,0.8
621,47.429924387077065,47,25.233474226268974,67.79227260612615,70.62396809063736,172.7985171141733,47,120,Nenhuma,0.8
621,47.429924387077065,50,389.4080622486099,51.220747246221286,424.8899315142487,136.00026215330266,407,93,Nenhuma,0.8
621,47.429924387077065,60,111.39028601792063,45.102062561536414,157.80498846859592,164.43613353059504,134,104,Nenhuma,0.8
621,47.429924387077065,65,199.86362270752312,295.55503435283316,321.90315662839635,358.0,260,326,Nenhuma,0.8
624,47.65905445657985,3,467.29576278569726,203.50324138632232,553.7035270504645,348.4368497086368,510,275,Nenhuma,0.8
624,47.65905445657985,29,150.07979899008456,16.07209393718385,195.02458344712616,169.90954955387855,172,92,Nenhuma,0.8
624,47.65905445657985,47,24.648567752564873,67.70321007050808,70.90704979929234,174.71964495469973,47,121,Nenhuma,0.8
624,47.65905445657985,50,389.2295073165199,51.07873478033207,424.7708861537205,136.0003610458449,407,93,Nenhuma,0.8
624,47.65905445657985,60,110.65047358587877,46.00811797481918,158.0454660915654,164.87927435667876,134,105,Nenhuma,0.8
624,47.65905445657985,65,199.68759387482746,294.56417501474095,321.84472564304133,358.00000000000006,260,326,Nenhuma,0.8
624,47.65905445657985,66,345.02530095802734,145.73464687913858,477.70912053165665,301.855805938952,411,223,Nenhuma,0.8
627,47.88818452608264,29,151.17525794538156,17.19243034758918,194.94019011908335,173.5102542934475,173,95,Nenhuma,0.8
627,47.88818452608264,47,24.13081836358912,67.9302898980079,70.9150331539027,175.29643049933208,47,121,Nenhuma,0.8
627,47.88818452608264,60,109.11033789706096,48.314493820726135,156.84475216128317,165.0352459141038,132,106,Nenhuma,0.8
627,47.88818452608264,65,198.70961470453136,294.926591735258,319.39241174401604,358.66109884564116,259,326,Nenhuma,0.8
627,47.88818452608264,66,309.92987865508053,128.04841407043284,463.9066160192325,312.7539991140599,386,220,Nenhuma,0.8
630,48.11731459558543,29,150.4728525085709,17.202998605036797,195.43810341080803,177.81215423405888,172,97,Nenhuma,0.8
630,48.11731459558543,47,23.56323011947199,67.86675639530797,71.1640050222006,177.10900041555294,47,122,Nenhuma,0.8
630,48.11731459558543,60,112.81624644224527,57.19672637299721,157.6196278772624,165.0832212256949,135,111,Nenhuma,0.8
630,48.11731459558543,65,198.93881204452933,294.4819670976632,317.8167787828562,358.25444106783846,258,326,Nenhuma,0.8
630,48.11731459558543,66,296.1918828570551,116.64599415314582,452.7862905527202,304.49166148955794,374,210,Nenhuma,0.8
633,48.346444665088214,29,149.77047760435406,17.213566862484413,195.93598616993887,182.11405417467023,172,99,Nenhuma,0.8
633,48.346444665088214,47,22.995658049638706,67.80322289260805,71.41296071621464,178.9215703317738,47,123,Nenhuma,0.8
633,48.346444665088214,60,112.23841764358276,59.2444478499369,156.27348050537734,165.2807457005847,134,112,Nenhuma,0.8
633,48.346444665088214,65,198.97744702662425,294.3732916095318,315.9383705661091,358.0953220542719,257,326,Nenhuma,0.8
633,48.346444665088214,66,282.45388717636274,105.24357423585877,441.66596496887485,296.2293238650559,362,200,Nenhuma,0.8
636,48.575574734591,1,342.51821183574907,28.056833985232373,385.41527914231233,120.92389773756312,363,74,Nenhuma,0.8
636,48.575574734591,2,-1.6192345837411857,97.29306711536424,65.5319922946331,245.80020794492384,31,171,Nenhuma,0.8
636,48.575574734591,29,149.06813323273104,17.22413511993203,196.43383839647595,186.41595411528158,172,101,Nenhuma,0.8
636,48.575574734591,47,25.87887130747085,67.95621748543023,73.1271063729074,175.13263763401227,49,121,Nenhuma,0.8
636,48.575574734591,50,391.5250658057592,53.8026726296227,426.18142943835096,136.00004278806725,408,94,Nenhuma,0.8
636,48.575574734591,55,107.45999286642429,21.017106947668672,148.75729208478236,126.00102665386348,128,73,Nenhuma,0.8
636,48.575574734591,60,111.66058947312308,61.29216932687658,154.92733250528943,165.47827017547453,133,113,Nenhuma,0.8
636,48.575574734591,65,197.54699942402652,293.06652711413335,314.69100967598627,358.0336228687947,256,325,Nenhuma,0.8
636,48.575574734591,66,268.71589161300346,93.84115431857172,430.5456392676964,287.96698624055387,349,190,Nenhuma,0.8
639,48.80470480409379,1,343.49381982386535,27.289852250422996,385.70462904216197,120.85727610148211,364,74,Nenhuma,0.8
639,48.80470480409379,2,-2.710454553184327,93.79155609973594,64.82110353949255,245.39658630691355,31,169,Nenhuma,0.8
639,48.80470480409379,47,25.975701206753445,67.97178293607121,73.73972315743569,175.46667883527283,49,121,Nenhuma,0.8
639,48.80470480409379,50,390.740589864024,53.97836547231015,425.79908825301396,136.00002504143396,408,94,Nenhuma,0.8
639,48.80470480409379,55,106.36484359219838,20.867172830178475,147.82253458422028,126.25888092708686,127,73,Nenhuma,0.8
639,48.80470480409379,60,111.0827619308662,63.33989080381627,153.58118387699872,165.67579465036434,132,114,Nenhuma,0.8
639,48.80470480409379,65,197.65964837735183,292.61028509510686,313.5742213070147,358.01016628736596,255,325,Nenhuma,0.8
642,49.033834873596575,1,342.45171879096273,27.02862857656649,385.1956481719268,120.83534603313598,363,73,Nenhuma,0.8
642,49.033834873596575,2,-0.42727829789009064,99.76055022681584,64.52780492227319,244.60131398766617,32,172,Nenhuma,0.8
642,49.033834873596575,47,25.767808921886008,67.93227666873317,74.10165107418376,176.71154496388152,49,122,Nenhuma,0.8
642,49.033834873596575,50,389.97878603849364,54.03610568226883,425.5245636064719,136.0000200234031,407,95,Nenhuma,0.8
642,49.033834873596575,55,105.26969439176148,20.717238712688278,146.88777700986918,126.51673520031025,126,73,Nenhuma,0.8
642,49.033834873596575,65,197.81024213342835,291.82810791900755,313.05922285070335,358.0012874894325,255,324,Nenhuma,0.8
642,49.033834873596575,69,160.04977278093853,18.016182023176377,190.98259126541424,116.78244168840644,175,67,Nenhuma,0.8
645,49.26296494309937,1,343.19742529188704,26.937967203165734,385.85998502730575,120.83947116886671,364,73,Nenhuma,0.8
645,49.26296494309937,2,0.0600541471648981,100.07469679337377,64.89934837548199,244.9428711226193,32,172,Nenhuma,0.8
645,49.26296494309937,47,27.499577289039845,67.9754668415373,76.36184369977045,176.44760909277582,51,122,Nenhuma,0.8
645,49.26296494309937,50,390.7602449192973,54.05317075591876,426.3524071935865,136.00001702728662,408,95,Nenhuma,0.8
645,49.26296494309937,55,104.1745452651136,20.56730459519808,145.95301936172913,126.77458947353362,125,73,Nenhuma,0.8
645,49.26296494309937,65,198.02686356183239,291.5690786958371,312.07172436268985,357.99812377743604,255,324,Nenhuma,0.8
645,49.26296494309937,69,159.17253375702464,17.285503669193545,190.39847358136248,117.02560798743691,174,67,Nenhuma,0.8
648,49.49209501260216,1,343.1046714186532,26.739963305325176,385.73171029149097,120.5658146977926,364,73,Nenhuma,0.8
648,49.49209501260216,2,1.1858667851174047,100.17684592641098,65.44408208624182,244.39943619046733,33,172,Nenhuma,0.8
648,49.49209501260216,47,27.512123738793058,67.94410853103489,76.88147794019676,177.54381521200492,52,122,Nenhuma,0.8
648,49.49209501260216,50,390.3415864451211,56.70804491121557,425.3901111605153,136.0000147322262,407,96,Nenhuma,0.8
648,49.49209501260216,65,197.18041227548593,290.8570391274086,310.6798535271772,357.99717297209185,253,324,Nenhuma,0.8
648,49.49209501260216,66,190.85191349315298,69.23533952625871,286.6031676376356,186.49111559327883,238,127,Nenhuma,0.8
648,49.49209501260216,69,158.96876772759816,17.149448405607252,190.33012908361638,117.32210845436649,174,67,Nenhuma,0.8
651,49.721225082104944,1,333.0872182189871,29.24048145690331,375.53889724951284,119.28380758049279,354,74,Nenhuma,0.8
651,49.721225082104944,2,1.0039784988851679,100.19801861184506,67.61772973542105,251.47622265812117,34,175,Nenhuma,0.8
651,49.721225082104944,47,27.52467876769904,67.91275022053249,77.40110360147031,178.64002133123404,52,123,Nenhuma,0.8
651,49.721225082104944,50,390.31338793577925,57.03651167616631,425.5639248279746,136.00001250012434,407,96,Nenhuma,0.8
651,49.721225082104944,65,198.99681870053053,291.92680931121464,309.3372244014688,357.9970325683403,254,324,Nenhuma,0.8
651,49.721225082104944,66,174.49899592977604,60.08182521030853,264.9951422455433,170.90227947214103,219,115,Nenhuma,0.8
651,49.721225082104944,69,158.76500169823728,17.01339314202096,190.26178458580472,117.61860892129604,174,67,Nenhuma,0.8
654,49.95035515160773,1,335.2601153767872,29.10292493531631,381.1470070957326,120.34581685985634,358,74,Nenhuma,0.8
654,49.95035515160773,2,3.6754909763238572,101.49677472819212,71.54011596464629,256.0369441968666,37,178,Nenhuma,0.8
654,49.95035515160773,47,27.53724237575779,67.88139191003009,77.9207206835911,179.73622745046316,52,123,Nenhuma,0.8
654,49.95035515160773,50,391.0061781957844,55.14132461631237,426.9297552003499,136.00001092691915,408,95,Nenhuma,0.8
654,49.95035515160773,65,201.43740914782234,293.7044400292564,307.77599235409065,357.9972444938421,254,325,Nenhuma,0.8
654,49.95035515160773,66,177.5187910916858,61.92132220761608,257.22268127963594,162.3131600818564,217,112,Nenhuma,0.8
654,49.95035515160773,69,158.56123566894198,16.877337878434666,190.1934400879274,117.9151093882256,174,67,Nenhuma,0.8
657,50.17948522111052,1,334.2412855235896,28.392250613392058,382.81816617509634,120.70682010343248,358,74,Nenhuma,0.8
657,50.17948522111052,2,3.655130401106888,101.96271634119029,71.89138011790372,257.348899357367,37,179,Nenhuma,0.8
657,50.17948522111052,47,22.980331955915887,64.46274822437297,72.46080292943982,174.82121270393827,47,119,Nenhuma,0.8
657,50.17948522111052,50,391.55092330874743,55.74888894588412,427.14672313852054,136.00000977851425,409,95,Nenhuma,0.8
657,50.17948522111052,60,123.64057834350095,67.21217168667096,165.45231828209876,166.99657969797914,144,117,Nenhuma,0.8
657,50.17948522111052,65,203.71660004231126,294.41152421719767,307.8555514599331,357.99755438642774,255,326,Nenhuma,0.8
657,50.17948522111052,66,163.97460750046667,54.50939954922291,238.06701524102397,147.83326926390538,201,101,Nenhuma,0.8
660,50.408615290613305,1,332.9237711769301,26.1448642195016,383.75899128115645,120.84874256750759,358,73,Nenhuma,0.8
660,50.408615290613305,2,4.3251981236841885,105.95082473561206,71.64666701004508,258.9221622343468,37,182,Nenhuma,0.8
660,50.408615290613305,47,22.571016834478474,64.12559821038799,72.4499729009345,175.37474784479878,47,119,Nenhuma,0.8
660,50.408615290613305,50,392.63037322563065,57.96750879348437,427.01424992390497,136.0000085181854,409,96,Nenhuma,0.8
660,50.408615290613305,60,124.37090961259696,68.582046278594,165.6960280396264,167.2050313663462,145,117,Nenhuma,0.8
660,50.408615290613305,65,204.86215609020002,294.6909689625027,307.60406100837355,357.997832706067,256,326,Nenhuma,0.8
660,50.408615290613305,66,150.43042203979792,47.09747689082973,218.91135107186156,133.35337844595432,184,90,Nenhuma,0.8
660,50.408615290613305,72,293.94901185974703,19.0,335.45908401545574,87.77955535312705,314,53,Nenhuma,0.8
663,50.63774536011609,1,334.03291261853013,24.64554030454618,387.1222632157931,121.56158804982073,360,73,Nenhuma,0.8
663,50.63774536011609,2,4.627036753015851,105.57184147426045,72.82562330321068,260.0842576468493,38,182,Nenhuma,0.8
663,50.63774536011609,47,22.161708628112656,63.78844819640302,72.43913595735756,175.9282829856593,47,119,Nenhuma,0.8
663,50.63774536011609,50,392.9590252208237,58.12456273703216,427.03083702255503,136.0000073083212,409,97,Nenhuma,0.8
663,50.63774536011609,60,123.52626129683111,64.43400744366302,165.89474157019467,166.29156620609223,144,115,Nenhuma,0.8
663,50.63774536011609,65,206.96825709138201,295.47082486780516,307.82745275363334,357.99808550146093,257,326,Nenhuma,0.8
663,50.63774536011609,66,136.88623470967957,39.68555423243655,199.7556887721488,118.87348762800329,168,79,Nenhuma,0.8
663,50.63774536011609,72,293.31827739818624,19.0,335.53652660403964,88.7832706915618,314,53,Nenhuma,0.8
666,50.86687542961888,1,336.873251227841,24.08240384421775,389.9393126463931,121.1851861578384,363,72,Nenhuma,0.8
666,50.86687542961888,2,4.716712218949972,106.26217079470393,73.19324671280916,261.40391029495623,38,183,Nenhuma,0.8
666,50.86687542961888,47,21.75240733681843,63.45129818241804,72.42829209870905,176.4818181265198,47,119,Nenhuma,0.8
666,50.86687542961888,50,393.41655014159596,58.168906540929505,427.3552097745326,136.0000064270925,410,97,Nenhuma,0.8
666,50.86687542961888,60,122.74463092673663,63.059406185540276,165.31351610015815,166.12574549059428,144,114,Nenhuma,0.8
666,50.86687542961888,65,209.17113890924625,295.77563104202784,309.1650290150255,357.99832847695336,259,326,Nenhuma,0.8
666,50.86687542961888,72,293.4193031477841,19.0,336.77279389832927,90.55282825361056,315,54,Nenhuma,0.8
669,51.09600549912167,1,338.34911482498075,23.8825190135396,391.31420876456923,121.69791280554321,364,72,Nenhuma,0.8
669,51.09600549912167,2,4.806386964315472,106.95250011514742,73.56087084297624,262.72356294306314,39,184,Nenhuma,0.8
669,51.09600549912167,50,393.44828903729405,58.83588987145908,426.9379786130303,136.00000565500696,410,97,Nenhuma,0.8
669,51.09600549912167,60,123.13272880715058,63.62075622594214,165.4962127006204,166.18971118669393,144,114,Nenhuma,0.8
669,51.09600549912167,65,212.5448403355751,296.5589198009183,311.08941073882,357.99853453622154,261,327,Nenhuma,0.8
669,51.09600549912167,72,292.93180941554397,19.0,337.04990391439947,91.83460102489929,314,55,Nenhuma,0.8
672,51.325135568624454,1,338.52285428457844,23.481537443875766,391.7031884162768,121.69354514271404,365,72,Nenhuma,0.8
672,51.325135568624454,2,4.896060989112357,107.6428294355909,73.92849569371197,264.04321559117005,39,185,Nenhuma,0.8
672,51.325135568624454,50,393.3662764377967,58.40561086402764,426.8599054509526,136.00000493725943,410,97,Nenhuma,0.8
672,51.325135568624454,60,123.52082683525563,64.182106266344,165.67890915339157,166.25367688279357,144,115,Nenhuma,0.8
672,51.325135568624454,65,216.51728512382124,296.8568610416552,314.41145591257714,357.99872477346605,265,327,Nenhuma,0.8
672,51.325135568624454,72,293.47553427502254,19.688394685902097,337.13104954992076,91.56399700604305,315,55,Nenhuma,0.8
675,51.55426563812724,1,338.6965917991681,23.08055587421193,392.0921700129925,121.68917747988488,365,72,Nenhuma,0.8
675,51.55426563812724,50,393.9168053434108,57.570346985214414,427.56566959937953,136.00000436184007,410,96,Nenhuma,0.8
675,51.55426563812724,60,116.42936086929976,53.950164854360764,161.6779798631633,161.81377292123804,139,107,Nenhuma,0.8
675,51.55426563812724,65,218.51270060493368,296.3022551746541,317.08296089056546,357.9988833615246,267,327,Nenhuma,0.8
675,51.55426563812724,72,295.3375930119349,19.255607113808296,340.31920657276953,92.78347412107951,317,56,Nenhuma,0.8
678,51.78339570763003,1,338.8703273687498,22.679574304548098,392.4811535547162,121.68480981705572,365,72,Nenhuma,0.8
678,51.78339570763003,2,4.61329827251037,89.93663390668966,75.36267325201013,254.26040140356844,39,172,Nenhuma,0.8
678,51.78339570763003,50,393.7527785720744,58.56762351787178,426.87190714912464,136.00000386764754,410,97,Nenhuma,0.8
678,51.78339570763003,60,112.05796201359047,49.79679707880171,158.41828546854356,157.1253103275962,135,103,Nenhuma,0.8
678,51.78339570763003,65,219.23880604016827,294.1108617563107,320.67655920580523,357.9990115949971,269,326,Nenhuma,0.8
678,51.78339570763003,72,294.95644233140354,19.095365617161967,339.16817437124115,91.18530005520748,317,55,Nenhuma,0.8
681,52.01252577713282,2,4.591457621539433,88.95794100770922,75.86252090478143,254.49381986942632,40,171,Nenhuma,0.8
681,52.01252577713282,50,393.21924168980377,56.27949224904764,427.0635627375432,136.00000336457668,410,96,Nenhuma,0.8
681,52.01252577713282,60,107.78904970857175,46.33064580993547,158.63028028642003,162.04696240877433,133,104,Nenhuma,0.8
681,52.01252577713282,65,217.06625597925614,288.72244470483776,324.40680966776677,357.3464528190318,270,323,Nenhuma,0.8
681,52.01252577713282,72,294.81497042549626,19.03271880463746,339.3629130074696,91.21034690189794,317,55,Nenhuma,0.8
684,52.24165584663561,2,3.5186860458111724,101.26449936982522,72.78319155748369,261.96493085245135,38,181,Nenhuma,0.8
684,52.24165584663561,47,34.0998109176541,69.64349857352376,83.76308422854126,174.24135373178353,58,121,Nenhuma,0.8
684,52.24165584663561,50,393.14616960731604,52.1541091119992,428.3154380524856,136.0000030312661,410,94,Nenhuma,0.8
684,52.24165584663561,55,157.40750880990007,89.03066128983718,187.91864981622913,172.41779653247727,172,130,Nenhuma,0.8
684,52.24165584663561,60,105.10403662345607,45.066601100683464,157.91928913523873,163.213570376741,131,104,Nenhuma,0.8
684,52.24165584663561,65,215.44068439345472,283.48301365866485,328.49532087730813,357.0986261697276,271,320,Nenhuma,0.8
684,52.24165584663561,72,294.87584098533057,19.02884582921336,339.6748468880849,91.6132466281085,317,55,Nenhuma,0.8
684,52.24165584663561,73,176.53162189632118,72.3170112741897,255.81545571692564,211.83068389465004,216,142,Nenhuma,0.8
687,52.4707859161384,2,2.333863224547237,106.60163107325927,69.70230601546962,262.27945351940787,36,184,Nenhuma,0.8
687,52.4707859161384,47,29.926050575027283,70.69291687142908,79.79505171361558,178.43543970818254,54,124,Nenhuma,0.8
687,52.4707859161384,50,393.1792838037828,51.673495519099326,428.5501630182568,136.0000078268815,410,93,Nenhuma,0.8
687,52.4707859161384,55,160.07693342201847,92.89471961743942,190.15062794844016,175.0865318482521,175,133,Nenhuma,0.8
687,52.4707859161384,60,103.25701811263917,44.61395162017797,157.83721159934453,164.33486302310135,130,104,Nenhuma,0.8
687,52.4707859161384,65,205.56976996731828,279.5405506784767,324.6874372063444,357.0030514706652,265,318,Nenhuma,0.8
687,52.4707859161384,72,294.93671152435326,19.024972853789258,339.9867807895118,92.01614635431906,317,55,Nenhuma,0.8
687,52.4707859161384,73,182.83958483151366,75.50903249528888,260.2396087021141,211.0587419220181,221,143,Nenhuma,0.8
690,52.699915985641184,1,377.6884670585665,37.93294312606328,429.64443292068955,135.146760547489,403,86,Nenhuma,0.8
690,52.699915985641184,2,6.780059560195205,114.48690525267844,73.80461421604807,264.3803449766441,40,189,Nenhuma,0.8
690,52.699915985641184,47,27.75724896842324,70.34691524195063,78.3367294148661,181.6518400841935,53,125,Nenhuma,0.8
690,52.699915985641184,50,393.2123979160921,51.192881926199455,428.7848880681854,136.00001262249694,410,93,Nenhuma,0.8
690,52.699915985641184,55,162.7463568586821,96.75877794504166,192.38260725610604,177.75526716402686,177,137,Nenhuma,0.8
690,52.699915985641184,60,101.02991376783821,44.480711900487876,156.78612255873958,164.77375547942125,128,104,Nenhuma,0.8
690,52.699915985641184,65,190.91933489492487,266.58498374707915,328.07724286848327,356.3333165544257,259,311,Nenhuma,0.8
690,52.699915985641184,72,294.9975820425644,19.021099878365156,340.2987147117503,92.41904608052963,317,55,Nenhuma,0.8
690,52.699915985641184,73,186.85015645386537,86.04969795351379,263.0313884065747,218.43623549366419,224,152,Nenhuma,0.8
693,52.92904605514397,1,380.8665735373107,38.87227209382199,432.8913041542661,136.21413128687453,406,87,Nenhuma,0.8
693,52.92904605514397,2,13.342340474533927,117.35913045479028,84.53618378186808,274.53895508570395,48,195,Nenhuma,0.8
693,52.92904605514397,47,27.626280913582487,70.60447330646896,78.48365636794479,182.52272522233903,53,126,Nenhuma,0.8
693,52.92904605514397,50,393.24551194424384,50.71226833329958,429.0196132022716,136.00001741811235,411,93,Nenhuma,0.8
693,52.92904605514397,55,165.4157791198909,100.6228362726439,194.61458773922666,180.4240024798017,180,140,Nenhuma,0.8
693,52.92904605514397,60,100.24551627032457,45.771705071685126,157.0218033399683,166.89542497083383,128,106,Nenhuma,0.8
693,52.92904605514397,65,185.88474468066647,261.5841750961693,330.60592985398966,357.2973399391759,258,309,Nenhuma,0.8
693,52.92904605514397,73,203.02556011315014,94.49777951205179,267.33086058630533,204.77028182611696,235,149,Nenhuma,0.8
696,53.15817612464676,1,384.0446795783275,39.8116010615807,436.13817582557004,137.28150202626006,410,88,Nenhuma,0.8
696,53.15817612464676,2,17.719523394027554,118.37029609732015,94.83755009445278,291.22939841028386,56,204,Nenhuma,0.8
696,53.15817612464676,47,27.49531732348781,70.8620313709873,78.63057885627741,183.39361036048456,53,127,Nenhuma,0.8
696,53.15817612464676,60,103.15077729785415,44.99706558436999,163.74595267541332,170.9633220562735,133,107,Nenhuma,0.8
696,53.15817612464676,65,181.71286463962207,256.4731678009837,332.481976934473,357.7116698073593,257,307,Nenhuma,0.8
696,53.15817612464676,69,160.27816725027856,17.98252962272972,190.68689199518087,116.03500564185939,175,67,Nenhuma,0.8
696,53.15817612464676,72,294.287159127238,19.91813600267505,337.13117786405513,88.43351588037675,315,54,Nenhuma,0.8
696,53.15817612464676,73,200.70973607128474,100.7549486917759,261.41270795194504,201.5467199463298,231,151,Nenhuma,0.8
699,53.387306194149545,1,387.22278518161676,40.750930029339415,439.3850479346014,138.34887276564558,413,89,Nenhuma,0.8
699,53.387306194149545,2,31.397552696214007,122.54024302900375,113.98610830560216,305.1373888571408,72,213,Nenhuma,0.8
699,53.387306194149545,47,27.364358198139215,71.11958943550565,78.77749687986395,184.2644954986301,53,127,Nenhuma,0.8
699,53.387306194149545,60,105.28830194227749,44.72144810706561,169.1654686208849,175.07595424143454,137,109,Nenhuma,0.8
699,53.387306194149545,65,180.17500698316923,254.47527516029095,331.84887543904375,357.8820522066803,256,306,Nenhuma,0.8
699,53.387306194149545,69,160.50316877126704,18.0042231014949,190.50527743172273,115.28383426705746,175,66,Nenhuma,0.8
699,53.387306194149545,72,294.2943521475535,20.00293439143381,337.0436656533105,88.36685089237773,315,54,Nenhuma,0.8
699,53.387306194149545,73,198.0506072385584,103.12684842524556,256.81148186105816,196.82688703852028,227,149,Nenhuma,0.8
702,53.61643626365233,2,44.690078689413546,129.24899074026013,130.30683806048856,311.8619546477097,87,220,Nenhuma,0.8
702,53.61643626365233,47,25.46888387843136,67.51336480106166,67.30886936301184,162.94795176085262,46,115,Nenhuma,0.8
702,53.61643626365233,60,104.9324954936676,43.99015251147607,169.64121927764387,176.04107397740114,137,110,Nenhuma,0.8
702,53.61643626365233,65,179.74312210169182,252.50958852400615,331.4152525795547,357.3209142037115,255,304,Nenhuma,0.8
702,53.61643626365233,69,160.61120644709035,18.01159937245255,190.41199229781475,115.05658899795925,175,66,Nenhuma,0.8
702,53.61643626365233,72,294.30154518516485,20.087732780192574,336.95615342527003,88.30018590437871,315,54,Nenhuma,0.8
702,53.61643626365233,73,191.0821069777412,104.32712270740979,253.80821364576403,201.22307988043178,222,152,Nenhuma,0.8
705,53.84556633315512,2,48.64326725633972,133.79608067780444,134.67997933789147,313.6811158784675,91,223,Nenhuma,0.8
705,53.84556633315512,47,25.87138282196019,67.10560775362016,66.73011756247558,162.64767386126016,46,114,Nenhuma,0.8
705,53.84556633315512,60,104.57668559466909,43.258856915886525,170.1169733847915,177.0061937133677,137,110,Nenhuma,0.8
705,53.84556633315512,65,180.71138035933578,251.82191531715307,331.3944646809016,357.7340414382494,256,304,Nenhuma,0.8
705,53.84556633315512,69,160.66306266336406,18.039874082127014,190.41668550088994,114.93129939161223,175,66,Nenhuma,0.8
705,53.84556633315512,72,293.86871636511677,20.023288829226466,338.02024358152875,88.89653811196789,315,54,Nenhuma,0.8
705,53.84556633315512,73,188.6088725258619,106.03970264297641,253.8029774389479,203.3089878085292,221,154,Nenhuma,0.8
708,54.074696402657906,2,48.737367836011295,136.11497164419376,134.82095581195682,314.1799690838934,91,225,Nenhuma,0.8
708,54.074696402657906,47,25.434567495205865,66.98553545730095,65.71149420686433,163.19458691932783,45,115,Nenhuma,0.8
708,54.074696402657906,50,390.00789357706276,59.39836309415101,421.6407553520561,134.10292698148396,405,96,Nenhuma,0.8
708,54.074696402657906,60,104.22087224528192,42.52756132029698,170.59273094232773,177.97131344933427,137,110,Nenhuma,0.8
708,54.074696402657906,65,179.84385118816067,251.00204928408328,328.1821965515121,356.62039935976344,254,303,Nenhuma,0.8
708,54.074696402657906,69,160.71491886989048,18.068148791801477,190.42137871371241,114.8060097852652,175,66,Nenhuma,0.8
708,54.074696402657906,72,294.9191343743835,20.028990790660046,339.78800403280763,88.96859572921342,317,54,Nenhuma,0.8
708,54.074696402657906,73,187.26061851683846,106.44885889047112,254.22822317696506,204.02939384816335,220,155,Nenhuma,0.8
711,54.303826472160694,2,49.35587848670976,138.21678146585944,135.28526133018295,313.5468549152456,92,225,Nenhuma,0.8
711,54.303826472160694,47,26.57471859192382,67.61768423322091,64.75331924814887,160.07359347424324,45,113,Nenhuma,0.8
711,54.303826472160694,50,387.9486357517086,57.00647141928076,419.3994314473721,131.0634647365969,403,94,Nenhuma,0.8
711,54.303826472160694,65,179.21607240304388,250.77670225837574,326.5804647576979,356.8276681369996,252,303,Nenhuma,0.8
711,54.303826472160694,69,160.78726214514705,17.15911219502943,191.0956043887132,114.95366634052212,175,66,Nenhuma,0.8
711,54.303826472160694,72,295.20530719514755,19.364530868887883,341.13305371612813,88.99324935597159,318,54,Nenhuma,0.8
711,54.303826472160694,73,188.7661924321991,98.21946767363234,263.345676233939,205.62354755253477,226,151,Nenhuma,0.8
714,54.53295654166349,2,52.71113290222483,140.69065771073397,139.26218514369208,317.28495945291377,95,228,Nenhuma,0.8
714,54.53295654166349,47,26.814845069644687,67.18256555864764,66.69374205467703,165.08514668105727,46,116,Nenhuma,0.8
714,54.53295654166349,50,384.9613018320916,53.63402600080276,417.0807562478417,130.19850095977228,401,91,Nenhuma,0.8
714,54.53295654166349,60,99.20153510995331,49.968921965126896,166.841837129616,181.78221880373343,133,115,Nenhuma,0.8
714,54.53295654166349,65,180.1785863155146,250.76964500139255,326.7180792612013,357.5571043455326,253,304,Nenhuma,0.8
714,54.53295654166349,69,159.678570377379,17.025527158144797,190.95573495814034,115.64137789469441,175,66,Nenhuma,0.8
714,54.53295654166349,72,295.53940386995055,19.11625390512421,342.05458418245394,89.00203652521253,318,54,Nenhuma,0.8
714,54.53295654166349,73,187.93014407143156,92.68996983848444,267.2780267140264,206.18204846738877,227,149,Nenhuma,0.8
714,54.53295654166349,75,428.03043244981325,82.34483928131483,495.6865991479877,237.19277744612043,461,159,Nenhuma,0.8
717,54.762086611166275,2,70.577812026029,141.48696270283784,160.26700448828214,321.00518878586445,115,231,Nenhuma,0.8
717,54.762086611166275,47,28.668053613036882,67.02951984653312,70.87532916186524,170.14965055952604,49,118,Nenhuma,0.8
717,54.762086611166275,50,384.2114304758188,53.263694064094224,416.2763887072963,129.69823297553836,400,91,Nenhuma,0.8
717,54.762086611166275,60,93.89527119860884,51.371112976917814,165.0068880265311,182.27640922320728,129,116,Nenhuma,0.8
717,54.762086611166275,65,192.03222259075113,249.54931379404292,335.3739539798517,357.84201250735316,263,303,Nenhuma,0.8
717,54.762086611166275,69,159.52350264018654,16.316165276128665,191.34525236344967,115.21408985745296,175,65,Nenhuma,0.8
717,54.762086611166275,72,295.7970019430905,19.068536791087304,342.35216628386536,89.0143370834459,319,54,Nenhuma,0.8
717,54.762086611166275,73,191.09914333435273,90.4710197870406,271.099313248287,205.06524115319584,231,147,Nenhuma,0.8
717,54.762086611166275,75,421.698153877786,85.16401011655648,493.31310767914186,249.32155382227398,457,167,Nenhuma,0.8
720,54.99121668066906,2,77.37123176123485,125.21437091403043,174.44580727446981,322.2405197438107,125,223,Nenhuma,0.8
720,54.99121668066906,47,28.703793212438594,66.92609468588061,71.064082211973,170.42294012943984,49,118,Nenhuma,0.8
720,54.99121668066906,50,383.4615591418206,52.893362127385686,415.4720211444764,129.19796499130445,399,91,Nenhuma,0.8
720,54.99121668066906,60,91.7036288079108,51.165801549234025,154.93025073806945,164.57075378704442,123,107,Nenhuma,0.8
720,54.99121668066906,65,198.524779674746,249.79115622339748,336.82474874662273,357.9521746216069,267,303,Nenhuma,0.8
720,54.99121668066906,69,160.31790263629378,16.71589718082719,191.9631242933534,114.39264747225576,176,65,Nenhuma,0.8
720,54.99121668066906,72,296.05459998452534,19.020819677050397,342.64974841698177,89.02663764167927,319,54,Nenhuma,0.8
720,54.99121668066906,73,203.25365766771324,87.60715220785188,281.93281857225594,199.99427264744736,242,143,Nenhuma,0.8
720,54.99121668066906,75,415.4103332561844,85.94219689426394,492.43655732383957,263.8598876360311,453,174,Nenhuma,0.8
723,55.22034675017185,2,93.08236776964324,132.20306221167039,187.83839706039683,323.35909338807943,140,227,Nenhuma,0.8
723,55.22034675017185,47,30.83554963876708,67.73216440506452,73.7977502667786,171.70340010590445,52,119,Nenhuma,0.8
723,55.22034675017185,50,382.7116878300969,52.52303019067715,414.66765355938196,128.69769700707053,398,90,Nenhuma,0.8
723,55.22034675017185,60,95.58361711837676,51.77386300481415,148.49523963846747,142.96790809325563,122,97,Nenhuma,0.8
723,55.22034675017185,65,203.8723442282472,252.56714101277194,334.5189788339258,357.99415441566964,269,305,Nenhuma,0.8
723,55.22034675017185,69,159.9042115735435,16.87379841909687,191.5800496587439,114.0843733316921,175,65,Nenhuma,0.8
723,55.22034675017185,72,296.3121979942551,18.97310256301349,342.94733058180327,89.03893819991265,319,54,Nenhuma,0.8
723,55.22034675017185,73,217.2980802771716,88.48680997662251,293.85450344377347,195.3621603887354,255,141,Nenhuma,0.8
723,55.22034675017185,75,400.4693440070785,92.90534037431765,479.08214442775744,274.23562315471924,439,183,Nenhuma,0.8
726,55.449476819674636,2,112.91401857176896,127.17232849840302,207.38796854101497,319.65117155735925,160,223,Nenhuma,0.8
726,55.449476819674636,47,31.369992401493402,67.23707567744538,75.08752732669919,173.37191311769357,53,120,Nenhuma,0.8
726,55.449476819674636,50,379.5443606548427,52.90789912176655,411.9801233075968,132.47796519144805,395,92,Nenhuma,0.8
726,55.449476819674636,60,95.43301259419589,51.92442269533584,146.25035787665445,139.50819629126826,120,95,Nenhuma,0.8
726,55.449476819674636,65,207.62094014083104,254.38171269294796,332.5190114635017,358.0089738907574,270,306,Nenhuma,0.8
726,55.449476819674636,69,158.9276196326494,16.936102060204824,190.92494576444363,113.9746650571247,174,65,Nenhuma,0.8
726,55.449476819674636,73,222.59924996983173,88.15164864636117,299.4679834484407,193.61214302168082,261,140,Nenhuma,0.8
726,55.449476819674636,75,386.0471204038692,98.81536958722519,463.2124421609892,278.36632377882285,424,188,Nenhuma,0.8
729,55.67860688917742,2,129.87846974358962,120.68626313382634,223.77106122905775,314.90384023498103,176,217,Nenhuma,0.8
729,55.67860688917742,47,31.754440868839144,67.71619983999503,75.99865281362645,174.61549628786224,53,121,Nenhuma,0.8
729,55.67860688917742,50,378.498884588092,52.61518959271975,411.0293266041787,132.41766693931945,394,92,Nenhuma,0.8
729,55.67860688917742,60,95.28242601920758,52.07498238585753,144.00545816564883,136.04848448928087,119,94,Nenhuma,0.8
729,55.67860688917742,65,210.93881687558917,255.77568838713543,331.1056655729253,358.01335105765224,271,306,Nenhuma,0.8
729,55.67860688917742,69,158.87557540892118,16.88649456852235,190.83848093916274,113.82058505217844,174,65,Nenhuma,0.8
729,55.67860688917742,73,221.8227705263637,87.36199496107007,299.96312947462474,192.9943524714376,260,140,Nenhuma,0.8
729,55.67860688917742,75,353.7591198933163,96.12452530773086,433.0792809927152,280.10327530650704,393,188,Nenhuma,0.8
732,55.90773695868021,2,138.29362553219116,118.84489089199462,230.82199634250128,313.00226849728364,184,215,Nenhuma,0.8
732,55.90773695868021,47,31.946314061145003,67.90093414172841,76.27067301518854,175.07087297538516,54,121,Nenhuma,0.8
732,55.90773695868021,50,377.45340869679916,52.322480063672955,410.0785297253028,132.35736868719084,393,92,Nenhuma,0.8
732,55.90773695868021,60,108.53574635147685,49.31445816564812,155.52906287915806,125.73982961073185,132,87,Nenhuma,0.8
732,55.90773695868021,65,213.34363317791195,256.33820767323823,330.00336208760444,358.0138363743601,271,307,Nenhuma,0.8
732,55.90773695868021,69,158.82353121535144,16.83688707683988,190.7520160837233,113.66650504723219,174,65,Nenhuma,0.8
732,55.90773695868021,73,215.91999608083202,87.0730683798015,294.8716484816704,193.45310634733983,255,140,Nenhuma,0.8
732,55.90773695868021,75,332.57455630195506,88.37107086354642,411.7464349235417,271.84925816345435,372,180,Nenhuma,0.8
735,56.136867028183,2,142.71078297072842,118.14717976004933,233.63164015232627,311.54522053008577,188,214,Nenhuma,0.8
735,56.136867028183,47,31.205286293388827,67.31532461820464,76.49957367808615,175.2223965141955,53,121,Nenhuma,0.8
735,56.136867028183,50,376.40793298096423,52.02977053462616,409.1277326709691,132.29707043506227,392,92,Nenhuma,0.8
735,56.136867028183,60,106.41292342093786,51.236466997934514,155.74922108585358,129.2292892863259,131,90,Nenhuma,0.8
735,56.136867028183,65,216.0048887696986,259.2217522207086,327.0968625099488,358.0130055645385,271,308,Nenhuma,0.8
735,56.136867028183,69,159.81852405767125,16.967617485155053,191.79131523783923,113.92577626685298,175,65,Nenhuma,0.8
735,56.136867028183,72,308.21067898296786,17.09858533566095,353.5989432543893,84.2814535029544,330,50,Nenhuma,0.8
735,56.136867028183,73,210.59940836639055,88.29564464945771,290.55764728436384,194.97196419416855,250,141,Nenhuma,0.8
735,56.136867028183,75,304.9267863676619,77.93932229872402,385.4842604817089,265.66723997338465,345,171,Nenhuma,0.8
738,56.365997097685785,2,144.49830081540256,117.89686360429467,233.93837422817708,310.93261848625247,189,214,Nenhuma,0.8
738,56.365997097685785,47,31.286645270545268,67.09257832941688,77.50584162431174,175.91528451184507,54,121,Nenhuma,0.8
738,56.365997097685785,60,107.87310607021328,51.332692256057456,155.16532936437545,126.0933403730309,131,88,Nenhuma,0.8
738,56.365997097685785,65,217.8226761956805,261.68038567295696,324.426958448906,358.01151958412675,271,309,Nenhuma,0.8
738,56.365997097685785,69,159.56300582299082,16.97996776253065,191.65639931627783,113.94133513594686,175,65,Nenhuma,0.8
738,56.365997097685785,72,307.91065541922677,16.270340141097066,357.50743163466046,91.0072466136049,332,53,Nenhuma,0.8
738,56.365997097685785,73,206.88371566528016,87.43701837712335,289.8149650019806,196.88760447519581,248,142,Nenhuma,0.8
738,56.365997097685785,75,290.464053894235,77.7615695013007,372.64358737529415,269.26947860204405,331,173,Nenhuma,0.8
741,56.59512716718857,2,145.63828069721353,118.47557552521364,233.65048250894816,310.65706794438506,189,214,Nenhuma,0.8
741,56.59512716718857,47,31.39104053864189,67.00951473754944,77.79061204025822,175.50502167771148,54,121,Nenhuma,0.8
741,56.59512716718857,60,105.94484202337212,49.43037686089647,162.9769159405923,138.62586397479845,134,94,Nenhuma,0.8
741,56.59512716718857,65,220.0604490803711,262.60079080852046,323.81519717628487,358.01007087394294,271,310,Nenhuma,0.8
741,56.59512716718857,69,159.59173688990558,16.95358179939845,191.66149674757324,113.84345404174175,175,65,Nenhuma,0.8
741,56.59512716718857,72,308.04204210174646,16.646654947793465,358.6008678364952,93.04683921525654,333,54,Nenhuma,0.8
741,56.59512716718857,73,204.69102017309154,87.11651927431717,288.29535922828995,196.2991749653537,246,141,Nenhuma,0.8
741,56.59512716718857,75,276.00132149799725,77.58381670387737,359.80291419169026,272.87171723070344,317,175,Nenhuma,0.8
744,56.82425723669136,2,145.93562145516114,118.05291190452792,233.1079731669799,310.51471345282255,189,214,Nenhuma,0.8
744,56.82425723669136,47,31.341232251546327,66.98036841020138,77.95978411235757,175.32625842339615,54,121,Nenhuma,0.8
744,56.82425723669136,60,103.04439199505421,47.780539548585836,165.84540863489144,147.68517361489182,134,97,Nenhuma,0.8
744,56.82425723669136,65,221.02803364845823,262.26767737779926,323.39660207165645,358.0088514918464,272,310,Nenhuma,0.8
744,56.82425723669136,69,159.62046797943609,16.92719583626625,191.6665941562528,113.74557294753664,175,65,Nenhuma,0.8
744,56.82425723669136,72,307.2569663280274,18.104382089893328,358.46794117756025,95.7890603244687,332,56,Nenhuma,0.8
744,56.82425723669136,73,207.52482028142722,86.99779345094572,294.5112523706705,196.73418721725812,251,141,Nenhuma,0.8
744,56.82425723669136,75,261.5385891789487,77.40606390645405,346.9622409308971,276.4739558593629,304,176,Nenhuma,0.8
747,57.053387306194146,2,145.43829586085312,116.58851965817823,232.37685366311467,310.4304932841211,188,213,Nenhuma,0.8
747,57.053387306194146,47,29.369704353373248,68.2886119905011,74.68349255133616,174.58362969463303,52,121,Nenhuma,0.8
747,57.053387306194146,60,104.0727052276759,47.78071470026614,167.3059596542226,149.92836326571728,135,98,Nenhuma,0.8
747,57.053387306194146,65,221.0682338199859,262.13709577338955,322.18222500528907,358.0078215646545,271,310,Nenhuma,0.8
747,57.053387306194146,69,159.6491990915824,16.90080987313405,191.67169154231667,113.64769185333154,175,65,Nenhuma,0.8
747,57.053387306194146,72,307.97360938767446,18.080167168720045,359.68742908181144,96.52758943399493,333,57,Nenhuma,0.8
747,57.053387306194146,73,203.2497294342607,86.95744389861206,290.9437018472471,196.90076255041566,247,141,Nenhuma,0.8
750,57.28251737569694,2,145.15033019206305,115.38942277080614,231.78338653203176,310.3725425970806,188,212,Nenhuma,0.8
750,57.28251737569694,47,27.37133167823117,69.45244234887822,73.33136939946426,177.6029649941592,50,123,Nenhuma,0.8
750,57.28251737569694,60,104.42012837376129,48.4469751024215,167.90088761274265,152.11707594899454,136,100,Nenhuma,0.8
750,57.28251737569694,65,221.34757839490646,262.74626154053533,320.7483452605758,358.0068749831384,271,310,Nenhuma,0.8
750,57.28251737569694,72,308.69025213760335,18.055952247546763,360.9069172957807,97.26611854352117,334,57,Nenhuma,0.8
750,57.28251737569694,73,201.54253764281043,87.606023300847,289.6025086682486,197.62395562292247,245,142,Nenhuma,0.8
753,57.51164744519973,2,145.10120404454622,114.2935783830871,231.76765773826722,310.9830610761312,188,212,Nenhuma,0.8
753,57.51164744519973,47,28.542253970341847,70.53743459127531,77.48300906366927,183.96442993754442,53,127,Nenhuma,0.8
753,57.51164744519973,60,105.59336542556511,52.605019203831546,167.03801967324716,151.65245846787437,136,102,Nenhuma,0.8
753,57.51164744519973,65,221.80542414360127,262.9709426759618,319.81472986766653,358.0059996396466,270,310,Nenhuma,0.8
753,57.51164744519973,72,305.38216125162967,19.670075762647187,358.21583016748986,100.49791287925486,331,60,Nenhuma,0.8
753,57.51164744519973,73,200.21204295724516,86.53609007995217,289.740298973956,198.55690328585928,244,142,Nenhuma,0.8
756,57.740777514702515,2,145.37030939215825,113.24061004932666,231.8006779261559,311.1943381692602,188,212,Nenhuma,0.8
756,57.740777514702515,47,28.478709437189853,70.83500251802977,77.80522582969522,185.15844907990356,53,127,Nenhuma,0.8
756,57.740777514702515,60,106.19576120648023,55.57689316010163,167.13878186476575,152.09261023847168,136,103,Nenhuma,0.8
756,57.740777514702515,65,222.3494888743025,262.3844902723646,319.72865234226157,358.0052577579803,271,310,Nenhuma,0.8
756,57.740777514702515,72,305.49955131944677,18.589588197785986,358.09543846716275,99.8091363711635,331,59,Nenhuma,0.8
756,57.740777514702515,73,201.18062020325965,85.4801899428812,290.92444012955184,197.59466587346205,246,141,Nenhuma,0.8
759,57.9699075842053,2,145.1356587253103,111.54944070743018,231.189597663383,310.5973245526552,188,211,Nenhuma,0.8
759,57.9699075842053,47,23.77126854894799,65.66103876119416,73.9167832005262,182.24648711906374,48,123,Nenhuma,0.8
759,57.9699075842053,60,107.01815378216332,51.35684232416311,169.85147573173862,151.56944280902513,138,101,Nenhuma,0.8
759,57.9699075842053,65,221.73500720333618,262.15931923514216,318.5084205092943,358.00464246494096,270,310,Nenhuma,0.8
759,57.9699075842053,72,305.69733101681715,18.861917312261767,356.5776988862078,97.59426657629315,331,58,Nenhuma,0.8
759,57.9699075842053,73,204.05843867475397,85.73979339700097,293.4581704037697,195.9034800895481,248,140,Nenhuma,0.8
762,58.19903765370809,2,145.42453158831793,110.92946197545137,230.96316735497305,310.3502119094866,188,210,Nenhuma,0.8
762,58.19903765370809,47,21.484234650550754,65.14104998243496,71.55042029912786,182.34728742428837,46,123,Nenhuma,0.8
762,58.19903765370809,60,107.80972615081788,45.253267872051275,172.28299990183893,150.7179311365804,140,97,Nenhuma,0.8
762,58.19903765370809,65,221.42832235787063,262.0711387269994,317.43934809285844,358.00408656408723,269,310,Nenhuma,0.8
762,58.19903765370809,72,305.6057187840083,18.30301449322151,356.11457755059337,96.71022059082387,330,57,Nenhuma,0.8
762,58.19903765370809,73,204.60958045159282,85.55211257040808,294.049732119531,195.76533883768718,249,140,Nenhuma,0.8
765,58.428167723210876,2,145.59786493783145,111.37907155616224,230.56698137324076,310.89733660666764,188,211,Nenhuma,0.8
765,58.428167723210876,47,20.768680876461392,64.87368576237789,71.25670256787585,183.07008945393068,46,123,Nenhuma,0.8
765,58.428167723210876,60,109.82159040988648,40.34411249642934,174.68145657703212,150.37912660280423,142,95,Nenhuma,0.8
765,58.428167723210876,65,221.53093215422643,262.0359957526753,316.8064175122727,358.0035951598156,269,310,Nenhuma,0.8
765,58.428167723210876,72,305.42485325557476,18.094343016560458,356.0628117832903,97.02572390147883,330,57,Nenhuma,0.8
765,58.428167723210876,73,205.16072213056924,85.3644317438152,294.64129393315466,195.62719758582625,249,140,Nenhuma,0.8
768,58.65729779271366,2,145.80249926285296,113.55099724500039,229.40104229393182,311.0919139164762,187,212,Nenhuma,0.8
768,58.65729779271366,47,20.053136539328378,64.60632154232081,70.96297539966749,183.792891483573,45,124,Nenhuma,0.8
768,58.65729779271366,60,110.96725921318561,37.80308118660833,175.2055807169234,150.23501722044978,143,94,Nenhuma,0.8
768,58.65729779271366,65,221.10983859605923,261.3602245061483,316.3618206541114,358.0031642880941,268,309,Nenhuma,0.8
768,58.65729779271366,72,305.251126343043,18.016736990200386,356.7826098374869,99.10401298906595,331,58,Nenhuma,0.8
768,58.65729779271366,73,204.86972579242422,85.027336872239,300.34840807758417,201.83833300206044,252,143,Nenhuma,0.8
771,58.88642786221645,2,146.48355536455833,114.40159966714062,229.46332636803388,311.1506181000227,187,212,Nenhuma,0.8
771,58.88642786221645,47,19.337601639151707,64.33895732226372,70.66923879450277,184.51569351321527,45,124,Nenhuma,0.8
771,58.88642786221645,60,112.8084882586413,38.13499631216509,174.59026573972426,150.16760435037236,143,94,Nenhuma,0.8
771,58.88642786221645,65,220.3910057296749,259.1275329423228,316.7535383988293,358.00280166689106,268,308,Nenhuma,0.8
771,58.88642786221645,72,304.2285906658151,17.988765725324328,357.3419953723685,102.48416760895238,330,60,Nenhuma,0.8
771,58.88642786221645,73,205.6924311557365,84.2742822166278,300.5690116993949,199.44065472573698,253,141,Nenhuma,0.8
771,58.88642786221645,75,185.3525032607236,35.27223339120398,232.90590019178632,143.20058564060986,209,89,Nenhuma,0.8
774,59.11555793171924,2,145.79270799031409,114.732750033717,228.28487159451623,311.1597864377269,187,212,Nenhuma,0.8
774,59.11555793171924,47,28.40495039328925,73.64509155817413,78.99115944924965,192.913745025867,53,133,Nenhuma,0.8
774,59.11555793171924,60,113.4009507978048,38.31750806025862,174.39449847620887,152.08505861951716,143,95,Nenhuma,0.8
774,59.11555793171924,65,208.3469910036473,258.2892125396128,306.429662279932,358.0025111105281,257,308,Nenhuma,0.8
774,59.11555793171924,72,304.67182489905485,17.97944979511388,356.7044099827912,101.17957721647937,330,59,Nenhuma,0.8
774,59.11555793171924,73,206.02824368575682,84.6668121189232,299.2519845551765,197.23597566024375,252,140,Nenhuma,0.8
774,59.11555793171924,75,183.38891677509608,32.93731699480732,230.8884866660979,138.65181124349579,207,85,Nenhuma,0.8
777,59.344688001222025,2,142.60826108178173,114.20368929641148,224.00626669520094,311.1513776688033,183,212,Nenhuma,0.8
777,59.344688001222025,47,28.540942973105135,74.22523706306082,79.47465651356146,194.31601116240176,54,134,Nenhuma,0.8
777,59.344688001222025,60,113.91129916202868,37.346994163921934,175.624705085271,152.45677906615424,144,94,Nenhuma,0.8
777,59.344688001222025,65,206.94074575111662,257.93962413335487,305.3690461467559,358.0064640080047,256,307,Nenhuma,0.8
777,59.344688001222025,72,304.673061505673,17.936464999958694,357.1252346349218,101.80757222710156,330,59,Nenhuma,0.8
777,59.344688001222025,73,207.03504364820557,85.48816041286219,299.14611369285694,195.7370492705033,253,140,Nenhuma,0.8
777,59.344688001222025,75,178.92181361072775,30.054627692200945,226.63198616049152,136.39415250510865,202,83,Nenhuma,0.8
780,59.57381807072481,2,141.25141358541993,114.00934517747895,221.10924799237608,310.4781106163513,181,212,Nenhuma,0.8
780,59.57381807072481,47,28.676943679049955,74.8053825679475,79.95814545174431,195.71827729893653,54,135,Nenhuma,0.8
780,59.57381807072481,60,114.42164456675658,36.37648026758525,176.8549146538291,152.82849951279138,145,94,Nenhuma,0.8
780,59.57381807072481,65,205.53450802634472,257.590035727097,304.30842248582104,358.01041690548135,254,307,Nenhuma,0.8
780,59.57381807072481,72,304.67429840412063,17.89348020480351,357.5460589952228,102.43556723772376,331,60,Nenhuma,0.8
780,59.57381807072481,73,207.51747812273095,86.46792074878962,300.2827830916757,196.51211068576495,253,141,Nenhuma,0.8
780,59.57381807072481,75,177.62579850566314,28.518368999129763,225.31027992773258,134.521893572831,201,81,Nenhuma,0.8
783,59.802948140227606,2,142.59019111218933,113.94272760522193,220.0558695355937,306.24840609315294,181,210,Nenhuma,0.8
783,59.802948140227606,47,28.812952511123715,75.38552807283418,80.44162626379824,197.1205434354713,54,136,Nenhuma,0.8
783,59.802948140227606,60,114.9319870119885,35.40596637124857,178.0851271818832,153.20021995942847,146,94,Nenhuma,0.8
783,59.802948140227606,65,204.12827782933164,257.2404473208391,303.2477912971274,358.01436980295796,253,307,Nenhuma,0.8
783,59.802948140227606,72,304.6755355943979,17.850495409648325,357.9668830636943,103.06356224834596,331,60,Nenhuma,0.8
783,59.802948140227606,73,208.74215532847188,87.49614819167175,301.6059946930741,196.8053894946163,255,142,Nenhuma,0.8
783,59.802948140227606,75,175.64987719033078,26.723944958953474,223.8732915089565,134.1982259353959,199,80,Nenhuma,0.8
786,60.03207820973039,2,143.55885716042167,113.92553696887005,222.45729405292118,309.97005683957985,183,211,Nenhuma,0.8
786,60.03207820973039,73,203.45461866447013,87.88070164673513,297.1740399673454,198.9114048446773,250,143,Nenhuma,0.8
786,60.03207820973039,75,169.9519103081647,24.39644030113383,217.51329009977223,130.39521291969234,193,77,Nenhuma,0.8
789,60.26120827923318,2,144.70509985540767,115.23874556138318,223.83041129250756,311.34797163778694,184,213,Nenhuma,0.8
789,60.26120827923318,47,35.82614547062674,75.14081888198533,85.1256566468376,191.81304416348067,60,133,Nenhuma,0.8
789,60.26120827923318,73,199.49744784244865,87.36060455401386,295.49787775524345,202.3303553657664,247,144,Nenhuma,0.8
789,60.26120827923318,75,164.25394373245553,22.06893564331417,211.15328838413112,126.59219990398876,187,74,Nenhuma,0.8
789,60.26120827923318,84,445.236877368052,188.9572571365398,582.5199287933044,357.0179469414894,513,272,Nenhuma,0.8
792,60.49033834873597,2,144.90762990098995,117.06602284839346,223.8611076201502,311.86830486799937,184,214,Nenhuma,0.8
792,60.49033834873597,47,36.52953238036183,75.60115385477037,85.93357974142498,192.52356177541856,61,134,Nenhuma,0.8
792,60.49033834873597,73,199.67322930559632,87.15977300970027,296.45369954484215,203.61251647493464,248,145,Nenhuma,0.8
792,60.49033834873597,75,158.5559774632032,19.74143098549451,204.79328636203306,122.7891868882852,181,71,Nenhuma,0.8
792,60.49033834873597,84,438.9060867690756,179.41679842044903,581.2437577014307,355.6014411801285,510,267,Nenhuma,0.8
795,60.719468418238755,2,144.47975189853395,117.75665572102336,223.64506649452403,312.0544099319169,184,214,Nenhuma,0.8
795,60.719468418238755,47,37.23292181019936,76.06148882755542,86.7415003159099,193.23407938735642,61,134,Nenhuma,0.8
795,60.719468418238755,73,197.55532674536448,87.73200893078544,293.7985102134139,204.7396203634938,245,146,Nenhuma,0.8
795,60.719468418238755,84,437.88462139162687,173.5412727345231,583.8425732269653,356.49023864870685,510,265,Nenhuma,0.8
798,60.94859848774154,2,143.99736351792464,121.31722394981658,222.50447708116144,312.11339302611026,183,216,Nenhuma,0.8
798,60.94859848774154,47,37.93631376013934,76.52182380034047,87.54941837029237,193.94459699929428,62,135,Nenhuma,0.8
798,60.94859848774154,73,196.9263726685735,87.85083450446571,293.63679627685576,205.42619158135074,245,146,Nenhuma,0.8
798,60.94859848774154,84,436.9395243722581,170.3747336664466,582.4873720684827,355.4610946171068,509,262,Nenhuma,0.8
801,61.17772855724433,2,141.9489559757896,125.31440349249644,221.2179122373599,315.45445976299357,181,220,Nenhuma,0.8
801,61.17772855724433,69,117.1926529468555,18.981337333731943,165.31434273827904,158.65841917788245,141,88,Nenhuma,0.8
801,61.17772855724433,72,304.63302748403805,23.722144345051497,351.7648345060995,97.42634159772285,328,60,Nenhuma,0.8
801,61.17772855724433,73,196.29741739479408,87.96966007814598,293.475083537286,206.11276279920764,244,147,Nenhuma,0.8
801,61.17772855724433,84,431.27085178586555,164.37085992117494,581.3637098144926,355.23691388264496,506,259,Nenhuma,0.8
801,61.17772855724433,86,159.55329030514017,47.96897466504811,210.73228764922996,174.93887856432656,185,111,Nenhuma,0.8
804,61.406858626747116,2,135.90133789019785,128.1024159272418,219.3542927347891,325.3167136305343,177,226,Nenhuma,0.8
804,61.406858626747116,69,115.19391855577466,19.077381728460253,164.02092517690872,160.80136807492727,139,89,Nenhuma,0.8
804,61.406858626747116,72,304.56790684009303,24.031583807099672,352.22016002827905,97.09805572351846,328,60,Nenhuma,0.8
804,61.406858626747116,73,195.66846092402625,88.08848565182625,293.3133719947047,206.79933401706455,244,147,Nenhuma,0.8
804,61.406858626747116,84,443.6047016647026,187.39193974773735,572.6626503452522,354.21032762545383,508,270,Nenhuma,0.8
804,61.406858626747116,86,160.20768291679948,47.214532506264916,219.6281183522746,194.52811752536445,189,120,Nenhuma,0.8
807,61.6359886962499,2,128.44866718764558,131.72296603997603,215.37793852745764,331.5638458295268,171,231,Nenhuma,0.8
807,61.6359886962499,65,248.59757899954403,231.685263624404,372.3874044589206,357.0305745132948,310,294,Nenhuma,0.8
807,61.6359886962499,69,113.1951825006391,19.173426123188563,162.72750927959314,162.9443169719721,137,91,Nenhuma,0.8
807,61.6359886962499,72,304.6269914967198,24.814488717695824,352.25802484092674,97.00585578827703,328,60,Nenhuma,0.8
807,61.6359886962499,84,452.32926771432307,201.09068928600965,560.1167841550238,340.2160126896508,506,270,Nenhuma,0.8
807,61.6359886962499,86,161.6181808801314,47.54823341551902,224.23613788846012,202.15461772946264,192,124,Nenhuma,0.8
810,61.86511876575269,2,116.90105483880919,136.34530073549234,205.50315146297575,335.2155834906689,161,235,Nenhuma,0.8
810,61.86511876575269,65,250.96304161175485,229.80090229595504,376.54744259821297,356.9660502095266,313,293,Nenhuma,0.8
810,61.86511876575269,69,111.19644478144885,19.269470517916872,161.43409504633226,165.08726586901696,136,92,Nenhuma,0.8
810,61.86511876575269,72,303.76220462893036,23.05543673142096,352.4873822803902,96.29976072783163,328,59,Nenhuma,0.8
810,61.86511876575269,84,444.00587438667316,212.96039183304956,552.0452625637174,351.2151382365091,498,282,Nenhuma,0.8
810,61.86511876575269,86,162.41681768658384,49.67792400574572,224.6320063772631,203.58003277990397,193,126,Nenhuma,0.8
813,62.09424883525548,2,101.93900467695329,141.35069050818498,192.54477335112767,345.09401873642236,147,243,Nenhuma,0.8
813,62.09424883525548,65,253.32854254896455,227.91654096750608,380.7074424125064,356.9015259057584,317,292,Nenhuma,0.8
813,62.09424883525548,72,303.7721395714657,23.198579576162025,352.29184395278196,96.13391909049304,328,59,Nenhuma,0.8
813,62.09424883525548,73,177.52847024218175,94.51407379122443,273.3336838499372,213.61890020820573,225,154,Nenhuma,0.8
813,62.09424883525548,84,441.5115650746177,215.47894114283227,547.5224977875561,351.13794803186397,494,283,Nenhuma,0.8
813,62.09424883525548,86,163.82237854902166,49.746608171171474,230.73273049955606,215.26317120912296,197,132,Nenhuma,0.8
816,62.323378904758265,2,97.01948314673362,147.0918745445877,187.76511404452967,350.03518975671636,142,248,Nenhuma,0.8
816,62.323378904758265,65,255.69408181117313,226.03217963905712,384.86740390180097,356.83700160199015,320,291,Nenhuma,0.8
816,62.323378904758265,72,303.7820748363412,23.34172242090309,352.09630530283346,95.96807745315448,327,59,Nenhuma,0.8
816,62.323378904758265,73,170.16392125897534,99.87124178210817,263.7625149458298,219.04618474518782,216,159,Nenhuma,0.8
816,62.323378904758265,84,439.01725555679434,217.99749045261498,542.9997332171627,351.0607578272187,491,284,Nenhuma,0.8
816,62.323378904758265,86,165.2279393826576,49.815292336597224,236.83345465065085,226.94630963834197,201,138,Nenhuma,0.8
819,62.55250897426106,2,95.76196186310861,149.87077843838625,186.87315896566486,351.1472168996067,141,250,Nenhuma,0.8
819,62.55250897426106,47,30.544391196732278,73.2097987305633,76.39087283249492,181.55740300795787,53,127,Nenhuma,0.8
819,62.55250897426106,72,303.79201042355703,23.484865265644153,351.90076633054485,95.80223581581589,327,59,Nenhuma,0.8
819,62.55250897426106,73,162.73107422678024,104.9528016445525,255.6496920947744,226.13934889063398,209,165,Nenhuma,0.8
819,62.55250897426106,84,436.52294583320304,220.5160397623977,538.4769688525372,350.98356762257356,487,285,Nenhuma,0.8
819,62.55250897426106,86,166.63350018749176,49.883976502022975,242.93417883054752,238.629448067561,204,144,Nenhuma,0.8
822,62.781639043763846,2,92.42765570043508,152.80547542218955,185.0346715845193,354.73939135033334,138,253,Nenhuma,0.8
822,62.781639043763846,47,30.015110251053404,73.05844889668978,76.09260709210851,181.01044517476308,53,127,Nenhuma,0.8
822,62.781639043763846,69,134.98893781457375,36.51323179968999,180.1051236719321,162.025876431438,157,99,Nenhuma,0.8
822,62.781639043763846,72,294.02044085598925,18.58740530437739,340.433045005626,87.9013959560169,317,53,Nenhuma,0.8
822,62.781639043763846,73,147.77525119861716,108.12107249826252,256.45165624987794,256.23828988935406,202,182,Nenhuma,0.8
825,63.01076911326663,2,86.29969464739206,154.47896565853478,179.55399209096964,355.9832585063036,132,255,Nenhuma,0.8
825,63.01076911326663,47,29.687722655746246,73.01315058746374,74.8114479139465,178.14113875973715,52,125,Nenhuma,0.8
825,63.01076911326663,69,137.92135301843317,38.66302401136471,180.15143091491035,151.3830770318122,159,95,Nenhuma,0.8
825,63.01076911326663,72,292.9089040112775,18.05866888107053,339.8087627664857,87.68033271234086,316,52,Nenhuma,0.8
825,63.01076911326663,73,146.97552052197625,109.92143866562651,244.63815215453792,245.28942041095502,195,177,Nenhuma,0.8
825,63.01076911326663,92,174.32167924319572,48.73701723499637,277.3215905935026,161.42803991607911,225,105,Nenhuma,0.8
828,63.23989918276942,2,78.82537879417718,156.99204825901577,172.9702709319913,355.67370586128595,125,256,Nenhuma,0.8
828,63.23989918276942,47,29.450893134689522,72.32167061997139,79.21097561483316,187.91776762778687,54,130,Nenhuma,0.8
828,63.23989918276942,69,134.3011493154954,26.667785958246306,180.41899165859832,145.55938062060127,157,86,Nenhuma,0.8
828,63.23989918276942,72,291.90840842568707,17.653403491092433,338.4792575818426,86.7865167314645,315,52,Nenhuma,0.8
828,63.23989918276942,73,141.8842515444037,113.19117084380383,233.56441003839274,243.04255672287042,187,178,Nenhuma,0.8
828,63.23989918276942,92,172.28452183788528,49.4677890814057,295.3140507026253,187.05547008687287,233,118,Nenhuma,0.8
831,63.46902925227221,2,74.24406663882276,158.50186663429972,170.52032988059108,356.0962857944904,122,257,Nenhuma,0.8
831,63.46902925227221,47,27.72706637089295,72.72056314874052,79.83487521716404,194.61135030838278,53,133,Nenhuma,0.8
831,63.46902925227221,69,135.3165626632073,22.764419621921895,181.63066742411445,137.03011453106475,158,79,Nenhuma,0.8
831,63.46902925227221,72,290.9079135260547,17.248138101114336,337.1497517112414,85.89270075058815,314,51,Nenhuma,0.8
831,63.46902925227221,73,140.76664263134467,120.31694322129832,226.2936363571739,242.74807253676158,183,181,Nenhuma,0.8
831,63.46902925227221,92,182.16480065356046,51.02671812625722,308.47694509934695,195.71220295131877,245,123,Nenhuma,0.8
831,63.46902925227221,94,365.1115459735845,49.0,399.09250196401695,140.0,382,94,Nenhuma,0.8
834,63.698159321774995,2,76.11824412454234,160.9635631530589,172.92050514726765,355.49762037945834,124,258,Nenhuma,0.8
834,63.698159321774995,47,28.908516562627906,72.23901365889836,80.15285953618792,190.80221929750695,54,131,Nenhuma,0.8
834,63.698159321774995,69,135.24284352713227,21.277809726075674,182.55876123314104,134.43807044307852,158,77,Nenhuma,0.8
834,63.698159321774995,72,289.90741931238034,16.842872711136238,335.8202451546821,84.9988847697118,312,50,Nenhuma,0.8
834,63.698159321774995,73,140.49989838416505,124.24301128816363,222.4642275881123,242.48968016907276,181,183,Nenhuma,0.8
834,63.698159321774995,92,196.43015334975027,55.412170832664145,316.4884597024012,195.97346224962223,256,125,Nenhuma,0.8
834,63.698159321774995,94,364.8590907417883,49.0,398.8400467229844,140.0,381,94,Nenhuma,0.8
837,63.92728939127778,2,82.43429807164682,168.44815050501433,176.51527461398274,355.17405587962264,129,261,Nenhuma,0.8
837,63.92728939127778,47,28.72120749198857,72.14443705792632,80.3199326339918,191.52999593367412,54,131,Nenhuma,0.8
837,63.92728939127778,69,134.48742594940816,20.773064411401094,182.93207938894304,133.56166107924105,158,77,Nenhuma,0.8
837,63.92728939127778,73,130.55143037181728,125.58483933402975,230.55246437480935,275.25652249286884,180,200,Nenhuma,0.8
837,63.92728939127778,92,207.03819341558895,60.48071481591573,321.4862508600915,198.35135337094368,264,129,Nenhuma,0.8
837,63.92728939127778,94,364.60663550999203,49.0,398.5875914819518,140.0,381,94,Nenhuma,0.8
840,64.15641946078057,2,91.40696506506691,178.55630363932954,181.00873434694006,354.2779901020034,136,266,Nenhuma,0.8
840,64.15641946078057,47,29.463182212417657,72.78736202108965,77.2128858012843,182.7432475621829,53,127,Nenhuma,0.8
840,64.15641946078057,69,134.8516759006706,20.625858286342954,182.40856743980154,129.27769723239345,158,74,Nenhuma,0.8
840,64.15641946078057,73,127.6059150966156,124.35424418584805,233.06789302904195,287.8053165821492,180,206,Nenhuma,0.8
840,64.15641946078057,92,205.83436429744665,61.72255283119992,333.01666377226184,214.93362277354728,269,138,Nenhuma,0.8
840,64.15641946078057,94,364.3541802781958,49.0,398.33513624091927,140.0,381,94,Nenhuma,0.8
843,64.38554953028336,2,97.09658368572275,188.27565116678448,183.2304008289292,354.54188894600907,140,271,Nenhuma,0.8
843,64.38554953028336,47,29.269999725512506,72.92936332333105,76.1611250445234,180.76153254615087,52,126,Nenhuma,0.8
843,64.38554953028336,69,134.89716914779308,19.939690748448626,182.2836498198953,126.40704571028506,158,73,Nenhuma,0.8
843,64.38554953028336,73,133.49555109810387,120.58247288517282,227.3922335916876,268.1582982522096,180,194,Nenhuma,0.8
843,64.38554953028336,92,204.63053844183523,62.96439084648411,344.54707342190125,231.51589217615089,274,147,Nenhuma,0.8
843,64.38554953028336,95,340.42512139670475,166.64493723134728,437.7880358238254,353.42449258447436,389,260,Nenhuma,0.8
846,64.61467959978614,2,98.44348269169832,189.50982642010564,184.80987753984135,354.57091857334586,141,272,Nenhuma,0.8
846,64.61467959978614,47,28.674881904407926,72.30288976632592,75.67156636922984,180.1063471849452,52,126,Nenhuma,0.8
846,64.61467959978614,69,134.94326733226015,20.401145383297887,181.51942082100103,122.05994698814092,158,71,Nenhuma,0.8
846,64.61467959978614,73,129.84754461214382,116.74914322862199,232.43462226570048,283.5228951664558,181,200,Nenhuma,0.8
846,64.61467959978614,92,203.42671584875467,64.2062288617683,356.0774798090099,248.09816157875446,279,156,Nenhuma,0.8
846,64.61467959978614,95,340.36469821814484,167.40288133969017,438.2522042692958,355.1887409233492,389,261,Nenhuma,0.8
849,64.84380966928893,2,98.21205865117852,187.77708798267116,186.09299447102657,354.5442773231969,142,271,Nenhuma,0.8
849,64.84380966928893,47,28.53170799013723,72.22658697746174,75.35935448629125,179.6443314812708,51,125,Nenhuma,0.8
849,64.84380966928893,69,135.4136817051958,19.76779243649431,181.17674787709004,119.65061073188085,158,69,Nenhuma,0.8
849,64.84380966928893,73,131.33351252013904,111.72106507912592,230.6451752962148,277.19532285418325,180,194,Nenhuma,0.8
849,64.84380966928893,95,339.93735463179644,166.97762484860067,437.9390694601693,355.0692078306837,388,261,Nenhuma,0.8
849,64.84380966928893,97,331.4672879928774,169.1674115403228,372.1825170115349,261.04919012781465,351,215,Nenhuma,0.8
852,65.07293973879172,2,95.97831116507655,179.63365714068195,188.0504800717901,354.49756138259147,142,267,Nenhuma,0.8
852,65.07293973879172,47,28.388530889928788,72.15028418859755,75.04714578929043,179.18231577759644,51,125,Nenhuma,0.8
852,65.07293973879172,69,131.15651491005823,19.83055249791311,182.57137734322095,129.11074021480198,156,74,Nenhuma,0.8
852,65.07293973879172,72,278.3073859865065,13.044608811668205,324.9691166266789,82.89366780594534,301,47,Nenhuma,0.8
852,65.07293973879172,73,134.60307879704987,109.53817926957014,227.5813150336531,267.1162557044899,181,188,Nenhuma,0.8
852,65.07293973879172,95,340.5036074863167,169.00163576821856,437.7520940833854,355.73945305971233,389,262,Nenhuma,0.8
852,65.07293973879172,97,335.33028615693985,171.00441230891857,375.4742912577318,261.597113495972,355,216,Nenhuma,0.8
855,65.3020698082945,2,93.58977318077942,164.74383380719,190.3428961575924,349.2012245403554,141,256,Nenhuma,0.8
855,65.3020698082945,47,28.245350603782597,72.07398139973337,74.73494027822734,178.72030007392203,51,125,Nenhuma,0.8
855,65.3020698082945,69,131.11928030929397,19.28473366219744,182.36033483880988,128.19395347319727,156,73,Nenhuma,0.8
855,65.3020698082945,72,277.3482713613839,11.491312474272128,324.7833121098647,82.76047209736677,301,47,Nenhuma,0.8
855,65.3020698082945,73,132.69784351288217,109.95997463536085,231.80358780714448,282.63423206185735,182,196,Nenhuma,0.8
855,65.3020698082945,95,340.8662327419404,170.4325057938908,437.47053996448074,355.97214804410976,389,263,Nenhuma,0.8
855,65.3020698082945,97,339.1932843228663,172.84141307751432,378.7660655020646,262.14503686412934,358,217,Nenhuma,0.8
858,65.53119987779729,2,86.88194304782404,152.53708041230186,188.5843216864116,345.86459427991736,137,249,Nenhuma,0.8
858,65.53119987779729,69,131.08204818661682,18.738914826481768,182.1492898563117,127.27716673159253,156,73,Nenhuma,0.8
858,65.53119987779729,72,275.9370474393294,10.879868122128443,323.3848518484634,82.16809848789599,299,46,Nenhuma,0.8
858,65.53119987779729,73,133.27504140568158,108.85522895571081,230.14255708011405,280.72113829893834,181,194,Nenhuma,0.8
858,65.53119987779729,95,337.0944511675892,171.62674546491542,432.9310305018808,355.35525580412934,385,263,Nenhuma,0.8
858,65.53119987779729,97,343.05628249065677,174.67841384611006,382.05783974453334,262.69296023228674,362,218,Nenhuma,0.8
861,65.76032994730008,2,81.41328140053594,143.93942500511264,184.32616583439045,338.7602160358983,132,241,Nenhuma,0.8
861,65.76032994730008,69,131.0448185420268,18.193095990766096,181.93824239572646,126.36037998998779,156,72,Nenhuma,0.8
861,65.76032994730008,72,274.5258234983795,10.268423769984757,321.9863916059574,81.5757248784252,298,45,Nenhuma,0.8
861,65.76032994730008,73,129.26749660369782,107.08866317774194,226.81519323215673,280.3264779009166,178,193,Nenhuma,0.8
861,65.76032994730008,94,365.8760064138346,48.009741152246484,400.05731484583146,140.99025884775352,382,94,Nenhuma,0.8
861,65.76032994730008,95,327.8974216742449,171.35477728795715,424.69896129220626,355.8104934257449,376,263,Nenhuma,0.8
864,65.98946001680287,2,79.1712410047797,140.62281417331252,181.4891744582876,334.02274338989616,130,237,Nenhuma,0.8
864,65.98946001680287,69,102.50244100270449,36.63099354548419,144.67816341435798,127.71637602665831,123,82,Nenhuma,0.8
864,65.98946001680287,72,273.1145995385344,9.656979417841072,320.58793138234677,80.98335126895441,296,45,Nenhuma,0.8
864,65.98946001680287,73,126.08660924951735,106.39744819114661,222.10254375994674,274.869597830968,174,190,Nenhuma,0.8
864,65.98946001680287,94,365.8920717198456,47.921843680445804,400.1380022532252,141.07815631955418,383,94,Nenhuma,0.8
864,65.98946001680287,95,311.9442824493006,170.5597073369372,412.0343533810497,355.29628681361044,361,262,Nenhuma,0.8
864,65.98946001680287,98,319.85965920850026,87.76934183554503,378.1486562416594,246.26505988493346,349,167,Nenhuma,0.8
867,66.21859008630565,2,79.15187186246553,141.40529496963444,179.63603973031127,332.23960077107756,129,236,Nenhuma,0.8
867,66.21859008630565,69,99.97594666839437,39.45502683930574,140.91579479425212,128.48046310516705,120,83,Nenhuma,0.8
867,66.21859008630565,73,131.29153652303796,107.4391516457514,221.87984779644665,265.34214467299665,176,186,Nenhuma,0.8
867,66.21859008630565,94,365.9081370320416,47.83394620864512,400.21868965443394,141.16605379135487,383,94,Nenhuma,0.8
867,66.21859008630565,95,306.0932853274461,166.21187522374868,411.5150185894502,355.1021233279534,358,260,Nenhuma,0.8
867,66.21859008630565,98,348.0304531325382,94.07453962271674,400.8314516825381,233.38763200968444,374,163,Nenhuma,0.8
870,66.44772015580845,2,79.09262201453372,135.1922297586535,181.71418960159946,332.2750848023221,130,233,Nenhuma,0.8
870,66.44772015580845,69,99.67147350424686,40.28973804315241,139.94473609807136,127.98755938809946,119,84,Nenhuma,0.8
870,66.44772015580845,73,138.61719319852853,107.84031060456338,224.08208882844272,255.50431495794828,181,181,Nenhuma,0.8
870,66.44772015580845,94,365.92420235042266,47.74604873684444,400.29937704945763,141.25395126315556,383,94,Nenhuma,0.8
870,66.44772015580845,95,302.21794697497256,167.25813402261443,409.956474519657,355.02999852055643,356,261,Nenhuma,0.8
870,66.44772015580845,98,362.55156317179166,99.69183977825946,410.96802835198815,223.9452597438372,386,161,Nenhuma,0.8
873,66.67685022531124,2,82.10744303928573,138.12715555852324,182.74725192747132,332.9676702843733,132,235,Nenhuma,0.8
873,66.67685022531124,69,100.08773095349468,40.53286613200206,139.98579720704083,127.1494646163253,120,83,Nenhuma,0.8
873,66.67685022531124,73,148.1690628854486,107.98436280726507,230.43075105962242,250.45744616929971,189,179,Nenhuma,0.8
873,66.67685022531124,95,299.1269899954009,167.008577675555,409.31487287759745,355.00318677313817,354,261,Nenhuma,0.8
873,66.67685022531124,98,384.4538125715422,104.89237571840538,420.1214844435692,191.8186370335502,402,148,Nenhuma,0.8
876,66.90598029481403,2,83.98293142054278,140.04372477981886,182.5342295930297,331.97916940349216,133,236,Nenhuma,0.8
876,66.90598029481403,69,98.02054055197134,41.762178764236815,137.0942342466384,126.58798658851495,117,84,Nenhuma,0.8
876,66.90598029481403,73,154.7544788603795,110.06522610352717,236.39155446734844,252.70894121279417,195,181,Nenhuma,0.8
876,66.90598029481403,95,297.4436709343942,167.58918405425504,409.86572282674706,354.9939597476741,353,261,Nenhuma,0.8
876,66.90598029481403,98,401.68361911722377,109.81879612371881,430.31871135634987,179.60582782665938,416,144,Nenhuma,0.8
879,67.13511036431682,2,84.87697095926309,140.84395409761976,182.31767514879317,331.6465260968721,133,236,Nenhuma,0.8
879,67.13511036431682,69,95.95336105447907,42.99149139647157,134.20266038220487,126.0265085607046,115,84,Nenhuma,0.8
879,67.13511036431682,73,159.86338445080457,112.15130467080942,239.14792735321038,251.52621216982143,199,181,Nenhuma,0.8
879,67.13511036431682,95,297.0636035810494,167.81654005391118,411.41027492834644,354.9913483883972,354,261,Nenhuma,0.8
879,67.13511036431682,98,418.9134272537177,114.74521652903225,440.5159366783182,167.39301861976855,429,141,Nenhuma,0.8
882,67.3642404338196,2,84.94272296678882,141.1954083140878,181.87601888866755,332.2198751768942,133,236,Nenhuma,0.8
882,67.3642404338196,69,93.88619246101788,44.22080402870632,131.3110756137403,125.46503053289425,112,84,Nenhuma,0.8
882,67.3642404338196,73,162.74234978407762,113.58855141282194,241.14762452260828,252.43792278097428,201,183,Nenhuma,0.8
882,67.3642404338196,95,294.409249689595,167.90689869692258,411.4045805411579,355.6549958333892,352,261,Nenhuma,0.8
882,67.3642404338196,98,436.14323698102396,119.67163693434568,450.7131604094742,155.1802094128777,443,137,Nenhuma,0.8
885,67.59337050332239,2,85.42969013501627,141.3702174570616,181.93391379751938,332.46841322010243,133,236,Nenhuma,0.8
885,67.59337050332239,69,94.8635994798879,69.57759115912819,130.61072314827769,144.9839222236883,112,107,Nenhuma,0.8
885,67.59337050332239,73,164.98737880476963,114.76331420956927,241.93443050029524,252.11015815049132,203,183,Nenhuma,0.8
885,67.59337050332239,95,289.9564072316512,167.94419795703612,409.74771410468105,355.90429576740314,349,261,Nenhuma,0.8
885,67.59337050332239,99,404.936573785785,144.0424841748087,515.647932881075,336.94727273468004,460,240,Nenhuma,0.8
888,67.82250057282518,2,86.1298055353364,140.81518928238913,182.12548339522937,331.93128755258533,134,236,Nenhuma,0.8
888,67.82250057282518,69,93.83486545930187,71.69505529172798,130.7976538229689,148.34629127814407,112,110,Nenhuma,0.8
888,67.82250057282518,73,165.91127572034318,115.17034517978915,242.0153402437578,251.9928121703045,203,183,Nenhuma,0.8
888,67.82250057282518,95,286.05083350719764,167.96100759773233,408.88694147649665,355.9957934814445,347,261,Nenhuma,0.8
888,67.82250057282518,99,428.6381432087312,156.8219916225284,538.4964104073431,347.598131654689,483,252,Nenhuma,0.8
888,67.82250057282518,100,138.00831999244662,42.21053924248024,184.76422243308812,165.48875181290055,161,103,Nenhuma,0.8
891,68.05163064232796,2,86.30555728779574,140.64018635585427,182.3069066086427,332.41428423865534,134,236,Nenhuma,0.8
891,68.05163064232796,69,92.30568804086965,75.37856366264151,128.4039272629494,150.23577495271468,110,112,Nenhuma,0.8
891,68.05163064232796,73,166.01408335081962,115.96071508157934,242.17393262415786,253.96044371513256,204,184,Nenhuma,0.8
891,68.05163064232796,94,364.0065385785546,53.78983011966113,396.20459858358413,139.08778657319004,380,96,Nenhuma,0.8
891,68.05163064232796,95,283.017405613272,167.30796662822263,408.9889799418589,356.02706666274435,346,261,Nenhuma,0.8
891,68.05163064232796,99,447.3478950443541,176.72573989199645,553.2161039995395,357.90841074495927,500,267,Nenhuma,0.8
891,68.05163064232796,100,137.93085993530153,41.93130255618091,184.32858488491516,164.29188165057366,161,103,Nenhuma,0.8
894,68.28076071183075,2,86.04452968076308,140.60593332822418,181.39768855334546,331.96038145070463,133,236,Nenhuma,0.8
894,68.28076071183075,69,90.77652419038847,79.06207203355503,126.01018713497888,152.12525862728523,108,115,Nenhuma,0.8
894,68.28076071183075,73,164.83292559075494,116.22880924148544,242.69615890677642,258.67871560660717,203,187,Nenhuma,0.8
894,68.28076071183075,84,477.13591699270455,210.05219908798298,595.6698440176858,356.99435513031744,536,283,Nenhuma,0.8
894,68.28076071183075,94,363.35498597458724,54.77040406909891,395.876742411181,139.71390408696314,379,97,Nenhuma,0.8
894,68.28076071183075,95,281.23882935867186,165.7432566035317,410.5038379605652,356.03575015946717,345,260,Nenhuma,0.8
894,68.28076071183075,99,453.87371431838864,184.4780416122833,566.0276282508667,376.41805168416533,509,280,Nenhuma,0.8
894,68.28076071183075,100,136.76950321820223,39.65442099869171,183.82812173913786,163.92355544721653,160,101,Nenhuma,0.8
897,68.50989078133354,2,86.21099293507856,140.62409707775186,181.46154683002192,332.4701398922623,133,236,Nenhuma,0.8
897,68.50989078133354,69,89.24737390785832,82.74558040446854,123.61643343905733,154.01474230185585,106,118,Nenhuma,0.8
897,68.50989078133354,73,165.20663795309136,116.30823270611337,241.35411717386683,256.4966958409725,203,186,Nenhuma,0.8
897,68.50989078133354,84,491.0969970593361,216.102405110623,608.446783056498,357.0932135180085,549,286,Nenhuma,0.8
897,68.50989078133354,94,363.2255660016802,55.22096442682391,395.56168989147847,139.6795799202243,379,97,Nenhuma,0.8
897,68.50989078133354,95,280.1367852551468,165.15806144694739,411.6712564160504,356.03625300330407,345,260,Nenhuma,0.8
897,68.50989078133354,99,460.399533413089,192.23034333257013,578.8391526815279,394.9276926233714,519,293,Nenhuma,0.8
897,68.50989078133354,100,136.07865871179953,38.2077651750083,183.25704727873,163.11541359644622,159,100,Nenhuma,0.8
900,68.73902085083633,2,86.0926291184933,139.99679050308598,181.02137538298103,332.02084824140377,133,236,Nenhuma,0.8
900,68.73902085083633,73,165.73105782041182,116.3047051733757,240.35242084747307,254.28927088086266,203,185,Nenhuma,0.8
900,68.73902085083633,84,517.5725566044296,221.22294831434857,628.1024179509867,356.46894087310227,572,288,Nenhuma,0.8
900,68.73902085083633,94,363.95901327193405,55.139400775698114,396.4893793061445,139.92635919883168,380,97,Nenhuma,0.8
900,68.73902085083633,95,279.39541249370006,164.94694063352713,412.5969746957597,356.0337439481922,345,260,Nenhuma,0.8
900,68.73902085083633,99,466.9253523284552,199.98264505285695,591.6506772915234,413.43733356257746,529,306,Nenhuma,0.8
900,68.73902085083633,100,136.13437073158062,39.13655970735122,182.7780828327408,162.85626926471826,159,100,Nenhuma,0.8
